array,site,long,lat,easting_12n,northing_12n,datetime,species,total_animals,comments,source_path,target_path
LU3,LU3_126,-110.772418,55.55315,514357.1105510331,6156371.72381252,2021-07-13T01:25:59Z,Black bear,1,Bear is collared! Camera sight name on images (ABMI-0965-NW) is incorrect. Camera sight name should be LU3-126.,Z:/3. ACME Projects/1. Alberta/OSM/2021-2022/1. Imagery/LU3/LU3_126/Deployment 1/IMG_0039.JPG,LU3_126_20210713_012559_IMG_0039.JPG
LU3,LU3_126,-110.772418,55.55315,514357.1105510331,6156371.72381252,2021-07-13T01:26:00Z,Black bear,1,Bear is collared! Camera sight name on images (ABMI-0965-NW) is incorrect. Camera sight name should be LU3-126.,Z:/3. ACME Projects/1. Alberta/OSM/2021-2022/1. Imagery/LU3/LU3_126/Deployment 1/IMG_0040.JPG,LU3_126_20210713_012600_IMG_0040.JPG
LU3,LU3_126,-110.772418,55.55315,514357.1105510331,6156371.72381252,2021-07-13T01:26:06Z,Black bear,1,Bear is collared! Camera sight name on images (ABMI-0965-NW) is incorrect. Camera sight name should be LU3-126.,Z:/3. ACME Projects/1. Alberta/OSM/2021-2022/1. Imagery/LU3/LU3_126/Deployment 1/IMG_0041.JPG,LU3_126_20210713_012606_IMG_0041.JPG
LU3,LU3_126,-110.772418,55.55315,514357.1105510331,6156371.72381252,2021-07-13T01:26:07Z,Black bear,1,Bear is collared! Camera sight name on images (ABMI-0965-NW) is incorrect. Camera sight name should be LU3-126.,Z:/3. ACME Projects/1. Alberta/OSM/2021-2022/1. Imagery/LU3/LU3_126/Deployment 1/IMG_0042.JPG,LU3_126_20210713_012607_IMG_0042.JPG
LU3,LU3_126,-110.772418,55.55315,514357.1105510331,6156371.72381252,2021-07-13T01:26:09Z,Black bear,1,Bear is collared! Camera sight name on images (ABMI-0965-NW) is incorrect. Camera sight name should be LU3-126.,Z:/3. ACME Projects/1. Alberta/OSM/2021-2022/1. Imagery/LU3/LU3_126/Deployment 1/IMG_0043.JPG,LU3_126_20210713_012609_IMG_0043.JPG
LU3,LU3_126,-110.772418,55.55315,514357.1105510331,6156371.72381252,2021-07-13T01:26:12Z,Black bear,1,Bear is collared! Camera sight name on images (ABMI-0965-NW) is incorrect. Camera sight name should be LU3-126.,Z:/3. ACME Projects/1. Alberta/OSM/2021-2022/1. Imagery/LU3/LU3_126/Deployment 1/IMG_0044.JPG,LU3_126_20210713_012612_IMG_0044.JPG
LU3,LU3_126,-110.772418,55.55315,514357.1105510331,6156371.72381252,2021-07-13T01:26:16Z,Black bear,1,Bear is collared! Camera sight name on images (ABMI-0965-NW) is incorrect. Camera sight name should be LU3-126.,Z:/3. ACME Projects/1. Alberta/OSM/2021-2022/1. Imagery/LU3/LU3_126/Deployment 1/IMG_0045.JPG,LU3_126_20210713_012616_IMG_0045.JPG
LU3,LU3_126,-110.772418,55.55315,514357.1105510331,6156371.72381252,2021-07-13T01:26:17Z,Black bear,1,Bear is collared! Camera sight name on images (ABMI-0965-NW) is incorrect. Camera sight name should be LU3-126.,Z:/3. ACME Projects/1. Alberta/OSM/2021-2022/1. Imagery/LU3/LU3_126/Deployment 1/IMG_0046.JPG,LU3_126_20210713_012617_IMG_0046.JPG
LU3,LU3_126,-110.772418,55.55315,514357.1105510331,6156371.72381252,2021-07-13T01:26:18Z,Black bear,1,Bear is collared! Camera sight name on images (ABMI-0965-NW) is incorrect. Camera sight name should be LU3-126.,Z:/3. ACME Projects/1. Alberta/OSM/2021-2022/1. Imagery/LU3/LU3_126/Deployment 1/IMG_0047.JPG,LU3_126_20210713_012618_IMG_0047.JPG
LU3,LU3_126,-110.772418,55.55315,514357.1105510331,6156371.72381252,2021-07-13T01:26:20Z,Black bear,1,Bear is collared! Camera sight name on images (ABMI-0965-NW) is incorrect. Camera sight name should be LU3-126.,Z:/3. ACME Projects/1. Alberta/OSM/2021-2022/1. Imagery/LU3/LU3_126/Deployment 1/IMG_0048.JPG,LU3_126_20210713_012620_IMG_0048.JPG
LU3,LU3_126,-110.772418,55.55315,514357.1105510331,6156371.72381252,2021-07-13T01:26:21Z,Black bear,1,Bear is collared! Camera sight name on images (ABMI-0965-NW) is incorrect. Camera sight name should be LU3-126.,Z:/3. ACME Projects/1. Alberta/OSM/2021-2022/1. Imagery/LU3/LU3_126/Deployment 1/IMG_0049.JPG,LU3_126_20210713_012621_IMG_0049.JPG
LU3,LU3_126,-110.772418,55.55315,514357.1105510331,6156371.72381252,2021-07-13T01:26:23Z,Black bear,1,Bear is collared! Camera sight name on images (ABMI-0965-NW) is incorrect. Camera sight name should be LU3-126.,Z:/3. ACME Projects/1. Alberta/OSM/2021-2022/1. Imagery/LU3/LU3_126/Deployment 1/IMG_0050.JPG,LU3_126_20210713_012623_IMG_0050.JPG
LU3,LU3_126,-110.772418,55.55315,514357.1105510331,6156371.72381252,2021-07-13T01:26:24Z,Black bear,1,Bear is collared! Camera sight name on images (ABMI-0965-NW) is incorrect. Camera sight name should be LU3-126.,Z:/3. ACME Projects/1. Alberta/OSM/2021-2022/1. Imagery/LU3/LU3_126/Deployment 1/IMG_0051.JPG,LU3_126_20210713_012624_IMG_0051.JPG
LU3,LU3_126,-110.772418,55.55315,514357.1105510331,6156371.72381252,2021-07-13T01:26:28Z,Black bear,1,Bear is collared! Camera sight name on images (ABMI-0965-NW) is incorrect. Camera sight name should be LU3-126.,Z:/3. ACME Projects/1. Alberta/OSM/2021-2022/1. Imagery/LU3/LU3_126/Deployment 1/IMG_0052.JPG,LU3_126_20210713_012628_IMG_0052.JPG
LU3,LU3_126,-110.772418,55.55315,514357.1105510331,6156371.72381252,2021-07-13T01:26:29Z,Black bear,1,Bear is collared! Camera sight name on images (ABMI-0965-NW) is incorrect. Camera sight name should be LU3-126.,Z:/3. ACME Projects/1. Alberta/OSM/2021-2022/1. Imagery/LU3/LU3_126/Deployment 1/IMG_0053.JPG,LU3_126_20210713_012629_IMG_0053.JPG
LU3,LU3_126,-110.772418,55.55315,514357.1105510331,6156371.72381252,2021-07-13T01:26:30Z,Black bear,1,Bear is collared! Camera sight name on images (ABMI-0965-NW) is incorrect. Camera sight name should be LU3-126.,Z:/3. ACME Projects/1. Alberta/OSM/2021-2022/1. Imagery/LU3/LU3_126/Deployment 1/IMG_0054.JPG,LU3_126_20210713_012630_IMG_0054.JPG
LU3,LU3_126,-110.772418,55.55315,514357.1105510331,6156371.72381252,2021-07-13T01:26:33Z,Black bear,1,Bear is collared! Camera sight name on images (ABMI-0965-NW) is incorrect. Camera sight name should be LU3-126.,Z:/3. ACME Projects/1. Alberta/OSM/2021-2022/1. Imagery/LU3/LU3_126/Deployment 1/IMG_0055.JPG,LU3_126_20210713_012633_IMG_0055.JPG
LU3,LU3_126,-110.772418,55.55315,514357.1105510331,6156371.72381252,2021-07-13T01:26:38Z,Black bear,1,Bear is collared! Camera sight name on images (ABMI-0965-NW) is incorrect. Camera sight name should be LU3-126.,Z:/3. ACME Projects/1. Alberta/OSM/2021-2022/1. Imagery/LU3/LU3_126/Deployment 1/IMG_0056.JPG,LU3_126_20210713_012638_IMG_0056.JPG
LU3,LU3_126,-110.772418,55.55315,514357.1105510331,6156371.72381252,2021-07-13T01:26:42Z,Black bear,1,Bear is collared! Camera sight name on images (ABMI-0965-NW) is incorrect. Camera sight name should be LU3-126.,Z:/3. ACME Projects/1. Alberta/OSM/2021-2022/1. Imagery/LU3/LU3_126/Deployment 1/IMG_0057.JPG,LU3_126_20210713_012642_IMG_0057.JPG
LU3,LU3_126,-110.772418,55.55315,514357.1105510331,6156371.72381252,2021-07-13T01:26:44Z,Black bear,1,Bear is collared! Camera sight name on images (ABMI-0965-NW) is incorrect. Camera sight name should be LU3-126.,Z:/3. ACME Projects/1. Alberta/OSM/2021-2022/1. Imagery/LU3/LU3_126/Deployment 1/IMG_0058.JPG,LU3_126_20210713_012644_IMG_0058.JPG
LU3,LU3_126,-110.772418,55.55315,514357.1105510331,6156371.72381252,2021-07-13T01:26:48Z,Black bear,1,Bear is collared! Camera sight name on images (ABMI-0965-NW) is incorrect. Camera sight name should be LU3-126.,Z:/3. ACME Projects/1. Alberta/OSM/2021-2022/1. Imagery/LU3/LU3_126/Deployment 1/IMG_0059.JPG,LU3_126_20210713_012648_IMG_0059.JPG
LU3,LU3_126,-110.772418,55.55315,514357.1105510331,6156371.72381252,2021-07-13T01:26:52Z,Black bear,1,Bear is collared! Camera sight name on images (ABMI-0965-NW) is incorrect. Camera sight name should be LU3-126.,Z:/3. ACME Projects/1. Alberta/OSM/2021-2022/1. Imagery/LU3/LU3_126/Deployment 1/IMG_0060.JPG,LU3_126_20210713_012652_IMG_0060.JPG
LU3,LU3_126,-110.772418,55.55315,514357.1105510331,6156371.72381252,2021-07-13T01:26:53Z,Black bear,1,Bear is collared! Camera sight name on images (ABMI-0965-NW) is incorrect. Camera sight name should be LU3-126.,Z:/3. ACME Projects/1. Alberta/OSM/2021-2022/1. Imagery/LU3/LU3_126/Deployment 1/IMG_0061.JPG,LU3_126_20210713_012653_IMG_0061.JPG
LU3,LU3_126,-110.772418,55.55315,514357.1105510331,6156371.72381252,2021-07-13T01:26:55Z,Black bear,1,Bear is collared! Camera sight name on images (ABMI-0965-NW) is incorrect. Camera sight name should be LU3-126.,Z:/3. ACME Projects/1. Alberta/OSM/2021-2022/1. Imagery/LU3/LU3_126/Deployment 1/IMG_0062.JPG,LU3_126_20210713_012655_IMG_0062.JPG
LU3,LU3_126,-110.772418,55.55315,514357.1105510331,6156371.72381252,2021-07-13T01:27:05Z,Black bear,1,Bear is collared! Camera sight name on images (ABMI-0965-NW) is incorrect. Camera sight name should be LU3-126.,Z:/3. ACME Projects/1. Alberta/OSM/2021-2022/1. Imagery/LU3/LU3_126/Deployment 1/IMG_0063.JPG,LU3_126_20210713_012705_IMG_0063.JPG
LU3,LU3_126,-110.772418,55.55315,514357.1105510331,6156371.72381252,2021-07-13T01:27:11Z,Black bear,1,Bear is collared! Camera sight name on images (ABMI-0965-NW) is incorrect. Camera sight name should be LU3-126.,Z:/3. ACME Projects/1. Alberta/OSM/2021-2022/1. Imagery/LU3/LU3_126/Deployment 1/IMG_0064.JPG,LU3_126_20210713_012711_IMG_0064.JPG
LU3,LU3_126,-110.772418,55.55315,514357.1105510331,6156371.72381252,2021-07-13T01:27:59Z,Black bear,1,Bear is collared! Camera sight name on images (ABMI-0965-NW) is incorrect. Camera sight name should be LU3-126.,Z:/3. ACME Projects/1. Alberta/OSM/2021-2022/1. Imagery/LU3/LU3_126/Deployment 1/IMG_0065.JPG,LU3_126_20210713_012759_IMG_0065.JPG
LU3,LU3_126,-110.772418,55.55315,514357.1105510331,6156371.72381252,2021-07-13T01:28:00Z,Black bear,1,Bear is collared! Camera sight name on images (ABMI-0965-NW) is incorrect. Camera sight name should be LU3-126.,Z:/3. ACME Projects/1. Alberta/OSM/2021-2022/1. Imagery/LU3/LU3_126/Deployment 1/IMG_0066.JPG,LU3_126_20210713_012800_IMG_0066.JPG
LU3,LU3_126,-110.772418,55.55315,514357.1105510331,6156371.72381252,2021-07-13T01:28:03Z,Black bear,1,Bear is collared! Camera sight name on images (ABMI-0965-NW) is incorrect. Camera sight name should be LU3-126.,Z:/3. ACME Projects/1. Alberta/OSM/2021-2022/1. Imagery/LU3/LU3_126/Deployment 1/IMG_0067.JPG,LU3_126_20210713_012803_IMG_0067.JPG
LU3,LU3_126,-110.772418,55.55315,514357.1105510331,6156371.72381252,2021-07-13T01:28:05Z,Black bear,1,Bear is collared! Camera sight name on images (ABMI-0965-NW) is incorrect. Camera sight name should be LU3-126.,Z:/3. ACME Projects/1. Alberta/OSM/2021-2022/1. Imagery/LU3/LU3_126/Deployment 1/IMG_0068.JPG,LU3_126_20210713_012805_IMG_0068.JPG
LU3,LU3_126,-110.772418,55.55315,514357.1105510331,6156371.72381252,2021-07-13T01:28:06Z,Black bear,1,Bear is collared! Camera sight name on images (ABMI-0965-NW) is incorrect. Camera sight name should be LU3-126.,Z:/3. ACME Projects/1. Alberta/OSM/2021-2022/1. Imagery/LU3/LU3_126/Deployment 1/IMG_0069.JPG,LU3_126_20210713_012806_IMG_0069.JPG
LU3,LU3_126,-110.772418,55.55315,514357.1105510331,6156371.72381252,2021-07-13T01:28:08Z,Black bear,1,Bear is collared! Camera sight name on images (ABMI-0965-NW) is incorrect. Camera sight name should be LU3-126.,Z:/3. ACME Projects/1. Alberta/OSM/2021-2022/1. Imagery/LU3/LU3_126/Deployment 1/IMG_0070.JPG,LU3_126_20210713_012808_IMG_0070.JPG
LU3,LU3_126,-110.772418,55.55315,514357.1105510331,6156371.72381252,2021-07-13T01:28:12Z,Black bear,1,Bear is collared! Camera sight name on images (ABMI-0965-NW) is incorrect. Camera sight name should be LU3-126.,Z:/3. ACME Projects/1. Alberta/OSM/2021-2022/1. Imagery/LU3/LU3_126/Deployment 1/IMG_0071.JPG,LU3_126_20210713_012812_IMG_0071.JPG
LU3,LU3_126,-110.772418,55.55315,514357.1105510331,6156371.72381252,2021-07-13T01:28:15Z,Black bear,1,Bear is collared! Camera sight name on images (ABMI-0965-NW) is incorrect. Camera sight name should be LU3-126.,Z:/3. ACME Projects/1. Alberta/OSM/2021-2022/1. Imagery/LU3/LU3_126/Deployment 1/IMG_0072.JPG,LU3_126_20210713_012815_IMG_0072.JPG
LU3,LU3_126,-110.772418,55.55315,514357.1105510331,6156371.72381252,2021-07-13T01:28:18Z,Black bear,1,Bear is collared! Camera sight name on images (ABMI-0965-NW) is incorrect. Camera sight name should be LU3-126.,Z:/3. ACME Projects/1. Alberta/OSM/2021-2022/1. Imagery/LU3/LU3_126/Deployment 1/IMG_0073.JPG,LU3_126_20210713_012818_IMG_0073.JPG
LU3,LU3_126,-110.772418,55.55315,514357.1105510331,6156371.72381252,2021-07-13T01:28:21Z,Black bear,1,Bear is collared! Camera sight name on images (ABMI-0965-NW) is incorrect. Camera sight name should be LU3-126.,Z:/3. ACME Projects/1. Alberta/OSM/2021-2022/1. Imagery/LU3/LU3_126/Deployment 1/IMG_0074.JPG,LU3_126_20210713_012821_IMG_0074.JPG
LU3,LU3_126,-110.772418,55.55315,514357.1105510331,6156371.72381252,2021-07-13T01:28:32Z,Black bear,1,Bear is collared! Camera sight name on images (ABMI-0965-NW) is incorrect. Camera sight name should be LU3-126.,Z:/3. ACME Projects/1. Alberta/OSM/2021-2022/1. Imagery/LU3/LU3_126/Deployment 1/IMG_0075.JPG,LU3_126_20210713_012832_IMG_0075.JPG
LU3,LU3_126,-110.772418,55.55315,514357.1105510331,6156371.72381252,2021-07-13T01:28:33Z,Black bear,1,Bear is collared! Camera sight name on images (ABMI-0965-NW) is incorrect. Camera sight name should be LU3-126.,Z:/3. ACME Projects/1. Alberta/OSM/2021-2022/1. Imagery/LU3/LU3_126/Deployment 1/IMG_0076.JPG,LU3_126_20210713_012833_IMG_0076.JPG
LU3,LU3_126,-110.772418,55.55315,514357.1105510331,6156371.72381252,2021-07-13T01:28:40Z,Black bear,1,Bear is collared! Camera sight name on images (ABMI-0965-NW) is incorrect. Camera sight name should be LU3-126.,Z:/3. ACME Projects/1. Alberta/OSM/2021-2022/1. Imagery/LU3/LU3_126/Deployment 1/IMG_0077.JPG,LU3_126_20210713_012840_IMG_0077.JPG
LU3,LU3_126,-110.772418,55.55315,514357.1105510331,6156371.72381252,2021-07-13T01:29:15Z,Black bear,1,Bear is collared! Camera sight name on images (ABMI-0965-NW) is incorrect. Camera sight name should be LU3-126.,Z:/3. ACME Projects/1. Alberta/OSM/2021-2022/1. Imagery/LU3/LU3_126/Deployment 1/IMG_0084.JPG,LU3_126_20210713_012915_IMG_0084.JPG
LU3,LU3_126,-110.772418,55.55315,514357.1105510331,6156371.72381252,2021-07-13T01:29:17Z,Black bear,1,Bear is collared! Camera sight name on images (ABMI-0965-NW) is incorrect. Camera sight name should be LU3-126.,Z:/3. ACME Projects/1. Alberta/OSM/2021-2022/1. Imagery/LU3/LU3_126/Deployment 1/IMG_0085.JPG,LU3_126_20210713_012917_IMG_0085.JPG
LU3,LU3_126,-110.772418,55.55315,514357.1105510331,6156371.72381252,2021-07-13T01:29:18Z,Black bear,1,Bear is collared! Camera sight name on images (ABMI-0965-NW) is incorrect. Camera sight name should be LU3-126.,Z:/3. ACME Projects/1. Alberta/OSM/2021-2022/1. Imagery/LU3/LU3_126/Deployment 1/IMG_0086.JPG,LU3_126_20210713_012918_IMG_0086.JPG
LU3,LU3_126,-110.772418,55.55315,514357.1105510331,6156371.72381252,2021-07-13T01:29:20Z,Black bear,1,Bear is collared! Camera sight name on images (ABMI-0965-NW) is incorrect. Camera sight name should be LU3-126.,Z:/3. ACME Projects/1. Alberta/OSM/2021-2022/1. Imagery/LU3/LU3_126/Deployment 1/IMG_0087.JPG,LU3_126_20210713_012920_IMG_0087.JPG
LU3,LU3_126,-110.772418,55.55315,514357.1105510331,6156371.72381252,2021-07-13T01:29:31Z,Black bear,1,Bear is collared! Camera sight name on images (ABMI-0965-NW) is incorrect. Camera sight name should be LU3-126.,Z:/3. ACME Projects/1. Alberta/OSM/2021-2022/1. Imagery/LU3/LU3_126/Deployment 1/IMG_0088.JPG,LU3_126_20210713_012931_IMG_0088.JPG
LU3,LU3_126,-110.772418,55.55315,514357.1105510331,6156371.72381252,2021-07-13T01:29:32Z,Black bear,1,Bear is collared! Camera sight name on images (ABMI-0965-NW) is incorrect. Camera sight name should be LU3-126.,Z:/3. ACME Projects/1. Alberta/OSM/2021-2022/1. Imagery/LU3/LU3_126/Deployment 1/IMG_0089.JPG,LU3_126_20210713_012932_IMG_0089.JPG
LU1,LU1_13,-110.72349,54.60634,517860.66818018013,6051021.891309919,2022-07-22T12:43:51Z,Black bear,1,white marking on chest,Z:/3. ACME Projects/1. Alberta/OSM/2022-2023/1. Imagery/LU1/LU1_13/Deployment 1/IMG_0464.JPG,LU1_13_20220722_124351_IMG_0464.JPG
LU1,LU1_13,-110.72349,54.60634,517860.66818018013,6051021.891309919,2022-07-22T12:43:54Z,Black bear,1,white marking on chest,Z:/3. ACME Projects/1. Alberta/OSM/2022-2023/1. Imagery/LU1/LU1_13/Deployment 1/IMG_0465.JPG,LU1_13_20220722_124354_IMG_0465.JPG
LU1,LU1_13,-110.72349,54.60634,517860.66818018013,6051021.891309919,2022-07-22T12:43:57Z,Black bear,1,white marking on chest,Z:/3. ACME Projects/1. Alberta/OSM/2022-2023/1. Imagery/LU1/LU1_13/Deployment 1/IMG_0466.JPG,LU1_13_20220722_124357_IMG_0466.JPG
LU1,LU1_13,-110.72349,54.60634,517860.66818018013,6051021.891309919,2022-07-22T12:43:59Z,Black bear,1,white marking on chest,Z:/3. ACME Projects/1. Alberta/OSM/2022-2023/1. Imagery/LU1/LU1_13/Deployment 1/IMG_0467.JPG,LU1_13_20220722_124359_IMG_0467.JPG
LU1,LU1_13,-110.72349,54.60634,517860.66818018013,6051021.891309919,2022-07-22T12:44:20Z,Black bear,1,white marking on chest,Z:/3. ACME Projects/1. Alberta/OSM/2022-2023/1. Imagery/LU1/LU1_13/Deployment 1/IMG_0469.JPG,LU1_13_20220722_124420_IMG_0469.JPG
LU1,LU1_13,-110.72349,54.60634,517860.66818018013,6051021.891309919,2022-07-22T12:44:22Z,Black bear,1,white marking on chest,Z:/3. ACME Projects/1. Alberta/OSM/2022-2023/1. Imagery/LU1/LU1_13/Deployment 1/IMG_0470.JPG,LU1_13_20220722_124422_IMG_0470.JPG
LU1,LU1_13,-110.72349,54.60634,517860.66818018013,6051021.891309919,2022-07-22T12:44:23Z,Black bear,1,white marking on chest,Z:/3. ACME Projects/1. Alberta/OSM/2022-2023/1. Imagery/LU1/LU1_13/Deployment 1/IMG_0471.JPG,LU1_13_20220722_124423_IMG_0471.JPG
LU1,LU1_13,-110.72349,54.60634,517860.66818018013,6051021.891309919,2022-07-22T12:44:24Z,Black bear,1,white marking on chest,Z:/3. ACME Projects/1. Alberta/OSM/2022-2023/1. Imagery/LU1/LU1_13/Deployment 1/IMG_0472.JPG,LU1_13_20220722_124424_IMG_0472.JPG
LU1,LU1_13,-110.72349,54.60634,517860.66818018013,6051021.891309919,2022-07-22T12:44:27Z,Black bear,1,white marking on chest,Z:/3. ACME Projects/1. Alberta/OSM/2022-2023/1. Imagery/LU1/LU1_13/Deployment 1/IMG_0473.JPG,LU1_13_20220722_124427_IMG_0473.JPG
LU1,LU1_13,-110.72349,54.60634,517860.66818018013,6051021.891309919,2022-07-22T12:44:29Z,Black bear,1,white marking on chest,Z:/3. ACME Projects/1. Alberta/OSM/2022-2023/1. Imagery/LU1/LU1_13/Deployment 1/IMG_0474.JPG,LU1_13_20220722_124429_IMG_0474.JPG
LU1,LU1_13,-110.72349,54.60634,517860.66818018013,6051021.891309919,2022-07-22T12:44:30Z,Black bear,1,white marking on chest,Z:/3. ACME Projects/1. Alberta/OSM/2022-2023/1. Imagery/LU1/LU1_13/Deployment 1/IMG_0475.JPG,LU1_13_20220722_124430_IMG_0475.JPG
LU1,LU1_13,-110.72349,54.60634,517860.66818018013,6051021.891309919,2022-07-22T12:44:32Z,Black bear,1,white marking on chest,Z:/3. ACME Projects/1. Alberta/OSM/2022-2023/1. Imagery/LU1/LU1_13/Deployment 1/IMG_0476.JPG,LU1_13_20220722_124432_IMG_0476.JPG
LU1,LU1_13,-110.72349,54.60634,517860.66818018013,6051021.891309919,2022-07-22T12:44:36Z,Black bear,1,white marking on chest,Z:/3. ACME Projects/1. Alberta/OSM/2022-2023/1. Imagery/LU1/LU1_13/Deployment 1/IMG_0477.JPG,LU1_13_20220722_124436_IMG_0477.JPG
LU1,LU1_13,-110.72349,54.60634,517860.66818018013,6051021.891309919,2022-07-22T12:44:38Z,Black bear,1,white marking on chest,Z:/3. ACME Projects/1. Alberta/OSM/2022-2023/1. Imagery/LU1/LU1_13/Deployment 1/IMG_0478.JPG,LU1_13_20220722_124438_IMG_0478.JPG
LU1,LU1_13,-110.72349,54.60634,517860.66818018013,6051021.891309919,2022-07-22T12:44:40Z,Black bear,1,white marking on chest,Z:/3. ACME Projects/1. Alberta/OSM/2022-2023/1. Imagery/LU1/LU1_13/Deployment 1/IMG_0479.JPG,LU1_13_20220722_124440_IMG_0479.JPG
LU1,LU1_13,-110.72349,54.60634,517860.66818018013,6051021.891309919,2022-07-22T12:44:45Z,Black bear,1,white marking on chest,Z:/3. ACME Projects/1. Alberta/OSM/2022-2023/1. Imagery/LU1/LU1_13/Deployment 1/IMG_0480.JPG,LU1_13_20220722_124445_IMG_0480.JPG
LU1,LU1_13,-110.72349,54.60634,517860.66818018013,6051021.891309919,2022-07-22T12:45:34Z,Black bear,1,white marking on chest,Z:/3. ACME Projects/1. Alberta/OSM/2022-2023/1. Imagery/LU1/LU1_13/Deployment 1/IMG_0483.JPG,LU1_13_20220722_124534_IMG_0483.JPG
LU1,LU1_13,-110.72349,54.60634,517860.66818018013,6051021.891309919,2022-07-22T12:45:36Z,Black bear,1,white marking on chest,Z:/3. ACME Projects/1. Alberta/OSM/2022-2023/1. Imagery/LU1/LU1_13/Deployment 1/IMG_0484.JPG,LU1_13_20220722_124536_IMG_0484.JPG
LU1,LU1_13,-110.72349,54.60634,517860.66818018013,6051021.891309919,2022-07-22T12:45:38Z,Black bear,1,white marking on chest,Z:/3. ACME Projects/1. Alberta/OSM/2022-2023/1. Imagery/LU1/LU1_13/Deployment 1/IMG_0485.JPG,LU1_13_20220722_124538_IMG_0485.JPG
LU1,LU1_13,-110.72349,54.60634,517860.66818018013,6051021.891309919,2022-07-22T12:45:39Z,Black bear,1,white marking on chest,Z:/3. ACME Projects/1. Alberta/OSM/2022-2023/1. Imagery/LU1/LU1_13/Deployment 1/IMG_0486.JPG,LU1_13_20220722_124539_IMG_0486.JPG
LU1,LU1_13,-110.72349,54.60634,517860.66818018013,6051021.891309919,2022-07-22T12:45:43Z,Black bear,1,white marking on chest,Z:/3. ACME Projects/1. Alberta/OSM/2022-2023/1. Imagery/LU1/LU1_13/Deployment 1/IMG_0487.JPG,LU1_13_20220722_124543_IMG_0487.JPG
LU1,LU1_13,-110.72349,54.60634,517860.66818018013,6051021.891309919,2022-07-22T12:45:44Z,Black bear,1,white marking on chest,Z:/3. ACME Projects/1. Alberta/OSM/2022-2023/1. Imagery/LU1/LU1_13/Deployment 1/IMG_0488.JPG,LU1_13_20220722_124544_IMG_0488.JPG
LU1,LU1_32,-110.54806,54.74266,529094.5727078938,6066249.192262178,2023-07-17T19:22:19Z,Black bear,1,white mark on chest,Z:/3. ACME Projects/1. Alberta/OSM/2022-2023/1. Imagery/LU1/LU1_32/Deployment 1/IMG_1329.JPG,LU1_32_20230717_192219_IMG_1329.JPG
LU1,LU1_32,-110.54806,54.74266,529094.5727078938,6066249.192262178,2023-07-17T19:22:21Z,Black bear,1,white mark on chest,Z:/3. ACME Projects/1. Alberta/OSM/2022-2023/1. Imagery/LU1/LU1_32/Deployment 1/IMG_1330.JPG,LU1_32_20230717_192221_IMG_1330.JPG
LU1,LU1_32,-110.54806,54.74266,529094.5727078938,6066249.192262178,2023-07-17T19:22:25Z,Black bear,1,white mark on chest,Z:/3. ACME Projects/1. Alberta/OSM/2022-2023/1. Imagery/LU1/LU1_32/Deployment 1/IMG_1331.JPG,LU1_32_20230717_192225_IMG_1331.JPG
LU1,LU1_32,-110.54806,54.74266,529094.5727078938,6066249.192262178,2023-07-17T19:22:27Z,Black bear,1,white mark on chest,Z:/3. ACME Projects/1. Alberta/OSM/2022-2023/1. Imagery/LU1/LU1_32/Deployment 1/IMG_1332.JPG,LU1_32_20230717_192227_IMG_1332.JPG
LU1,LU1_32,-110.54806,54.74266,529094.5727078938,6066249.192262178,2023-07-17T19:22:32Z,Black bear,1,white mark on chest,Z:/3. ACME Projects/1. Alberta/OSM/2022-2023/1. Imagery/LU1/LU1_32/Deployment 1/IMG_1333.JPG,LU1_32_20230717_192232_IMG_1333.JPG
LU1,LU1_32,-110.54806,54.74266,529094.5727078938,6066249.192262178,2023-07-17T19:22:33Z,Black bear,1,white mark on chest,Z:/3. ACME Projects/1. Alberta/OSM/2022-2023/1. Imagery/LU1/LU1_32/Deployment 1/IMG_1334.JPG,LU1_32_20230717_192233_IMG_1334.JPG
LU1,LU1_32,-110.54806,54.74266,529094.5727078938,6066249.192262178,2023-07-17T19:22:35Z,Black bear,1,white mark on chest,Z:/3. ACME Projects/1. Alberta/OSM/2022-2023/1. Imagery/LU1/LU1_32/Deployment 1/IMG_1335.JPG,LU1_32_20230717_192235_IMG_1335.JPG
LU1,LU1_32,-110.54806,54.74266,529094.5727078938,6066249.192262178,2023-07-17T19:22:37Z,Black bear,1,white mark on chest,Z:/3. ACME Projects/1. Alberta/OSM/2022-2023/1. Imagery/LU1/LU1_32/Deployment 1/IMG_1336.JPG,LU1_32_20230717_192237_IMG_1336.JPG
LU1,LU1_32,-110.54806,54.74266,529094.5727078938,6066249.192262178,2023-07-17T19:22:40Z,Black bear,1,white mark on chest,Z:/3. ACME Projects/1. Alberta/OSM/2022-2023/1. Imagery/LU1/LU1_32/Deployment 1/IMG_1337.JPG,LU1_32_20230717_192240_IMG_1337.JPG
LU1,LU1_32,-110.54806,54.74266,529094.5727078938,6066249.192262178,2023-07-17T19:22:41Z,Black bear,1,white mark on chest,Z:/3. ACME Projects/1. Alberta/OSM/2022-2023/1. Imagery/LU1/LU1_32/Deployment 1/IMG_1338.JPG,LU1_32_20230717_192241_IMG_1338.JPG
LU1,LU1_32,-110.54806,54.74266,529094.5727078938,6066249.192262178,2023-07-17T19:22:43Z,Black bear,1,white mark on chest,Z:/3. ACME Projects/1. Alberta/OSM/2022-2023/1. Imagery/LU1/LU1_32/Deployment 1/IMG_1339.JPG,LU1_32_20230717_192243_IMG_1339.JPG
LU1,LU1_32,-110.54806,54.74266,529094.5727078938,6066249.192262178,2023-07-17T19:22:44Z,Black bear,1,white mark on chest,Z:/3. ACME Projects/1. Alberta/OSM/2022-2023/1. Imagery/LU1/LU1_32/Deployment 1/IMG_1340.JPG,LU1_32_20230717_192244_IMG_1340.JPG
LU1,LU1_32,-110.54806,54.74266,529094.5727078938,6066249.192262178,2023-07-17T19:22:47Z,Black bear,1,white mark on chest,Z:/3. ACME Projects/1. Alberta/OSM/2022-2023/1. Imagery/LU1/LU1_32/Deployment 1/IMG_1341.JPG,LU1_32_20230717_192247_IMG_1341.JPG
LU1,LU1_32,-110.54806,54.74266,529094.5727078938,6066249.192262178,2023-07-17T19:22:49Z,Black bear,1,white mark on chest,Z:/3. ACME Projects/1. Alberta/OSM/2022-2023/1. Imagery/LU1/LU1_32/Deployment 1/IMG_1342.JPG,LU1_32_20230717_192249_IMG_1342.JPG
LU1,LU1_32,-110.54806,54.74266,529094.5727078938,6066249.192262178,2023-07-17T19:22:50Z,Black bear,1,white mark on chest,Z:/3. ACME Projects/1. Alberta/OSM/2022-2023/1. Imagery/LU1/LU1_32/Deployment 1/IMG_1343.JPG,LU1_32_20230717_192250_IMG_1343.JPG
LU1,LU1_32,-110.54806,54.74266,529094.5727078938,6066249.192262178,2023-07-17T19:22:52Z,Black bear,1,white mark on chest,Z:/3. ACME Projects/1. Alberta/OSM/2022-2023/1. Imagery/LU1/LU1_32/Deployment 1/IMG_1344.JPG,LU1_32_20230717_192252_IMG_1344.JPG
LU1,LU1_32,-110.54806,54.74266,529094.5727078938,6066249.192262178,2023-07-29T16:30:21Z,Black bear,1,white mark on chest,Z:/3. ACME Projects/1. Alberta/OSM/2022-2023/1. Imagery/LU1/LU1_32/Deployment 1/IMG_1396.JPG,LU1_32_20230729_163021_IMG_1396.JPG
LU1,LU1_32,-110.54806,54.74266,529094.5727078938,6066249.192262178,2023-07-29T16:30:24Z,Black bear,1,white mark on chest,Z:/3. ACME Projects/1. Alberta/OSM/2022-2023/1. Imagery/LU1/LU1_32/Deployment 1/IMG_1397.JPG,LU1_32_20230729_163024_IMG_1397.JPG
LU1,LU1_32,-110.54806,54.74266,529094.5727078938,6066249.192262178,2023-07-29T16:30:25Z,Black bear,1,white mark on chest,Z:/3. ACME Projects/1. Alberta/OSM/2022-2023/1. Imagery/LU1/LU1_32/Deployment 1/IMG_1398.JPG,LU1_32_20230729_163025_IMG_1398.JPG
LU1,LU1_32,-110.54806,54.74266,529094.5727078938,6066249.192262178,2023-07-29T16:30:27Z,Black bear,1,white mark on chest,Z:/3. ACME Projects/1. Alberta/OSM/2022-2023/1. Imagery/LU1/LU1_32/Deployment 1/IMG_1399.JPG,LU1_32_20230729_163027_IMG_1399.JPG
LU1,LU1_32,-110.54806,54.74266,529094.5727078938,6066249.192262178,2023-07-29T16:30:29Z,Black bear,1,white mark on chest,Z:/3. ACME Projects/1. Alberta/OSM/2022-2023/1. Imagery/LU1/LU1_32/Deployment 1/IMG_1400.JPG,LU1_32_20230729_163029_IMG_1400.JPG
LU1,LU1_32,-110.54806,54.74266,529094.5727078938,6066249.192262178,2023-07-29T16:30:31Z,Black bear,1,white mark on chest,Z:/3. ACME Projects/1. Alberta/OSM/2022-2023/1. Imagery/LU1/LU1_32/Deployment 1/IMG_1401.JPG,LU1_32_20230729_163031_IMG_1401.JPG
LU1,LU1_32,-110.54806,54.74266,529094.5727078938,6066249.192262178,2023-07-29T16:30:32Z,Black bear,1,white mark on chest,Z:/3. ACME Projects/1. Alberta/OSM/2022-2023/1. Imagery/LU1/LU1_32/Deployment 1/IMG_1402.JPG,LU1_32_20230729_163032_IMG_1402.JPG
LU1,LU1_32,-110.54806,54.74266,529094.5727078938,6066249.192262178,2023-07-29T16:30:34Z,Black bear,1,white mark on chest,Z:/3. ACME Projects/1. Alberta/OSM/2022-2023/1. Imagery/LU1/LU1_32/Deployment 1/IMG_1403.JPG,LU1_32_20230729_163034_IMG_1403.JPG
LU1,LU1_32,-110.54806,54.74266,529094.5727078938,6066249.192262178,2023-07-29T16:30:48Z,Black bear,1,white mark on chest,Z:/3. ACME Projects/1. Alberta/OSM/2022-2023/1. Imagery/LU1/LU1_32/Deployment 1/IMG_1404.JPG,LU1_32_20230729_163048_IMG_1404.JPG
LU1,LU1_32,-110.54806,54.74266,529094.5727078938,6066249.192262178,2023-07-29T16:31:02Z,Black bear,1,white mark on chest,Z:/3. ACME Projects/1. Alberta/OSM/2022-2023/1. Imagery/LU1/LU1_32/Deployment 1/IMG_1405.JPG,LU1_32_20230729_163102_IMG_1405.JPG
LU1,LU1_32,-110.54806,54.74266,529094.5727078938,6066249.192262178,2023-07-29T16:31:18Z,Black bear,1,white mark on chest,Z:/3. ACME Projects/1. Alberta/OSM/2022-2023/1. Imagery/LU1/LU1_32/Deployment 1/IMG_1406.JPG,LU1_32_20230729_163118_IMG_1406.JPG
LU1,LU1_32,-110.54806,54.74266,529094.5727078938,6066249.192262178,2023-09-07T17:18:30Z,Black bear,1,white mark on chest,Z:/3. ACME Projects/1. Alberta/OSM/2022-2023/1. Imagery/LU1/LU1_32/Deployment 1/IMG_1491.JPG,LU1_32_20230907_171830_IMG_1491.JPG
LU1,LU1_32,-110.54806,54.74266,529094.5727078938,6066249.192262178,2023-09-07T17:18:31Z,Black bear,1,white mark on chest,Z:/3. ACME Projects/1. Alberta/OSM/2022-2023/1. Imagery/LU1/LU1_32/Deployment 1/IMG_1492.JPG,LU1_32_20230907_171831_IMG_1492.JPG
LU1,LU1_32,-110.54806,54.74266,529094.5727078938,6066249.192262178,2023-09-07T17:18:34Z,Black bear,1,white mark on chest,Z:/3. ACME Projects/1. Alberta/OSM/2022-2023/1. Imagery/LU1/LU1_32/Deployment 1/IMG_1493.JPG,LU1_32_20230907_171834_IMG_1493.JPG
LU1,LU1_32,-110.54806,54.74266,529094.5727078938,6066249.192262178,2023-09-07T17:18:35Z,Black bear,1,white mark on chest,Z:/3. ACME Projects/1. Alberta/OSM/2022-2023/1. Imagery/LU1/LU1_32/Deployment 1/IMG_1494.JPG,LU1_32_20230907_171835_IMG_1494.JPG
LU1,LU1_32,-110.54806,54.74266,529094.5727078938,6066249.192262178,2023-09-07T17:18:49Z,Black bear,1,white mark on chest,Z:/3. ACME Projects/1. Alberta/OSM/2022-2023/1. Imagery/LU1/LU1_32/Deployment 1/IMG_1495.JPG,LU1_32_20230907_171849_IMG_1495.JPG
LU1,LU1_32,-110.54806,54.74266,529094.5727078938,6066249.192262178,2023-09-07T17:18:52Z,Black bear,1,white mark on chest,Z:/3. ACME Projects/1. Alberta/OSM/2022-2023/1. Imagery/LU1/LU1_32/Deployment 1/IMG_1496.JPG,LU1_32_20230907_171852_IMG_1496.JPG
LU1,LU1_32,-110.54806,54.74266,529094.5727078938,6066249.192262178,2023-09-07T17:19:07Z,Black bear,1,white mark on chest,Z:/3. ACME Projects/1. Alberta/OSM/2022-2023/1. Imagery/LU1/LU1_32/Deployment 1/IMG_1497.JPG,LU1_32_20230907_171907_IMG_1497.JPG
LU1,LU1_32,-110.54806,54.74266,529094.5727078938,6066249.192262178,2023-09-07T17:19:09Z,Black bear,1,white mark on chest,Z:/3. ACME Projects/1. Alberta/OSM/2022-2023/1. Imagery/LU1/LU1_32/Deployment 1/IMG_1498.JPG,LU1_32_20230907_171909_IMG_1498.JPG
LU1,LU1_32,-110.54806,54.74266,529094.5727078938,6066249.192262178,2023-09-07T17:19:34Z,Black bear,1,white mark on chest,Z:/3. ACME Projects/1. Alberta/OSM/2022-2023/1. Imagery/LU1/LU1_32/Deployment 1/IMG_1499.JPG,LU1_32_20230907_171934_IMG_1499.JPG
LU1,LU1_32,-110.54806,54.74266,529094.5727078938,6066249.192262178,2023-09-07T17:19:39Z,Black bear,1,white mark on chest,Z:/3. ACME Projects/1. Alberta/OSM/2022-2023/1. Imagery/LU1/LU1_32/Deployment 1/IMG_1500.JPG,LU1_32_20230907_171939_IMG_1500.JPG
LU1,LU1_32,-110.54806,54.74266,529094.5727078938,6066249.192262178,2023-09-07T17:19:41Z,Black bear,1,white mark on chest,Z:/3. ACME Projects/1. Alberta/OSM/2022-2023/1. Imagery/LU1/LU1_32/Deployment 1/IMG_1501.JPG,LU1_32_20230907_171941_IMG_1501.JPG
LU1,LU1_32,-110.54806,54.74266,529094.5727078938,6066249.192262178,2023-09-07T17:20:27Z,Black bear,1,white mark on chest,Z:/3. ACME Projects/1. Alberta/OSM/2022-2023/1. Imagery/LU1/LU1_32/Deployment 1/IMG_1502.JPG,LU1_32_20230907_172027_IMG_1502.JPG
LU1,LU1_32,-110.54806,54.74266,529094.5727078938,6066249.192262178,2023-09-07T17:20:28Z,Black bear,1,white mark on chest,Z:/3. ACME Projects/1. Alberta/OSM/2022-2023/1. Imagery/LU1/LU1_32/Deployment 1/IMG_1503.JPG,LU1_32_20230907_172028_IMG_1503.JPG
LU1,LU1_32,-110.54806,54.74266,529094.5727078938,6066249.192262178,2023-09-07T17:20:41Z,Black bear,1,white mark on chest,Z:/3. ACME Projects/1. Alberta/OSM/2022-2023/1. Imagery/LU1/LU1_32/Deployment 1/IMG_1504.JPG,LU1_32_20230907_172041_IMG_1504.JPG
LU1,LU1_36,-110.53843,54.72431000000001,529727.9499859876,6064211.370486616,2023-07-27T14:32:27Z,Black bear,1,white marking on chest,Z:/3. ACME Projects/1. Alberta/OSM/2022-2023/1. Imagery/LU1/LU1_36/Deployment 1/IMG_1017.JPG,LU1_36_20230727_143227_IMG_1017.JPG
LU1,LU1_36,-110.53843,54.72431000000001,529727.9499859876,6064211.370486616,2023-07-27T14:32:29Z,Black bear,1,white marking on chest,Z:/3. ACME Projects/1. Alberta/OSM/2022-2023/1. Imagery/LU1/LU1_36/Deployment 1/IMG_1018.JPG,LU1_36_20230727_143229_IMG_1018.JPG
LU1,LU1_36,-110.53843,54.72431000000001,529727.9499859876,6064211.370486616,2023-07-27T14:32:36Z,Black bear,1,white marking on chest,Z:/3. ACME Projects/1. Alberta/OSM/2022-2023/1. Imagery/LU1/LU1_36/Deployment 1/IMG_1019.JPG,LU1_36_20230727_143236_IMG_1019.JPG
LU1,LU1_36,-110.53843,54.72431000000001,529727.9499859876,6064211.370486616,2023-07-27T14:32:37Z,Black bear,1,white marking on chest,Z:/3. ACME Projects/1. Alberta/OSM/2022-2023/1. Imagery/LU1/LU1_36/Deployment 1/IMG_1020.JPG,LU1_36_20230727_143237_IMG_1020.JPG
LU1,LU1_36,-110.53843,54.72431000000001,529727.9499859876,6064211.370486616,2023-07-27T14:32:39Z,Black bear,1,white marking on chest,Z:/3. ACME Projects/1. Alberta/OSM/2022-2023/1. Imagery/LU1/LU1_36/Deployment 1/IMG_1021.JPG,LU1_36_20230727_143239_IMG_1021.JPG
LU1,LU1_36,-110.53843,54.72431000000001,529727.9499859876,6064211.370486616,2023-07-27T14:32:44Z,Black bear,1,white marking on chest,Z:/3. ACME Projects/1. Alberta/OSM/2022-2023/1. Imagery/LU1/LU1_36/Deployment 1/IMG_1022.JPG,LU1_36_20230727_143244_IMG_1022.JPG
LU1,LU1_36,-110.53843,54.72431000000001,529727.9499859876,6064211.370486616,2023-07-27T14:32:45Z,Black bear,1,white marking on chest,Z:/3. ACME Projects/1. Alberta/OSM/2022-2023/1. Imagery/LU1/LU1_36/Deployment 1/IMG_1023.JPG,LU1_36_20230727_143245_IMG_1023.JPG
LU1,LU1_36,-110.53843,54.72431000000001,529727.9499859876,6064211.370486616,2023-07-27T14:32:47Z,Black bear,1,white marking on chest,Z:/3. ACME Projects/1. Alberta/OSM/2022-2023/1. Imagery/LU1/LU1_36/Deployment 1/IMG_1024.JPG,LU1_36_20230727_143247_IMG_1024.JPG
LU1,LU1_36,-110.53843,54.72431000000001,529727.9499859876,6064211.370486616,2023-07-27T14:32:49Z,Black bear,1,white marking on chest,Z:/3. ACME Projects/1. Alberta/OSM/2022-2023/1. Imagery/LU1/LU1_36/Deployment 1/IMG_1025.JPG,LU1_36_20230727_143249_IMG_1025.JPG
LU1,LU1_36,-110.53843,54.72431000000001,529727.9499859876,6064211.370486616,2023-07-27T14:32:51Z,Black bear,1,white marking on chest,Z:/3. ACME Projects/1. Alberta/OSM/2022-2023/1. Imagery/LU1/LU1_36/Deployment 1/IMG_1026.JPG,LU1_36_20230727_143251_IMG_1026.JPG
LU1,LU1_36,-110.53843,54.72431000000001,529727.9499859876,6064211.370486616,2023-07-27T14:32:52Z,Black bear,1,white marking on chest,Z:/3. ACME Projects/1. Alberta/OSM/2022-2023/1. Imagery/LU1/LU1_36/Deployment 1/IMG_1027.JPG,LU1_36_20230727_143252_IMG_1027.JPG
LU1,LU1_36,-110.53843,54.72431000000001,529727.9499859876,6064211.370486616,2023-07-27T14:32:54Z,Black bear,1,white marking on chest,Z:/3. ACME Projects/1. Alberta/OSM/2022-2023/1. Imagery/LU1/LU1_36/Deployment 1/IMG_1028.JPG,LU1_36_20230727_143254_IMG_1028.JPG
LU1,LU1_36,-110.53843,54.72431000000001,529727.9499859876,6064211.370486616,2023-07-27T14:32:57Z,Black bear,1,white marking on chest,Z:/3. ACME Projects/1. Alberta/OSM/2022-2023/1. Imagery/LU1/LU1_36/Deployment 1/IMG_1029.JPG,LU1_36_20230727_143257_IMG_1029.JPG
LU1,LU1_36,-110.53843,54.72431000000001,529727.9499859876,6064211.370486616,2023-07-27T14:33:00Z,Black bear,1,white marking on chest,Z:/3. ACME Projects/1. Alberta/OSM/2022-2023/1. Imagery/LU1/LU1_36/Deployment 1/IMG_1030.JPG,LU1_36_20230727_143300_IMG_1030.JPG
LU1,LU1_36,-110.53843,54.72431000000001,529727.9499859876,6064211.370486616,2023-07-27T14:33:02Z,Black bear,1,white marking on chest,Z:/3. ACME Projects/1. Alberta/OSM/2022-2023/1. Imagery/LU1/LU1_36/Deployment 1/IMG_1031.JPG,LU1_36_20230727_143302_IMG_1031.JPG
LU1,LU1_36,-110.53843,54.72431000000001,529727.9499859876,6064211.370486616,2023-07-27T14:33:03Z,Black bear,1,white marking on chest,Z:/3. ACME Projects/1. Alberta/OSM/2022-2023/1. Imagery/LU1/LU1_36/Deployment 1/IMG_1032.JPG,LU1_36_20230727_143303_IMG_1032.JPG
LU1,LU1_36,-110.53843,54.72431000000001,529727.9499859876,6064211.370486616,2023-07-27T14:33:07Z,Black bear,1,white marking on chest,Z:/3. ACME Projects/1. Alberta/OSM/2022-2023/1. Imagery/LU1/LU1_36/Deployment 1/IMG_1033.JPG,LU1_36_20230727_143307_IMG_1033.JPG
LU1,LU1_36,-110.53843,54.72431000000001,529727.9499859876,6064211.370486616,2023-07-27T14:33:09Z,Black bear,1,white marking on chest,Z:/3. ACME Projects/1. Alberta/OSM/2022-2023/1. Imagery/LU1/LU1_36/Deployment 1/IMG_1034.JPG,LU1_36_20230727_143309_IMG_1034.JPG
LU1,LU1_36,-110.53843,54.72431000000001,529727.9499859876,6064211.370486616,2023-07-27T14:33:10Z,Black bear,1,white marking on chest,Z:/3. ACME Projects/1. Alberta/OSM/2022-2023/1. Imagery/LU1/LU1_36/Deployment 1/IMG_1035.JPG,LU1_36_20230727_143310_IMG_1035.JPG
LU1,LU1_36,-110.53843,54.72431000000001,529727.9499859876,6064211.370486616,2023-07-27T14:33:13Z,Black bear,1,white marking on chest,Z:/3. ACME Projects/1. Alberta/OSM/2022-2023/1. Imagery/LU1/LU1_36/Deployment 1/IMG_1036.JPG,LU1_36_20230727_143313_IMG_1036.JPG
LU1,LU1_36,-110.53843,54.72431000000001,529727.9499859876,6064211.370486616,2023-07-27T14:33:17Z,Black bear,1,white marking on chest,Z:/3. ACME Projects/1. Alberta/OSM/2022-2023/1. Imagery/LU1/LU1_36/Deployment 1/IMG_1037.JPG,LU1_36_20230727_143317_IMG_1037.JPG
LU1,LU1_36,-110.53843,54.72431000000001,529727.9499859876,6064211.370486616,2023-07-27T14:33:18Z,Black bear,1,white marking on chest,Z:/3. ACME Projects/1. Alberta/OSM/2022-2023/1. Imagery/LU1/LU1_36/Deployment 1/IMG_1038.JPG,LU1_36_20230727_143318_IMG_1038.JPG
LU1,LU1_36,-110.53843,54.72431000000001,529727.9499859876,6064211.370486616,2023-07-27T14:33:21Z,Black bear,1,white marking on chest,Z:/3. ACME Projects/1. Alberta/OSM/2022-2023/1. Imagery/LU1/LU1_36/Deployment 1/IMG_1039.JPG,LU1_36_20230727_143321_IMG_1039.JPG
LU1,LU1_36,-110.53843,54.72431000000001,529727.9499859876,6064211.370486616,2023-07-27T14:33:23Z,Black bear,1,white marking on chest,Z:/3. ACME Projects/1. Alberta/OSM/2022-2023/1. Imagery/LU1/LU1_36/Deployment 1/IMG_1040.JPG,LU1_36_20230727_143323_IMG_1040.JPG
LU1,LU1_36,-110.53843,54.72431000000001,529727.9499859876,6064211.370486616,2023-07-27T14:33:39Z,Black bear,1,white marking on chest,Z:/3. ACME Projects/1. Alberta/OSM/2022-2023/1. Imagery/LU1/LU1_36/Deployment 1/IMG_1041.JPG,LU1_36_20230727_143339_IMG_1041.JPG
LU1,LU1_36,-110.53843,54.72431000000001,529727.9499859876,6064211.370486616,2023-07-27T14:33:41Z,Black bear,1,white marking on chest,Z:/3. ACME Projects/1. Alberta/OSM/2022-2023/1. Imagery/LU1/LU1_36/Deployment 1/IMG_1042.JPG,LU1_36_20230727_143341_IMG_1042.JPG
LU1,LU1_36,-110.53843,54.72431000000001,529727.9499859876,6064211.370486616,2023-07-27T14:33:43Z,Black bear,1,white marking on chest,Z:/3. ACME Projects/1. Alberta/OSM/2022-2023/1. Imagery/LU1/LU1_36/Deployment 1/IMG_1043.JPG,LU1_36_20230727_143343_IMG_1043.JPG
LU1,LU1_36,-110.53843,54.72431000000001,529727.9499859876,6064211.370486616,2023-07-27T14:33:46Z,Black bear,1,white marking on chest,Z:/3. ACME Projects/1. Alberta/OSM/2022-2023/1. Imagery/LU1/LU1_36/Deployment 1/IMG_1044.JPG,LU1_36_20230727_143346_IMG_1044.JPG
LU13,LU13_8,-111.17169,57.14077,489609.6155952056,6333069.034034191,2022-09-26T19:04:05Z,Black bear,1,white marking on chest,Z:/3. ACME Projects/1. Alberta/OSM/2022-2023/1. Imagery/LU13/LU13_8/Deployment 1/RCNX0290.JPG,LU13_8_20220926_190405_RCNX0290.JPG
LU13,LU13_8,-111.17169,57.14077,489609.6155952056,6333069.034034191,2022-09-26T19:04:44Z,Black bear,1,white marking on chest,Z:/3. ACME Projects/1. Alberta/OSM/2022-2023/1. Imagery/LU13/LU13_8/Deployment 1/RCNX0291.JPG,LU13_8_20220926_190444_RCNX0291.JPG
LU13,LU13_8,-111.17169,57.14077,489609.6155952056,6333069.034034191,2022-09-26T19:04:45Z,Black bear,1,white marking on chest,Z:/3. ACME Projects/1. Alberta/OSM/2022-2023/1. Imagery/LU13/LU13_8/Deployment 1/RCNX0292.JPG,LU13_8_20220926_190445_RCNX0292.JPG
LU13,LU13_8,-111.17169,57.14077,489609.6155952056,6333069.034034191,2022-09-26T19:04:47Z,Black bear,1,white marking on chest,Z:/3. ACME Projects/1. Alberta/OSM/2022-2023/1. Imagery/LU13/LU13_8/Deployment 1/RCNX0293.JPG,LU13_8_20220926_190447_RCNX0293.JPG
LU13,LU13_8,-111.17169,57.14077,489609.6155952056,6333069.034034191,2022-09-26T19:04:49Z,Black bear,1,white marking on chest,Z:/3. ACME Projects/1. Alberta/OSM/2022-2023/1. Imagery/LU13/LU13_8/Deployment 1/RCNX0294.JPG,LU13_8_20220926_190449_RCNX0294.JPG
LU13,LU13_8,-111.17169,57.14077,489609.6155952056,6333069.034034191,2022-09-26T19:04:52Z,Black bear,1,white marking on chest,Z:/3. ACME Projects/1. Alberta/OSM/2022-2023/1. Imagery/LU13/LU13_8/Deployment 1/RCNX0295.JPG,LU13_8_20220926_190452_RCNX0295.JPG
LU13,LU13_8,-111.17169,57.14077,489609.6155952056,6333069.034034191,2022-09-26T19:04:53Z,Black bear,1,white marking on chest,Z:/3. ACME Projects/1. Alberta/OSM/2022-2023/1. Imagery/LU13/LU13_8/Deployment 1/RCNX0296.JPG,LU13_8_20220926_190453_RCNX0296.JPG
LU13,LU13_8,-111.17169,57.14077,489609.6155952056,6333069.034034191,2022-09-26T19:04:54Z,Black bear,1,white marking on chest,Z:/3. ACME Projects/1. Alberta/OSM/2022-2023/1. Imagery/LU13/LU13_8/Deployment 1/RCNX0297.JPG,LU13_8_20220926_190454_RCNX0297.JPG
LU13,LU13_8,-111.17169,57.14077,489609.6155952056,6333069.034034191,2022-09-26T19:04:55Z,Black bear,1,white marking on chest,Z:/3. ACME Projects/1. Alberta/OSM/2022-2023/1. Imagery/LU13/LU13_8/Deployment 1/RCNX0298.JPG,LU13_8_20220926_190455_RCNX0298.JPG
LU13,LU13_8,-111.17169,57.14077,489609.6155952056,6333069.034034191,2022-09-26T19:04:56Z,Black bear,1,white marking on chest,Z:/3. ACME Projects/1. Alberta/OSM/2022-2023/1. Imagery/LU13/LU13_8/Deployment 1/RCNX0299.JPG,LU13_8_20220926_190456_RCNX0299.JPG
LU13,LU13_8,-111.17169,57.14077,489609.6155952056,6333069.034034191,2022-09-26T19:04:58Z,Black bear,1,white marking on chest,Z:/3. ACME Projects/1. Alberta/OSM/2022-2023/1. Imagery/LU13/LU13_8/Deployment 1/RCNX0300.JPG,LU13_8_20220926_190458_RCNX0300.JPG
LU13,LU13_8,-111.17169,57.14077,489609.6155952056,6333069.034034191,2022-09-26T19:04:59Z,Black bear,1,white marking on chest,Z:/3. ACME Projects/1. Alberta/OSM/2022-2023/1. Imagery/LU13/LU13_8/Deployment 1/RCNX0301.JPG,LU13_8_20220926_190459_RCNX0301.JPG
LU13,LU13_8,-111.17169,57.14077,489609.6155952056,6333069.034034191,2022-09-26T19:05:00Z,Black bear,1,white marking on chest,Z:/3. ACME Projects/1. Alberta/OSM/2022-2023/1. Imagery/LU13/LU13_8/Deployment 1/RCNX0302.JPG,LU13_8_20220926_190500_RCNX0302.JPG
LU13,LU13_8,-111.17169,57.14077,489609.6155952056,6333069.034034191,2022-09-26T19:05:01Z,Black bear,1,white marking on chest,Z:/3. ACME Projects/1. Alberta/OSM/2022-2023/1. Imagery/LU13/LU13_8/Deployment 1/RCNX0303.JPG,LU13_8_20220926_190501_RCNX0303.JPG
LU13,LU13_8,-111.17169,57.14077,489609.6155952056,6333069.034034191,2022-09-26T19:05:03Z,Black bear,1,white marking on chest,Z:/3. ACME Projects/1. Alberta/OSM/2022-2023/1. Imagery/LU13/LU13_8/Deployment 1/RCNX0304.JPG,LU13_8_20220926_190503_RCNX0304.JPG
LU13,LU13_8,-111.17169,57.14077,489609.6155952056,6333069.034034191,2022-09-26T19:05:04Z,Black bear,1,white marking on chest,Z:/3. ACME Projects/1. Alberta/OSM/2022-2023/1. Imagery/LU13/LU13_8/Deployment 1/RCNX0305.JPG,LU13_8_20220926_190504_RCNX0305.JPG
LU13,LU13_8,-111.17169,57.14077,489609.6155952056,6333069.034034191,2022-09-26T19:05:05Z,Black bear,1,white marking on chest,Z:/3. ACME Projects/1. Alberta/OSM/2022-2023/1. Imagery/LU13/LU13_8/Deployment 1/RCNX0306.JPG,LU13_8_20220926_190505_RCNX0306.JPG
LU13,LU13_8,-111.17169,57.14077,489609.6155952056,6333069.034034191,2022-09-26T19:05:08Z,Black bear,1,white marking on chest,Z:/3. ACME Projects/1. Alberta/OSM/2022-2023/1. Imagery/LU13/LU13_8/Deployment 1/RCNX0307.JPG,LU13_8_20220926_190508_RCNX0307.JPG
LU13,LU13_8,-111.17169,57.14077,489609.6155952056,6333069.034034191,2022-09-26T19:05:09Z,Black bear,1,white marking on chest,Z:/3. ACME Projects/1. Alberta/OSM/2022-2023/1. Imagery/LU13/LU13_8/Deployment 1/RCNX0308.JPG,LU13_8_20220926_190509_RCNX0308.JPG
LU13,LU13_8,-111.17169,57.14077,489609.6155952056,6333069.034034191,2022-09-26T19:05:10Z,Black bear,1,white marking on chest,Z:/3. ACME Projects/1. Alberta/OSM/2022-2023/1. Imagery/LU13/LU13_8/Deployment 1/RCNX0309.JPG,LU13_8_20220926_190510_RCNX0309.JPG
LU13,LU13_8,-111.17169,57.14077,489609.6155952056,6333069.034034191,2022-09-26T19:05:11Z,Black bear,1,white marking on chest,Z:/3. ACME Projects/1. Alberta/OSM/2022-2023/1. Imagery/LU13/LU13_8/Deployment 1/RCNX0310.JPG,LU13_8_20220926_190511_RCNX0310.JPG
LU13,LU13_8,-111.17169,57.14077,489609.6155952056,6333069.034034191,2022-09-26T19:05:12Z,Black bear,1,white marking on chest,Z:/3. ACME Projects/1. Alberta/OSM/2022-2023/1. Imagery/LU13/LU13_8/Deployment 1/RCNX0311.JPG,LU13_8_20220926_190512_RCNX0311.JPG
LU13,LU13_8,-111.17169,57.14077,489609.6155952056,6333069.034034191,2022-09-26T19:05:13Z,Black bear,1,white marking on chest,Z:/3. ACME Projects/1. Alberta/OSM/2022-2023/1. Imagery/LU13/LU13_8/Deployment 1/RCNX0312.JPG,LU13_8_20220926_190513_RCNX0312.JPG
LU13,LU13_8,-111.17169,57.14077,489609.6155952056,6333069.034034191,2022-09-26T19:05:22Z,Black bear,1,white marking on chest,Z:/3. ACME Projects/1. Alberta/OSM/2022-2023/1. Imagery/LU13/LU13_8/Deployment 1/RCNX0313.JPG,LU13_8_20220926_190522_RCNX0313.JPG
LU13,LU13_8,-111.17169,57.14077,489609.6155952056,6333069.034034191,2022-09-26T19:05:23Z,Black bear,1,white marking on chest,Z:/3. ACME Projects/1. Alberta/OSM/2022-2023/1. Imagery/LU13/LU13_8/Deployment 1/RCNX0314.JPG,LU13_8_20220926_190523_RCNX0314.JPG
LU13,LU13_8,-111.17169,57.14077,489609.6155952056,6333069.034034191,2022-09-26T19:05:24Z,Black bear,1,white marking on chest,Z:/3. ACME Projects/1. Alberta/OSM/2022-2023/1. Imagery/LU13/LU13_8/Deployment 1/RCNX0315.JPG,LU13_8_20220926_190524_RCNX0315.JPG
LU13,LU13_8,-111.17169,57.14077,489609.6155952056,6333069.034034191,2022-09-26T19:05:25Z,Black bear,1,white marking on chest,Z:/3. ACME Projects/1. Alberta/OSM/2022-2023/1. Imagery/LU13/LU13_8/Deployment 1/RCNX0316.JPG,LU13_8_20220926_190525_RCNX0316.JPG
LU13,LU13_8,-111.17169,57.14077,489609.6155952056,6333069.034034191,2022-09-26T19:05:26Z,Black bear,1,white marking on chest,Z:/3. ACME Projects/1. Alberta/OSM/2022-2023/1. Imagery/LU13/LU13_8/Deployment 1/RCNX0317.JPG,LU13_8_20220926_190526_RCNX0317.JPG
LU13,LU13_8,-111.17169,57.14077,489609.6155952056,6333069.034034191,2022-09-26T19:05:27Z,Black bear,1,white marking on chest,Z:/3. ACME Projects/1. Alberta/OSM/2022-2023/1. Imagery/LU13/LU13_8/Deployment 1/RCNX0318.JPG,LU13_8_20220926_190527_RCNX0318.JPG
LU13,LU13_8,-111.17169,57.14077,489609.6155952056,6333069.034034191,2022-09-26T19:05:33Z,Black bear,1,white marking on chest,Z:/3. ACME Projects/1. Alberta/OSM/2022-2023/1. Imagery/LU13/LU13_8/Deployment 1/RCNX0319.JPG,LU13_8_20220926_190533_RCNX0319.JPG
LU13,LU13_8,-111.17169,57.14077,489609.6155952056,6333069.034034191,2022-09-26T19:05:34Z,Black bear,1,white marking on chest,Z:/3. ACME Projects/1. Alberta/OSM/2022-2023/1. Imagery/LU13/LU13_8/Deployment 1/RCNX0320.JPG,LU13_8_20220926_190534_RCNX0320.JPG
LU13,LU13_8,-111.17169,57.14077,489609.6155952056,6333069.034034191,2022-09-26T19:05:36Z,Black bear,1,white marking on chest,Z:/3. ACME Projects/1. Alberta/OSM/2022-2023/1. Imagery/LU13/LU13_8/Deployment 1/RCNX0321.JPG,LU13_8_20220926_190536_RCNX0321.JPG
LU13,LU13_8,-111.17169,57.14077,489609.6155952056,6333069.034034191,2022-09-26T19:05:36Z,Black bear,1,white marking on chest,Z:/3. ACME Projects/1. Alberta/OSM/2022-2023/1. Imagery/LU13/LU13_8/Deployment 1/RCNX0322.JPG,LU13_8_20220926_190536_RCNX0322.JPG
LU13,LU13_8,-111.17169,57.14077,489609.6155952056,6333069.034034191,2022-09-26T19:05:37Z,Black bear,1,white marking on chest,Z:/3. ACME Projects/1. Alberta/OSM/2022-2023/1. Imagery/LU13/LU13_8/Deployment 1/RCNX0323.JPG,LU13_8_20220926_190537_RCNX0323.JPG
LU13,LU13_8,-111.17169,57.14077,489609.6155952056,6333069.034034191,2022-09-26T19:05:38Z,Black bear,1,white marking on chest,Z:/3. ACME Projects/1. Alberta/OSM/2022-2023/1. Imagery/LU13/LU13_8/Deployment 1/RCNX0324.JPG,LU13_8_20220926_190538_RCNX0324.JPG
LU13,LU13_8,-111.17169,57.14077,489609.6155952056,6333069.034034191,2022-09-26T19:05:39Z,Black bear,1,white marking on chest,Z:/3. ACME Projects/1. Alberta/OSM/2022-2023/1. Imagery/LU13/LU13_8/Deployment 1/RCNX0325.JPG,LU13_8_20220926_190539_RCNX0325.JPG
LU13,LU13_8,-111.17169,57.14077,489609.6155952056,6333069.034034191,2022-09-26T19:05:41Z,Black bear,1,white marking on chest,Z:/3. ACME Projects/1. Alberta/OSM/2022-2023/1. Imagery/LU13/LU13_8/Deployment 1/RCNX0326.JPG,LU13_8_20220926_190541_RCNX0326.JPG
LU13,LU13_8,-111.17169,57.14077,489609.6155952056,6333069.034034191,2022-09-26T19:05:42Z,Black bear,1,white marking on chest,Z:/3. ACME Projects/1. Alberta/OSM/2022-2023/1. Imagery/LU13/LU13_8/Deployment 1/RCNX0327.JPG,LU13_8_20220926_190542_RCNX0327.JPG
LU13,LU13_8,-111.17169,57.14077,489609.6155952056,6333069.034034191,2022-09-26T19:05:43Z,Black bear,1,white marking on chest,Z:/3. ACME Projects/1. Alberta/OSM/2022-2023/1. Imagery/LU13/LU13_8/Deployment 1/RCNX0328.JPG,LU13_8_20220926_190543_RCNX0328.JPG
LU13,LU13_8,-111.17169,57.14077,489609.6155952056,6333069.034034191,2022-09-26T19:05:44Z,Black bear,1,white marking on chest,Z:/3. ACME Projects/1. Alberta/OSM/2022-2023/1. Imagery/LU13/LU13_8/Deployment 1/RCNX0329.JPG,LU13_8_20220926_190544_RCNX0329.JPG
LU13,LU13_8,-111.17169,57.14077,489609.6155952056,6333069.034034191,2022-09-26T19:05:45Z,Black bear,1,white marking on chest,Z:/3. ACME Projects/1. Alberta/OSM/2022-2023/1. Imagery/LU13/LU13_8/Deployment 1/RCNX0330.JPG,LU13_8_20220926_190545_RCNX0330.JPG
LU13,LU13_8,-111.17169,57.14077,489609.6155952056,6333069.034034191,2022-09-26T19:05:46Z,Black bear,1,white marking on chest,Z:/3. ACME Projects/1. Alberta/OSM/2022-2023/1. Imagery/LU13/LU13_8/Deployment 1/RCNX0331.JPG,LU13_8_20220926_190546_RCNX0331.JPG
LU13,LU13_8,-111.17169,57.14077,489609.6155952056,6333069.034034191,2022-09-26T19:05:47Z,Black bear,1,white marking on chest,Z:/3. ACME Projects/1. Alberta/OSM/2022-2023/1. Imagery/LU13/LU13_8/Deployment 1/RCNX0332.JPG,LU13_8_20220926_190547_RCNX0332.JPG
LU13,LU13_8,-111.17169,57.14077,489609.6155952056,6333069.034034191,2022-09-26T19:05:49Z,Black bear,1,white marking on chest,Z:/3. ACME Projects/1. Alberta/OSM/2022-2023/1. Imagery/LU13/LU13_8/Deployment 1/RCNX0333.JPG,LU13_8_20220926_190549_RCNX0333.JPG
LU13,LU13_8,-111.17169,57.14077,489609.6155952056,6333069.034034191,2022-09-26T19:05:50Z,Black bear,1,white marking on chest,Z:/3. ACME Projects/1. Alberta/OSM/2022-2023/1. Imagery/LU13/LU13_8/Deployment 1/RCNX0334.JPG,LU13_8_20220926_190550_RCNX0334.JPG
LU13,LU13_8,-111.17169,57.14077,489609.6155952056,6333069.034034191,2022-09-26T19:05:51Z,Black bear,1,white marking on chest,Z:/3. ACME Projects/1. Alberta/OSM/2022-2023/1. Imagery/LU13/LU13_8/Deployment 1/RCNX0335.JPG,LU13_8_20220926_190551_RCNX0335.JPG
LU13,LU13_8,-111.17169,57.14077,489609.6155952056,6333069.034034191,2022-09-26T19:05:53Z,Black bear,1,white marking on chest,Z:/3. ACME Projects/1. Alberta/OSM/2022-2023/1. Imagery/LU13/LU13_8/Deployment 1/RCNX0336.JPG,LU13_8_20220926_190553_RCNX0336.JPG
LU13,LU13_8,-111.17169,57.14077,489609.6155952056,6333069.034034191,2022-09-26T19:06:19Z,Black bear,1,white marking on chest,Z:/3. ACME Projects/1. Alberta/OSM/2022-2023/1. Imagery/LU13/LU13_8/Deployment 1/RCNX0337.JPG,LU13_8_20220926_190619_RCNX0337.JPG
LU13,LU13_8,-111.17169,57.14077,489609.6155952056,6333069.034034191,2022-09-26T19:06:54Z,Black bear,1,white marking on chest,Z:/3. ACME Projects/1. Alberta/OSM/2022-2023/1. Imagery/LU13/LU13_8/Deployment 1/RCNX0338.JPG,LU13_8_20220926_190654_RCNX0338.JPG
LU13,LU13_8,-111.17169,57.14077,489609.6155952056,6333069.034034191,2022-09-26T19:06:55Z,Black bear,1,white marking on chest,Z:/3. ACME Projects/1. Alberta/OSM/2022-2023/1. Imagery/LU13/LU13_8/Deployment 1/RCNX0339.JPG,LU13_8_20220926_190655_RCNX0339.JPG
LU13,LU13_8,-111.17169,57.14077,489609.6155952056,6333069.034034191,2022-09-26T19:06:57Z,Black bear,1,white marking on chest,Z:/3. ACME Projects/1. Alberta/OSM/2022-2023/1. Imagery/LU13/LU13_8/Deployment 1/RCNX0340.JPG,LU13_8_20220926_190657_RCNX0340.JPG
LU13,LU13_8,-111.17169,57.14077,489609.6155952056,6333069.034034191,2022-09-26T19:06:59Z,Black bear,1,white marking on chest,Z:/3. ACME Projects/1. Alberta/OSM/2022-2023/1. Imagery/LU13/LU13_8/Deployment 1/RCNX0341.JPG,LU13_8_20220926_190659_RCNX0341.JPG
LU13,LU13_8,-111.17169,57.14077,489609.6155952056,6333069.034034191,2022-09-28T07:55:29Z,Black bear,1,white marking on chest,Z:/3. ACME Projects/1. Alberta/OSM/2022-2023/1. Imagery/LU13/LU13_8/Deployment 1/RCNX0352.JPG,LU13_8_20220928_075529_RCNX0352.JPG
LU13,LU13_8,-111.17169,57.14077,489609.6155952056,6333069.034034191,2022-09-28T07:55:52Z,Black bear,1,white marking on chest,Z:/3. ACME Projects/1. Alberta/OSM/2022-2023/1. Imagery/LU13/LU13_8/Deployment 1/RCNX0353.JPG,LU13_8_20220928_075552_RCNX0353.JPG
LU13,LU13_8,-111.17169,57.14077,489609.6155952056,6333069.034034191,2022-09-28T07:55:53Z,Black bear,1,white marking on chest,Z:/3. ACME Projects/1. Alberta/OSM/2022-2023/1. Imagery/LU13/LU13_8/Deployment 1/RCNX0354.JPG,LU13_8_20220928_075553_RCNX0354.JPG
LU13,LU13_8,-111.17169,57.14077,489609.6155952056,6333069.034034191,2022-09-28T07:56:09Z,Black bear,1,white marking on chest,Z:/3. ACME Projects/1. Alberta/OSM/2022-2023/1. Imagery/LU13/LU13_8/Deployment 1/RCNX0355.JPG,LU13_8_20220928_075609_RCNX0355.JPG
LU13,LU13_8,-111.17169,57.14077,489609.6155952056,6333069.034034191,2022-09-28T07:56:15Z,Black bear,1,white marking on chest,Z:/3. ACME Projects/1. Alberta/OSM/2022-2023/1. Imagery/LU13/LU13_8/Deployment 1/RCNX0356.JPG,LU13_8_20220928_075615_RCNX0356.JPG
LU13,LU13_8,-111.17169,57.14077,489609.6155952056,6333069.034034191,2022-09-28T07:56:37Z,Black bear,1,white marking on chest,Z:/3. ACME Projects/1. Alberta/OSM/2022-2023/1. Imagery/LU13/LU13_8/Deployment 1/RCNX0357.JPG,LU13_8_20220928_075637_RCNX0357.JPG
LU13,LU13_8,-111.17169,57.14077,489609.6155952056,6333069.034034191,2022-09-28T07:56:39Z,Black bear,1,white marking on chest,Z:/3. ACME Projects/1. Alberta/OSM/2022-2023/1. Imagery/LU13/LU13_8/Deployment 1/RCNX0358.JPG,LU13_8_20220928_075639_RCNX0358.JPG
LU13,LU13_8,-111.17169,57.14077,489609.6155952056,6333069.034034191,2022-09-28T07:56:40Z,Black bear,1,white marking on chest,Z:/3. ACME Projects/1. Alberta/OSM/2022-2023/1. Imagery/LU13/LU13_8/Deployment 1/RCNX0359.JPG,LU13_8_20220928_075640_RCNX0359.JPG
LU13,LU13_8,-111.17169,57.14077,489609.6155952056,6333069.034034191,2022-09-28T07:56:41Z,Black bear,1,white marking on chest,Z:/3. ACME Projects/1. Alberta/OSM/2022-2023/1. Imagery/LU13/LU13_8/Deployment 1/RCNX0360.JPG,LU13_8_20220928_075641_RCNX0360.JPG
LU13,LU13_8,-111.17169,57.14077,489609.6155952056,6333069.034034191,2022-09-28T07:56:41Z,Black bear,1,white marking on chest,Z:/3. ACME Projects/1. Alberta/OSM/2022-2023/1. Imagery/LU13/LU13_8/Deployment 1/RCNX0361.JPG,LU13_8_20220928_075641_RCNX0361.JPG
LU13,LU13_8,-111.17169,57.14077,489609.6155952056,6333069.034034191,2022-09-28T07:56:43Z,Black bear,1,white marking on chest,Z:/3. ACME Projects/1. Alberta/OSM/2022-2023/1. Imagery/LU13/LU13_8/Deployment 1/RCNX0362.JPG,LU13_8_20220928_075643_RCNX0362.JPG
LU13,LU13_8,-111.17169,57.14077,489609.6155952056,6333069.034034191,2022-09-28T07:56:44Z,Black bear,1,white marking on chest,Z:/3. ACME Projects/1. Alberta/OSM/2022-2023/1. Imagery/LU13/LU13_8/Deployment 1/RCNX0363.JPG,LU13_8_20220928_075644_RCNX0363.JPG
LU13,LU13_8,-111.17169,57.14077,489609.6155952056,6333069.034034191,2022-09-28T07:56:45Z,Black bear,1,white marking on chest,Z:/3. ACME Projects/1. Alberta/OSM/2022-2023/1. Imagery/LU13/LU13_8/Deployment 1/RCNX0364.JPG,LU13_8_20220928_075645_RCNX0364.JPG
LU13,LU13_8,-111.17169,57.14077,489609.6155952056,6333069.034034191,2022-09-28T07:56:50Z,Black bear,1,white marking on chest,Z:/3. ACME Projects/1. Alberta/OSM/2022-2023/1. Imagery/LU13/LU13_8/Deployment 1/RCNX0365.JPG,LU13_8_20220928_075650_RCNX0365.JPG
LU13,LU13_8,-111.17169,57.14077,489609.6155952056,6333069.034034191,2022-09-28T07:56:51Z,Black bear,1,white marking on chest,Z:/3. ACME Projects/1. Alberta/OSM/2022-2023/1. Imagery/LU13/LU13_8/Deployment 1/RCNX0366.JPG,LU13_8_20220928_075651_RCNX0366.JPG
LU13,LU13_8,-111.17169,57.14077,489609.6155952056,6333069.034034191,2022-09-28T07:56:52Z,Black bear,1,white marking on chest,Z:/3. ACME Projects/1. Alberta/OSM/2022-2023/1. Imagery/LU13/LU13_8/Deployment 1/RCNX0367.JPG,LU13_8_20220928_075652_RCNX0367.JPG
LU13,LU13_8,-111.17169,57.14077,489609.6155952056,6333069.034034191,2022-09-28T07:56:54Z,Black bear,1,white marking on chest,Z:/3. ACME Projects/1. Alberta/OSM/2022-2023/1. Imagery/LU13/LU13_8/Deployment 1/RCNX0368.JPG,LU13_8_20220928_075654_RCNX0368.JPG
LU13,LU13_8,-111.17169,57.14077,489609.6155952056,6333069.034034191,2022-09-28T07:56:55Z,Black bear,1,white marking on chest,Z:/3. ACME Projects/1. Alberta/OSM/2022-2023/1. Imagery/LU13/LU13_8/Deployment 1/RCNX0369.JPG,LU13_8_20220928_075655_RCNX0369.JPG
LU13,LU13_8,-111.17169,57.14077,489609.6155952056,6333069.034034191,2022-09-28T07:56:57Z,Black bear,1,white marking on chest,Z:/3. ACME Projects/1. Alberta/OSM/2022-2023/1. Imagery/LU13/LU13_8/Deployment 1/RCNX0370.JPG,LU13_8_20220928_075657_RCNX0370.JPG
LU13,LU13_8,-111.17169,57.14077,489609.6155952056,6333069.034034191,2022-09-28T07:56:58Z,Black bear,1,white marking on chest,Z:/3. ACME Projects/1. Alberta/OSM/2022-2023/1. Imagery/LU13/LU13_8/Deployment 1/RCNX0371.JPG,LU13_8_20220928_075658_RCNX0371.JPG
LU13,LU13_8,-111.17169,57.14077,489609.6155952056,6333069.034034191,2022-09-28T07:56:59Z,Black bear,1,white marking on chest,Z:/3. ACME Projects/1. Alberta/OSM/2022-2023/1. Imagery/LU13/LU13_8/Deployment 1/RCNX0372.JPG,LU13_8_20220928_075659_RCNX0372.JPG
LU13,LU13_8,-111.17169,57.14077,489609.6155952056,6333069.034034191,2022-09-28T07:57:00Z,Black bear,1,white marking on chest,Z:/3. ACME Projects/1. Alberta/OSM/2022-2023/1. Imagery/LU13/LU13_8/Deployment 1/RCNX0373.JPG,LU13_8_20220928_075700_RCNX0373.JPG
LU13,LU13_8,-111.17169,57.14077,489609.6155952056,6333069.034034191,2022-09-28T07:57:01Z,Black bear,1,white marking on chest,Z:/3. ACME Projects/1. Alberta/OSM/2022-2023/1. Imagery/LU13/LU13_8/Deployment 1/RCNX0374.JPG,LU13_8_20220928_075701_RCNX0374.JPG
LU13,LU13_8,-111.17169,57.14077,489609.6155952056,6333069.034034191,2022-09-28T07:57:02Z,Black bear,1,white marking on chest,Z:/3. ACME Projects/1. Alberta/OSM/2022-2023/1. Imagery/LU13/LU13_8/Deployment 1/RCNX0375.JPG,LU13_8_20220928_075702_RCNX0375.JPG
LU13,LU13_8,-111.17169,57.14077,489609.6155952056,6333069.034034191,2022-09-28T07:57:03Z,Black bear,1,white marking on chest,Z:/3. ACME Projects/1. Alberta/OSM/2022-2023/1. Imagery/LU13/LU13_8/Deployment 1/RCNX0376.JPG,LU13_8_20220928_075703_RCNX0376.JPG
LU13,LU13_8,-111.17169,57.14077,489609.6155952056,6333069.034034191,2022-09-28T07:57:05Z,Black bear,1,white marking on chest,Z:/3. ACME Projects/1. Alberta/OSM/2022-2023/1. Imagery/LU13/LU13_8/Deployment 1/RCNX0377.JPG,LU13_8_20220928_075705_RCNX0377.JPG
LU13,LU13_8,-111.17169,57.14077,489609.6155952056,6333069.034034191,2022-09-28T07:57:07Z,Black bear,1,white marking on chest,Z:/3. ACME Projects/1. Alberta/OSM/2022-2023/1. Imagery/LU13/LU13_8/Deployment 1/RCNX0378.JPG,LU13_8_20220928_075707_RCNX0378.JPG
LU13,LU13_8,-111.17169,57.14077,489609.6155952056,6333069.034034191,2022-09-28T07:57:08Z,Black bear,1,white marking on chest,Z:/3. ACME Projects/1. Alberta/OSM/2022-2023/1. Imagery/LU13/LU13_8/Deployment 1/RCNX0379.JPG,LU13_8_20220928_075708_RCNX0379.JPG
LU13,LU13_8,-111.17169,57.14077,489609.6155952056,6333069.034034191,2022-09-28T07:57:10Z,Black bear,1,white marking on chest,Z:/3. ACME Projects/1. Alberta/OSM/2022-2023/1. Imagery/LU13/LU13_8/Deployment 1/RCNX0380.JPG,LU13_8_20220928_075710_RCNX0380.JPG
LU13,LU13_8,-111.17169,57.14077,489609.6155952056,6333069.034034191,2022-09-28T07:57:11Z,Black bear,1,white marking on chest,Z:/3. ACME Projects/1. Alberta/OSM/2022-2023/1. Imagery/LU13/LU13_8/Deployment 1/RCNX0381.JPG,LU13_8_20220928_075711_RCNX0381.JPG
LU13,LU13_8,-111.17169,57.14077,489609.6155952056,6333069.034034191,2022-09-28T07:57:12Z,Black bear,1,white marking on chest,Z:/3. ACME Projects/1. Alberta/OSM/2022-2023/1. Imagery/LU13/LU13_8/Deployment 1/RCNX0382.JPG,LU13_8_20220928_075712_RCNX0382.JPG
LU13,LU13_8,-111.17169,57.14077,489609.6155952056,6333069.034034191,2022-09-28T07:57:13Z,Black bear,1,white marking on chest,Z:/3. ACME Projects/1. Alberta/OSM/2022-2023/1. Imagery/LU13/LU13_8/Deployment 1/RCNX0383.JPG,LU13_8_20220928_075713_RCNX0383.JPG
LU13,LU13_8,-111.17169,57.14077,489609.6155952056,6333069.034034191,2022-09-28T07:57:14Z,Black bear,1,white marking on chest,Z:/3. ACME Projects/1. Alberta/OSM/2022-2023/1. Imagery/LU13/LU13_8/Deployment 1/RCNX0384.JPG,LU13_8_20220928_075714_RCNX0384.JPG
LU13,LU13_8,-111.17169,57.14077,489609.6155952056,6333069.034034191,2022-09-28T07:57:15Z,Black bear,1,white marking on chest,Z:/3. ACME Projects/1. Alberta/OSM/2022-2023/1. Imagery/LU13/LU13_8/Deployment 1/RCNX0385.JPG,LU13_8_20220928_075715_RCNX0385.JPG
LU13,LU13_8,-111.17169,57.14077,489609.6155952056,6333069.034034191,2022-09-28T07:57:16Z,Black bear,1,white marking on chest,Z:/3. ACME Projects/1. Alberta/OSM/2022-2023/1. Imagery/LU13/LU13_8/Deployment 1/RCNX0386.JPG,LU13_8_20220928_075716_RCNX0386.JPG
LU13,LU13_8,-111.17169,57.14077,489609.6155952056,6333069.034034191,2022-09-28T07:57:17Z,Black bear,1,white marking on chest,Z:/3. ACME Projects/1. Alberta/OSM/2022-2023/1. Imagery/LU13/LU13_8/Deployment 1/RCNX0387.JPG,LU13_8_20220928_075717_RCNX0387.JPG
LU13,LU13_8,-111.17169,57.14077,489609.6155952056,6333069.034034191,2022-09-28T07:57:18Z,Black bear,1,white marking on chest,Z:/3. ACME Projects/1. Alberta/OSM/2022-2023/1. Imagery/LU13/LU13_8/Deployment 1/RCNX0388.JPG,LU13_8_20220928_075718_RCNX0388.JPG
LU13,LU13_8,-111.17169,57.14077,489609.6155952056,6333069.034034191,2022-09-28T07:57:19Z,Black bear,1,white marking on chest,Z:/3. ACME Projects/1. Alberta/OSM/2022-2023/1. Imagery/LU13/LU13_8/Deployment 1/RCNX0389.JPG,LU13_8_20220928_075719_RCNX0389.JPG
LU13,LU13_13,-111.30007,57.07174,481806.50896256446,6325411.716689266,2023-05-31T06:17:22Z,Black bear,1,collar and ear tag,Z:/3. ACME Projects/1. Alberta/OSM/2022-2023/1. Imagery/LU13/LU13_13/Deployment 1/RCNX0752.JPG,LU13_13_20230531_061722_RCNX0752.JPG
LU13,LU13_13,-111.30007,57.07174,481806.50896256446,6325411.716689266,2023-05-31T06:17:23Z,Black bear,1,collar and ear tag,Z:/3. ACME Projects/1. Alberta/OSM/2022-2023/1. Imagery/LU13/LU13_13/Deployment 1/RCNX0753.JPG,LU13_13_20230531_061723_RCNX0753.JPG
LU13,LU13_13,-111.30007,57.07174,481806.50896256446,6325411.716689266,2023-05-31T06:17:24Z,Black bear,1,collar and ear tag,Z:/3. ACME Projects/1. Alberta/OSM/2022-2023/1. Imagery/LU13/LU13_13/Deployment 1/RCNX0754.JPG,LU13_13_20230531_061724_RCNX0754.JPG
LU13,LU13_13,-111.30007,57.07174,481806.50896256446,6325411.716689266,2023-05-31T06:17:31Z,Black bear,1,collar and ear tag,Z:/3. ACME Projects/1. Alberta/OSM/2022-2023/1. Imagery/LU13/LU13_13/Deployment 1/RCNX0755.JPG,LU13_13_20230531_061731_RCNX0755.JPG
LU13,LU13_13,-111.30007,57.07174,481806.50896256446,6325411.716689266,2023-05-31T06:17:32Z,Black bear,1,collar and ear tag,Z:/3. ACME Projects/1. Alberta/OSM/2022-2023/1. Imagery/LU13/LU13_13/Deployment 1/RCNX0756.JPG,LU13_13_20230531_061732_RCNX0756.JPG
LU13,LU13_13,-111.30007,57.07174,481806.50896256446,6325411.716689266,2023-05-31T06:17:37Z,Black bear,1,collar and ear tag,Z:/3. ACME Projects/1. Alberta/OSM/2022-2023/1. Imagery/LU13/LU13_13/Deployment 1/RCNX0757.JPG,LU13_13_20230531_061737_RCNX0757.JPG
LU13,LU13_13,-111.30007,57.07174,481806.50896256446,6325411.716689266,2023-05-31T06:17:41Z,Black bear,1,collar and ear tag,Z:/3. ACME Projects/1. Alberta/OSM/2022-2023/1. Imagery/LU13/LU13_13/Deployment 1/RCNX0758.JPG,LU13_13_20230531_061741_RCNX0758.JPG
LU13,LU13_13,-111.30007,57.07174,481806.50896256446,6325411.716689266,2023-05-31T06:17:42Z,Black bear,1,collar and ear tag,Z:/3. ACME Projects/1. Alberta/OSM/2022-2023/1. Imagery/LU13/LU13_13/Deployment 1/RCNX0759.JPG,LU13_13_20230531_061742_RCNX0759.JPG
LU13,LU13_13,-111.30007,57.07174,481806.50896256446,6325411.716689266,2023-05-31T06:17:44Z,Black bear,1,collar and ear tag,Z:/3. ACME Projects/1. Alberta/OSM/2022-2023/1. Imagery/LU13/LU13_13/Deployment 1/RCNX0760.JPG,LU13_13_20230531_061744_RCNX0760.JPG
LU13,LU13_13,-111.30007,57.07174,481806.50896256446,6325411.716689266,2023-05-31T06:17:45Z,Black bear,1,collar and ear tag,Z:/3. ACME Projects/1. Alberta/OSM/2022-2023/1. Imagery/LU13/LU13_13/Deployment 1/RCNX0761.JPG,LU13_13_20230531_061745_RCNX0761.JPG
LU13,LU13_13,-111.30007,57.07174,481806.50896256446,6325411.716689266,2023-05-31T06:17:46Z,Black bear,1,collar and ear tag,Z:/3. ACME Projects/1. Alberta/OSM/2022-2023/1. Imagery/LU13/LU13_13/Deployment 1/RCNX0762.JPG,LU13_13_20230531_061746_RCNX0762.JPG
LU13,LU13_13,-111.30007,57.07174,481806.50896256446,6325411.716689266,2023-05-31T06:17:48Z,Black bear,1,collar and ear tag,Z:/3. ACME Projects/1. Alberta/OSM/2022-2023/1. Imagery/LU13/LU13_13/Deployment 1/RCNX0763.JPG,LU13_13_20230531_061748_RCNX0763.JPG
LU13,LU13_13,-111.30007,57.07174,481806.50896256446,6325411.716689266,2023-05-31T06:17:50Z,Black bear,1,collar and ear tag,Z:/3. ACME Projects/1. Alberta/OSM/2022-2023/1. Imagery/LU13/LU13_13/Deployment 1/RCNX0764.JPG,LU13_13_20230531_061750_RCNX0764.JPG
LU13,LU13_13,-111.30007,57.07174,481806.50896256446,6325411.716689266,2023-05-31T06:17:51Z,Black bear,1,collar and ear tag,Z:/3. ACME Projects/1. Alberta/OSM/2022-2023/1. Imagery/LU13/LU13_13/Deployment 1/RCNX0765.JPG,LU13_13_20230531_061751_RCNX0765.JPG
LU13,LU13_13,-111.30007,57.07174,481806.50896256446,6325411.716689266,2023-05-31T06:17:52Z,Black bear,1,collar and ear tag,Z:/3. ACME Projects/1. Alberta/OSM/2022-2023/1. Imagery/LU13/LU13_13/Deployment 1/RCNX0766.JPG,LU13_13_20230531_061752_RCNX0766.JPG
LU13,LU13_13,-111.30007,57.07174,481806.50896256446,6325411.716689266,2023-05-31T06:17:53Z,Black bear,1,collar and ear tag,Z:/3. ACME Projects/1. Alberta/OSM/2022-2023/1. Imagery/LU13/LU13_13/Deployment 1/RCNX0767.JPG,LU13_13_20230531_061753_RCNX0767.JPG
LU13,LU13_13,-111.30007,57.07174,481806.50896256446,6325411.716689266,2023-05-31T06:17:54Z,Black bear,1,collar and ear tag,Z:/3. ACME Projects/1. Alberta/OSM/2022-2023/1. Imagery/LU13/LU13_13/Deployment 1/RCNX0768.JPG,LU13_13_20230531_061754_RCNX0768.JPG
LU13,LU13_13,-111.30007,57.07174,481806.50896256446,6325411.716689266,2023-05-31T06:17:54Z,Black bear,1,collar and ear tag,Z:/3. ACME Projects/1. Alberta/OSM/2022-2023/1. Imagery/LU13/LU13_13/Deployment 1/RCNX0769.JPG,LU13_13_20230531_061754_RCNX0769.JPG
LU13,LU13_13,-111.30007,57.07174,481806.50896256446,6325411.716689266,2023-05-31T06:17:55Z,Black bear,1,collar and ear tag,Z:/3. ACME Projects/1. Alberta/OSM/2022-2023/1. Imagery/LU13/LU13_13/Deployment 1/RCNX0770.JPG,LU13_13_20230531_061755_RCNX0770.JPG
LU13,LU13_13,-111.30007,57.07174,481806.50896256446,6325411.716689266,2023-05-31T06:17:57Z,Black bear,1,collar and ear tag,Z:/3. ACME Projects/1. Alberta/OSM/2022-2023/1. Imagery/LU13/LU13_13/Deployment 1/RCNX0771.JPG,LU13_13_20230531_061757_RCNX0771.JPG
LU13,LU13_13,-111.30007,57.07174,481806.50896256446,6325411.716689266,2023-05-31T06:17:57Z,Black bear,1,collar and ear tag,Z:/3. ACME Projects/1. Alberta/OSM/2022-2023/1. Imagery/LU13/LU13_13/Deployment 1/RCNX0772.JPG,LU13_13_20230531_061757_RCNX0772.JPG
LU13,LU13_13,-111.30007,57.07174,481806.50896256446,6325411.716689266,2023-05-31T06:17:58Z,Black bear,1,collar and ear tag,Z:/3. ACME Projects/1. Alberta/OSM/2022-2023/1. Imagery/LU13/LU13_13/Deployment 1/RCNX0773.JPG,LU13_13_20230531_061758_RCNX0773.JPG
LU13,LU13_13,-111.30007,57.07174,481806.50896256446,6325411.716689266,2023-05-31T06:18:03Z,Black bear,1,collar and ear tag,Z:/3. ACME Projects/1. Alberta/OSM/2022-2023/1. Imagery/LU13/LU13_13/Deployment 1/RCNX0774.JPG,LU13_13_20230531_061803_RCNX0774.JPG
LU13,LU13_13,-111.30007,57.07174,481806.50896256446,6325411.716689266,2023-05-31T06:18:04Z,Black bear,1,collar and ear tag,Z:/3. ACME Projects/1. Alberta/OSM/2022-2023/1. Imagery/LU13/LU13_13/Deployment 1/RCNX0775.JPG,LU13_13_20230531_061804_RCNX0775.JPG
LU13,LU13_13,-111.30007,57.07174,481806.50896256446,6325411.716689266,2023-05-31T06:18:05Z,Black bear,1,collar and ear tag,Z:/3. ACME Projects/1. Alberta/OSM/2022-2023/1. Imagery/LU13/LU13_13/Deployment 1/RCNX0776.JPG,LU13_13_20230531_061805_RCNX0776.JPG
LU13,LU13_13,-111.30007,57.07174,481806.50896256446,6325411.716689266,2023-05-31T06:18:07Z,Black bear,1,collar and ear tag,Z:/3. ACME Projects/1. Alberta/OSM/2022-2023/1. Imagery/LU13/LU13_13/Deployment 1/RCNX0777.JPG,LU13_13_20230531_061807_RCNX0777.JPG
LU13,LU13_13,-111.30007,57.07174,481806.50896256446,6325411.716689266,2023-05-31T06:18:08Z,Black bear,1,collar and ear tag,Z:/3. ACME Projects/1. Alberta/OSM/2022-2023/1. Imagery/LU13/LU13_13/Deployment 1/RCNX0778.JPG,LU13_13_20230531_061808_RCNX0778.JPG
LU13,LU13_13,-111.30007,57.07174,481806.50896256446,6325411.716689266,2023-05-31T06:18:19Z,Black bear,1,collar and ear tag,Z:/3. ACME Projects/1. Alberta/OSM/2022-2023/1. Imagery/LU13/LU13_13/Deployment 1/RCNX0779.JPG,LU13_13_20230531_061819_RCNX0779.JPG
LU13,LU13_13,-111.30007,57.07174,481806.50896256446,6325411.716689266,2023-05-31T06:18:20Z,Black bear,1,collar and ear tag,Z:/3. ACME Projects/1. Alberta/OSM/2022-2023/1. Imagery/LU13/LU13_13/Deployment 1/RCNX0780.JPG,LU13_13_20230531_061820_RCNX0780.JPG
LU13,LU13_13,-111.30007,57.07174,481806.50896256446,6325411.716689266,2023-05-31T06:18:21Z,Black bear,1,collar and ear tag,Z:/3. ACME Projects/1. Alberta/OSM/2022-2023/1. Imagery/LU13/LU13_13/Deployment 1/RCNX0781.JPG,LU13_13_20230531_061821_RCNX0781.JPG
LU13,LU13_13,-111.30007,57.07174,481806.50896256446,6325411.716689266,2023-05-31T06:18:22Z,Black bear,1,collar and ear tag,Z:/3. ACME Projects/1. Alberta/OSM/2022-2023/1. Imagery/LU13/LU13_13/Deployment 1/RCNX0782.JPG,LU13_13_20230531_061822_RCNX0782.JPG
LU13,LU13_13,-111.30007,57.07174,481806.50896256446,6325411.716689266,2023-05-31T06:18:23Z,Black bear,1,collar and ear tag,Z:/3. ACME Projects/1. Alberta/OSM/2022-2023/1. Imagery/LU13/LU13_13/Deployment 1/RCNX0783.JPG,LU13_13_20230531_061823_RCNX0783.JPG
LU13,LU13_13,-111.30007,57.07174,481806.50896256446,6325411.716689266,2023-05-31T06:18:24Z,Black bear,1,collar and ear tag,Z:/3. ACME Projects/1. Alberta/OSM/2022-2023/1. Imagery/LU13/LU13_13/Deployment 1/RCNX0784.JPG,LU13_13_20230531_061824_RCNX0784.JPG
LU13,LU13_13,-111.30007,57.07174,481806.50896256446,6325411.716689266,2023-05-31T06:18:25Z,Black bear,1,collar and ear tag,Z:/3. ACME Projects/1. Alberta/OSM/2022-2023/1. Imagery/LU13/LU13_13/Deployment 1/RCNX0785.JPG,LU13_13_20230531_061825_RCNX0785.JPG
LU13,LU13_13,-111.30007,57.07174,481806.50896256446,6325411.716689266,2023-05-31T06:18:26Z,Black bear,1,collar and ear tag,Z:/3. ACME Projects/1. Alberta/OSM/2022-2023/1. Imagery/LU13/LU13_13/Deployment 1/RCNX0786.JPG,LU13_13_20230531_061826_RCNX0786.JPG
LU13,LU13_13,-111.30007,57.07174,481806.50896256446,6325411.716689266,2023-05-31T06:18:29Z,Black bear,1,collar and ear tag,Z:/3. ACME Projects/1. Alberta/OSM/2022-2023/1. Imagery/LU13/LU13_13/Deployment 1/RCNX0787.JPG,LU13_13_20230531_061829_RCNX0787.JPG
LU13,LU13_13,-111.30007,57.07174,481806.50896256446,6325411.716689266,2023-05-31T06:18:33Z,Black bear,1,collar and ear tag,Z:/3. ACME Projects/1. Alberta/OSM/2022-2023/1. Imagery/LU13/LU13_13/Deployment 1/RCNX0788.JPG,LU13_13_20230531_061833_RCNX0788.JPG
LU13,LU13_13,-111.30007,57.07174,481806.50896256446,6325411.716689266,2023-05-31T06:18:44Z,Black bear,1,collar and ear tag,Z:/3. ACME Projects/1. Alberta/OSM/2022-2023/1. Imagery/LU13/LU13_13/Deployment 1/RCNX0789.JPG,LU13_13_20230531_061844_RCNX0789.JPG
LU13,LU13_13,-111.30007,57.07174,481806.50896256446,6325411.716689266,2023-05-31T06:18:45Z,Black bear,1,collar and ear tag,Z:/3. ACME Projects/1. Alberta/OSM/2022-2023/1. Imagery/LU13/LU13_13/Deployment 1/RCNX0790.JPG,LU13_13_20230531_061845_RCNX0790.JPG
LU13,LU13_13,-111.30007,57.07174,481806.50896256446,6325411.716689266,2023-05-31T06:18:46Z,Black bear,1,collar and ear tag,Z:/3. ACME Projects/1. Alberta/OSM/2022-2023/1. Imagery/LU13/LU13_13/Deployment 1/RCNX0791.JPG,LU13_13_20230531_061846_RCNX0791.JPG
LU13,LU13_13,-111.30007,57.07174,481806.50896256446,6325411.716689266,2023-05-31T06:18:48Z,Black bear,1,collar and ear tag,Z:/3. ACME Projects/1. Alberta/OSM/2022-2023/1. Imagery/LU13/LU13_13/Deployment 1/RCNX0792.JPG,LU13_13_20230531_061848_RCNX0792.JPG
LU13,LU13_13,-111.30007,57.07174,481806.50896256446,6325411.716689266,2023-05-31T06:18:49Z,Black bear,1,collar and ear tag,Z:/3. ACME Projects/1. Alberta/OSM/2022-2023/1. Imagery/LU13/LU13_13/Deployment 1/RCNX0793.JPG,LU13_13_20230531_061849_RCNX0793.JPG
LU13,LU13_13,-111.30007,57.07174,481806.50896256446,6325411.716689266,2023-05-31T06:18:50Z,Black bear,1,collar and ear tag,Z:/3. ACME Projects/1. Alberta/OSM/2022-2023/1. Imagery/LU13/LU13_13/Deployment 1/RCNX0794.JPG,LU13_13_20230531_061850_RCNX0794.JPG
LU13,LU13_13,-111.30007,57.07174,481806.50896256446,6325411.716689266,2023-05-31T06:18:51Z,Black bear,1,collar and ear tag,Z:/3. ACME Projects/1. Alberta/OSM/2022-2023/1. Imagery/LU13/LU13_13/Deployment 1/RCNX0795.JPG,LU13_13_20230531_061851_RCNX0795.JPG
LU13,LU13_13,-111.30007,57.07174,481806.50896256446,6325411.716689266,2023-05-31T06:18:52Z,Black bear,1,collar and ear tag,Z:/3. ACME Projects/1. Alberta/OSM/2022-2023/1. Imagery/LU13/LU13_13/Deployment 1/RCNX0796.JPG,LU13_13_20230531_061852_RCNX0796.JPG
LU13,LU13_13,-111.30007,57.07174,481806.50896256446,6325411.716689266,2023-05-31T06:18:53Z,Black bear,1,collar and ear tag,Z:/3. ACME Projects/1. Alberta/OSM/2022-2023/1. Imagery/LU13/LU13_13/Deployment 1/RCNX0797.JPG,LU13_13_20230531_061853_RCNX0797.JPG
LU13,LU13_13,-111.30007,57.07174,481806.50896256446,6325411.716689266,2023-05-31T06:18:54Z,Black bear,1,collar and ear tag,Z:/3. ACME Projects/1. Alberta/OSM/2022-2023/1. Imagery/LU13/LU13_13/Deployment 1/RCNX0798.JPG,LU13_13_20230531_061854_RCNX0798.JPG
LU13,LU13_13,-111.30007,57.07174,481806.50896256446,6325411.716689266,2023-05-31T06:18:55Z,Black bear,1,collar and ear tag,Z:/3. ACME Projects/1. Alberta/OSM/2022-2023/1. Imagery/LU13/LU13_13/Deployment 1/RCNX0799.JPG,LU13_13_20230531_061855_RCNX0799.JPG
LU13,LU13_13,-111.30007,57.07174,481806.50896256446,6325411.716689266,2023-05-31T06:18:56Z,Black bear,1,collar and ear tag,Z:/3. ACME Projects/1. Alberta/OSM/2022-2023/1. Imagery/LU13/LU13_13/Deployment 1/RCNX0800.JPG,LU13_13_20230531_061856_RCNX0800.JPG
LU13,LU13_13,-111.30007,57.07174,481806.50896256446,6325411.716689266,2023-05-31T06:18:57Z,Black bear,1,collar and ear tag,Z:/3. ACME Projects/1. Alberta/OSM/2022-2023/1. Imagery/LU13/LU13_13/Deployment 1/RCNX0801.JPG,LU13_13_20230531_061857_RCNX0801.JPG
LU13,LU13_13,-111.30007,57.07174,481806.50896256446,6325411.716689266,2023-05-31T06:18:58Z,Black bear,1,collar and ear tag,Z:/3. ACME Projects/1. Alberta/OSM/2022-2023/1. Imagery/LU13/LU13_13/Deployment 1/RCNX0802.JPG,LU13_13_20230531_061858_RCNX0802.JPG
LU13,LU13_13,-111.30007,57.07174,481806.50896256446,6325411.716689266,2023-05-31T06:18:59Z,Black bear,1,collar and ear tag,Z:/3. ACME Projects/1. Alberta/OSM/2022-2023/1. Imagery/LU13/LU13_13/Deployment 1/RCNX0803.JPG,LU13_13_20230531_061859_RCNX0803.JPG
LU13,LU13_13,-111.30007,57.07174,481806.50896256446,6325411.716689266,2023-05-31T06:19:00Z,Black bear,1,collar and ear tag,Z:/3. ACME Projects/1. Alberta/OSM/2022-2023/1. Imagery/LU13/LU13_13/Deployment 1/RCNX0804.JPG,LU13_13_20230531_061900_RCNX0804.JPG
LU13,LU13_13,-111.30007,57.07174,481806.50896256446,6325411.716689266,2023-05-31T06:19:01Z,Black bear,1,collar and ear tag,Z:/3. ACME Projects/1. Alberta/OSM/2022-2023/1. Imagery/LU13/LU13_13/Deployment 1/RCNX0805.JPG,LU13_13_20230531_061901_RCNX0805.JPG
LU13,LU13_13,-111.30007,57.07174,481806.50896256446,6325411.716689266,2023-05-31T06:19:02Z,Black bear,1,collar and ear tag,Z:/3. ACME Projects/1. Alberta/OSM/2022-2023/1. Imagery/LU13/LU13_13/Deployment 1/RCNX0806.JPG,LU13_13_20230531_061902_RCNX0806.JPG
LU13,LU13_13,-111.30007,57.07174,481806.50896256446,6325411.716689266,2023-05-31T06:19:09Z,Black bear,1,collar and ear tag,Z:/3. ACME Projects/1. Alberta/OSM/2022-2023/1. Imagery/LU13/LU13_13/Deployment 1/RCNX0807.JPG,LU13_13_20230531_061909_RCNX0807.JPG
LU13,LU13_13,-111.30007,57.07174,481806.50896256446,6325411.716689266,2023-05-31T06:19:10Z,Black bear,1,collar and ear tag,Z:/3. ACME Projects/1. Alberta/OSM/2022-2023/1. Imagery/LU13/LU13_13/Deployment 1/RCNX0808.JPG,LU13_13_20230531_061910_RCNX0808.JPG
LU13,LU13_13,-111.30007,57.07174,481806.50896256446,6325411.716689266,2023-05-31T06:19:11Z,Black bear,1,collar and ear tag,Z:/3. ACME Projects/1. Alberta/OSM/2022-2023/1. Imagery/LU13/LU13_13/Deployment 1/RCNX0809.JPG,LU13_13_20230531_061911_RCNX0809.JPG
LU13,LU13_13,-111.30007,57.07174,481806.50896256446,6325411.716689266,2023-05-31T06:19:12Z,Black bear,1,collar and ear tag,Z:/3. ACME Projects/1. Alberta/OSM/2022-2023/1. Imagery/LU13/LU13_13/Deployment 1/RCNX0810.JPG,LU13_13_20230531_061912_RCNX0810.JPG
LU13,LU13_17,-111.10896,57.16414,493410.0815294281,6335662.725005699,2023-04-25T20:36:07Z,Black bear,1,yellow ear tag,Z:/3. ACME Projects/1. Alberta/OSM/2022-2023/1. Imagery/LU13/LU13_17/Deployment 1/RCNX0581.JPG,LU13_17_20230425_203607_RCNX0581.JPG
LU13,LU13_17,-111.10896,57.16414,493410.0815294281,6335662.725005699,2023-04-25T20:36:09Z,Black bear,1,yellow ear tag,Z:/3. ACME Projects/1. Alberta/OSM/2022-2023/1. Imagery/LU13/LU13_17/Deployment 1/RCNX0582.JPG,LU13_17_20230425_203609_RCNX0582.JPG
LU13,LU13_17,-111.10896,57.16414,493410.0815294281,6335662.725005699,2023-04-25T20:36:10Z,Black bear,1,yellow ear tag,Z:/3. ACME Projects/1. Alberta/OSM/2022-2023/1. Imagery/LU13/LU13_17/Deployment 1/RCNX0583.JPG,LU13_17_20230425_203610_RCNX0583.JPG
LU13,LU13_17,-111.10896,57.16414,493410.0815294281,6335662.725005699,2023-04-25T20:36:12Z,Black bear,1,yellow ear tag,Z:/3. ACME Projects/1. Alberta/OSM/2022-2023/1. Imagery/LU13/LU13_17/Deployment 1/RCNX0584.JPG,LU13_17_20230425_203612_RCNX0584.JPG
LU13,LU13_17,-111.10896,57.16414,493410.0815294281,6335662.725005699,2023-04-25T20:36:12Z,Black bear,1,yellow ear tag,Z:/3. ACME Projects/1. Alberta/OSM/2022-2023/1. Imagery/LU13/LU13_17/Deployment 1/RCNX0585.JPG,LU13_17_20230425_203612_RCNX0585.JPG
LU13,LU13_17,-111.10896,57.16414,493410.0815294281,6335662.725005699,2023-04-25T20:36:13Z,Black bear,1,yellow ear tag,Z:/3. ACME Projects/1. Alberta/OSM/2022-2023/1. Imagery/LU13/LU13_17/Deployment 1/RCNX0586.JPG,LU13_17_20230425_203613_RCNX0586.JPG
LU13,LU13_17,-111.10896,57.16414,493410.0815294281,6335662.725005699,2023-04-25T20:36:14Z,Black bear,1,yellow ear tag,Z:/3. ACME Projects/1. Alberta/OSM/2022-2023/1. Imagery/LU13/LU13_17/Deployment 1/RCNX0587.JPG,LU13_17_20230425_203614_RCNX0587.JPG
LU13,LU13_17,-111.10896,57.16414,493410.0815294281,6335662.725005699,2023-04-25T20:36:15Z,Black bear,1,yellow ear tag,Z:/3. ACME Projects/1. Alberta/OSM/2022-2023/1. Imagery/LU13/LU13_17/Deployment 1/RCNX0588.JPG,LU13_17_20230425_203615_RCNX0588.JPG
LU13,LU13_17,-111.10896,57.16414,493410.0815294281,6335662.725005699,2023-04-25T20:36:16Z,Black bear,1,yellow ear tag,Z:/3. ACME Projects/1. Alberta/OSM/2022-2023/1. Imagery/LU13/LU13_17/Deployment 1/RCNX0589.JPG,LU13_17_20230425_203616_RCNX0589.JPG
LU13,LU13_17,-111.10896,57.16414,493410.0815294281,6335662.725005699,2023-04-25T20:36:17Z,Black bear,1,yellow ear tag,Z:/3. ACME Projects/1. Alberta/OSM/2022-2023/1. Imagery/LU13/LU13_17/Deployment 1/RCNX0590.JPG,LU13_17_20230425_203617_RCNX0590.JPG
LU13,LU13_17,-111.10896,57.16414,493410.0815294281,6335662.725005699,2023-04-25T20:36:21Z,Black bear,1,yellow ear tag,Z:/3. ACME Projects/1. Alberta/OSM/2022-2023/1. Imagery/LU13/LU13_17/Deployment 1/RCNX0591.JPG,LU13_17_20230425_203621_RCNX0591.JPG
LU13,LU13_17,-111.10896,57.16414,493410.0815294281,6335662.725005699,2023-04-25T20:36:23Z,Black bear,1,yellow ear tag,Z:/3. ACME Projects/1. Alberta/OSM/2022-2023/1. Imagery/LU13/LU13_17/Deployment 1/RCNX0592.JPG,LU13_17_20230425_203623_RCNX0592.JPG
LU13,LU13_17,-111.10896,57.16414,493410.0815294281,6335662.725005699,2023-04-25T20:36:24Z,Black bear,1,yellow ear tag,Z:/3. ACME Projects/1. Alberta/OSM/2022-2023/1. Imagery/LU13/LU13_17/Deployment 1/RCNX0593.JPG,LU13_17_20230425_203624_RCNX0593.JPG
LU13,LU13_17,-111.10896,57.16414,493410.0815294281,6335662.725005699,2023-04-25T20:36:25Z,Black bear,1,yellow ear tag,Z:/3. ACME Projects/1. Alberta/OSM/2022-2023/1. Imagery/LU13/LU13_17/Deployment 1/RCNX0594.JPG,LU13_17_20230425_203625_RCNX0594.JPG
LU13,LU13_17,-111.10896,57.16414,493410.0815294281,6335662.725005699,2023-04-25T20:36:27Z,Black bear,1,yellow ear tag,Z:/3. ACME Projects/1. Alberta/OSM/2022-2023/1. Imagery/LU13/LU13_17/Deployment 1/RCNX0595.JPG,LU13_17_20230425_203627_RCNX0595.JPG
LU13,LU13_17,-111.10896,57.16414,493410.0815294281,6335662.725005699,2023-04-25T20:36:28Z,Black bear,1,yellow ear tag,Z:/3. ACME Projects/1. Alberta/OSM/2022-2023/1. Imagery/LU13/LU13_17/Deployment 1/RCNX0596.JPG,LU13_17_20230425_203628_RCNX0596.JPG
LU13,LU13_17,-111.10896,57.16414,493410.0815294281,6335662.725005699,2023-04-25T20:36:30Z,Black bear,1,yellow ear tag,Z:/3. ACME Projects/1. Alberta/OSM/2022-2023/1. Imagery/LU13/LU13_17/Deployment 1/RCNX0597.JPG,LU13_17_20230425_203630_RCNX0597.JPG
LU13,LU13_17,-111.10896,57.16414,493410.0815294281,6335662.725005699,2023-04-25T20:36:31Z,Black bear,1,yellow ear tag,Z:/3. ACME Projects/1. Alberta/OSM/2022-2023/1. Imagery/LU13/LU13_17/Deployment 1/RCNX0598.JPG,LU13_17_20230425_203631_RCNX0598.JPG
LU13,LU13_17,-111.10896,57.16414,493410.0815294281,6335662.725005699,2023-04-25T20:36:33Z,Black bear,1,yellow ear tag,Z:/3. ACME Projects/1. Alberta/OSM/2022-2023/1. Imagery/LU13/LU13_17/Deployment 1/RCNX0599.JPG,LU13_17_20230425_203633_RCNX0599.JPG
LU13,LU13_17,-111.10896,57.16414,493410.0815294281,6335662.725005699,2023-04-25T20:36:34Z,Black bear,1,yellow ear tag,Z:/3. ACME Projects/1. Alberta/OSM/2022-2023/1. Imagery/LU13/LU13_17/Deployment 1/RCNX0600.JPG,LU13_17_20230425_203634_RCNX0600.JPG
LU13,LU13_17,-111.10896,57.16414,493410.0815294281,6335662.725005699,2023-04-25T20:36:35Z,Black bear,1,yellow ear tag,Z:/3. ACME Projects/1. Alberta/OSM/2022-2023/1. Imagery/LU13/LU13_17/Deployment 1/RCNX0601.JPG,LU13_17_20230425_203635_RCNX0601.JPG
LU13,LU13_17,-111.10896,57.16414,493410.0815294281,6335662.725005699,2023-04-25T20:36:39Z,Black bear,1,yellow ear tag,Z:/3. ACME Projects/1. Alberta/OSM/2022-2023/1. Imagery/LU13/LU13_17/Deployment 1/RCNX0602.JPG,LU13_17_20230425_203639_RCNX0602.JPG
LU13,LU13_17,-111.10896,57.16414,493410.0815294281,6335662.725005699,2023-04-25T20:36:41Z,Black bear,1,yellow ear tag,Z:/3. ACME Projects/1. Alberta/OSM/2022-2023/1. Imagery/LU13/LU13_17/Deployment 1/RCNX0603.JPG,LU13_17_20230425_203641_RCNX0603.JPG
LU13,LU13_17,-111.10896,57.16414,493410.0815294281,6335662.725005699,2023-04-25T20:36:42Z,Black bear,1,yellow ear tag,Z:/3. ACME Projects/1. Alberta/OSM/2022-2023/1. Imagery/LU13/LU13_17/Deployment 1/RCNX0604.JPG,LU13_17_20230425_203642_RCNX0604.JPG
LU13,LU13_17,-111.10896,57.16414,493410.0815294281,6335662.725005699,2023-04-25T20:36:43Z,Black bear,1,yellow ear tag,Z:/3. ACME Projects/1. Alberta/OSM/2022-2023/1. Imagery/LU13/LU13_17/Deployment 1/RCNX0605.JPG,LU13_17_20230425_203643_RCNX0605.JPG
LU13,LU13_17,-111.10896,57.16414,493410.0815294281,6335662.725005699,2023-04-25T20:36:44Z,Black bear,1,yellow ear tag,Z:/3. ACME Projects/1. Alberta/OSM/2022-2023/1. Imagery/LU13/LU13_17/Deployment 1/RCNX0606.JPG,LU13_17_20230425_203644_RCNX0606.JPG
LU13,LU13_17,-111.10896,57.16414,493410.0815294281,6335662.725005699,2023-04-25T20:36:45Z,Black bear,1,yellow ear tag,Z:/3. ACME Projects/1. Alberta/OSM/2022-2023/1. Imagery/LU13/LU13_17/Deployment 1/RCNX0607.JPG,LU13_17_20230425_203645_RCNX0607.JPG
LU13,LU13_17,-111.10896,57.16414,493410.0815294281,6335662.725005699,2023-04-25T20:36:46Z,Black bear,1,yellow ear tag,Z:/3. ACME Projects/1. Alberta/OSM/2022-2023/1. Imagery/LU13/LU13_17/Deployment 1/RCNX0608.JPG,LU13_17_20230425_203646_RCNX0608.JPG
LU13,LU13_17,-111.10896,57.16414,493410.0815294281,6335662.725005699,2023-04-25T20:36:48Z,Black bear,1,yellow ear tag,Z:/3. ACME Projects/1. Alberta/OSM/2022-2023/1. Imagery/LU13/LU13_17/Deployment 1/RCNX0609.JPG,LU13_17_20230425_203648_RCNX0609.JPG
LU13,LU13_17,-111.10896,57.16414,493410.0815294281,6335662.725005699,2023-04-25T20:36:49Z,Black bear,1,yellow ear tag,Z:/3. ACME Projects/1. Alberta/OSM/2022-2023/1. Imagery/LU13/LU13_17/Deployment 1/RCNX0610.JPG,LU13_17_20230425_203649_RCNX0610.JPG
LU13,LU13_17,-111.10896,57.16414,493410.0815294281,6335662.725005699,2023-04-25T20:36:49Z,Black bear,1,yellow ear tag,Z:/3. ACME Projects/1. Alberta/OSM/2022-2023/1. Imagery/LU13/LU13_17/Deployment 1/RCNX0611.JPG,LU13_17_20230425_203649_RCNX0611.JPG
LU13,LU13_17,-111.10896,57.16414,493410.0815294281,6335662.725005699,2023-04-25T20:36:51Z,Black bear,1,yellow ear tag,Z:/3. ACME Projects/1. Alberta/OSM/2022-2023/1. Imagery/LU13/LU13_17/Deployment 1/RCNX0612.JPG,LU13_17_20230425_203651_RCNX0612.JPG
LU13,LU13_17,-111.10896,57.16414,493410.0815294281,6335662.725005699,2023-04-25T20:36:52Z,Black bear,1,yellow ear tag,Z:/3. ACME Projects/1. Alberta/OSM/2022-2023/1. Imagery/LU13/LU13_17/Deployment 1/RCNX0613.JPG,LU13_17_20230425_203652_RCNX0613.JPG
LU13,LU13_17,-111.10896,57.16414,493410.0815294281,6335662.725005699,2023-04-25T20:36:53Z,Black bear,1,yellow ear tag,Z:/3. ACME Projects/1. Alberta/OSM/2022-2023/1. Imagery/LU13/LU13_17/Deployment 1/RCNX0614.JPG,LU13_17_20230425_203653_RCNX0614.JPG
LU13,LU13_22,-111.12086,57.17485,492692.4812117806,6336856.156385674,2023-05-03T07:57:36Z,Black bear,1,yellow ear tag,Z:/3. ACME Projects/1. Alberta/OSM/2022-2023/1. Imagery/LU13/LU13_22/Deployment 1/RCNX0681.JPG,LU13_22_20230503_075736_RCNX0681.JPG
LU13,LU13_22,-111.12086,57.17485,492692.4812117806,6336856.156385674,2023-05-03T07:58:01Z,Black bear,2,yellow ear tag,Z:/3. ACME Projects/1. Alberta/OSM/2022-2023/1. Imagery/LU13/LU13_22/Deployment 1/RCNX0682.JPG,LU13_22_20230503_075801_RCNX0682.JPG
LU13,LU13_22,-111.12086,57.17485,492692.4812117806,6336856.156385674,2023-05-03T07:58:02Z,Black bear,2,yellow ear tag,Z:/3. ACME Projects/1. Alberta/OSM/2022-2023/1. Imagery/LU13/LU13_22/Deployment 1/RCNX0683.JPG,LU13_22_20230503_075802_RCNX0683.JPG
LU13,LU13_22,-111.12086,57.17485,492692.4812117806,6336856.156385674,2023-05-03T07:58:03Z,Black bear,2,yellow ear tag,Z:/3. ACME Projects/1. Alberta/OSM/2022-2023/1. Imagery/LU13/LU13_22/Deployment 1/RCNX0684.JPG,LU13_22_20230503_075803_RCNX0684.JPG
LU13,LU13_22,-111.12086,57.17485,492692.4812117806,6336856.156385674,2023-05-03T07:58:04Z,Black bear,2,yellow ear tag,Z:/3. ACME Projects/1. Alberta/OSM/2022-2023/1. Imagery/LU13/LU13_22/Deployment 1/RCNX0685.JPG,LU13_22_20230503_075804_RCNX0685.JPG
LU13,LU13_22,-111.12086,57.17485,492692.4812117806,6336856.156385674,2023-05-03T07:58:08Z,Black bear,2,yellow ear tag,Z:/3. ACME Projects/1. Alberta/OSM/2022-2023/1. Imagery/LU13/LU13_22/Deployment 1/RCNX0686.JPG,LU13_22_20230503_075808_RCNX0686.JPG
LU13,LU13_22,-111.12086,57.17485,492692.4812117806,6336856.156385674,2023-05-03T07:58:09Z,Black bear,2,yellow ear tag,Z:/3. ACME Projects/1. Alberta/OSM/2022-2023/1. Imagery/LU13/LU13_22/Deployment 1/RCNX0687.JPG,LU13_22_20230503_075809_RCNX0687.JPG
LU13,LU13_22,-111.12086,57.17485,492692.4812117806,6336856.156385674,2023-05-03T07:58:16Z,Black bear,2,yellow ear tag,Z:/3. ACME Projects/1. Alberta/OSM/2022-2023/1. Imagery/LU13/LU13_22/Deployment 1/RCNX0688.JPG,LU13_22_20230503_075816_RCNX0688.JPG
LU13,LU13_22,-111.12086,57.17485,492692.4812117806,6336856.156385674,2023-05-03T07:58:18Z,Black bear,2,yellow ear tag,Z:/3. ACME Projects/1. Alberta/OSM/2022-2023/1. Imagery/LU13/LU13_22/Deployment 1/RCNX0689.JPG,LU13_22_20230503_075818_RCNX0689.JPG
LU13,LU13_22,-111.12086,57.17485,492692.4812117806,6336856.156385674,2023-05-03T07:58:19Z,Black bear,2,yellow ear tag,Z:/3. ACME Projects/1. Alberta/OSM/2022-2023/1. Imagery/LU13/LU13_22/Deployment 1/RCNX0690.JPG,LU13_22_20230503_075819_RCNX0690.JPG
LU13,LU13_22,-111.12086,57.17485,492692.4812117806,6336856.156385674,2023-05-03T07:58:20Z,Black bear,2,yellow ear tag,Z:/3. ACME Projects/1. Alberta/OSM/2022-2023/1. Imagery/LU13/LU13_22/Deployment 1/RCNX0691.JPG,LU13_22_20230503_075820_RCNX0691.JPG
LU13,LU13_22,-111.12086,57.17485,492692.4812117806,6336856.156385674,2023-05-03T07:58:21Z,Black bear,2,yellow ear tag,Z:/3. ACME Projects/1. Alberta/OSM/2022-2023/1. Imagery/LU13/LU13_22/Deployment 1/RCNX0692.JPG,LU13_22_20230503_075821_RCNX0692.JPG
LU13,LU13_22,-111.12086,57.17485,492692.4812117806,6336856.156385674,2023-05-03T07:58:22Z,Black bear,2,yellow ear tag,Z:/3. ACME Projects/1. Alberta/OSM/2022-2023/1. Imagery/LU13/LU13_22/Deployment 1/RCNX0693.JPG,LU13_22_20230503_075822_RCNX0693.JPG
LU13,LU13_22,-111.12086,57.17485,492692.4812117806,6336856.156385674,2023-05-03T07:58:23Z,Black bear,2,yellow ear tag,Z:/3. ACME Projects/1. Alberta/OSM/2022-2023/1. Imagery/LU13/LU13_22/Deployment 1/RCNX0694.JPG,LU13_22_20230503_075823_RCNX0694.JPG
LU13,LU13_22,-111.12086,57.17485,492692.4812117806,6336856.156385674,2023-05-03T07:58:25Z,Black bear,2,yellow ear tag,Z:/3. ACME Projects/1. Alberta/OSM/2022-2023/1. Imagery/LU13/LU13_22/Deployment 1/RCNX0695.JPG,LU13_22_20230503_075825_RCNX0695.JPG
LU13,LU13_22,-111.12086,57.17485,492692.4812117806,6336856.156385674,2023-05-03T07:58:27Z,Black bear,2,yellow ear tag,Z:/3. ACME Projects/1. Alberta/OSM/2022-2023/1. Imagery/LU13/LU13_22/Deployment 1/RCNX0696.JPG,LU13_22_20230503_075827_RCNX0696.JPG
LU13,LU13_22,-111.12086,57.17485,492692.4812117806,6336856.156385674,2023-05-03T07:58:28Z,Black bear,2,yellow ear tag,Z:/3. ACME Projects/1. Alberta/OSM/2022-2023/1. Imagery/LU13/LU13_22/Deployment 1/RCNX0697.JPG,LU13_22_20230503_075828_RCNX0697.JPG
LU13,LU13_22,-111.12086,57.17485,492692.4812117806,6336856.156385674,2023-05-03T07:58:29Z,Black bear,2,yellow ear tag,Z:/3. ACME Projects/1. Alberta/OSM/2022-2023/1. Imagery/LU13/LU13_22/Deployment 1/RCNX0698.JPG,LU13_22_20230503_075829_RCNX0698.JPG
LU13,LU13_22,-111.12086,57.17485,492692.4812117806,6336856.156385674,2023-05-03T07:58:30Z,Black bear,2,yellow ear tag,Z:/3. ACME Projects/1. Alberta/OSM/2022-2023/1. Imagery/LU13/LU13_22/Deployment 1/RCNX0699.JPG,LU13_22_20230503_075830_RCNX0699.JPG
LU13,LU13_22,-111.12086,57.17485,492692.4812117806,6336856.156385674,2023-05-03T07:58:31Z,Black bear,2,yellow ear tag,Z:/3. ACME Projects/1. Alberta/OSM/2022-2023/1. Imagery/LU13/LU13_22/Deployment 1/RCNX0700.JPG,LU13_22_20230503_075831_RCNX0700.JPG
LU13,LU13_22,-111.12086,57.17485,492692.4812117806,6336856.156385674,2023-05-03T07:58:32Z,Black bear,2,yellow ear tag,Z:/3. ACME Projects/1. Alberta/OSM/2022-2023/1. Imagery/LU13/LU13_22/Deployment 1/RCNX0701.JPG,LU13_22_20230503_075832_RCNX0701.JPG
LU13,LU13_22,-111.12086,57.17485,492692.4812117806,6336856.156385674,2023-05-03T07:58:33Z,Black bear,2,yellow ear tag,Z:/3. ACME Projects/1. Alberta/OSM/2022-2023/1. Imagery/LU13/LU13_22/Deployment 1/RCNX0702.JPG,LU13_22_20230503_075833_RCNX0702.JPG
LU13,LU13_22,-111.12086,57.17485,492692.4812117806,6336856.156385674,2023-05-03T07:58:34Z,Black bear,2,yellow ear tag,Z:/3. ACME Projects/1. Alberta/OSM/2022-2023/1. Imagery/LU13/LU13_22/Deployment 1/RCNX0703.JPG,LU13_22_20230503_075834_RCNX0703.JPG
LU13,LU13_22,-111.12086,57.17485,492692.4812117806,6336856.156385674,2023-05-03T07:58:35Z,Black bear,2,yellow ear tag,Z:/3. ACME Projects/1. Alberta/OSM/2022-2023/1. Imagery/LU13/LU13_22/Deployment 1/RCNX0704.JPG,LU13_22_20230503_075835_RCNX0704.JPG
LU13,LU13_22,-111.12086,57.17485,492692.4812117806,6336856.156385674,2023-05-03T07:58:37Z,Black bear,2,yellow ear tag,Z:/3. ACME Projects/1. Alberta/OSM/2022-2023/1. Imagery/LU13/LU13_22/Deployment 1/RCNX0705.JPG,LU13_22_20230503_075837_RCNX0705.JPG
LU13,LU13_22,-111.12086,57.17485,492692.4812117806,6336856.156385674,2023-05-03T07:58:38Z,Black bear,2,yellow ear tag,Z:/3. ACME Projects/1. Alberta/OSM/2022-2023/1. Imagery/LU13/LU13_22/Deployment 1/RCNX0706.JPG,LU13_22_20230503_075838_RCNX0706.JPG
LU13,LU13_22,-111.12086,57.17485,492692.4812117806,6336856.156385674,2023-05-03T07:58:39Z,Black bear,2,yellow ear tag,Z:/3. ACME Projects/1. Alberta/OSM/2022-2023/1. Imagery/LU13/LU13_22/Deployment 1/RCNX0707.JPG,LU13_22_20230503_075839_RCNX0707.JPG
LU13,LU13_22,-111.12086,57.17485,492692.4812117806,6336856.156385674,2023-05-03T07:58:41Z,Black bear,2,yellow ear tag,Z:/3. ACME Projects/1. Alberta/OSM/2022-2023/1. Imagery/LU13/LU13_22/Deployment 1/RCNX0708.JPG,LU13_22_20230503_075841_RCNX0708.JPG
LU13,LU13_22,-111.12086,57.17485,492692.4812117806,6336856.156385674,2023-05-03T07:58:44Z,Black bear,2,yellow ear tag,Z:/3. ACME Projects/1. Alberta/OSM/2022-2023/1. Imagery/LU13/LU13_22/Deployment 1/RCNX0709.JPG,LU13_22_20230503_075844_RCNX0709.JPG
LU13,LU13_22,-111.12086,57.17485,492692.4812117806,6336856.156385674,2023-05-03T07:58:46Z,Black bear,2,yellow ear tag,Z:/3. ACME Projects/1. Alberta/OSM/2022-2023/1. Imagery/LU13/LU13_22/Deployment 1/RCNX0710.JPG,LU13_22_20230503_075846_RCNX0710.JPG
LU13,LU13_22,-111.12086,57.17485,492692.4812117806,6336856.156385674,2023-05-03T07:58:47Z,Black bear,2,yellow ear tag,Z:/3. ACME Projects/1. Alberta/OSM/2022-2023/1. Imagery/LU13/LU13_22/Deployment 1/RCNX0711.JPG,LU13_22_20230503_075847_RCNX0711.JPG
LU13,LU13_22,-111.12086,57.17485,492692.4812117806,6336856.156385674,2023-05-03T07:58:48Z,Black bear,2,yellow ear tag,Z:/3. ACME Projects/1. Alberta/OSM/2022-2023/1. Imagery/LU13/LU13_22/Deployment 1/RCNX0712.JPG,LU13_22_20230503_075848_RCNX0712.JPG
LU13,LU13_22,-111.12086,57.17485,492692.4812117806,6336856.156385674,2023-05-03T07:58:49Z,Black bear,2,yellow ear tag,Z:/3. ACME Projects/1. Alberta/OSM/2022-2023/1. Imagery/LU13/LU13_22/Deployment 1/RCNX0713.JPG,LU13_22_20230503_075849_RCNX0713.JPG
LU13,LU13_22,-111.12086,57.17485,492692.4812117806,6336856.156385674,2023-05-03T07:58:51Z,Black bear,2,yellow ear tag,Z:/3. ACME Projects/1. Alberta/OSM/2022-2023/1. Imagery/LU13/LU13_22/Deployment 1/RCNX0714.JPG,LU13_22_20230503_075851_RCNX0714.JPG
LU13,LU13_22,-111.12086,57.17485,492692.4812117806,6336856.156385674,2023-05-03T07:58:55Z,Black bear,2,yellow ear tag,Z:/3. ACME Projects/1. Alberta/OSM/2022-2023/1. Imagery/LU13/LU13_22/Deployment 1/RCNX0715.JPG,LU13_22_20230503_075855_RCNX0715.JPG
LU13,LU13_22,-111.12086,57.17485,492692.4812117806,6336856.156385674,2023-05-03T07:58:57Z,Black bear,2,yellow ear tag,Z:/3. ACME Projects/1. Alberta/OSM/2022-2023/1. Imagery/LU13/LU13_22/Deployment 1/RCNX0716.JPG,LU13_22_20230503_075857_RCNX0716.JPG
LU13,LU13_22,-111.12086,57.17485,492692.4812117806,6336856.156385674,2023-05-03T07:58:58Z,Black bear,2,yellow ear tag,Z:/3. ACME Projects/1. Alberta/OSM/2022-2023/1. Imagery/LU13/LU13_22/Deployment 1/RCNX0717.JPG,LU13_22_20230503_075858_RCNX0717.JPG
LU13,LU13_22,-111.12086,57.17485,492692.4812117806,6336856.156385674,2023-05-03T07:58:59Z,Black bear,2,yellow ear tag,Z:/3. ACME Projects/1. Alberta/OSM/2022-2023/1. Imagery/LU13/LU13_22/Deployment 1/RCNX0718.JPG,LU13_22_20230503_075859_RCNX0718.JPG
LU13,LU13_22,-111.12086,57.17485,492692.4812117806,6336856.156385674,2023-05-03T07:59:00Z,Black bear,2,yellow ear tag,Z:/3. ACME Projects/1. Alberta/OSM/2022-2023/1. Imagery/LU13/LU13_22/Deployment 1/RCNX0719.JPG,LU13_22_20230503_075900_RCNX0719.JPG
LU13,LU13_22,-111.12086,57.17485,492692.4812117806,6336856.156385674,2023-05-03T07:59:00Z,Black bear,2,yellow ear tag,Z:/3. ACME Projects/1. Alberta/OSM/2022-2023/1. Imagery/LU13/LU13_22/Deployment 1/RCNX0720.JPG,LU13_22_20230503_075900_RCNX0720.JPG
LU13,LU13_22,-111.12086,57.17485,492692.4812117806,6336856.156385674,2023-05-03T07:59:01Z,Black bear,2,yellow ear tag,Z:/3. ACME Projects/1. Alberta/OSM/2022-2023/1. Imagery/LU13/LU13_22/Deployment 1/RCNX0721.JPG,LU13_22_20230503_075901_RCNX0721.JPG
LU13,LU13_22,-111.12086,57.17485,492692.4812117806,6336856.156385674,2023-05-03T07:59:03Z,Black bear,2,yellow ear tag,Z:/3. ACME Projects/1. Alberta/OSM/2022-2023/1. Imagery/LU13/LU13_22/Deployment 1/RCNX0722.JPG,LU13_22_20230503_075903_RCNX0722.JPG
LU13,LU13_22,-111.12086,57.17485,492692.4812117806,6336856.156385674,2023-05-03T07:59:04Z,Black bear,2,yellow ear tag,Z:/3. ACME Projects/1. Alberta/OSM/2022-2023/1. Imagery/LU13/LU13_22/Deployment 1/RCNX0723.JPG,LU13_22_20230503_075904_RCNX0723.JPG
LU13,LU13_22,-111.12086,57.17485,492692.4812117806,6336856.156385674,2023-05-03T07:59:05Z,Black bear,2,yellow ear tag,Z:/3. ACME Projects/1. Alberta/OSM/2022-2023/1. Imagery/LU13/LU13_22/Deployment 1/RCNX0724.JPG,LU13_22_20230503_075905_RCNX0724.JPG
LU13,LU13_22,-111.12086,57.17485,492692.4812117806,6336856.156385674,2023-05-03T07:59:06Z,Black bear,2,yellow ear tag,Z:/3. ACME Projects/1. Alberta/OSM/2022-2023/1. Imagery/LU13/LU13_22/Deployment 1/RCNX0725.JPG,LU13_22_20230503_075906_RCNX0725.JPG
LU13,LU13_30,-111.36054,57.04375,478123.7272529245,6322313.737581318,2022-09-23T11:53:28Z,Black bear,1,yellow collar,Z:/3. ACME Projects/1. Alberta/OSM/2022-2023/1. Imagery/LU13/LU13_30/Deployment 1/RCNX0069.JPG,LU13_30_20220923_115328_RCNX0069.JPG
LU13,LU13_30,-111.36054,57.04375,478123.7272529245,6322313.737581318,2022-09-23T11:53:30Z,Black bear,1,yellow collar,Z:/3. ACME Projects/1. Alberta/OSM/2022-2023/1. Imagery/LU13/LU13_30/Deployment 1/RCNX0070.JPG,LU13_30_20220923_115330_RCNX0070.JPG
LU13,LU13_30,-111.36054,57.04375,478123.7272529245,6322313.737581318,2022-09-23T11:53:30Z,Black bear,1,yellow collar,Z:/3. ACME Projects/1. Alberta/OSM/2022-2023/1. Imagery/LU13/LU13_30/Deployment 1/RCNX0071.JPG,LU13_30_20220923_115330_RCNX0071.JPG
LU13,LU13_30,-111.36054,57.04375,478123.7272529245,6322313.737581318,2022-09-23T11:53:31Z,Black bear,1,yellow collar,Z:/3. ACME Projects/1. Alberta/OSM/2022-2023/1. Imagery/LU13/LU13_30/Deployment 1/RCNX0072.JPG,LU13_30_20220923_115331_RCNX0072.JPG
LU13,LU13_30,-111.36054,57.04375,478123.7272529245,6322313.737581318,2022-09-23T11:53:32Z,Black bear,1,yellow collar,Z:/3. ACME Projects/1. Alberta/OSM/2022-2023/1. Imagery/LU13/LU13_30/Deployment 1/RCNX0073.JPG,LU13_30_20220923_115332_RCNX0073.JPG
LU13,LU13_30,-111.36054,57.04375,478123.7272529245,6322313.737581318,2022-09-23T11:53:33Z,Black bear,1,yellow collar,Z:/3. ACME Projects/1. Alberta/OSM/2022-2023/1. Imagery/LU13/LU13_30/Deployment 1/RCNX0074.JPG,LU13_30_20220923_115333_RCNX0074.JPG
LU13,LU13_30,-111.36054,57.04375,478123.7272529245,6322313.737581318,2022-09-23T11:53:34Z,Black bear,1,yellow collar,Z:/3. ACME Projects/1. Alberta/OSM/2022-2023/1. Imagery/LU13/LU13_30/Deployment 1/RCNX0075.JPG,LU13_30_20220923_115334_RCNX0075.JPG
LU13,LU13_30,-111.36054,57.04375,478123.7272529245,6322313.737581318,2022-09-23T11:53:36Z,Black bear,1,yellow collar,Z:/3. ACME Projects/1. Alberta/OSM/2022-2023/1. Imagery/LU13/LU13_30/Deployment 1/RCNX0076.JPG,LU13_30_20220923_115336_RCNX0076.JPG
LU13,LU13_30,-111.36054,57.04375,478123.7272529245,6322313.737581318,2022-09-23T11:53:38Z,Black bear,1,yellow collar,Z:/3. ACME Projects/1. Alberta/OSM/2022-2023/1. Imagery/LU13/LU13_30/Deployment 1/RCNX0077.JPG,LU13_30_20220923_115338_RCNX0077.JPG
LU13,LU13_30,-111.36054,57.04375,478123.7272529245,6322313.737581318,2022-09-23T11:53:40Z,Black bear,1,yellow collar,Z:/3. ACME Projects/1. Alberta/OSM/2022-2023/1. Imagery/LU13/LU13_30/Deployment 1/RCNX0078.JPG,LU13_30_20220923_115340_RCNX0078.JPG
LU13,LU13_30,-111.36054,57.04375,478123.7272529245,6322313.737581318,2022-09-23T11:53:43Z,Black bear,1,yellow collar,Z:/3. ACME Projects/1. Alberta/OSM/2022-2023/1. Imagery/LU13/LU13_30/Deployment 1/RCNX0079.JPG,LU13_30_20220923_115343_RCNX0079.JPG
LU13,LU13_30,-111.36054,57.04375,478123.7272529245,6322313.737581318,2022-09-23T11:53:44Z,Black bear,1,yellow collar,Z:/3. ACME Projects/1. Alberta/OSM/2022-2023/1. Imagery/LU13/LU13_30/Deployment 1/RCNX0080.JPG,LU13_30_20220923_115344_RCNX0080.JPG
LU13,LU13_30,-111.36054,57.04375,478123.7272529245,6322313.737581318,2022-09-23T11:53:45Z,Black bear,1,yellow collar,Z:/3. ACME Projects/1. Alberta/OSM/2022-2023/1. Imagery/LU13/LU13_30/Deployment 1/RCNX0081.JPG,LU13_30_20220923_115345_RCNX0081.JPG
LU13,LU13_30,-111.36054,57.04375,478123.7272529245,6322313.737581318,2022-09-23T11:53:49Z,Black bear,1,yellow collar,Z:/3. ACME Projects/1. Alberta/OSM/2022-2023/1. Imagery/LU13/LU13_30/Deployment 1/RCNX0082.JPG,LU13_30_20220923_115349_RCNX0082.JPG
LU13,LU13_30,-111.36054,57.04375,478123.7272529245,6322313.737581318,2022-09-23T11:53:50Z,Black bear,1,yellow collar,Z:/3. ACME Projects/1. Alberta/OSM/2022-2023/1. Imagery/LU13/LU13_30/Deployment 1/RCNX0083.JPG,LU13_30_20220923_115350_RCNX0083.JPG
LU13,LU13_30,-111.36054,57.04375,478123.7272529245,6322313.737581318,2022-09-23T11:53:51Z,Black bear,1,yellow collar,Z:/3. ACME Projects/1. Alberta/OSM/2022-2023/1. Imagery/LU13/LU13_30/Deployment 1/RCNX0084.JPG,LU13_30_20220923_115351_RCNX0084.JPG
LU13,LU13_30,-111.36054,57.04375,478123.7272529245,6322313.737581318,2022-09-23T11:53:52Z,Black bear,1,yellow collar,Z:/3. ACME Projects/1. Alberta/OSM/2022-2023/1. Imagery/LU13/LU13_30/Deployment 1/RCNX0085.JPG,LU13_30_20220923_115352_RCNX0085.JPG
LU13,LU13_30,-111.36054,57.04375,478123.7272529245,6322313.737581318,2022-09-23T11:53:53Z,Black bear,1,yellow collar,Z:/3. ACME Projects/1. Alberta/OSM/2022-2023/1. Imagery/LU13/LU13_30/Deployment 1/RCNX0086.JPG,LU13_30_20220923_115353_RCNX0086.JPG
LU13,LU13_30,-111.36054,57.04375,478123.7272529245,6322313.737581318,2022-09-23T11:53:54Z,Black bear,1,yellow collar,Z:/3. ACME Projects/1. Alberta/OSM/2022-2023/1. Imagery/LU13/LU13_30/Deployment 1/RCNX0087.JPG,LU13_30_20220923_115354_RCNX0087.JPG
LU13,LU13_30,-111.36054,57.04375,478123.7272529245,6322313.737581318,2022-09-23T11:53:55Z,Black bear,1,yellow collar,Z:/3. ACME Projects/1. Alberta/OSM/2022-2023/1. Imagery/LU13/LU13_30/Deployment 1/RCNX0088.JPG,LU13_30_20220923_115355_RCNX0088.JPG
LU13,LU13_30,-111.36054,57.04375,478123.7272529245,6322313.737581318,2022-09-23T11:54:00Z,Black bear,1,yellow collar,Z:/3. ACME Projects/1. Alberta/OSM/2022-2023/1. Imagery/LU13/LU13_30/Deployment 1/RCNX0089.JPG,LU13_30_20220923_115400_RCNX0089.JPG
LU13,LU13_30,-111.36054,57.04375,478123.7272529245,6322313.737581318,2022-09-23T11:54:01Z,Black bear,1,yellow collar,Z:/3. ACME Projects/1. Alberta/OSM/2022-2023/1. Imagery/LU13/LU13_30/Deployment 1/RCNX0090.JPG,LU13_30_20220923_115401_RCNX0090.JPG
LU13,LU13_30,-111.36054,57.04375,478123.7272529245,6322313.737581318,2022-09-23T11:54:06Z,Black bear,1,yellow collar,Z:/3. ACME Projects/1. Alberta/OSM/2022-2023/1. Imagery/LU13/LU13_30/Deployment 1/RCNX0091.JPG,LU13_30_20220923_115406_RCNX0091.JPG
LU13,LU13_30,-111.36054,57.04375,478123.7272529245,6322313.737581318,2022-09-23T11:54:08Z,Black bear,1,yellow collar,Z:/3. ACME Projects/1. Alberta/OSM/2022-2023/1. Imagery/LU13/LU13_30/Deployment 1/RCNX0092.JPG,LU13_30_20220923_115408_RCNX0092.JPG
LU13,LU13_30,-111.36054,57.04375,478123.7272529245,6322313.737581318,2022-09-23T11:54:10Z,Black bear,1,yellow collar,Z:/3. ACME Projects/1. Alberta/OSM/2022-2023/1. Imagery/LU13/LU13_30/Deployment 1/RCNX0093.JPG,LU13_30_20220923_115410_RCNX0093.JPG
LU13,LU13_30,-111.36054,57.04375,478123.7272529245,6322313.737581318,2022-09-23T11:54:11Z,Black bear,1,yellow collar,Z:/3. ACME Projects/1. Alberta/OSM/2022-2023/1. Imagery/LU13/LU13_30/Deployment 1/RCNX0094.JPG,LU13_30_20220923_115411_RCNX0094.JPG
LU13,LU13_30,-111.36054,57.04375,478123.7272529245,6322313.737581318,2022-09-23T11:54:12Z,Black bear,1,yellow collar,Z:/3. ACME Projects/1. Alberta/OSM/2022-2023/1. Imagery/LU13/LU13_30/Deployment 1/RCNX0095.JPG,LU13_30_20220923_115412_RCNX0095.JPG
LU13,LU13_30,-111.36054,57.04375,478123.7272529245,6322313.737581318,2022-09-23T11:54:15Z,Black bear,1,yellow collar,Z:/3. ACME Projects/1. Alberta/OSM/2022-2023/1. Imagery/LU13/LU13_30/Deployment 1/RCNX0096.JPG,LU13_30_20220923_115415_RCNX0096.JPG
LU13,LU13_30,-111.36054,57.04375,478123.7272529245,6322313.737581318,2022-09-23T11:54:16Z,Black bear,1,yellow collar,Z:/3. ACME Projects/1. Alberta/OSM/2022-2023/1. Imagery/LU13/LU13_30/Deployment 1/RCNX0097.JPG,LU13_30_20220923_115416_RCNX0097.JPG
LU13,LU13_30,-111.36054,57.04375,478123.7272529245,6322313.737581318,2022-09-23T11:54:17Z,Black bear,1,yellow collar,Z:/3. ACME Projects/1. Alberta/OSM/2022-2023/1. Imagery/LU13/LU13_30/Deployment 1/RCNX0098.JPG,LU13_30_20220923_115417_RCNX0098.JPG
LU13,LU13_30,-111.36054,57.04375,478123.7272529245,6322313.737581318,2022-09-23T11:54:18Z,Black bear,1,yellow collar,Z:/3. ACME Projects/1. Alberta/OSM/2022-2023/1. Imagery/LU13/LU13_30/Deployment 1/RCNX0099.JPG,LU13_30_20220923_115418_RCNX0099.JPG
LU13,LU13_30,-111.36054,57.04375,478123.7272529245,6322313.737581318,2022-09-23T11:54:19Z,Black bear,1,yellow collar,Z:/3. ACME Projects/1. Alberta/OSM/2022-2023/1. Imagery/LU13/LU13_30/Deployment 1/RCNX0100.JPG,LU13_30_20220923_115419_RCNX0100.JPG
LU13,LU13_30,-111.36054,57.04375,478123.7272529245,6322313.737581318,2022-09-23T11:54:20Z,Black bear,1,yellow collar,Z:/3. ACME Projects/1. Alberta/OSM/2022-2023/1. Imagery/LU13/LU13_30/Deployment 1/RCNX0101.JPG,LU13_30_20220923_115420_RCNX0101.JPG
LU13,LU13_30,-111.36054,57.04375,478123.7272529245,6322313.737581318,2022-09-23T11:54:21Z,Black bear,1,yellow collar,Z:/3. ACME Projects/1. Alberta/OSM/2022-2023/1. Imagery/LU13/LU13_30/Deployment 1/RCNX0102.JPG,LU13_30_20220923_115421_RCNX0102.JPG
LU13,LU13_30,-111.36054,57.04375,478123.7272529245,6322313.737581318,2022-09-23T11:54:22Z,Black bear,1,yellow collar,Z:/3. ACME Projects/1. Alberta/OSM/2022-2023/1. Imagery/LU13/LU13_30/Deployment 1/RCNX0103.JPG,LU13_30_20220923_115422_RCNX0103.JPG
LU13,LU13_30,-111.36054,57.04375,478123.7272529245,6322313.737581318,2022-09-23T11:54:23Z,Black bear,1,yellow collar,Z:/3. ACME Projects/1. Alberta/OSM/2022-2023/1. Imagery/LU13/LU13_30/Deployment 1/RCNX0104.JPG,LU13_30_20220923_115423_RCNX0104.JPG
LU13,LU13_30,-111.36054,57.04375,478123.7272529245,6322313.737581318,2022-09-23T11:54:25Z,Black bear,1,yellow collar,Z:/3. ACME Projects/1. Alberta/OSM/2022-2023/1. Imagery/LU13/LU13_30/Deployment 1/RCNX0105.JPG,LU13_30_20220923_115425_RCNX0105.JPG
LU13,LU13_30,-111.36054,57.04375,478123.7272529245,6322313.737581318,2022-09-23T11:54:26Z,Black bear,1,yellow collar,Z:/3. ACME Projects/1. Alberta/OSM/2022-2023/1. Imagery/LU13/LU13_30/Deployment 1/RCNX0106.JPG,LU13_30_20220923_115426_RCNX0106.JPG
LU13,LU13_30,-111.36054,57.04375,478123.7272529245,6322313.737581318,2022-09-23T11:54:33Z,Black bear,1,yellow collar,Z:/3. ACME Projects/1. Alberta/OSM/2022-2023/1. Imagery/LU13/LU13_30/Deployment 1/RCNX0107.JPG,LU13_30_20220923_115433_RCNX0107.JPG
LU13,LU13_30,-111.36054,57.04375,478123.7272529245,6322313.737581318,2022-09-23T11:54:34Z,Black bear,1,yellow collar,Z:/3. ACME Projects/1. Alberta/OSM/2022-2023/1. Imagery/LU13/LU13_30/Deployment 1/RCNX0108.JPG,LU13_30_20220923_115434_RCNX0108.JPG
LU13,LU13_30,-111.36054,57.04375,478123.7272529245,6322313.737581318,2022-09-23T11:54:37Z,Black bear,1,yellow collar,Z:/3. ACME Projects/1. Alberta/OSM/2022-2023/1. Imagery/LU13/LU13_30/Deployment 1/RCNX0109.JPG,LU13_30_20220923_115437_RCNX0109.JPG
LU13,LU13_30,-111.36054,57.04375,478123.7272529245,6322313.737581318,2022-09-23T11:54:38Z,Black bear,1,yellow collar,Z:/3. ACME Projects/1. Alberta/OSM/2022-2023/1. Imagery/LU13/LU13_30/Deployment 1/RCNX0110.JPG,LU13_30_20220923_115438_RCNX0110.JPG
LU13,LU13_30,-111.36054,57.04375,478123.7272529245,6322313.737581318,2022-09-23T11:54:40Z,Black bear,1,yellow collar,Z:/3. ACME Projects/1. Alberta/OSM/2022-2023/1. Imagery/LU13/LU13_30/Deployment 1/RCNX0111.JPG,LU13_30_20220923_115440_RCNX0111.JPG
LU13,LU13_30,-111.36054,57.04375,478123.7272529245,6322313.737581318,2022-09-23T11:54:41Z,Black bear,1,yellow collar,Z:/3. ACME Projects/1. Alberta/OSM/2022-2023/1. Imagery/LU13/LU13_30/Deployment 1/RCNX0112.JPG,LU13_30_20220923_115441_RCNX0112.JPG
LU13,LU13_30,-111.36054,57.04375,478123.7272529245,6322313.737581318,2022-09-23T11:54:43Z,Black bear,1,yellow collar,Z:/3. ACME Projects/1. Alberta/OSM/2022-2023/1. Imagery/LU13/LU13_30/Deployment 1/RCNX0113.JPG,LU13_30_20220923_115443_RCNX0113.JPG
LU13,LU13_30,-111.36054,57.04375,478123.7272529245,6322313.737581318,2022-09-23T11:54:44Z,Black bear,1,yellow collar,Z:/3. ACME Projects/1. Alberta/OSM/2022-2023/1. Imagery/LU13/LU13_30/Deployment 1/RCNX0114.JPG,LU13_30_20220923_115444_RCNX0114.JPG
LU13,LU13_30,-111.36054,57.04375,478123.7272529245,6322313.737581318,2022-09-23T11:54:49Z,Black bear,1,yellow collar,Z:/3. ACME Projects/1. Alberta/OSM/2022-2023/1. Imagery/LU13/LU13_30/Deployment 1/RCNX0115.JPG,LU13_30_20220923_115449_RCNX0115.JPG
LU13,LU13_30,-111.36054,57.04375,478123.7272529245,6322313.737581318,2022-09-23T11:54:51Z,Black bear,1,yellow collar,Z:/3. ACME Projects/1. Alberta/OSM/2022-2023/1. Imagery/LU13/LU13_30/Deployment 1/RCNX0116.JPG,LU13_30_20220923_115451_RCNX0116.JPG
LU13,LU13_30,-111.36054,57.04375,478123.7272529245,6322313.737581318,2022-09-23T11:54:54Z,Black bear,1,yellow collar,Z:/3. ACME Projects/1. Alberta/OSM/2022-2023/1. Imagery/LU13/LU13_30/Deployment 1/RCNX0117.JPG,LU13_30_20220923_115454_RCNX0117.JPG
LU13,LU13_30,-111.36054,57.04375,478123.7272529245,6322313.737581318,2022-09-23T11:54:55Z,Black bear,1,yellow collar,Z:/3. ACME Projects/1. Alberta/OSM/2022-2023/1. Imagery/LU13/LU13_30/Deployment 1/RCNX0118.JPG,LU13_30_20220923_115455_RCNX0118.JPG
LU13,LU13_30,-111.36054,57.04375,478123.7272529245,6322313.737581318,2022-09-23T11:54:56Z,Black bear,1,yellow collar,Z:/3. ACME Projects/1. Alberta/OSM/2022-2023/1. Imagery/LU13/LU13_30/Deployment 1/RCNX0119.JPG,LU13_30_20220923_115456_RCNX0119.JPG
LU13,LU13_30,-111.36054,57.04375,478123.7272529245,6322313.737581318,2022-09-23T11:54:57Z,Black bear,1,yellow collar,Z:/3. ACME Projects/1. Alberta/OSM/2022-2023/1. Imagery/LU13/LU13_30/Deployment 1/RCNX0120.JPG,LU13_30_20220923_115457_RCNX0120.JPG
LU13,LU13_30,-111.36054,57.04375,478123.7272529245,6322313.737581318,2022-09-23T11:54:58Z,Black bear,1,yellow collar,Z:/3. ACME Projects/1. Alberta/OSM/2022-2023/1. Imagery/LU13/LU13_30/Deployment 1/RCNX0121.JPG,LU13_30_20220923_115458_RCNX0121.JPG
LU13,LU13_30,-111.36054,57.04375,478123.7272529245,6322313.737581318,2022-09-23T11:55:00Z,Black bear,1,yellow collar,Z:/3. ACME Projects/1. Alberta/OSM/2022-2023/1. Imagery/LU13/LU13_30/Deployment 1/RCNX0122.JPG,LU13_30_20220923_115500_RCNX0122.JPG
LU13,LU13_30,-111.36054,57.04375,478123.7272529245,6322313.737581318,2022-09-23T11:55:01Z,Black bear,1,yellow collar,Z:/3. ACME Projects/1. Alberta/OSM/2022-2023/1. Imagery/LU13/LU13_30/Deployment 1/RCNX0123.JPG,LU13_30_20220923_115501_RCNX0123.JPG
LU13,LU13_30,-111.36054,57.04375,478123.7272529245,6322313.737581318,2022-09-23T11:55:02Z,Black bear,1,yellow collar,Z:/3. ACME Projects/1. Alberta/OSM/2022-2023/1. Imagery/LU13/LU13_30/Deployment 1/RCNX0124.JPG,LU13_30_20220923_115502_RCNX0124.JPG
LU13,LU13_30,-111.36054,57.04375,478123.7272529245,6322313.737581318,2022-09-23T11:55:03Z,Black bear,1,yellow collar,Z:/3. ACME Projects/1. Alberta/OSM/2022-2023/1. Imagery/LU13/LU13_30/Deployment 1/RCNX0125.JPG,LU13_30_20220923_115503_RCNX0125.JPG
LU13,LU13_30,-111.36054,57.04375,478123.7272529245,6322313.737581318,2022-09-23T11:55:04Z,Black bear,1,yellow collar,Z:/3. ACME Projects/1. Alberta/OSM/2022-2023/1. Imagery/LU13/LU13_30/Deployment 1/RCNX0126.JPG,LU13_30_20220923_115504_RCNX0126.JPG
LU13,LU13_30,-111.36054,57.04375,478123.7272529245,6322313.737581318,2022-09-23T11:55:05Z,Black bear,1,yellow collar,Z:/3. ACME Projects/1. Alberta/OSM/2022-2023/1. Imagery/LU13/LU13_30/Deployment 1/RCNX0127.JPG,LU13_30_20220923_115505_RCNX0127.JPG
LU13,LU13_30,-111.36054,57.04375,478123.7272529245,6322313.737581318,2022-09-23T11:55:06Z,Black bear,1,yellow collar,Z:/3. ACME Projects/1. Alberta/OSM/2022-2023/1. Imagery/LU13/LU13_30/Deployment 1/RCNX0128.JPG,LU13_30_20220923_115506_RCNX0128.JPG
LU13,LU13_30,-111.36054,57.04375,478123.7272529245,6322313.737581318,2022-09-23T11:55:07Z,Black bear,1,yellow collar,Z:/3. ACME Projects/1. Alberta/OSM/2022-2023/1. Imagery/LU13/LU13_30/Deployment 1/RCNX0129.JPG,LU13_30_20220923_115507_RCNX0129.JPG
LU13,LU13_30,-111.36054,57.04375,478123.7272529245,6322313.737581318,2022-09-23T11:55:08Z,Black bear,1,yellow collar,Z:/3. ACME Projects/1. Alberta/OSM/2022-2023/1. Imagery/LU13/LU13_30/Deployment 1/RCNX0130.JPG,LU13_30_20220923_115508_RCNX0130.JPG
LU13,LU13_30,-111.36054,57.04375,478123.7272529245,6322313.737581318,2022-09-23T11:55:09Z,Black bear,1,yellow collar,Z:/3. ACME Projects/1. Alberta/OSM/2022-2023/1. Imagery/LU13/LU13_30/Deployment 1/RCNX0131.JPG,LU13_30_20220923_115509_RCNX0131.JPG
LU13,LU13_30,-111.36054,57.04375,478123.7272529245,6322313.737581318,2022-09-23T11:55:10Z,Black bear,1,yellow collar,Z:/3. ACME Projects/1. Alberta/OSM/2022-2023/1. Imagery/LU13/LU13_30/Deployment 1/RCNX0132.JPG,LU13_30_20220923_115510_RCNX0132.JPG
LU13,LU13_30,-111.36054,57.04375,478123.7272529245,6322313.737581318,2022-09-23T11:55:11Z,Black bear,1,yellow collar,Z:/3. ACME Projects/1. Alberta/OSM/2022-2023/1. Imagery/LU13/LU13_30/Deployment 1/RCNX0133.JPG,LU13_30_20220923_115511_RCNX0133.JPG
LU13,LU13_30,-111.36054,57.04375,478123.7272529245,6322313.737581318,2022-09-23T11:55:13Z,Black bear,1,yellow collar,Z:/3. ACME Projects/1. Alberta/OSM/2022-2023/1. Imagery/LU13/LU13_30/Deployment 1/RCNX0134.JPG,LU13_30_20220923_115513_RCNX0134.JPG
LU13,LU13_30,-111.36054,57.04375,478123.7272529245,6322313.737581318,2022-09-23T11:55:15Z,Black bear,1,yellow collar,Z:/3. ACME Projects/1. Alberta/OSM/2022-2023/1. Imagery/LU13/LU13_30/Deployment 1/RCNX0135.JPG,LU13_30_20220923_115515_RCNX0135.JPG
LU13,LU13_30,-111.36054,57.04375,478123.7272529245,6322313.737581318,2022-09-23T11:55:16Z,Black bear,1,yellow collar,Z:/3. ACME Projects/1. Alberta/OSM/2022-2023/1. Imagery/LU13/LU13_30/Deployment 1/RCNX0136.JPG,LU13_30_20220923_115516_RCNX0136.JPG
LU13,LU13_30,-111.36054,57.04375,478123.7272529245,6322313.737581318,2022-09-23T11:55:17Z,Black bear,1,yellow collar,Z:/3. ACME Projects/1. Alberta/OSM/2022-2023/1. Imagery/LU13/LU13_30/Deployment 1/RCNX0137.JPG,LU13_30_20220923_115517_RCNX0137.JPG
LU13,LU13_30,-111.36054,57.04375,478123.7272529245,6322313.737581318,2022-09-23T11:55:19Z,Black bear,1,yellow collar,Z:/3. ACME Projects/1. Alberta/OSM/2022-2023/1. Imagery/LU13/LU13_30/Deployment 1/RCNX0138.JPG,LU13_30_20220923_115519_RCNX0138.JPG
LU13,LU13_30,-111.36054,57.04375,478123.7272529245,6322313.737581318,2022-09-23T11:55:21Z,Black bear,1,yellow collar,Z:/3. ACME Projects/1. Alberta/OSM/2022-2023/1. Imagery/LU13/LU13_30/Deployment 1/RCNX0139.JPG,LU13_30_20220923_115521_RCNX0139.JPG
LU13,LU13_30,-111.36054,57.04375,478123.7272529245,6322313.737581318,2022-09-23T11:55:22Z,Black bear,1,yellow collar,Z:/3. ACME Projects/1. Alberta/OSM/2022-2023/1. Imagery/LU13/LU13_30/Deployment 1/RCNX0140.JPG,LU13_30_20220923_115522_RCNX0140.JPG
LU13,LU13_30,-111.36054,57.04375,478123.7272529245,6322313.737581318,2022-09-23T11:55:24Z,Black bear,1,yellow collar,Z:/3. ACME Projects/1. Alberta/OSM/2022-2023/1. Imagery/LU13/LU13_30/Deployment 1/RCNX0141.JPG,LU13_30_20220923_115524_RCNX0141.JPG
LU13,LU13_30,-111.36054,57.04375,478123.7272529245,6322313.737581318,2022-09-23T11:55:29Z,Black bear,1,yellow collar,Z:/3. ACME Projects/1. Alberta/OSM/2022-2023/1. Imagery/LU13/LU13_30/Deployment 1/RCNX0142.JPG,LU13_30_20220923_115529_RCNX0142.JPG
LU13,LU13_30,-111.36054,57.04375,478123.7272529245,6322313.737581318,2022-09-23T11:55:30Z,Black bear,1,yellow collar,Z:/3. ACME Projects/1. Alberta/OSM/2022-2023/1. Imagery/LU13/LU13_30/Deployment 1/RCNX0143.JPG,LU13_30_20220923_115530_RCNX0143.JPG
LU13,LU13_30,-111.36054,57.04375,478123.7272529245,6322313.737581318,2022-09-23T11:55:31Z,Black bear,1,yellow collar,Z:/3. ACME Projects/1. Alberta/OSM/2022-2023/1. Imagery/LU13/LU13_30/Deployment 1/RCNX0144.JPG,LU13_30_20220923_115531_RCNX0144.JPG
LU13,LU13_30,-111.36054,57.04375,478123.7272529245,6322313.737581318,2022-09-23T11:55:32Z,Black bear,1,yellow collar,Z:/3. ACME Projects/1. Alberta/OSM/2022-2023/1. Imagery/LU13/LU13_30/Deployment 1/RCNX0145.JPG,LU13_30_20220923_115532_RCNX0145.JPG
LU13,LU13_30,-111.36054,57.04375,478123.7272529245,6322313.737581318,2022-09-23T11:55:34Z,Black bear,1,yellow collar,Z:/3. ACME Projects/1. Alberta/OSM/2022-2023/1. Imagery/LU13/LU13_30/Deployment 1/RCNX0146.JPG,LU13_30_20220923_115534_RCNX0146.JPG
LU13,LU13_30,-111.36054,57.04375,478123.7272529245,6322313.737581318,2022-09-23T11:55:36Z,Black bear,1,yellow collar,Z:/3. ACME Projects/1. Alberta/OSM/2022-2023/1. Imagery/LU13/LU13_30/Deployment 1/RCNX0147.JPG,LU13_30_20220923_115536_RCNX0147.JPG
LU13,LU13_30,-111.36054,57.04375,478123.7272529245,6322313.737581318,2022-09-23T11:55:39Z,Black bear,1,yellow collar,Z:/3. ACME Projects/1. Alberta/OSM/2022-2023/1. Imagery/LU13/LU13_30/Deployment 1/RCNX0148.JPG,LU13_30_20220923_115539_RCNX0148.JPG
LU13,LU13_30,-111.36054,57.04375,478123.7272529245,6322313.737581318,2022-09-23T11:55:42Z,Black bear,1,yellow collar,Z:/3. ACME Projects/1. Alberta/OSM/2022-2023/1. Imagery/LU13/LU13_30/Deployment 1/RCNX0149.JPG,LU13_30_20220923_115542_RCNX0149.JPG
LU13,LU13_30,-111.36054,57.04375,478123.7272529245,6322313.737581318,2022-09-23T11:55:46Z,Black bear,1,yellow collar,Z:/3. ACME Projects/1. Alberta/OSM/2022-2023/1. Imagery/LU13/LU13_30/Deployment 1/RCNX0150.JPG,LU13_30_20220923_115546_RCNX0150.JPG
LU13,LU13_30,-111.36054,57.04375,478123.7272529245,6322313.737581318,2022-09-23T11:55:51Z,Black bear,1,yellow collar,Z:/3. ACME Projects/1. Alberta/OSM/2022-2023/1. Imagery/LU13/LU13_30/Deployment 1/RCNX0151.JPG,LU13_30_20220923_115551_RCNX0151.JPG
LU13,LU13_30,-111.36054,57.04375,478123.7272529245,6322313.737581318,2022-09-23T11:55:52Z,Black bear,1,yellow collar,Z:/3. ACME Projects/1. Alberta/OSM/2022-2023/1. Imagery/LU13/LU13_30/Deployment 1/RCNX0152.JPG,LU13_30_20220923_115552_RCNX0152.JPG
LU13,LU13_30,-111.36054,57.04375,478123.7272529245,6322313.737581318,2022-09-23T11:55:53Z,Black bear,1,yellow collar,Z:/3. ACME Projects/1. Alberta/OSM/2022-2023/1. Imagery/LU13/LU13_30/Deployment 1/RCNX0153.JPG,LU13_30_20220923_115553_RCNX0153.JPG
LU13,LU13_30,-111.36054,57.04375,478123.7272529245,6322313.737581318,2022-09-23T11:55:56Z,Black bear,1,yellow collar,Z:/3. ACME Projects/1. Alberta/OSM/2022-2023/1. Imagery/LU13/LU13_30/Deployment 1/RCNX0154.JPG,LU13_30_20220923_115556_RCNX0154.JPG
LU13,LU13_30,-111.36054,57.04375,478123.7272529245,6322313.737581318,2022-09-23T11:55:57Z,Black bear,1,yellow collar,Z:/3. ACME Projects/1. Alberta/OSM/2022-2023/1. Imagery/LU13/LU13_30/Deployment 1/RCNX0155.JPG,LU13_30_20220923_115557_RCNX0155.JPG
LU13,LU13_30,-111.36054,57.04375,478123.7272529245,6322313.737581318,2022-09-23T11:55:58Z,Black bear,1,yellow collar,Z:/3. ACME Projects/1. Alberta/OSM/2022-2023/1. Imagery/LU13/LU13_30/Deployment 1/RCNX0156.JPG,LU13_30_20220923_115558_RCNX0156.JPG
LU13,LU13_30,-111.36054,57.04375,478123.7272529245,6322313.737581318,2022-09-23T11:55:59Z,Black bear,1,yellow collar,Z:/3. ACME Projects/1. Alberta/OSM/2022-2023/1. Imagery/LU13/LU13_30/Deployment 1/RCNX0157.JPG,LU13_30_20220923_115559_RCNX0157.JPG
LU13,LU13_30,-111.36054,57.04375,478123.7272529245,6322313.737581318,2022-09-23T11:56:00Z,Black bear,1,yellow collar,Z:/3. ACME Projects/1. Alberta/OSM/2022-2023/1. Imagery/LU13/LU13_30/Deployment 1/RCNX0158.JPG,LU13_30_20220923_115600_RCNX0158.JPG
LU13,LU13_30,-111.36054,57.04375,478123.7272529245,6322313.737581318,2022-09-23T11:56:01Z,Black bear,1,yellow collar,Z:/3. ACME Projects/1. Alberta/OSM/2022-2023/1. Imagery/LU13/LU13_30/Deployment 1/RCNX0159.JPG,LU13_30_20220923_115601_RCNX0159.JPG
LU13,LU13_30,-111.36054,57.04375,478123.7272529245,6322313.737581318,2022-09-23T11:56:02Z,Black bear,1,yellow collar,Z:/3. ACME Projects/1. Alberta/OSM/2022-2023/1. Imagery/LU13/LU13_30/Deployment 1/RCNX0160.JPG,LU13_30_20220923_115602_RCNX0160.JPG
LU13,LU13_30,-111.36054,57.04375,478123.7272529245,6322313.737581318,2022-09-23T11:56:03Z,Black bear,1,yellow collar,Z:/3. ACME Projects/1. Alberta/OSM/2022-2023/1. Imagery/LU13/LU13_30/Deployment 1/RCNX0161.JPG,LU13_30_20220923_115603_RCNX0161.JPG
LU13,LU13_30,-111.36054,57.04375,478123.7272529245,6322313.737581318,2022-09-23T11:56:04Z,Black bear,1,yellow collar,Z:/3. ACME Projects/1. Alberta/OSM/2022-2023/1. Imagery/LU13/LU13_30/Deployment 1/RCNX0162.JPG,LU13_30_20220923_115604_RCNX0162.JPG
LU13,LU13_30,-111.36054,57.04375,478123.7272529245,6322313.737581318,2022-09-23T11:56:05Z,Black bear,1,yellow collar,Z:/3. ACME Projects/1. Alberta/OSM/2022-2023/1. Imagery/LU13/LU13_30/Deployment 1/RCNX0163.JPG,LU13_30_20220923_115605_RCNX0163.JPG
LU13,LU13_30,-111.36054,57.04375,478123.7272529245,6322313.737581318,2022-09-23T11:56:06Z,Black bear,1,yellow collar,Z:/3. ACME Projects/1. Alberta/OSM/2022-2023/1. Imagery/LU13/LU13_30/Deployment 1/RCNX0164.JPG,LU13_30_20220923_115606_RCNX0164.JPG
LU13,LU13_30,-111.36054,57.04375,478123.7272529245,6322313.737581318,2022-09-23T11:56:07Z,Black bear,1,yellow collar,Z:/3. ACME Projects/1. Alberta/OSM/2022-2023/1. Imagery/LU13/LU13_30/Deployment 1/RCNX0165.JPG,LU13_30_20220923_115607_RCNX0165.JPG
LU13,LU13_30,-111.36054,57.04375,478123.7272529245,6322313.737581318,2022-09-23T11:56:08Z,Black bear,1,yellow collar,Z:/3. ACME Projects/1. Alberta/OSM/2022-2023/1. Imagery/LU13/LU13_30/Deployment 1/RCNX0166.JPG,LU13_30_20220923_115608_RCNX0166.JPG
LU13,LU13_30,-111.36054,57.04375,478123.7272529245,6322313.737581318,2022-09-23T11:56:13Z,Black bear,1,yellow collar,Z:/3. ACME Projects/1. Alberta/OSM/2022-2023/1. Imagery/LU13/LU13_30/Deployment 1/RCNX0167.JPG,LU13_30_20220923_115613_RCNX0167.JPG
LU13,LU13_30,-111.36054,57.04375,478123.7272529245,6322313.737581318,2022-09-23T11:56:14Z,Black bear,1,yellow collar,Z:/3. ACME Projects/1. Alberta/OSM/2022-2023/1. Imagery/LU13/LU13_30/Deployment 1/RCNX0168.JPG,LU13_30_20220923_115614_RCNX0168.JPG
LU13,LU13_30,-111.36054,57.04375,478123.7272529245,6322313.737581318,2022-09-23T11:56:15Z,Black bear,1,yellow collar,Z:/3. ACME Projects/1. Alberta/OSM/2022-2023/1. Imagery/LU13/LU13_30/Deployment 1/RCNX0169.JPG,LU13_30_20220923_115615_RCNX0169.JPG
LU13,LU13_30,-111.36054,57.04375,478123.7272529245,6322313.737581318,2022-09-23T11:56:20Z,Black bear,1,yellow collar,Z:/3. ACME Projects/1. Alberta/OSM/2022-2023/1. Imagery/LU13/LU13_30/Deployment 1/RCNX0170.JPG,LU13_30_20220923_115620_RCNX0170.JPG
LU13,LU13_30,-111.36054,57.04375,478123.7272529245,6322313.737581318,2022-09-23T11:56:21Z,Black bear,1,yellow collar,Z:/3. ACME Projects/1. Alberta/OSM/2022-2023/1. Imagery/LU13/LU13_30/Deployment 1/RCNX0171.JPG,LU13_30_20220923_115621_RCNX0171.JPG
LU13,LU13_30,-111.36054,57.04375,478123.7272529245,6322313.737581318,2022-09-23T11:56:23Z,Black bear,1,yellow collar,Z:/3. ACME Projects/1. Alberta/OSM/2022-2023/1. Imagery/LU13/LU13_30/Deployment 1/RCNX0172.JPG,LU13_30_20220923_115623_RCNX0172.JPG
LU13,LU13_30,-111.36054,57.04375,478123.7272529245,6322313.737581318,2022-09-23T11:56:25Z,Black bear,1,yellow collar,Z:/3. ACME Projects/1. Alberta/OSM/2022-2023/1. Imagery/LU13/LU13_30/Deployment 1/RCNX0173.JPG,LU13_30_20220923_115625_RCNX0173.JPG
LU13,LU13_30,-111.36054,57.04375,478123.7272529245,6322313.737581318,2022-09-23T11:56:26Z,Black bear,1,yellow collar,Z:/3. ACME Projects/1. Alberta/OSM/2022-2023/1. Imagery/LU13/LU13_30/Deployment 1/RCNX0174.JPG,LU13_30_20220923_115626_RCNX0174.JPG
LU13,LU13_30,-111.36054,57.04375,478123.7272529245,6322313.737581318,2022-09-23T11:56:27Z,Black bear,1,yellow collar,Z:/3. ACME Projects/1. Alberta/OSM/2022-2023/1. Imagery/LU13/LU13_30/Deployment 1/RCNX0175.JPG,LU13_30_20220923_115627_RCNX0175.JPG
LU13,LU13_30,-111.36054,57.04375,478123.7272529245,6322313.737581318,2022-09-23T11:56:28Z,Black bear,1,yellow collar,Z:/3. ACME Projects/1. Alberta/OSM/2022-2023/1. Imagery/LU13/LU13_30/Deployment 1/RCNX0176.JPG,LU13_30_20220923_115628_RCNX0176.JPG
LU13,LU13_30,-111.36054,57.04375,478123.7272529245,6322313.737581318,2022-09-23T11:56:29Z,Black bear,1,yellow collar,Z:/3. ACME Projects/1. Alberta/OSM/2022-2023/1. Imagery/LU13/LU13_30/Deployment 1/RCNX0177.JPG,LU13_30_20220923_115629_RCNX0177.JPG
LU13,LU13_30,-111.36054,57.04375,478123.7272529245,6322313.737581318,2022-09-23T11:56:30Z,Black bear,1,yellow collar,Z:/3. ACME Projects/1. Alberta/OSM/2022-2023/1. Imagery/LU13/LU13_30/Deployment 1/RCNX0178.JPG,LU13_30_20220923_115630_RCNX0178.JPG
LU13,LU13_30,-111.36054,57.04375,478123.7272529245,6322313.737581318,2022-09-23T11:56:31Z,Black bear,1,yellow collar,Z:/3. ACME Projects/1. Alberta/OSM/2022-2023/1. Imagery/LU13/LU13_30/Deployment 1/RCNX0179.JPG,LU13_30_20220923_115631_RCNX0179.JPG
LU13,LU13_30,-111.36054,57.04375,478123.7272529245,6322313.737581318,2022-09-23T11:56:32Z,Black bear,1,yellow collar,Z:/3. ACME Projects/1. Alberta/OSM/2022-2023/1. Imagery/LU13/LU13_30/Deployment 1/RCNX0180.JPG,LU13_30_20220923_115632_RCNX0180.JPG
LU13,LU13_30,-111.36054,57.04375,478123.7272529245,6322313.737581318,2022-09-23T11:56:33Z,Black bear,1,yellow collar,Z:/3. ACME Projects/1. Alberta/OSM/2022-2023/1. Imagery/LU13/LU13_30/Deployment 1/RCNX0181.JPG,LU13_30_20220923_115633_RCNX0181.JPG
LU13,LU13_30,-111.36054,57.04375,478123.7272529245,6322313.737581318,2022-09-23T11:56:34Z,Black bear,1,yellow collar,Z:/3. ACME Projects/1. Alberta/OSM/2022-2023/1. Imagery/LU13/LU13_30/Deployment 1/RCNX0182.JPG,LU13_30_20220923_115634_RCNX0182.JPG
LU13,LU13_30,-111.36054,57.04375,478123.7272529245,6322313.737581318,2022-09-23T11:56:35Z,Black bear,1,yellow collar,Z:/3. ACME Projects/1. Alberta/OSM/2022-2023/1. Imagery/LU13/LU13_30/Deployment 1/RCNX0183.JPG,LU13_30_20220923_115635_RCNX0183.JPG
LU13,LU13_30,-111.36054,57.04375,478123.7272529245,6322313.737581318,2022-09-23T11:56:36Z,Black bear,1,yellow collar,Z:/3. ACME Projects/1. Alberta/OSM/2022-2023/1. Imagery/LU13/LU13_30/Deployment 1/RCNX0184.JPG,LU13_30_20220923_115636_RCNX0184.JPG
LU13,LU13_30,-111.36054,57.04375,478123.7272529245,6322313.737581318,2022-09-23T11:56:37Z,Black bear,1,yellow collar,Z:/3. ACME Projects/1. Alberta/OSM/2022-2023/1. Imagery/LU13/LU13_30/Deployment 1/RCNX0185.JPG,LU13_30_20220923_115637_RCNX0185.JPG
LU13,LU13_30,-111.36054,57.04375,478123.7272529245,6322313.737581318,2022-09-23T11:56:38Z,Black bear,1,yellow collar,Z:/3. ACME Projects/1. Alberta/OSM/2022-2023/1. Imagery/LU13/LU13_30/Deployment 1/RCNX0186.JPG,LU13_30_20220923_115638_RCNX0186.JPG
LU13,LU13_30,-111.36054,57.04375,478123.7272529245,6322313.737581318,2022-09-23T11:56:40Z,Black bear,1,yellow collar,Z:/3. ACME Projects/1. Alberta/OSM/2022-2023/1. Imagery/LU13/LU13_30/Deployment 1/RCNX0187.JPG,LU13_30_20220923_115640_RCNX0187.JPG
LU13,LU13_30,-111.36054,57.04375,478123.7272529245,6322313.737581318,2022-09-23T11:56:41Z,Black bear,1,yellow collar,Z:/3. ACME Projects/1. Alberta/OSM/2022-2023/1. Imagery/LU13/LU13_30/Deployment 1/RCNX0188.JPG,LU13_30_20220923_115641_RCNX0188.JPG
LU13,LU13_30,-111.36054,57.04375,478123.7272529245,6322313.737581318,2022-09-23T11:56:42Z,Black bear,1,yellow collar,Z:/3. ACME Projects/1. Alberta/OSM/2022-2023/1. Imagery/LU13/LU13_30/Deployment 1/RCNX0189.JPG,LU13_30_20220923_115642_RCNX0189.JPG
LU13,LU13_30,-111.36054,57.04375,478123.7272529245,6322313.737581318,2022-09-23T11:56:43Z,Black bear,1,yellow collar,Z:/3. ACME Projects/1. Alberta/OSM/2022-2023/1. Imagery/LU13/LU13_30/Deployment 1/RCNX0190.JPG,LU13_30_20220923_115643_RCNX0190.JPG
LU13,LU13_30,-111.36054,57.04375,478123.7272529245,6322313.737581318,2022-09-23T11:56:46Z,Black bear,1,yellow collar,Z:/3. ACME Projects/1. Alberta/OSM/2022-2023/1. Imagery/LU13/LU13_30/Deployment 1/RCNX0191.JPG,LU13_30_20220923_115646_RCNX0191.JPG
LU13,LU13_30,-111.36054,57.04375,478123.7272529245,6322313.737581318,2022-09-23T11:56:47Z,Black bear,1,yellow collar,Z:/3. ACME Projects/1. Alberta/OSM/2022-2023/1. Imagery/LU13/LU13_30/Deployment 1/RCNX0192.JPG,LU13_30_20220923_115647_RCNX0192.JPG
LU13,LU13_30,-111.36054,57.04375,478123.7272529245,6322313.737581318,2022-09-23T11:56:50Z,Black bear,1,yellow collar,Z:/3. ACME Projects/1. Alberta/OSM/2022-2023/1. Imagery/LU13/LU13_30/Deployment 1/RCNX0193.JPG,LU13_30_20220923_115650_RCNX0193.JPG
LU13,LU13_30,-111.36054,57.04375,478123.7272529245,6322313.737581318,2022-09-23T11:56:55Z,Black bear,1,yellow collar,Z:/3. ACME Projects/1. Alberta/OSM/2022-2023/1. Imagery/LU13/LU13_30/Deployment 1/RCNX0194.JPG,LU13_30_20220923_115655_RCNX0194.JPG
LU13,LU13_30,-111.36054,57.04375,478123.7272529245,6322313.737581318,2022-09-23T11:56:56Z,Black bear,1,yellow collar,Z:/3. ACME Projects/1. Alberta/OSM/2022-2023/1. Imagery/LU13/LU13_30/Deployment 1/RCNX0195.JPG,LU13_30_20220923_115656_RCNX0195.JPG
LU13,LU13_30,-111.36054,57.04375,478123.7272529245,6322313.737581318,2022-09-23T11:56:57Z,Black bear,1,yellow collar,Z:/3. ACME Projects/1. Alberta/OSM/2022-2023/1. Imagery/LU13/LU13_30/Deployment 1/RCNX0196.JPG,LU13_30_20220923_115657_RCNX0196.JPG
LU13,LU13_30,-111.36054,57.04375,478123.7272529245,6322313.737581318,2022-09-23T11:56:58Z,Black bear,1,yellow collar,Z:/3. ACME Projects/1. Alberta/OSM/2022-2023/1. Imagery/LU13/LU13_30/Deployment 1/RCNX0197.JPG,LU13_30_20220923_115658_RCNX0197.JPG
LU13,LU13_30,-111.36054,57.04375,478123.7272529245,6322313.737581318,2022-09-23T11:56:59Z,Black bear,1,yellow collar,Z:/3. ACME Projects/1. Alberta/OSM/2022-2023/1. Imagery/LU13/LU13_30/Deployment 1/RCNX0198.JPG,LU13_30_20220923_115659_RCNX0198.JPG
LU13,LU13_30,-111.36054,57.04375,478123.7272529245,6322313.737581318,2022-09-23T11:57:01Z,Black bear,1,yellow collar,Z:/3. ACME Projects/1. Alberta/OSM/2022-2023/1. Imagery/LU13/LU13_30/Deployment 1/RCNX0199.JPG,LU13_30_20220923_115701_RCNX0199.JPG
LU13,LU13_30,-111.36054,57.04375,478123.7272529245,6322313.737581318,2022-09-23T11:57:02Z,Black bear,1,yellow collar,Z:/3. ACME Projects/1. Alberta/OSM/2022-2023/1. Imagery/LU13/LU13_30/Deployment 1/RCNX0200.JPG,LU13_30_20220923_115702_RCNX0200.JPG
LU13,LU13_30,-111.36054,57.04375,478123.7272529245,6322313.737581318,2022-09-23T11:57:03Z,Black bear,1,yellow collar,Z:/3. ACME Projects/1. Alberta/OSM/2022-2023/1. Imagery/LU13/LU13_30/Deployment 1/RCNX0201.JPG,LU13_30_20220923_115703_RCNX0201.JPG
LU13,LU13_30,-111.36054,57.04375,478123.7272529245,6322313.737581318,2022-09-23T11:57:06Z,Black bear,1,yellow collar,Z:/3. ACME Projects/1. Alberta/OSM/2022-2023/1. Imagery/LU13/LU13_30/Deployment 1/RCNX0202.JPG,LU13_30_20220923_115706_RCNX0202.JPG
LU13,LU13_30,-111.36054,57.04375,478123.7272529245,6322313.737581318,2022-09-23T11:57:07Z,Black bear,1,yellow collar,Z:/3. ACME Projects/1. Alberta/OSM/2022-2023/1. Imagery/LU13/LU13_30/Deployment 1/RCNX0203.JPG,LU13_30_20220923_115707_RCNX0203.JPG
LU13,LU13_30,-111.36054,57.04375,478123.7272529245,6322313.737581318,2022-09-23T11:57:08Z,Black bear,1,yellow collar,Z:/3. ACME Projects/1. Alberta/OSM/2022-2023/1. Imagery/LU13/LU13_30/Deployment 1/RCNX0204.JPG,LU13_30_20220923_115708_RCNX0204.JPG
LU13,LU13_30,-111.36054,57.04375,478123.7272529245,6322313.737581318,2022-09-23T11:57:09Z,Black bear,1,yellow collar,Z:/3. ACME Projects/1. Alberta/OSM/2022-2023/1. Imagery/LU13/LU13_30/Deployment 1/RCNX0205.JPG,LU13_30_20220923_115709_RCNX0205.JPG
LU13,LU13_30,-111.36054,57.04375,478123.7272529245,6322313.737581318,2022-09-23T11:57:10Z,Black bear,1,yellow collar,Z:/3. ACME Projects/1. Alberta/OSM/2022-2023/1. Imagery/LU13/LU13_30/Deployment 1/RCNX0206.JPG,LU13_30_20220923_115710_RCNX0206.JPG
LU13,LU13_30,-111.36054,57.04375,478123.7272529245,6322313.737581318,2022-09-23T11:57:11Z,Black bear,1,yellow collar,Z:/3. ACME Projects/1. Alberta/OSM/2022-2023/1. Imagery/LU13/LU13_30/Deployment 1/RCNX0207.JPG,LU13_30_20220923_115711_RCNX0207.JPG
LU13,LU13_30,-111.36054,57.04375,478123.7272529245,6322313.737581318,2022-09-23T11:57:12Z,Black bear,1,yellow collar,Z:/3. ACME Projects/1. Alberta/OSM/2022-2023/1. Imagery/LU13/LU13_30/Deployment 1/RCNX0208.JPG,LU13_30_20220923_115712_RCNX0208.JPG
LU13,LU13_30,-111.36054,57.04375,478123.7272529245,6322313.737581318,2022-09-23T11:57:13Z,Black bear,1,yellow collar,Z:/3. ACME Projects/1. Alberta/OSM/2022-2023/1. Imagery/LU13/LU13_30/Deployment 1/RCNX0209.JPG,LU13_30_20220923_115713_RCNX0209.JPG
LU13,LU13_30,-111.36054,57.04375,478123.7272529245,6322313.737581318,2022-09-23T11:57:14Z,Black bear,1,yellow collar,Z:/3. ACME Projects/1. Alberta/OSM/2022-2023/1. Imagery/LU13/LU13_30/Deployment 1/RCNX0210.JPG,LU13_30_20220923_115714_RCNX0210.JPG
LU13,LU13_30,-111.36054,57.04375,478123.7272529245,6322313.737581318,2022-09-23T11:57:15Z,Black bear,1,yellow collar,Z:/3. ACME Projects/1. Alberta/OSM/2022-2023/1. Imagery/LU13/LU13_30/Deployment 1/RCNX0211.JPG,LU13_30_20220923_115715_RCNX0211.JPG
LU13,LU13_30,-111.36054,57.04375,478123.7272529245,6322313.737581318,2022-09-23T11:57:16Z,Black bear,1,yellow collar,Z:/3. ACME Projects/1. Alberta/OSM/2022-2023/1. Imagery/LU13/LU13_30/Deployment 1/RCNX0212.JPG,LU13_30_20220923_115716_RCNX0212.JPG
LU13,LU13_30,-111.36054,57.04375,478123.7272529245,6322313.737581318,2022-09-23T11:57:17Z,Black bear,1,yellow collar,Z:/3. ACME Projects/1. Alberta/OSM/2022-2023/1. Imagery/LU13/LU13_30/Deployment 1/RCNX0213.JPG,LU13_30_20220923_115717_RCNX0213.JPG
LU13,LU13_30,-111.36054,57.04375,478123.7272529245,6322313.737581318,2022-09-23T11:57:18Z,Black bear,1,yellow collar,Z:/3. ACME Projects/1. Alberta/OSM/2022-2023/1. Imagery/LU13/LU13_30/Deployment 1/RCNX0214.JPG,LU13_30_20220923_115718_RCNX0214.JPG
LU13,LU13_30,-111.36054,57.04375,478123.7272529245,6322313.737581318,2022-09-23T11:57:19Z,Black bear,1,yellow collar,Z:/3. ACME Projects/1. Alberta/OSM/2022-2023/1. Imagery/LU13/LU13_30/Deployment 1/RCNX0215.JPG,LU13_30_20220923_115719_RCNX0215.JPG
LU13,LU13_30,-111.36054,57.04375,478123.7272529245,6322313.737581318,2022-09-23T11:57:26Z,Black bear,1,yellow collar,Z:/3. ACME Projects/1. Alberta/OSM/2022-2023/1. Imagery/LU13/LU13_30/Deployment 1/RCNX0216.JPG,LU13_30_20220923_115726_RCNX0216.JPG
LU13,LU13_30,-111.36054,57.04375,478123.7272529245,6322313.737581318,2022-09-23T11:57:27Z,Black bear,1,yellow collar,Z:/3. ACME Projects/1. Alberta/OSM/2022-2023/1. Imagery/LU13/LU13_30/Deployment 1/RCNX0217.JPG,LU13_30_20220923_115727_RCNX0217.JPG
LU13,LU13_30,-111.36054,57.04375,478123.7272529245,6322313.737581318,2022-09-23T11:57:28Z,Black bear,1,yellow collar,Z:/3. ACME Projects/1. Alberta/OSM/2022-2023/1. Imagery/LU13/LU13_30/Deployment 1/RCNX0218.JPG,LU13_30_20220923_115728_RCNX0218.JPG
LU13,LU13_30,-111.36054,57.04375,478123.7272529245,6322313.737581318,2022-09-23T11:57:29Z,Black bear,1,yellow collar,Z:/3. ACME Projects/1. Alberta/OSM/2022-2023/1. Imagery/LU13/LU13_30/Deployment 1/RCNX0219.JPG,LU13_30_20220923_115729_RCNX0219.JPG
LU13,LU13_30,-111.36054,57.04375,478123.7272529245,6322313.737581318,2022-09-23T11:57:30Z,Black bear,1,yellow collar,Z:/3. ACME Projects/1. Alberta/OSM/2022-2023/1. Imagery/LU13/LU13_30/Deployment 1/RCNX0220.JPG,LU13_30_20220923_115730_RCNX0220.JPG
LU13,LU13_30,-111.36054,57.04375,478123.7272529245,6322313.737581318,2022-09-23T11:57:38Z,Black bear,1,yellow collar,Z:/3. ACME Projects/1. Alberta/OSM/2022-2023/1. Imagery/LU13/LU13_30/Deployment 1/RCNX0221.JPG,LU13_30_20220923_115738_RCNX0221.JPG
LU13,LU13_30,-111.36054,57.04375,478123.7272529245,6322313.737581318,2022-09-23T11:57:40Z,Black bear,1,yellow collar,Z:/3. ACME Projects/1. Alberta/OSM/2022-2023/1. Imagery/LU13/LU13_30/Deployment 1/RCNX0222.JPG,LU13_30_20220923_115740_RCNX0222.JPG
LU13,LU13_32,-111.34759,57.04958,478912.7864094643,6322958.631600377,2023-05-04T12:44:38Z,Black bear,1,yellow ear tag,Z:/3. ACME Projects/1. Alberta/OSM/2022-2023/1. Imagery/LU13/LU13_32/Deployment 1/RCNX0447.JPG,LU13_32_20230504_124438_RCNX0447.JPG
LU13,LU13_32,-111.34759,57.04958,478912.7864094643,6322958.631600377,2023-05-04T12:44:41Z,Black bear,1,yellow ear tag,Z:/3. ACME Projects/1. Alberta/OSM/2022-2023/1. Imagery/LU13/LU13_32/Deployment 1/RCNX0448.JPG,LU13_32_20230504_124441_RCNX0448.JPG
LU13,LU13_32,-111.34759,57.04958,478912.7864094643,6322958.631600377,2023-05-04T12:44:46Z,Black bear,1,yellow ear tag,Z:/3. ACME Projects/1. Alberta/OSM/2022-2023/1. Imagery/LU13/LU13_32/Deployment 1/RCNX0449.JPG,LU13_32_20230504_124446_RCNX0449.JPG
LU13,LU13_32,-111.34759,57.04958,478912.7864094643,6322958.631600377,2023-05-04T12:44:48Z,Black bear,1,yellow ear tag,Z:/3. ACME Projects/1. Alberta/OSM/2022-2023/1. Imagery/LU13/LU13_32/Deployment 1/RCNX0450.JPG,LU13_32_20230504_124448_RCNX0450.JPG
LU13,LU13_32,-111.34759,57.04958,478912.7864094643,6322958.631600377,2023-05-04T12:45:01Z,Black bear,1,yellow ear tag,Z:/3. ACME Projects/1. Alberta/OSM/2022-2023/1. Imagery/LU13/LU13_32/Deployment 1/RCNX0451.JPG,LU13_32_20230504_124501_RCNX0451.JPG
LU13,LU13_32,-111.34759,57.04958,478912.7864094643,6322958.631600377,2023-05-04T12:45:03Z,Black bear,1,yellow ear tag,Z:/3. ACME Projects/1. Alberta/OSM/2022-2023/1. Imagery/LU13/LU13_32/Deployment 1/RCNX0452.JPG,LU13_32_20230504_124503_RCNX0452.JPG
LU13,LU13_32,-111.34759,57.04958,478912.7864094643,6322958.631600377,2023-05-04T12:45:04Z,Black bear,1,yellow ear tag,Z:/3. ACME Projects/1. Alberta/OSM/2022-2023/1. Imagery/LU13/LU13_32/Deployment 1/RCNX0453.JPG,LU13_32_20230504_124504_RCNX0453.JPG
LU13,LU13_32,-111.34759,57.04958,478912.7864094643,6322958.631600377,2023-05-04T12:45:08Z,Black bear,1,yellow ear tag,Z:/3. ACME Projects/1. Alberta/OSM/2022-2023/1. Imagery/LU13/LU13_32/Deployment 1/RCNX0454.JPG,LU13_32_20230504_124508_RCNX0454.JPG
LU13,LU13_32,-111.34759,57.04958,478912.7864094643,6322958.631600377,2023-05-04T12:45:10Z,Black bear,1,yellow ear tag,Z:/3. ACME Projects/1. Alberta/OSM/2022-2023/1. Imagery/LU13/LU13_32/Deployment 1/RCNX0455.JPG,LU13_32_20230504_124510_RCNX0455.JPG
LU13,LU13_32,-111.34759,57.04958,478912.7864094643,6322958.631600377,2023-05-04T12:45:11Z,Black bear,1,yellow ear tag,Z:/3. ACME Projects/1. Alberta/OSM/2022-2023/1. Imagery/LU13/LU13_32/Deployment 1/RCNX0456.JPG,LU13_32_20230504_124511_RCNX0456.JPG
LU13,LU13_32,-111.34759,57.04958,478912.7864094643,6322958.631600377,2023-05-04T12:45:13Z,Black bear,1,yellow ear tag,Z:/3. ACME Projects/1. Alberta/OSM/2022-2023/1. Imagery/LU13/LU13_32/Deployment 1/RCNX0457.JPG,LU13_32_20230504_124513_RCNX0457.JPG
LU13,LU13_32,-111.34759,57.04958,478912.7864094643,6322958.631600377,2023-05-04T12:45:14Z,Black bear,1,yellow ear tag,Z:/3. ACME Projects/1. Alberta/OSM/2022-2023/1. Imagery/LU13/LU13_32/Deployment 1/RCNX0458.JPG,LU13_32_20230504_124514_RCNX0458.JPG
LU13,LU13_32,-111.34759,57.04958,478912.7864094643,6322958.631600377,2023-05-04T12:45:16Z,Black bear,1,yellow ear tag,Z:/3. ACME Projects/1. Alberta/OSM/2022-2023/1. Imagery/LU13/LU13_32/Deployment 1/RCNX0459.JPG,LU13_32_20230504_124516_RCNX0459.JPG
LU13,LU13_32,-111.34759,57.04958,478912.7864094643,6322958.631600377,2023-05-04T12:45:21Z,Black bear,1,yellow ear tag,Z:/3. ACME Projects/1. Alberta/OSM/2022-2023/1. Imagery/LU13/LU13_32/Deployment 1/RCNX0460.JPG,LU13_32_20230504_124521_RCNX0460.JPG
LU13,LU13_32,-111.34759,57.04958,478912.7864094643,6322958.631600377,2023-05-04T12:45:23Z,Black bear,1,yellow ear tag,Z:/3. ACME Projects/1. Alberta/OSM/2022-2023/1. Imagery/LU13/LU13_32/Deployment 1/RCNX0461.JPG,LU13_32_20230504_124523_RCNX0461.JPG
LU13,LU13_32,-111.34759,57.04958,478912.7864094643,6322958.631600377,2023-05-04T12:45:25Z,Black bear,1,yellow ear tag,Z:/3. ACME Projects/1. Alberta/OSM/2022-2023/1. Imagery/LU13/LU13_32/Deployment 1/RCNX0462.JPG,LU13_32_20230504_124525_RCNX0462.JPG
LU13,LU13_32,-111.34759,57.04958,478912.7864094643,6322958.631600377,2023-05-04T12:45:26Z,Black bear,1,yellow ear tag,Z:/3. ACME Projects/1. Alberta/OSM/2022-2023/1. Imagery/LU13/LU13_32/Deployment 1/RCNX0463.JPG,LU13_32_20230504_124526_RCNX0463.JPG
LU13,LU13_32,-111.34759,57.04958,478912.7864094643,6322958.631600377,2023-05-04T12:45:30Z,Black bear,1,yellow ear tag,Z:/3. ACME Projects/1. Alberta/OSM/2022-2023/1. Imagery/LU13/LU13_32/Deployment 1/RCNX0464.JPG,LU13_32_20230504_124530_RCNX0464.JPG
LU13,LU13_32,-111.34759,57.04958,478912.7864094643,6322958.631600377,2023-05-04T12:45:32Z,Black bear,1,yellow ear tag,Z:/3. ACME Projects/1. Alberta/OSM/2022-2023/1. Imagery/LU13/LU13_32/Deployment 1/RCNX0465.JPG,LU13_32_20230504_124532_RCNX0465.JPG
LU13,LU13_32,-111.34759,57.04958,478912.7864094643,6322958.631600377,2023-05-04T12:45:35Z,Black bear,1,yellow ear tag,Z:/3. ACME Projects/1. Alberta/OSM/2022-2023/1. Imagery/LU13/LU13_32/Deployment 1/RCNX0466.JPG,LU13_32_20230504_124535_RCNX0466.JPG
LU13,LU13_32,-111.34759,57.04958,478912.7864094643,6322958.631600377,2023-05-04T12:45:36Z,Black bear,1,yellow ear tag,Z:/3. ACME Projects/1. Alberta/OSM/2022-2023/1. Imagery/LU13/LU13_32/Deployment 1/RCNX0467.JPG,LU13_32_20230504_124536_RCNX0467.JPG
LU13,LU13_32,-111.34759,57.04958,478912.7864094643,6322958.631600377,2023-05-04T12:45:46Z,Black bear,1,yellow ear tag,Z:/3. ACME Projects/1. Alberta/OSM/2022-2023/1. Imagery/LU13/LU13_32/Deployment 1/RCNX0468.JPG,LU13_32_20230504_124546_RCNX0468.JPG
LU13,LU13_32,-111.34759,57.04958,478912.7864094643,6322958.631600377,2023-05-04T12:45:53Z,Black bear,1,yellow ear tag,Z:/3. ACME Projects/1. Alberta/OSM/2022-2023/1. Imagery/LU13/LU13_32/Deployment 1/RCNX0469.JPG,LU13_32_20230504_124553_RCNX0469.JPG
LU13,LU13_32,-111.34759,57.04958,478912.7864094643,6322958.631600377,2023-05-04T12:45:54Z,Black bear,1,yellow ear tag,Z:/3. ACME Projects/1. Alberta/OSM/2022-2023/1. Imagery/LU13/LU13_32/Deployment 1/RCNX0470.JPG,LU13_32_20230504_124554_RCNX0470.JPG
LU13,LU13_32,-111.34759,57.04958,478912.7864094643,6322958.631600377,2023-05-04T12:45:58Z,Black bear,1,yellow ear tag,Z:/3. ACME Projects/1. Alberta/OSM/2022-2023/1. Imagery/LU13/LU13_32/Deployment 1/RCNX0471.JPG,LU13_32_20230504_124558_RCNX0471.JPG
LU13,LU13_32,-111.34759,57.04958,478912.7864094643,6322958.631600377,2023-05-04T12:46:00Z,Black bear,1,yellow ear tag,Z:/3. ACME Projects/1. Alberta/OSM/2022-2023/1. Imagery/LU13/LU13_32/Deployment 1/RCNX0472.JPG,LU13_32_20230504_124600_RCNX0472.JPG
LU13,LU13_32,-111.34759,57.04958,478912.7864094643,6322958.631600377,2023-05-04T12:46:01Z,Black bear,1,yellow ear tag,Z:/3. ACME Projects/1. Alberta/OSM/2022-2023/1. Imagery/LU13/LU13_32/Deployment 1/RCNX0473.JPG,LU13_32_20230504_124601_RCNX0473.JPG
LU13,LU13_32,-111.34759,57.04958,478912.7864094643,6322958.631600377,2023-05-04T12:46:10Z,Black bear,1,yellow ear tag,Z:/3. ACME Projects/1. Alberta/OSM/2022-2023/1. Imagery/LU13/LU13_32/Deployment 1/RCNX0474.JPG,LU13_32_20230504_124610_RCNX0474.JPG
LU13,LU13_32,-111.34759,57.04958,478912.7864094643,6322958.631600377,2023-05-04T12:46:18Z,Black bear,1,yellow ear tag,Z:/3. ACME Projects/1. Alberta/OSM/2022-2023/1. Imagery/LU13/LU13_32/Deployment 1/RCNX0475.JPG,LU13_32_20230504_124618_RCNX0475.JPG
LU13,LU13_32,-111.34759,57.04958,478912.7864094643,6322958.631600377,2023-05-04T12:46:21Z,Black bear,1,yellow ear tag,Z:/3. ACME Projects/1. Alberta/OSM/2022-2023/1. Imagery/LU13/LU13_32/Deployment 1/RCNX0476.JPG,LU13_32_20230504_124621_RCNX0476.JPG
LU13,LU13_35,-111.43315,57.11565,473768.8360320066,6330342.923998093,2022-09-24T11:43:38Z,Black bear,1,tagged and radiocollared bear,Z:/3. ACME Projects/1. Alberta/OSM/2022-2023/1. Imagery/LU13/LU13_35/Deployment 1/RCNX0107.JPG,LU13_35_20220924_114338_RCNX0107.JPG
LU13,LU13_35,-111.43315,57.11565,473768.8360320066,6330342.923998093,2022-09-24T11:43:39Z,Black bear,1,tagged and radiocollared bear,Z:/3. ACME Projects/1. Alberta/OSM/2022-2023/1. Imagery/LU13/LU13_35/Deployment 1/RCNX0108.JPG,LU13_35_20220924_114339_RCNX0108.JPG
LU13,LU13_35,-111.43315,57.11565,473768.8360320066,6330342.923998093,2022-09-24T11:43:40Z,Black bear,1,tagged and radiocollared bear,Z:/3. ACME Projects/1. Alberta/OSM/2022-2023/1. Imagery/LU13/LU13_35/Deployment 1/RCNX0109.JPG,LU13_35_20220924_114340_RCNX0109.JPG
LU13,LU13_35,-111.43315,57.11565,473768.8360320066,6330342.923998093,2022-09-24T11:43:42Z,Black bear,1,tagged and radiocollared bear,Z:/3. ACME Projects/1. Alberta/OSM/2022-2023/1. Imagery/LU13/LU13_35/Deployment 1/RCNX0110.JPG,LU13_35_20220924_114342_RCNX0110.JPG
LU13,LU13_35,-111.43315,57.11565,473768.8360320066,6330342.923998093,2022-09-24T11:43:43Z,Black bear,1,tagged and radiocollared bear,Z:/3. ACME Projects/1. Alberta/OSM/2022-2023/1. Imagery/LU13/LU13_35/Deployment 1/RCNX0111.JPG,LU13_35_20220924_114343_RCNX0111.JPG
LU13,LU13_35,-111.43315,57.11565,473768.8360320066,6330342.923998093,2022-09-24T11:43:44Z,Black bear,1,tagged and radiocollared bear,Z:/3. ACME Projects/1. Alberta/OSM/2022-2023/1. Imagery/LU13/LU13_35/Deployment 1/RCNX0112.JPG,LU13_35_20220924_114344_RCNX0112.JPG
LU13,LU13_35,-111.43315,57.11565,473768.8360320066,6330342.923998093,2022-09-24T11:43:51Z,Black bear,1,tagged and radiocollared bear,Z:/3. ACME Projects/1. Alberta/OSM/2022-2023/1. Imagery/LU13/LU13_35/Deployment 1/RCNX0113.JPG,LU13_35_20220924_114351_RCNX0113.JPG
LU13,LU13_35,-111.43315,57.11565,473768.8360320066,6330342.923998093,2022-09-24T11:43:57Z,Black bear,1,tagged and radiocollared bear,Z:/3. ACME Projects/1. Alberta/OSM/2022-2023/1. Imagery/LU13/LU13_35/Deployment 1/RCNX0114.JPG,LU13_35_20220924_114357_RCNX0114.JPG
LU13,LU13_35,-111.43315,57.11565,473768.8360320066,6330342.923998093,2022-09-24T11:44:00Z,Black bear,1,tagged and radiocollared bear,Z:/3. ACME Projects/1. Alberta/OSM/2022-2023/1. Imagery/LU13/LU13_35/Deployment 1/RCNX0115.JPG,LU13_35_20220924_114400_RCNX0115.JPG
LU13,LU13_35,-111.43315,57.11565,473768.8360320066,6330342.923998093,2022-09-24T11:44:01Z,Black bear,1,tagged and radiocollared bear,Z:/3. ACME Projects/1. Alberta/OSM/2022-2023/1. Imagery/LU13/LU13_35/Deployment 1/RCNX0116.JPG,LU13_35_20220924_114401_RCNX0116.JPG
LU13,LU13_35,-111.43315,57.11565,473768.8360320066,6330342.923998093,2022-09-24T11:44:04Z,Black bear,1,tagged and radiocollared bear,Z:/3. ACME Projects/1. Alberta/OSM/2022-2023/1. Imagery/LU13/LU13_35/Deployment 1/RCNX0117.JPG,LU13_35_20220924_114404_RCNX0117.JPG
LU13,LU13_35,-111.43315,57.11565,473768.8360320066,6330342.923998093,2022-09-24T11:44:06Z,Black bear,1,tagged and radiocollared bear,Z:/3. ACME Projects/1. Alberta/OSM/2022-2023/1. Imagery/LU13/LU13_35/Deployment 1/RCNX0118.JPG,LU13_35_20220924_114406_RCNX0118.JPG
LU13,LU13_35,-111.43315,57.11565,473768.8360320066,6330342.923998093,2022-09-24T11:44:07Z,Black bear,1,tagged and radiocollared bear,Z:/3. ACME Projects/1. Alberta/OSM/2022-2023/1. Imagery/LU13/LU13_35/Deployment 1/RCNX0119.JPG,LU13_35_20220924_114407_RCNX0119.JPG
LU13,LU13_35,-111.43315,57.11565,473768.8360320066,6330342.923998093,2022-09-24T11:44:09Z,Black bear,1,tagged and radiocollared bear,Z:/3. ACME Projects/1. Alberta/OSM/2022-2023/1. Imagery/LU13/LU13_35/Deployment 1/RCNX0120.JPG,LU13_35_20220924_114409_RCNX0120.JPG
LU13,LU13_35,-111.43315,57.11565,473768.8360320066,6330342.923998093,2022-09-24T11:44:10Z,Black bear,1,tagged and radiocollared bear,Z:/3. ACME Projects/1. Alberta/OSM/2022-2023/1. Imagery/LU13/LU13_35/Deployment 1/RCNX0121.JPG,LU13_35_20220924_114410_RCNX0121.JPG
LU13,LU13_35,-111.43315,57.11565,473768.8360320066,6330342.923998093,2022-09-24T11:44:10Z,Black bear,1,tagged and radiocollared bear,Z:/3. ACME Projects/1. Alberta/OSM/2022-2023/1. Imagery/LU13/LU13_35/Deployment 1/RCNX0122.JPG,LU13_35_20220924_114410_RCNX0122.JPG
LU13,LU13_35,-111.43315,57.11565,473768.8360320066,6330342.923998093,2022-09-24T11:44:11Z,Black bear,1,tagged and radiocollared bear,Z:/3. ACME Projects/1. Alberta/OSM/2022-2023/1. Imagery/LU13/LU13_35/Deployment 1/RCNX0123.JPG,LU13_35_20220924_114411_RCNX0123.JPG
LU13,LU13_35,-111.43315,57.11565,473768.8360320066,6330342.923998093,2022-09-24T11:44:13Z,Black bear,1,tagged and radiocollared bear,Z:/3. ACME Projects/1. Alberta/OSM/2022-2023/1. Imagery/LU13/LU13_35/Deployment 1/RCNX0124.JPG,LU13_35_20220924_114413_RCNX0124.JPG
LU13,LU13_35,-111.43315,57.11565,473768.8360320066,6330342.923998093,2022-09-24T11:44:14Z,Black bear,1,tagged and radiocollared bear,Z:/3. ACME Projects/1. Alberta/OSM/2022-2023/1. Imagery/LU13/LU13_35/Deployment 1/RCNX0125.JPG,LU13_35_20220924_114414_RCNX0125.JPG
LU13,LU13_35,-111.43315,57.11565,473768.8360320066,6330342.923998093,2022-09-24T11:44:15Z,Black bear,1,tagged and radiocollared bear,Z:/3. ACME Projects/1. Alberta/OSM/2022-2023/1. Imagery/LU13/LU13_35/Deployment 1/RCNX0126.JPG,LU13_35_20220924_114415_RCNX0126.JPG
LU13,LU13_35,-111.43315,57.11565,473768.8360320066,6330342.923998093,2022-09-24T11:44:16Z,Black bear,1,tagged and radiocollared bear,Z:/3. ACME Projects/1. Alberta/OSM/2022-2023/1. Imagery/LU13/LU13_35/Deployment 1/RCNX0127.JPG,LU13_35_20220924_114416_RCNX0127.JPG
LU13,LU13_35,-111.43315,57.11565,473768.8360320066,6330342.923998093,2022-09-24T11:44:17Z,Black bear,1,tagged and radiocollared bear,Z:/3. ACME Projects/1. Alberta/OSM/2022-2023/1. Imagery/LU13/LU13_35/Deployment 1/RCNX0128.JPG,LU13_35_20220924_114417_RCNX0128.JPG
LU13,LU13_35,-111.43315,57.11565,473768.8360320066,6330342.923998093,2022-09-24T11:44:18Z,Black bear,1,tagged and radiocollared bear,Z:/3. ACME Projects/1. Alberta/OSM/2022-2023/1. Imagery/LU13/LU13_35/Deployment 1/RCNX0129.JPG,LU13_35_20220924_114418_RCNX0129.JPG
LU13,LU13_35,-111.43315,57.11565,473768.8360320066,6330342.923998093,2022-09-24T11:44:18Z,Black bear,1,tagged and radiocollared bear,Z:/3. ACME Projects/1. Alberta/OSM/2022-2023/1. Imagery/LU13/LU13_35/Deployment 1/RCNX0130.JPG,LU13_35_20220924_114418_RCNX0130.JPG
LU13,LU13_35,-111.43315,57.11565,473768.8360320066,6330342.923998093,2022-09-24T11:44:20Z,Black bear,1,tagged and radiocollared bear,Z:/3. ACME Projects/1. Alberta/OSM/2022-2023/1. Imagery/LU13/LU13_35/Deployment 1/RCNX0131.JPG,LU13_35_20220924_114420_RCNX0131.JPG
LU13,LU13_35,-111.43315,57.11565,473768.8360320066,6330342.923998093,2022-09-24T11:44:21Z,Black bear,1,tagged and radiocollared bear,Z:/3. ACME Projects/1. Alberta/OSM/2022-2023/1. Imagery/LU13/LU13_35/Deployment 1/RCNX0132.JPG,LU13_35_20220924_114421_RCNX0132.JPG
LU13,LU13_35,-111.43315,57.11565,473768.8360320066,6330342.923998093,2022-09-24T11:44:22Z,Black bear,1,tagged and radiocollared bear,Z:/3. ACME Projects/1. Alberta/OSM/2022-2023/1. Imagery/LU13/LU13_35/Deployment 1/RCNX0133.JPG,LU13_35_20220924_114422_RCNX0133.JPG
LU13,LU13_35,-111.43315,57.11565,473768.8360320066,6330342.923998093,2022-09-24T11:44:23Z,Black bear,1,tagged and radiocollared bear,Z:/3. ACME Projects/1. Alberta/OSM/2022-2023/1. Imagery/LU13/LU13_35/Deployment 1/RCNX0134.JPG,LU13_35_20220924_114423_RCNX0134.JPG
LU13,LU13_35,-111.43315,57.11565,473768.8360320066,6330342.923998093,2022-09-24T11:44:24Z,Black bear,1,tagged and radiocollared bear,Z:/3. ACME Projects/1. Alberta/OSM/2022-2023/1. Imagery/LU13/LU13_35/Deployment 1/RCNX0135.JPG,LU13_35_20220924_114424_RCNX0135.JPG
LU13,LU13_35,-111.43315,57.11565,473768.8360320066,6330342.923998093,2022-09-24T11:44:26Z,Black bear,1,tagged and radiocollared bear,Z:/3. ACME Projects/1. Alberta/OSM/2022-2023/1. Imagery/LU13/LU13_35/Deployment 1/RCNX0136.JPG,LU13_35_20220924_114426_RCNX0136.JPG
LU13,LU13_35,-111.43315,57.11565,473768.8360320066,6330342.923998093,2022-09-24T11:44:27Z,Black bear,1,tagged and radiocollared bear,Z:/3. ACME Projects/1. Alberta/OSM/2022-2023/1. Imagery/LU13/LU13_35/Deployment 1/RCNX0137.JPG,LU13_35_20220924_114427_RCNX0137.JPG
LU13,LU13_35,-111.43315,57.11565,473768.8360320066,6330342.923998093,2022-09-24T11:44:27Z,Black bear,1,tagged and radiocollared bear,Z:/3. ACME Projects/1. Alberta/OSM/2022-2023/1. Imagery/LU13/LU13_35/Deployment 1/RCNX0138.JPG,LU13_35_20220924_114427_RCNX0138.JPG
LU13,LU13_35,-111.43315,57.11565,473768.8360320066,6330342.923998093,2023-08-06T14:54:34Z,Black bear,1,radio collared bear,Z:/3. ACME Projects/1. Alberta/OSM/2022-2023/1. Imagery/LU13/LU13_35/Deployment 1/RCNX0928.JPG,LU13_35_20230806_145434_RCNX0928.JPG
LU13,LU13_35,-111.43315,57.11565,473768.8360320066,6330342.923998093,2023-08-06T14:54:35Z,Black bear,1,radio collared bear,Z:/3. ACME Projects/1. Alberta/OSM/2022-2023/1. Imagery/LU13/LU13_35/Deployment 1/RCNX0929.JPG,LU13_35_20230806_145435_RCNX0929.JPG
LU13,LU13_35,-111.43315,57.11565,473768.8360320066,6330342.923998093,2023-08-06T14:54:36Z,Black bear,1,radio collared bear,Z:/3. ACME Projects/1. Alberta/OSM/2022-2023/1. Imagery/LU13/LU13_35/Deployment 1/RCNX0930.JPG,LU13_35_20230806_145436_RCNX0930.JPG
LU13,LU13_35,-111.43315,57.11565,473768.8360320066,6330342.923998093,2023-08-06T14:54:37Z,Black bear,1,radio collared bear,Z:/3. ACME Projects/1. Alberta/OSM/2022-2023/1. Imagery/LU13/LU13_35/Deployment 1/RCNX0931.JPG,LU13_35_20230806_145437_RCNX0931.JPG
LU13,LU13_49,-111.07793,57.193340000000006,495290.4957489808,6338910.653045533,2023-06-16T19:38:17Z,Black bear,1,Collared bear,Z:/3. ACME Projects/1. Alberta/OSM/2022-2023/1. Imagery/LU13/LU13_49/Deployment 1/RCNX2110.JPG,LU13_49_20230616_193817_RCNX2110.JPG
LU13,LU13_49,-111.07793,57.193340000000006,495290.4957489808,6338910.653045533,2023-06-16T19:38:18Z,Black bear,1,Collared bear,Z:/3. ACME Projects/1. Alberta/OSM/2022-2023/1. Imagery/LU13/LU13_49/Deployment 1/RCNX2111.JPG,LU13_49_20230616_193818_RCNX2111.JPG
LU13,LU13_49,-111.07793,57.193340000000006,495290.4957489808,6338910.653045533,2023-06-16T19:38:19Z,Black bear,1,Collared bear,Z:/3. ACME Projects/1. Alberta/OSM/2022-2023/1. Imagery/LU13/LU13_49/Deployment 1/RCNX2112.JPG,LU13_49_20230616_193819_RCNX2112.JPG
LU13,LU13_49,-111.07793,57.193340000000006,495290.4957489808,6338910.653045533,2023-06-16T19:38:20Z,Black bear,1,Collared bear,Z:/3. ACME Projects/1. Alberta/OSM/2022-2023/1. Imagery/LU13/LU13_49/Deployment 1/RCNX2113.JPG,LU13_49_20230616_193820_RCNX2113.JPG
LU13,LU13_49,-111.07793,57.193340000000006,495290.4957489808,6338910.653045533,2023-06-16T19:38:21Z,Black bear,1,Collared bear,Z:/3. ACME Projects/1. Alberta/OSM/2022-2023/1. Imagery/LU13/LU13_49/Deployment 1/RCNX2114.JPG,LU13_49_20230616_193821_RCNX2114.JPG
LU13,LU13_49,-111.07793,57.193340000000006,495290.4957489808,6338910.653045533,2023-06-16T19:38:28Z,Black bear,1,Collared bear,Z:/3. ACME Projects/1. Alberta/OSM/2022-2023/1. Imagery/LU13/LU13_49/Deployment 1/RCNX2115.JPG,LU13_49_20230616_193828_RCNX2115.JPG
LU13,LU13_49,-111.07793,57.193340000000006,495290.4957489808,6338910.653045533,2023-06-16T19:38:29Z,Black bear,1,Collared bear,Z:/3. ACME Projects/1. Alberta/OSM/2022-2023/1. Imagery/LU13/LU13_49/Deployment 1/RCNX2116.JPG,LU13_49_20230616_193829_RCNX2116.JPG
LU13,LU13_49,-111.07793,57.193340000000006,495290.4957489808,6338910.653045533,2023-06-16T19:38:38Z,Black bear,1,Collared bear,Z:/3. ACME Projects/1. Alberta/OSM/2022-2023/1. Imagery/LU13/LU13_49/Deployment 1/RCNX2117.JPG,LU13_49_20230616_193838_RCNX2117.JPG
LU13,LU13_49,-111.07793,57.193340000000006,495290.4957489808,6338910.653045533,2023-06-16T19:38:39Z,Black bear,1,Collared bear,Z:/3. ACME Projects/1. Alberta/OSM/2022-2023/1. Imagery/LU13/LU13_49/Deployment 1/RCNX2118.JPG,LU13_49_20230616_193839_RCNX2118.JPG
LU13,LU13_49,-111.07793,57.193340000000006,495290.4957489808,6338910.653045533,2023-06-16T19:38:44Z,Black bear,1,Collared bear,Z:/3. ACME Projects/1. Alberta/OSM/2022-2023/1. Imagery/LU13/LU13_49/Deployment 1/RCNX2119.JPG,LU13_49_20230616_193844_RCNX2119.JPG
LU13,LU13_49,-111.07793,57.193340000000006,495290.4957489808,6338910.653045533,2023-06-16T19:38:45Z,Black bear,1,Collared bear,Z:/3. ACME Projects/1. Alberta/OSM/2022-2023/1. Imagery/LU13/LU13_49/Deployment 1/RCNX2120.JPG,LU13_49_20230616_193845_RCNX2120.JPG
LU13,LU13_49,-111.07793,57.193340000000006,495290.4957489808,6338910.653045533,2023-06-16T19:38:49Z,Black bear,1,Collared bear,Z:/3. ACME Projects/1. Alberta/OSM/2022-2023/1. Imagery/LU13/LU13_49/Deployment 1/RCNX2121.JPG,LU13_49_20230616_193849_RCNX2121.JPG
LU13,LU13_49,-111.07793,57.193340000000006,495290.4957489808,6338910.653045533,2023-06-16T19:38:50Z,Black bear,1,Collared bear,Z:/3. ACME Projects/1. Alberta/OSM/2022-2023/1. Imagery/LU13/LU13_49/Deployment 1/RCNX2122.JPG,LU13_49_20230616_193850_RCNX2122.JPG
LU13,LU13_49,-111.07793,57.193340000000006,495290.4957489808,6338910.653045533,2023-06-16T19:38:55Z,Black bear,1,Collared bear,Z:/3. ACME Projects/1. Alberta/OSM/2022-2023/1. Imagery/LU13/LU13_49/Deployment 1/RCNX2123.JPG,LU13_49_20230616_193855_RCNX2123.JPG
LU13,LU13_49,-111.07793,57.193340000000006,495290.4957489808,6338910.653045533,2023-06-16T19:38:56Z,Black bear,1,Collared bear,Z:/3. ACME Projects/1. Alberta/OSM/2022-2023/1. Imagery/LU13/LU13_49/Deployment 1/RCNX2124.JPG,LU13_49_20230616_193856_RCNX2124.JPG
LU13,LU13_49,-111.07793,57.193340000000006,495290.4957489808,6338910.653045533,2023-06-16T19:38:58Z,Black bear,1,Collared bear,Z:/3. ACME Projects/1. Alberta/OSM/2022-2023/1. Imagery/LU13/LU13_49/Deployment 1/RCNX2125.JPG,LU13_49_20230616_193858_RCNX2125.JPG
LU13,LU13_49,-111.07793,57.193340000000006,495290.4957489808,6338910.653045533,2023-06-16T19:38:59Z,Black bear,1,Collared bear,Z:/3. ACME Projects/1. Alberta/OSM/2022-2023/1. Imagery/LU13/LU13_49/Deployment 1/RCNX2126.JPG,LU13_49_20230616_193859_RCNX2126.JPG
LU13,LU13_49,-111.07793,57.193340000000006,495290.4957489808,6338910.653045533,2023-06-16T19:39:00Z,Black bear,1,Collared bear,Z:/3. ACME Projects/1. Alberta/OSM/2022-2023/1. Imagery/LU13/LU13_49/Deployment 1/RCNX2127.JPG,LU13_49_20230616_193900_RCNX2127.JPG
LU13,LU13_49,-111.07793,57.193340000000006,495290.4957489808,6338910.653045533,2023-06-16T19:39:02Z,Black bear,1,Collared bear,Z:/3. ACME Projects/1. Alberta/OSM/2022-2023/1. Imagery/LU13/LU13_49/Deployment 1/RCNX2128.JPG,LU13_49_20230616_193902_RCNX2128.JPG
LU13,LU13_49,-111.07793,57.193340000000006,495290.4957489808,6338910.653045533,2023-06-16T19:39:03Z,Black bear,1,Collared bear,Z:/3. ACME Projects/1. Alberta/OSM/2022-2023/1. Imagery/LU13/LU13_49/Deployment 1/RCNX2129.JPG,LU13_49_20230616_193903_RCNX2129.JPG
LU13,LU13_49,-111.07793,57.193340000000006,495290.4957489808,6338910.653045533,2023-06-16T19:39:04Z,Black bear,1,Collared bear,Z:/3. ACME Projects/1. Alberta/OSM/2022-2023/1. Imagery/LU13/LU13_49/Deployment 1/RCNX2130.JPG,LU13_49_20230616_193904_RCNX2130.JPG
LU13,LU13_49,-111.07793,57.193340000000006,495290.4957489808,6338910.653045533,2023-06-16T19:39:05Z,Black bear,1,Collared bear,Z:/3. ACME Projects/1. Alberta/OSM/2022-2023/1. Imagery/LU13/LU13_49/Deployment 1/RCNX2131.JPG,LU13_49_20230616_193905_RCNX2131.JPG
LU13,LU13_51,-111.25424,57.08858,484592.1939485075,6327275.00139388,2023-06-12T11:32:45Z,Black bear,1,collared bear,Z:/3. ACME Projects/1. Alberta/OSM/2022-2023/1. Imagery/LU13/LU13_51/Deployment 1/RCNX0647.JPG,LU13_51_20230612_113245_RCNX0647.JPG
LU13,LU13_70,-111.05211,57.19792,496851.2522681376,6339419.00489534,2023-06-30T18:20:54Z,Black bear,1,collar,Z:/3. ACME Projects/1. Alberta/OSM/2022-2023/1. Imagery/LU13/LU13_70/Deployment 1/RCNX0526.JPG,LU13_70_20230630_182054_RCNX0526.JPG
LU13,LU13_70,-111.05211,57.19792,496851.2522681376,6339419.00489534,2023-06-30T18:21:01Z,Black bear,1,collar,Z:/3. ACME Projects/1. Alberta/OSM/2022-2023/1. Imagery/LU13/LU13_70/Deployment 1/RCNX0527.JPG,LU13_70_20230630_182101_RCNX0527.JPG
LU13,LU13_70,-111.05211,57.19792,496851.2522681376,6339419.00489534,2023-06-30T18:21:03Z,Black bear,1,collar,Z:/3. ACME Projects/1. Alberta/OSM/2022-2023/1. Imagery/LU13/LU13_70/Deployment 1/RCNX0528.JPG,LU13_70_20230630_182103_RCNX0528.JPG
LU21,LU21_164,-111.93586,56.61886,442569.58453788667,6275352.165597901,2023-05-19T21:43:36Z,Black bear,1,white marking on,Z:/3. ACME Projects/1. Alberta/OSM/2022-2023/1. Imagery/LU21/LU21_164/Deployment 1/RCNX2266.JPG,LU21_164_20230519_214336_RCNX2266.JPG
LU21,LU21_164,-111.93586,56.61886,442569.58453788667,6275352.165597901,2023-05-19T21:43:37Z,Black bear,1,white marking on,Z:/3. ACME Projects/1. Alberta/OSM/2022-2023/1. Imagery/LU21/LU21_164/Deployment 1/RCNX2267.JPG,LU21_164_20230519_214337_RCNX2267.JPG
LU21,LU21_164,-111.93586,56.61886,442569.58453788667,6275352.165597901,2023-05-19T21:43:38Z,Black bear,1,white marking on,Z:/3. ACME Projects/1. Alberta/OSM/2022-2023/1. Imagery/LU21/LU21_164/Deployment 1/RCNX2268.JPG,LU21_164_20230519_214338_RCNX2268.JPG
LU21,LU21_164,-111.93586,56.61886,442569.58453788667,6275352.165597901,2023-05-19T21:43:50Z,Black bear,1,white marking on,Z:/3. ACME Projects/1. Alberta/OSM/2022-2023/1. Imagery/LU21/LU21_164/Deployment 1/RCNX2269.JPG,LU21_164_20230519_214350_RCNX2269.JPG
LU21,LU21_164,-111.93586,56.61886,442569.58453788667,6275352.165597901,2023-05-19T21:43:56Z,Black bear,1,white marking on,Z:/3. ACME Projects/1. Alberta/OSM/2022-2023/1. Imagery/LU21/LU21_164/Deployment 1/RCNX2270.JPG,LU21_164_20230519_214356_RCNX2270.JPG
LU21,LU21_164,-111.93586,56.61886,442569.58453788667,6275352.165597901,2023-05-19T21:44:00Z,Black bear,1,white marking on,Z:/3. ACME Projects/1. Alberta/OSM/2022-2023/1. Imagery/LU21/LU21_164/Deployment 1/RCNX2271.JPG,LU21_164_20230519_214400_RCNX2271.JPG
LU21,LU21_164,-111.93586,56.61886,442569.58453788667,6275352.165597901,2023-05-19T21:44:15Z,Black bear,1,white marking on,Z:/3. ACME Projects/1. Alberta/OSM/2022-2023/1. Imagery/LU21/LU21_164/Deployment 1/RCNX2272.JPG,LU21_164_20230519_214415_RCNX2272.JPG
LU21,LU21_164,-111.93586,56.61886,442569.58453788667,6275352.165597901,2023-05-19T21:44:17Z,Black bear,1,white marking on,Z:/3. ACME Projects/1. Alberta/OSM/2022-2023/1. Imagery/LU21/LU21_164/Deployment 1/RCNX2273.JPG,LU21_164_20230519_214417_RCNX2273.JPG
LU21,LU21_164,-111.93586,56.61886,442569.58453788667,6275352.165597901,2023-05-19T21:44:20Z,Black bear,1,white marking on,Z:/3. ACME Projects/1. Alberta/OSM/2022-2023/1. Imagery/LU21/LU21_164/Deployment 1/RCNX2274.JPG,LU21_164_20230519_214420_RCNX2274.JPG
LU21,LU21_164,-111.93586,56.61886,442569.58453788667,6275352.165597901,2023-05-19T21:44:21Z,Black bear,1,white marking on,Z:/3. ACME Projects/1. Alberta/OSM/2022-2023/1. Imagery/LU21/LU21_164/Deployment 1/RCNX2275.JPG,LU21_164_20230519_214421_RCNX2275.JPG
LU21,LU21_164,-111.93586,56.61886,442569.58453788667,6275352.165597901,2023-05-19T21:44:23Z,Black bear,1,white marking on,Z:/3. ACME Projects/1. Alberta/OSM/2022-2023/1. Imagery/LU21/LU21_164/Deployment 1/RCNX2276.JPG,LU21_164_20230519_214423_RCNX2276.JPG
LU21,LU21_164,-111.93586,56.61886,442569.58453788667,6275352.165597901,2023-05-19T21:44:27Z,Black bear,1,white marking on,Z:/3. ACME Projects/1. Alberta/OSM/2022-2023/1. Imagery/LU21/LU21_164/Deployment 1/RCNX2277.JPG,LU21_164_20230519_214427_RCNX2277.JPG
LU21,LU21_164,-111.93586,56.61886,442569.58453788667,6275352.165597901,2023-05-19T21:44:41Z,Black bear,1,white marking on,Z:/3. ACME Projects/1. Alberta/OSM/2022-2023/1. Imagery/LU21/LU21_164/Deployment 1/RCNX2278.JPG,LU21_164_20230519_214441_RCNX2278.JPG
LU21,LU21_164,-111.93586,56.61886,442569.58453788667,6275352.165597901,2023-05-19T21:44:42Z,Black bear,1,white marking on,Z:/3. ACME Projects/1. Alberta/OSM/2022-2023/1. Imagery/LU21/LU21_164/Deployment 1/RCNX2279.JPG,LU21_164_20230519_214442_RCNX2279.JPG
LU21,LU21_164,-111.93586,56.61886,442569.58453788667,6275352.165597901,2023-05-19T21:44:44Z,Black bear,1,white marking on,Z:/3. ACME Projects/1. Alberta/OSM/2022-2023/1. Imagery/LU21/LU21_164/Deployment 1/RCNX2280.JPG,LU21_164_20230519_214444_RCNX2280.JPG
LU21,LU21_164,-111.93586,56.61886,442569.58453788667,6275352.165597901,2023-05-19T21:44:45Z,Black bear,1,white marking on,Z:/3. ACME Projects/1. Alberta/OSM/2022-2023/1. Imagery/LU21/LU21_164/Deployment 1/RCNX2281.JPG,LU21_164_20230519_214445_RCNX2281.JPG
LU21,LU21_164,-111.93586,56.61886,442569.58453788667,6275352.165597901,2023-05-19T21:44:46Z,Black bear,1,white marking on,Z:/3. ACME Projects/1. Alberta/OSM/2022-2023/1. Imagery/LU21/LU21_164/Deployment 1/RCNX2282.JPG,LU21_164_20230519_214446_RCNX2282.JPG
LU21,LU21_164,-111.93586,56.61886,442569.58453788667,6275352.165597901,2023-05-19T21:44:47Z,Black bear,1,white marking on,Z:/3. ACME Projects/1. Alberta/OSM/2022-2023/1. Imagery/LU21/LU21_164/Deployment 1/RCNX2283.JPG,LU21_164_20230519_214447_RCNX2283.JPG
LU21,LU21_164,-111.93586,56.61886,442569.58453788667,6275352.165597901,2023-05-19T21:44:48Z,Black bear,1,white marking on,Z:/3. ACME Projects/1. Alberta/OSM/2022-2023/1. Imagery/LU21/LU21_164/Deployment 1/RCNX2284.JPG,LU21_164_20230519_214448_RCNX2284.JPG
LU21,LU21_164,-111.93586,56.61886,442569.58453788667,6275352.165597901,2023-05-19T21:44:49Z,Black bear,1,white marking on,Z:/3. ACME Projects/1. Alberta/OSM/2022-2023/1. Imagery/LU21/LU21_164/Deployment 1/RCNX2285.JPG,LU21_164_20230519_214449_RCNX2285.JPG
LU21,LU21_164,-111.93586,56.61886,442569.58453788667,6275352.165597901,2023-05-19T21:44:50Z,Black bear,1,white marking on,Z:/3. ACME Projects/1. Alberta/OSM/2022-2023/1. Imagery/LU21/LU21_164/Deployment 1/RCNX2286.JPG,LU21_164_20230519_214450_RCNX2286.JPG
LU21,LU21_164,-111.93586,56.61886,442569.58453788667,6275352.165597901,2023-05-19T21:44:51Z,Black bear,1,white marking on,Z:/3. ACME Projects/1. Alberta/OSM/2022-2023/1. Imagery/LU21/LU21_164/Deployment 1/RCNX2287.JPG,LU21_164_20230519_214451_RCNX2287.JPG
LU21,LU21_164,-111.93586,56.61886,442569.58453788667,6275352.165597901,2023-05-19T21:44:59Z,Black bear,1,white marking on,Z:/3. ACME Projects/1. Alberta/OSM/2022-2023/1. Imagery/LU21/LU21_164/Deployment 1/RCNX2288.JPG,LU21_164_20230519_214459_RCNX2288.JPG
LU21,LU21_164,-111.93586,56.61886,442569.58453788667,6275352.165597901,2023-05-19T21:45:06Z,Black bear,1,white marking on,Z:/3. ACME Projects/1. Alberta/OSM/2022-2023/1. Imagery/LU21/LU21_164/Deployment 1/RCNX2289.JPG,LU21_164_20230519_214506_RCNX2289.JPG
LU21,LU21_164,-111.93586,56.61886,442569.58453788667,6275352.165597901,2023-05-19T21:45:07Z,Black bear,1,white marking on,Z:/3. ACME Projects/1. Alberta/OSM/2022-2023/1. Imagery/LU21/LU21_164/Deployment 1/RCNX2290.JPG,LU21_164_20230519_214507_RCNX2290.JPG
LU21,LU21_164,-111.93586,56.61886,442569.58453788667,6275352.165597901,2023-05-19T21:45:11Z,Black bear,1,white marking on,Z:/3. ACME Projects/1. Alberta/OSM/2022-2023/1. Imagery/LU21/LU21_164/Deployment 1/RCNX2291.JPG,LU21_164_20230519_214511_RCNX2291.JPG
LU21,LU21_164,-111.93586,56.61886,442569.58453788667,6275352.165597901,2023-05-19T21:45:18Z,Black bear,1,white marking on,Z:/3. ACME Projects/1. Alberta/OSM/2022-2023/1. Imagery/LU21/LU21_164/Deployment 1/RCNX2292.JPG,LU21_164_20230519_214518_RCNX2292.JPG
LU21,LU21_164,-111.93586,56.61886,442569.58453788667,6275352.165597901,2023-05-19T21:45:20Z,Black bear,1,white marking on,Z:/3. ACME Projects/1. Alberta/OSM/2022-2023/1. Imagery/LU21/LU21_164/Deployment 1/RCNX2293.JPG,LU21_164_20230519_214520_RCNX2293.JPG
LU21,LU21_164,-111.93586,56.61886,442569.58453788667,6275352.165597901,2023-05-19T21:45:21Z,Black bear,1,white marking on,Z:/3. ACME Projects/1. Alberta/OSM/2022-2023/1. Imagery/LU21/LU21_164/Deployment 1/RCNX2294.JPG,LU21_164_20230519_214521_RCNX2294.JPG
LU21,LU21_164,-111.93586,56.61886,442569.58453788667,6275352.165597901,2023-08-18T17:13:26Z,Black bear,1,white marking on,Z:/3. ACME Projects/1. Alberta/OSM/2022-2023/1. Imagery/LU21/LU21_164/Deployment 1/RCNX3366.JPG,LU21_164_20230818_171326_RCNX3366.JPG
LU21,LU21_164,-111.93586,56.61886,442569.58453788667,6275352.165597901,2023-08-18T17:13:50Z,Black bear,1,white marking on,Z:/3. ACME Projects/1. Alberta/OSM/2022-2023/1. Imagery/LU21/LU21_164/Deployment 1/RCNX3367.JPG,LU21_164_20230818_171350_RCNX3367.JPG
LU21,LU21_164,-111.93586,56.61886,442569.58453788667,6275352.165597901,2023-08-18T17:13:51Z,Black bear,1,white marking on,Z:/3. ACME Projects/1. Alberta/OSM/2022-2023/1. Imagery/LU21/LU21_164/Deployment 1/RCNX3368.JPG,LU21_164_20230818_171351_RCNX3368.JPG
LU21,LU21_164,-111.93586,56.61886,442569.58453788667,6275352.165597901,2023-08-18T17:13:52Z,Black bear,1,white marking on,Z:/3. ACME Projects/1. Alberta/OSM/2022-2023/1. Imagery/LU21/LU21_164/Deployment 1/RCNX3369.JPG,LU21_164_20230818_171352_RCNX3369.JPG
LU21,LU21_164,-111.93586,56.61886,442569.58453788667,6275352.165597901,2023-08-18T17:13:53Z,Black bear,1,white marking on,Z:/3. ACME Projects/1. Alberta/OSM/2022-2023/1. Imagery/LU21/LU21_164/Deployment 1/RCNX3370.JPG,LU21_164_20230818_171353_RCNX3370.JPG
LU21,LU21_164,-111.93586,56.61886,442569.58453788667,6275352.165597901,2023-08-18T17:13:54Z,Black bear,1,white marking on,Z:/3. ACME Projects/1. Alberta/OSM/2022-2023/1. Imagery/LU21/LU21_164/Deployment 1/RCNX3371.JPG,LU21_164_20230818_171354_RCNX3371.JPG
LU9,LU9_33,-113.64686,55.98747999999999,334889.7223174517,6207848.340957581,2024-08-05T21:17:03Z,Black bear,1,YLY but past cut-off so tagged adult,Z:/3. ACME Projects/1. Alberta/OSM/2023-2024/1. Imagery/OSM_2024_LU09/LU09_33/101RECNX/RCNX1526.JPG,LU9_33_20240805_211703_RCNX1526.JPG
LU9,LU9_33,-113.64686,55.98747999999999,334889.7223174517,6207848.340957581,2024-08-05T21:17:25Z,Black bear,1,YLY but past cut-off so tagged adult,Z:/3. ACME Projects/1. Alberta/OSM/2023-2024/1. Imagery/OSM_2024_LU09/LU09_33/101RECNX/RCNX1528.JPG,LU9_33_20240805_211725_RCNX1528.JPG
LU9,LU9_33,-113.64686,55.98747999999999,334889.7223174517,6207848.340957581,2024-08-05T21:17:35Z,Black bear,1,YLY but past cut-off so tagged adult,Z:/3. ACME Projects/1. Alberta/OSM/2023-2024/1. Imagery/OSM_2024_LU09/LU09_33/101RECNX/RCNX1529.JPG,LU9_33_20240805_211735_RCNX1529.JPG
LU9,LU9_33,-113.64686,55.98747999999999,334889.7223174517,6207848.340957581,2024-08-05T21:17:35Z,Black bear,1,YLY but past cut-off so tagged adult,Z:/3. ACME Projects/1. Alberta/OSM/2023-2024/1. Imagery/OSM_2024_LU09/LU09_33/101RECNX/RCNX1530.JPG,LU9_33_20240805_211735_RCNX1530.JPG
LU9,LU9_33,-113.64686,55.98747999999999,334889.7223174517,6207848.340957581,2024-08-05T21:17:47Z,Black bear,1,YLY but past cut-off so tagged adult,Z:/3. ACME Projects/1. Alberta/OSM/2023-2024/1. Imagery/OSM_2024_LU09/LU09_33/101RECNX/RCNX1531.JPG,LU9_33_20240805_211747_RCNX1531.JPG
LU9,LU9_33,-113.64686,55.98747999999999,334889.7223174517,6207848.340957581,2024-08-05T21:17:48Z,Black bear,1,YLY but past cut-off so tagged adult,Z:/3. ACME Projects/1. Alberta/OSM/2023-2024/1. Imagery/OSM_2024_LU09/LU09_33/101RECNX/RCNX1532.JPG,LU9_33_20240805_211748_RCNX1532.JPG
LU9,LU9_33,-113.64686,55.98747999999999,334889.7223174517,6207848.340957581,2024-08-05T21:17:50Z,Black bear,1,YLY but past cut-off so tagged adult,Z:/3. ACME Projects/1. Alberta/OSM/2023-2024/1. Imagery/OSM_2024_LU09/LU09_33/101RECNX/RCNX1533.JPG,LU9_33_20240805_211750_RCNX1533.JPG
LU9,LU9_33,-113.64686,55.98747999999999,334889.7223174517,6207848.340957581,2024-08-05T21:17:53Z,Black bear,1,YLY but past cut-off so tagged adult,Z:/3. ACME Projects/1. Alberta/OSM/2023-2024/1. Imagery/OSM_2024_LU09/LU09_33/101RECNX/RCNX1534.JPG,LU9_33_20240805_211753_RCNX1534.JPG
LU9,LU9_33,-113.64686,55.98747999999999,334889.7223174517,6207848.340957581,2024-08-05T21:17:54Z,Black bear,1,YLY but past cut-off so tagged adult,Z:/3. ACME Projects/1. Alberta/OSM/2023-2024/1. Imagery/OSM_2024_LU09/LU09_33/101RECNX/RCNX1535.JPG,LU9_33_20240805_211754_RCNX1535.JPG
LU9,LU9_33,-113.64686,55.98747999999999,334889.7223174517,6207848.340957581,2024-08-05T21:17:55Z,Black bear,1,YLY but past cut-off so tagged adult,Z:/3. ACME Projects/1. Alberta/OSM/2023-2024/1. Imagery/OSM_2024_LU09/LU09_33/101RECNX/RCNX1536.JPG,LU9_33_20240805_211755_RCNX1536.JPG
LU9,LU9_33,-113.64686,55.98747999999999,334889.7223174517,6207848.340957581,2024-08-05T21:17:56Z,Black bear,1,YLY but past cut-off so tagged adult,Z:/3. ACME Projects/1. Alberta/OSM/2023-2024/1. Imagery/OSM_2024_LU09/LU09_33/101RECNX/RCNX1537.JPG,LU9_33_20240805_211756_RCNX1537.JPG
LU9,LU9_33,-113.64686,55.98747999999999,334889.7223174517,6207848.340957581,2024-08-05T21:17:57Z,Black bear,1,YLY but past cut-off so tagged adult,Z:/3. ACME Projects/1. Alberta/OSM/2023-2024/1. Imagery/OSM_2024_LU09/LU09_33/101RECNX/RCNX1538.JPG,LU9_33_20240805_211757_RCNX1538.JPG
LU9,LU9_33,-113.64686,55.98747999999999,334889.7223174517,6207848.340957581,2024-08-05T21:17:58Z,Black bear,1,YLY but past cut-off so tagged adult,Z:/3. ACME Projects/1. Alberta/OSM/2023-2024/1. Imagery/OSM_2024_LU09/LU09_33/101RECNX/RCNX1539.JPG,LU9_33_20240805_211758_RCNX1539.JPG
LU14,LU14_8,-112.38725,56.95589,415631.1661896453,6313332.052127257,2024-06-20T07:11:14Z,Black bear,1,distinctive chest marks,Z:/3. ACME Projects/1. Alberta/OSM/2023-2024/1. Imagery/OSM_2024_LU14/LU14_08/101RECNX/RCNX1284.JPG,LU14_8_20240620_071114_RCNX1284.JPG
LU14,LU14_8,-112.38725,56.95589,415631.1661896453,6313332.052127257,2024-06-20T07:11:15Z,Black bear,1,distinctive chest marks,Z:/3. ACME Projects/1. Alberta/OSM/2023-2024/1. Imagery/OSM_2024_LU14/LU14_08/101RECNX/RCNX1285.JPG,LU14_8_20240620_071115_RCNX1285.JPG
LU14,LU14_8,-112.38725,56.95589,415631.1661896453,6313332.052127257,2024-06-20T07:11:16Z,Black bear,1,distinctive chest marks,Z:/3. ACME Projects/1. Alberta/OSM/2023-2024/1. Imagery/OSM_2024_LU14/LU14_08/101RECNX/RCNX1286.JPG,LU14_8_20240620_071116_RCNX1286.JPG
LU14,LU14_8,-112.38725,56.95589,415631.1661896453,6313332.052127257,2024-06-20T07:11:17Z,Black bear,1,distinctive chest marks,Z:/3. ACME Projects/1. Alberta/OSM/2023-2024/1. Imagery/OSM_2024_LU14/LU14_08/101RECNX/RCNX1287.JPG,LU14_8_20240620_071117_RCNX1287.JPG
LU14,LU14_8,-112.38725,56.95589,415631.1661896453,6313332.052127257,2024-06-20T07:11:18Z,Black bear,1,distinctive chest marks,Z:/3. ACME Projects/1. Alberta/OSM/2023-2024/1. Imagery/OSM_2024_LU14/LU14_08/101RECNX/RCNX1288.JPG,LU14_8_20240620_071118_RCNX1288.JPG
LU14,LU14_8,-112.38725,56.95589,415631.1661896453,6313332.052127257,2024-06-20T07:11:19Z,Black bear,1,distinctive chest marks,Z:/3. ACME Projects/1. Alberta/OSM/2023-2024/1. Imagery/OSM_2024_LU14/LU14_08/101RECNX/RCNX1289.JPG,LU14_8_20240620_071119_RCNX1289.JPG
LU14,LU14_8,-112.38725,56.95589,415631.1661896453,6313332.052127257,2024-06-20T07:11:26Z,Black bear,1,distinctive chest marks,Z:/3. ACME Projects/1. Alberta/OSM/2023-2024/1. Imagery/OSM_2024_LU14/LU14_08/101RECNX/RCNX1290.JPG,LU14_8_20240620_071126_RCNX1290.JPG
LU14,LU14_8,-112.38725,56.95589,415631.1661896453,6313332.052127257,2024-06-20T07:11:27Z,Black bear,1,distinctive chest marks,Z:/3. ACME Projects/1. Alberta/OSM/2023-2024/1. Imagery/OSM_2024_LU14/LU14_08/101RECNX/RCNX1291.JPG,LU14_8_20240620_071127_RCNX1291.JPG
LU14,LU14_8,-112.38725,56.95589,415631.1661896453,6313332.052127257,2024-06-20T07:11:28Z,Black bear,1,distinctive chest marks,Z:/3. ACME Projects/1. Alberta/OSM/2023-2024/1. Imagery/OSM_2024_LU14/LU14_08/101RECNX/RCNX1292.JPG,LU14_8_20240620_071128_RCNX1292.JPG
LU14,LU14_8,-112.38725,56.95589,415631.1661896453,6313332.052127257,2024-06-20T07:11:29Z,Black bear,1,distinctive chest marks,Z:/3. ACME Projects/1. Alberta/OSM/2023-2024/1. Imagery/OSM_2024_LU14/LU14_08/101RECNX/RCNX1293.JPG,LU14_8_20240620_071129_RCNX1293.JPG
LU14,LU14_8,-112.38725,56.95589,415631.1661896453,6313332.052127257,2024-06-20T07:11:32Z,Black bear,1,distinctive chest marks,Z:/3. ACME Projects/1. Alberta/OSM/2023-2024/1. Imagery/OSM_2024_LU14/LU14_08/101RECNX/RCNX1294.JPG,LU14_8_20240620_071132_RCNX1294.JPG
LU14,LU14_8,-112.38725,56.95589,415631.1661896453,6313332.052127257,2024-06-20T07:11:33Z,Black bear,1,distinctive chest marks,Z:/3. ACME Projects/1. Alberta/OSM/2023-2024/1. Imagery/OSM_2024_LU14/LU14_08/101RECNX/RCNX1295.JPG,LU14_8_20240620_071133_RCNX1295.JPG
LU14,LU14_8,-112.38725,56.95589,415631.1661896453,6313332.052127257,2024-06-20T07:11:34Z,Black bear,1,distinctive chest marks,Z:/3. ACME Projects/1. Alberta/OSM/2023-2024/1. Imagery/OSM_2024_LU14/LU14_08/101RECNX/RCNX1296.JPG,LU14_8_20240620_071134_RCNX1296.JPG
LU14,LU14_8,-112.38725,56.95589,415631.1661896453,6313332.052127257,2024-06-20T07:11:35Z,Black bear,1,distinctive chest marks,Z:/3. ACME Projects/1. Alberta/OSM/2023-2024/1. Imagery/OSM_2024_LU14/LU14_08/101RECNX/RCNX1297.JPG,LU14_8_20240620_071135_RCNX1297.JPG
LU14,LU14_8,-112.38725,56.95589,415631.1661896453,6313332.052127257,2024-06-20T07:11:36Z,Black bear,1,distinctive chest marks,Z:/3. ACME Projects/1. Alberta/OSM/2023-2024/1. Imagery/OSM_2024_LU14/LU14_08/101RECNX/RCNX1298.JPG,LU14_8_20240620_071136_RCNX1298.JPG
LU14,LU14_8,-112.38725,56.95589,415631.1661896453,6313332.052127257,2024-06-20T07:11:37Z,Black bear,1,distinctive chest marks,Z:/3. ACME Projects/1. Alberta/OSM/2023-2024/1. Imagery/OSM_2024_LU14/LU14_08/101RECNX/RCNX1299.JPG,LU14_8_20240620_071137_RCNX1299.JPG
LU14,LU14_8,-112.38725,56.95589,415631.1661896453,6313332.052127257,2024-06-20T07:11:39Z,Black bear,1,distinctive chest marks,Z:/3. ACME Projects/1. Alberta/OSM/2023-2024/1. Imagery/OSM_2024_LU14/LU14_08/101RECNX/RCNX1300.JPG,LU14_8_20240620_071139_RCNX1300.JPG
LU14,LU14_8,-112.38725,56.95589,415631.1661896453,6313332.052127257,2024-06-20T07:11:40Z,Black bear,1,distinctive chest marks,Z:/3. ACME Projects/1. Alberta/OSM/2023-2024/1. Imagery/OSM_2024_LU14/LU14_08/101RECNX/RCNX1301.JPG,LU14_8_20240620_071140_RCNX1301.JPG
LU14,LU14_8,-112.38725,56.95589,415631.1661896453,6313332.052127257,2024-06-20T07:11:41Z,Black bear,1,distinctive chest marks,Z:/3. ACME Projects/1. Alberta/OSM/2023-2024/1. Imagery/OSM_2024_LU14/LU14_08/101RECNX/RCNX1302.JPG,LU14_8_20240620_071141_RCNX1302.JPG
LU14,LU14_8,-112.38725,56.95589,415631.1661896453,6313332.052127257,2024-06-20T07:11:42Z,Black bear,1,distinctive chest marks,Z:/3. ACME Projects/1. Alberta/OSM/2023-2024/1. Imagery/OSM_2024_LU14/LU14_08/101RECNX/RCNX1303.JPG,LU14_8_20240620_071142_RCNX1303.JPG
LU14,LU14_8,-112.38725,56.95589,415631.1661896453,6313332.052127257,2024-06-20T07:11:43Z,Black bear,1,distinctive chest marks,Z:/3. ACME Projects/1. Alberta/OSM/2023-2024/1. Imagery/OSM_2024_LU14/LU14_08/101RECNX/RCNX1304.JPG,LU14_8_20240620_071143_RCNX1304.JPG
LU14,LU14_8,-112.38725,56.95589,415631.1661896453,6313332.052127257,2024-06-20T07:11:44Z,Black bear,1,distinctive chest marks,Z:/3. ACME Projects/1. Alberta/OSM/2023-2024/1. Imagery/OSM_2024_LU14/LU14_08/101RECNX/RCNX1305.JPG,LU14_8_20240620_071144_RCNX1305.JPG
LU14,LU14_8,-112.38725,56.95589,415631.1661896453,6313332.052127257,2024-06-20T07:11:45Z,Black bear,1,distinctive chest marks,Z:/3. ACME Projects/1. Alberta/OSM/2023-2024/1. Imagery/OSM_2024_LU14/LU14_08/101RECNX/RCNX1306.JPG,LU14_8_20240620_071145_RCNX1306.JPG
LU14,LU14_8,-112.38725,56.95589,415631.1661896453,6313332.052127257,2024-06-20T07:11:46Z,Black bear,1,distinctive chest marks,Z:/3. ACME Projects/1. Alberta/OSM/2023-2024/1. Imagery/OSM_2024_LU14/LU14_08/101RECNX/RCNX1307.JPG,LU14_8_20240620_071146_RCNX1307.JPG
LU14,LU14_8,-112.38725,56.95589,415631.1661896453,6313332.052127257,2024-06-20T07:11:46Z,Black bear,1,distinctive chest marks,Z:/3. ACME Projects/1. Alberta/OSM/2023-2024/1. Imagery/OSM_2024_LU14/LU14_08/101RECNX/RCNX1308.JPG,LU14_8_20240620_071146_RCNX1308.JPG
LU14,LU14_8,-112.38725,56.95589,415631.1661896453,6313332.052127257,2024-06-20T07:11:47Z,Black bear,1,distinctive chest marks,Z:/3. ACME Projects/1. Alberta/OSM/2023-2024/1. Imagery/OSM_2024_LU14/LU14_08/101RECNX/RCNX1309.JPG,LU14_8_20240620_071147_RCNX1309.JPG
LU14,LU14_8,-112.38725,56.95589,415631.1661896453,6313332.052127257,2024-06-20T07:11:48Z,Black bear,1,distinctive chest marks,Z:/3. ACME Projects/1. Alberta/OSM/2023-2024/1. Imagery/OSM_2024_LU14/LU14_08/101RECNX/RCNX1310.JPG,LU14_8_20240620_071148_RCNX1310.JPG
LU14,LU14_8,-112.38725,56.95589,415631.1661896453,6313332.052127257,2024-06-20T07:11:49Z,Black bear,1,distinctive chest marks,Z:/3. ACME Projects/1. Alberta/OSM/2023-2024/1. Imagery/OSM_2024_LU14/LU14_08/101RECNX/RCNX1311.JPG,LU14_8_20240620_071149_RCNX1311.JPG
LU14,LU14_8,-112.38725,56.95589,415631.1661896453,6313332.052127257,2024-06-20T07:11:50Z,Black bear,1,distinctive chest marks,Z:/3. ACME Projects/1. Alberta/OSM/2023-2024/1. Imagery/OSM_2024_LU14/LU14_08/101RECNX/RCNX1312.JPG,LU14_8_20240620_071150_RCNX1312.JPG
LU14,LU14_8,-112.38725,56.95589,415631.1661896453,6313332.052127257,2024-06-20T07:11:51Z,Black bear,1,distinctive chest marks,Z:/3. ACME Projects/1. Alberta/OSM/2023-2024/1. Imagery/OSM_2024_LU14/LU14_08/101RECNX/RCNX1313.JPG,LU14_8_20240620_071151_RCNX1313.JPG
LU14,LU14_8,-112.38725,56.95589,415631.1661896453,6313332.052127257,2024-06-20T07:11:52Z,Black bear,1,distinctive chest marks,Z:/3. ACME Projects/1. Alberta/OSM/2023-2024/1. Imagery/OSM_2024_LU14/LU14_08/101RECNX/RCNX1314.JPG,LU14_8_20240620_071152_RCNX1314.JPG
LU14,LU14_8,-112.38725,56.95589,415631.1661896453,6313332.052127257,2024-06-20T07:11:53Z,Black bear,1,distinctive chest marks,Z:/3. ACME Projects/1. Alberta/OSM/2023-2024/1. Imagery/OSM_2024_LU14/LU14_08/101RECNX/RCNX1315.JPG,LU14_8_20240620_071153_RCNX1315.JPG
LU14,LU14_8,-112.38725,56.95589,415631.1661896453,6313332.052127257,2024-06-20T07:11:54Z,Black bear,1,distinctive chest marks,Z:/3. ACME Projects/1. Alberta/OSM/2023-2024/1. Imagery/OSM_2024_LU14/LU14_08/101RECNX/RCNX1316.JPG,LU14_8_20240620_071154_RCNX1316.JPG
LU14,LU14_8,-112.38725,56.95589,415631.1661896453,6313332.052127257,2024-06-20T07:11:55Z,Black bear,1,distinctive chest marks,Z:/3. ACME Projects/1. Alberta/OSM/2023-2024/1. Imagery/OSM_2024_LU14/LU14_08/101RECNX/RCNX1317.JPG,LU14_8_20240620_071155_RCNX1317.JPG
LU14,LU14_8,-112.38725,56.95589,415631.1661896453,6313332.052127257,2024-06-20T07:11:56Z,Black bear,1,distinctive chest marks,Z:/3. ACME Projects/1. Alberta/OSM/2023-2024/1. Imagery/OSM_2024_LU14/LU14_08/101RECNX/RCNX1318.JPG,LU14_8_20240620_071156_RCNX1318.JPG
LU14,LU14_8,-112.38725,56.95589,415631.1661896453,6313332.052127257,2024-06-20T07:11:57Z,Black bear,1,distinctive chest marks,Z:/3. ACME Projects/1. Alberta/OSM/2023-2024/1. Imagery/OSM_2024_LU14/LU14_08/101RECNX/RCNX1319.JPG,LU14_8_20240620_071157_RCNX1319.JPG
LU14,LU14_8,-112.38725,56.95589,415631.1661896453,6313332.052127257,2024-06-20T07:11:58Z,Black bear,1,distinctive chest marks,Z:/3. ACME Projects/1. Alberta/OSM/2023-2024/1. Imagery/OSM_2024_LU14/LU14_08/101RECNX/RCNX1320.JPG,LU14_8_20240620_071158_RCNX1320.JPG
LU14,LU14_8,-112.38725,56.95589,415631.1661896453,6313332.052127257,2024-06-20T07:11:59Z,Black bear,1,distinctive chest marks,Z:/3. ACME Projects/1. Alberta/OSM/2023-2024/1. Imagery/OSM_2024_LU14/LU14_08/101RECNX/RCNX1321.JPG,LU14_8_20240620_071159_RCNX1321.JPG
LU14,LU14_8,-112.38725,56.95589,415631.1661896453,6313332.052127257,2024-06-20T07:12:00Z,Black bear,1,distinctive chest marks,Z:/3. ACME Projects/1. Alberta/OSM/2023-2024/1. Imagery/OSM_2024_LU14/LU14_08/101RECNX/RCNX1322.JPG,LU14_8_20240620_071200_RCNX1322.JPG
LU14,LU14_8,-112.38725,56.95589,415631.1661896453,6313332.052127257,2024-06-20T07:12:01Z,Black bear,1,distinctive chest marks,Z:/3. ACME Projects/1. Alberta/OSM/2023-2024/1. Imagery/OSM_2024_LU14/LU14_08/101RECNX/RCNX1323.JPG,LU14_8_20240620_071201_RCNX1323.JPG
LU14,LU14_8,-112.38725,56.95589,415631.1661896453,6313332.052127257,2024-06-20T07:12:04Z,Black bear,1,distinctive chest marks,Z:/3. ACME Projects/1. Alberta/OSM/2023-2024/1. Imagery/OSM_2024_LU14/LU14_08/101RECNX/RCNX1324.JPG,LU14_8_20240620_071204_RCNX1324.JPG
LU14,LU14_8,-112.38725,56.95589,415631.1661896453,6313332.052127257,2024-06-20T07:12:06Z,Black bear,1,distinctive chest marks,Z:/3. ACME Projects/1. Alberta/OSM/2023-2024/1. Imagery/OSM_2024_LU14/LU14_08/101RECNX/RCNX1325.JPG,LU14_8_20240620_071206_RCNX1325.JPG
LU14,LU14_8,-112.38725,56.95589,415631.1661896453,6313332.052127257,2024-06-20T07:12:07Z,Black bear,1,distinctive chest marks,Z:/3. ACME Projects/1. Alberta/OSM/2023-2024/1. Imagery/OSM_2024_LU14/LU14_08/101RECNX/RCNX1326.JPG,LU14_8_20240620_071207_RCNX1326.JPG
LU14,LU14_8,-112.38725,56.95589,415631.1661896453,6313332.052127257,2024-06-20T07:12:09Z,Black bear,1,distinctive chest marks,Z:/3. ACME Projects/1. Alberta/OSM/2023-2024/1. Imagery/OSM_2024_LU14/LU14_08/101RECNX/RCNX1327.JPG,LU14_8_20240620_071209_RCNX1327.JPG
LU14,LU14_8,-112.38725,56.95589,415631.1661896453,6313332.052127257,2024-06-20T07:12:10Z,Black bear,1,distinctive chest marks,Z:/3. ACME Projects/1. Alberta/OSM/2023-2024/1. Imagery/OSM_2024_LU14/LU14_08/101RECNX/RCNX1328.JPG,LU14_8_20240620_071210_RCNX1328.JPG
LU14,LU14_8,-112.38725,56.95589,415631.1661896453,6313332.052127257,2024-06-20T07:12:11Z,Black bear,1,distinctive chest marks,Z:/3. ACME Projects/1. Alberta/OSM/2023-2024/1. Imagery/OSM_2024_LU14/LU14_08/101RECNX/RCNX1329.JPG,LU14_8_20240620_071211_RCNX1329.JPG
LU14,LU14_8,-112.38725,56.95589,415631.1661896453,6313332.052127257,2024-06-20T07:12:14Z,Black bear,1,distinctive chest marks,Z:/3. ACME Projects/1. Alberta/OSM/2023-2024/1. Imagery/OSM_2024_LU14/LU14_08/101RECNX/RCNX1330.JPG,LU14_8_20240620_071214_RCNX1330.JPG
LU14,LU14_8,-112.38725,56.95589,415631.1661896453,6313332.052127257,2024-06-20T07:12:15Z,Black bear,1,distinctive chest marks,Z:/3. ACME Projects/1. Alberta/OSM/2023-2024/1. Imagery/OSM_2024_LU14/LU14_08/101RECNX/RCNX1331.JPG,LU14_8_20240620_071215_RCNX1331.JPG
LU14,LU14_8,-112.38725,56.95589,415631.1661896453,6313332.052127257,2024-06-20T07:12:16Z,Black bear,1,distinctive chest marks,Z:/3. ACME Projects/1. Alberta/OSM/2023-2024/1. Imagery/OSM_2024_LU14/LU14_08/101RECNX/RCNX1332.JPG,LU14_8_20240620_071216_RCNX1332.JPG
LU14,LU14_8,-112.38725,56.95589,415631.1661896453,6313332.052127257,2024-06-20T07:12:17Z,Black bear,1,distinctive chest marks,Z:/3. ACME Projects/1. Alberta/OSM/2023-2024/1. Imagery/OSM_2024_LU14/LU14_08/101RECNX/RCNX1333.JPG,LU14_8_20240620_071217_RCNX1333.JPG
LU14,LU14_8,-112.38725,56.95589,415631.1661896453,6313332.052127257,2024-06-20T07:12:18Z,Black bear,1,distinctive chest marks,Z:/3. ACME Projects/1. Alberta/OSM/2023-2024/1. Imagery/OSM_2024_LU14/LU14_08/101RECNX/RCNX1334.JPG,LU14_8_20240620_071218_RCNX1334.JPG
LU14,LU14_8,-112.38725,56.95589,415631.1661896453,6313332.052127257,2024-06-20T07:12:19Z,Black bear,1,distinctive chest marks,Z:/3. ACME Projects/1. Alberta/OSM/2023-2024/1. Imagery/OSM_2024_LU14/LU14_08/101RECNX/RCNX1335.JPG,LU14_8_20240620_071219_RCNX1335.JPG
LU14,LU14_8,-112.38725,56.95589,415631.1661896453,6313332.052127257,2024-06-20T07:12:20Z,Black bear,1,distinctive chest marks,Z:/3. ACME Projects/1. Alberta/OSM/2023-2024/1. Imagery/OSM_2024_LU14/LU14_08/101RECNX/RCNX1336.JPG,LU14_8_20240620_071220_RCNX1336.JPG
LU14,LU14_8,-112.38725,56.95589,415631.1661896453,6313332.052127257,2024-06-20T07:12:23Z,Black bear,1,distinctive chest marks,Z:/3. ACME Projects/1. Alberta/OSM/2023-2024/1. Imagery/OSM_2024_LU14/LU14_08/101RECNX/RCNX1337.JPG,LU14_8_20240620_071223_RCNX1337.JPG
LU14,LU14_8,-112.38725,56.95589,415631.1661896453,6313332.052127257,2024-06-20T07:12:27Z,Black bear,1,distinctive chest marks,Z:/3. ACME Projects/1. Alberta/OSM/2023-2024/1. Imagery/OSM_2024_LU14/LU14_08/101RECNX/RCNX1338.JPG,LU14_8_20240620_071227_RCNX1338.JPG
LU16,LU16_3,-110.98463,57.21346,500928.34249181015,6341147.803411579,2023-10-02T16:36:42Z,Black bear,1,collar and tag,Z:/3. ACME Projects/1. Alberta/OSM/2023-2024/1. Imagery/OSM_2024_LU16/LU16_03/101RECNX/RCNX0080.JPG,LU16_3_20231002_163642_RCNX0080.JPG
LU16,LU16_3,-110.98463,57.21346,500928.34249181015,6341147.803411579,2023-10-02T16:36:44Z,Black bear,1,collar and tag,Z:/3. ACME Projects/1. Alberta/OSM/2023-2024/1. Imagery/OSM_2024_LU16/LU16_03/101RECNX/RCNX0081.JPG,LU16_3_20231002_163644_RCNX0081.JPG
LU16,LU16_3,-110.98463,57.21346,500928.34249181015,6341147.803411579,2023-10-02T16:36:46Z,Black bear,1,collar and tag,Z:/3. ACME Projects/1. Alberta/OSM/2023-2024/1. Imagery/OSM_2024_LU16/LU16_03/101RECNX/RCNX0082.JPG,LU16_3_20231002_163646_RCNX0082.JPG
LU16,LU16_3,-110.98463,57.21346,500928.34249181015,6341147.803411579,2023-10-02T16:36:48Z,Black bear,1,collar and tag,Z:/3. ACME Projects/1. Alberta/OSM/2023-2024/1. Imagery/OSM_2024_LU16/LU16_03/101RECNX/RCNX0083.JPG,LU16_3_20231002_163648_RCNX0083.JPG
LU16,LU16_3,-110.98463,57.21346,500928.34249181015,6341147.803411579,2023-10-02T16:36:50Z,Black bear,1,collar and tag,Z:/3. ACME Projects/1. Alberta/OSM/2023-2024/1. Imagery/OSM_2024_LU16/LU16_03/101RECNX/RCNX0084.JPG,LU16_3_20231002_163650_RCNX0084.JPG
LU16,LU16_3,-110.98463,57.21346,500928.34249181015,6341147.803411579,2023-10-02T16:36:51Z,Black bear,1,collar and tag,Z:/3. ACME Projects/1. Alberta/OSM/2023-2024/1. Imagery/OSM_2024_LU16/LU16_03/101RECNX/RCNX0085.JPG,LU16_3_20231002_163651_RCNX0085.JPG
LU16,LU16_3,-110.98463,57.21346,500928.34249181015,6341147.803411579,2023-10-02T16:37:39Z,Black bear,1,collar and tag,Z:/3. ACME Projects/1. Alberta/OSM/2023-2024/1. Imagery/OSM_2024_LU16/LU16_03/101RECNX/RCNX0086.JPG,LU16_3_20231002_163739_RCNX0086.JPG
LU16,LU16_3,-110.98463,57.21346,500928.34249181015,6341147.803411579,2023-10-02T16:37:42Z,Black bear,1,collar and tag,Z:/3. ACME Projects/1. Alberta/OSM/2023-2024/1. Imagery/OSM_2024_LU16/LU16_03/101RECNX/RCNX0087.JPG,LU16_3_20231002_163742_RCNX0087.JPG
LU16,LU16_3,-110.98463,57.21346,500928.34249181015,6341147.803411579,2023-10-02T16:37:44Z,Black bear,1,collar and tag,Z:/3. ACME Projects/1. Alberta/OSM/2023-2024/1. Imagery/OSM_2024_LU16/LU16_03/101RECNX/RCNX0088.JPG,LU16_3_20231002_163744_RCNX0088.JPG
LU16,LU16_3,-110.98463,57.21346,500928.34249181015,6341147.803411579,2023-10-02T16:37:46Z,Black bear,1,collar and tag,Z:/3. ACME Projects/1. Alberta/OSM/2023-2024/1. Imagery/OSM_2024_LU16/LU16_03/101RECNX/RCNX0089.JPG,LU16_3_20231002_163746_RCNX0089.JPG
LU16,LU16_3,-110.98463,57.21346,500928.34249181015,6341147.803411579,2023-10-02T16:37:47Z,Black bear,1,collar and tag,Z:/3. ACME Projects/1. Alberta/OSM/2023-2024/1. Imagery/OSM_2024_LU16/LU16_03/101RECNX/RCNX0090.JPG,LU16_3_20231002_163747_RCNX0090.JPG
LU16,LU16_3,-110.98463,57.21346,500928.34249181015,6341147.803411579,2023-10-02T16:37:55Z,Black bear,1,collar and tag,Z:/3. ACME Projects/1. Alberta/OSM/2023-2024/1. Imagery/OSM_2024_LU16/LU16_03/101RECNX/RCNX0091.JPG,LU16_3_20231002_163755_RCNX0091.JPG
LU16,LU16_3,-110.98463,57.21346,500928.34249181015,6341147.803411579,2023-10-02T16:37:57Z,Black bear,1,collar and tag,Z:/3. ACME Projects/1. Alberta/OSM/2023-2024/1. Imagery/OSM_2024_LU16/LU16_03/101RECNX/RCNX0092.JPG,LU16_3_20231002_163757_RCNX0092.JPG
LU16,LU16_3,-110.98463,57.21346,500928.34249181015,6341147.803411579,2023-10-02T16:38:00Z,Black bear,1,collar and tag,Z:/3. ACME Projects/1. Alberta/OSM/2023-2024/1. Imagery/OSM_2024_LU16/LU16_03/101RECNX/RCNX0093.JPG,LU16_3_20231002_163800_RCNX0093.JPG
LU16,LU16_3,-110.98463,57.21346,500928.34249181015,6341147.803411579,2023-10-02T16:38:01Z,Black bear,1,collar and tag,Z:/3. ACME Projects/1. Alberta/OSM/2023-2024/1. Imagery/OSM_2024_LU16/LU16_03/101RECNX/RCNX0094.JPG,LU16_3_20231002_163801_RCNX0094.JPG
LU16,LU16_3,-110.98463,57.21346,500928.34249181015,6341147.803411579,2023-10-02T16:38:07Z,Black bear,1,collar and tag,Z:/3. ACME Projects/1. Alberta/OSM/2023-2024/1. Imagery/OSM_2024_LU16/LU16_03/101RECNX/RCNX0095.JPG,LU16_3_20231002_163807_RCNX0095.JPG
LU16,LU16_3,-110.98463,57.21346,500928.34249181015,6341147.803411579,2023-10-02T16:38:08Z,Black bear,1,collar and tag,Z:/3. ACME Projects/1. Alberta/OSM/2023-2024/1. Imagery/OSM_2024_LU16/LU16_03/101RECNX/RCNX0096.JPG,LU16_3_20231002_163808_RCNX0096.JPG
LU16,LU16_3,-110.98463,57.21346,500928.34249181015,6341147.803411579,2023-10-02T16:38:10Z,Black bear,1,collar and tag,Z:/3. ACME Projects/1. Alberta/OSM/2023-2024/1. Imagery/OSM_2024_LU16/LU16_03/101RECNX/RCNX0097.JPG,LU16_3_20231002_163810_RCNX0097.JPG
LU16,LU16_3,-110.98463,57.21346,500928.34249181015,6341147.803411579,2023-10-02T16:38:14Z,Black bear,1,collar and tag,Z:/3. ACME Projects/1. Alberta/OSM/2023-2024/1. Imagery/OSM_2024_LU16/LU16_03/101RECNX/RCNX0098.JPG,LU16_3_20231002_163814_RCNX0098.JPG
LU16,LU16_3,-110.98463,57.21346,500928.34249181015,6341147.803411579,2023-10-02T16:38:15Z,Black bear,1,collar and tag,Z:/3. ACME Projects/1. Alberta/OSM/2023-2024/1. Imagery/OSM_2024_LU16/LU16_03/101RECNX/RCNX0099.JPG,LU16_3_20231002_163815_RCNX0099.JPG
LU16,LU16_3,-110.98463,57.21346,500928.34249181015,6341147.803411579,2023-10-02T16:38:19Z,Black bear,1,collar and tag,Z:/3. ACME Projects/1. Alberta/OSM/2023-2024/1. Imagery/OSM_2024_LU16/LU16_03/101RECNX/RCNX0100.JPG,LU16_3_20231002_163819_RCNX0100.JPG
LU16,LU16_3,-110.98463,57.21346,500928.34249181015,6341147.803411579,2023-10-02T16:38:20Z,Black bear,1,collar and tag,Z:/3. ACME Projects/1. Alberta/OSM/2023-2024/1. Imagery/OSM_2024_LU16/LU16_03/101RECNX/RCNX0101.JPG,LU16_3_20231002_163820_RCNX0101.JPG
LU16,LU16_3,-110.98463,57.21346,500928.34249181015,6341147.803411579,2023-10-02T16:38:23Z,Black bear,1,collar and tag,Z:/3. ACME Projects/1. Alberta/OSM/2023-2024/1. Imagery/OSM_2024_LU16/LU16_03/101RECNX/RCNX0102.JPG,LU16_3_20231002_163823_RCNX0102.JPG
LU16,LU16_3,-110.98463,57.21346,500928.34249181015,6341147.803411579,2023-10-02T16:38:38Z,Black bear,1,collar and tag,Z:/3. ACME Projects/1. Alberta/OSM/2023-2024/1. Imagery/OSM_2024_LU16/LU16_03/101RECNX/RCNX0103.JPG,LU16_3_20231002_163838_RCNX0103.JPG
LU16,LU16_3,-110.98463,57.21346,500928.34249181015,6341147.803411579,2023-10-02T16:38:39Z,Black bear,1,collar and tag,Z:/3. ACME Projects/1. Alberta/OSM/2023-2024/1. Imagery/OSM_2024_LU16/LU16_03/101RECNX/RCNX0104.JPG,LU16_3_20231002_163839_RCNX0104.JPG
LU16,LU16_3,-110.98463,57.21346,500928.34249181015,6341147.803411579,2023-10-02T16:38:40Z,Black bear,1,collar and tag,Z:/3. ACME Projects/1. Alberta/OSM/2023-2024/1. Imagery/OSM_2024_LU16/LU16_03/101RECNX/RCNX0105.JPG,LU16_3_20231002_163840_RCNX0105.JPG
LU16,LU16_3,-110.98463,57.21346,500928.34249181015,6341147.803411579,2023-10-02T16:38:47Z,Black bear,1,collar and tag,Z:/3. ACME Projects/1. Alberta/OSM/2023-2024/1. Imagery/OSM_2024_LU16/LU16_03/101RECNX/RCNX0106.JPG,LU16_3_20231002_163847_RCNX0106.JPG
LU16,LU16_3,-110.98463,57.21346,500928.34249181015,6341147.803411579,2023-10-02T16:38:55Z,Black bear,1,collar and tag,Z:/3. ACME Projects/1. Alberta/OSM/2023-2024/1. Imagery/OSM_2024_LU16/LU16_03/101RECNX/RCNX0107.JPG,LU16_3_20231002_163855_RCNX0107.JPG
LU16,LU16_3,-110.98463,57.21346,500928.34249181015,6341147.803411579,2023-10-02T16:38:56Z,Black bear,1,collar and tag,Z:/3. ACME Projects/1. Alberta/OSM/2023-2024/1. Imagery/OSM_2024_LU16/LU16_03/101RECNX/RCNX0108.JPG,LU16_3_20231002_163856_RCNX0108.JPG
LU16,LU16_3,-110.98463,57.21346,500928.34249181015,6341147.803411579,2023-10-02T16:38:58Z,Black bear,1,collar and tag,Z:/3. ACME Projects/1. Alberta/OSM/2023-2024/1. Imagery/OSM_2024_LU16/LU16_03/101RECNX/RCNX0109.JPG,LU16_3_20231002_163858_RCNX0109.JPG
LU16,LU16_3,-110.98463,57.21346,500928.34249181015,6341147.803411579,2023-10-02T16:39:02Z,Black bear,1,collar and tag,Z:/3. ACME Projects/1. Alberta/OSM/2023-2024/1. Imagery/OSM_2024_LU16/LU16_03/101RECNX/RCNX0110.JPG,LU16_3_20231002_163902_RCNX0110.JPG
LU16,LU16_3,-110.98463,57.21346,500928.34249181015,6341147.803411579,2023-10-02T16:39:20Z,Black bear,1,collar and tag,Z:/3. ACME Projects/1. Alberta/OSM/2023-2024/1. Imagery/OSM_2024_LU16/LU16_03/101RECNX/RCNX0112.JPG,LU16_3_20231002_163920_RCNX0112.JPG
LU16,LU16_3,-110.98463,57.21346,500928.34249181015,6341147.803411579,2023-10-02T16:39:21Z,Black bear,1,collar and tag,Z:/3. ACME Projects/1. Alberta/OSM/2023-2024/1. Imagery/OSM_2024_LU16/LU16_03/101RECNX/RCNX0113.JPG,LU16_3_20231002_163921_RCNX0113.JPG
LU16,LU16_3,-110.98463,57.21346,500928.34249181015,6341147.803411579,2023-10-02T16:39:22Z,Black bear,1,collar and tag,Z:/3. ACME Projects/1. Alberta/OSM/2023-2024/1. Imagery/OSM_2024_LU16/LU16_03/101RECNX/RCNX0114.JPG,LU16_3_20231002_163922_RCNX0114.JPG
LU16,LU16_3,-110.98463,57.21346,500928.34249181015,6341147.803411579,2023-10-02T16:39:24Z,Black bear,1,collar and tag,Z:/3. ACME Projects/1. Alberta/OSM/2023-2024/1. Imagery/OSM_2024_LU16/LU16_03/101RECNX/RCNX0115.JPG,LU16_3_20231002_163924_RCNX0115.JPG
LU16,LU16_3,-110.98463,57.21346,500928.34249181015,6341147.803411579,2023-10-02T16:39:25Z,Black bear,1,collar and tag,Z:/3. ACME Projects/1. Alberta/OSM/2023-2024/1. Imagery/OSM_2024_LU16/LU16_03/101RECNX/RCNX0116.JPG,LU16_3_20231002_163925_RCNX0116.JPG
LU16,LU16_3,-110.98463,57.21346,500928.34249181015,6341147.803411579,2023-10-02T16:39:34Z,Black bear,1,collar and tag,Z:/3. ACME Projects/1. Alberta/OSM/2023-2024/1. Imagery/OSM_2024_LU16/LU16_03/101RECNX/RCNX0117.JPG,LU16_3_20231002_163934_RCNX0117.JPG
LU16,LU16_3,-110.98463,57.21346,500928.34249181015,6341147.803411579,2023-10-02T16:39:35Z,Black bear,1,collar and tag,Z:/3. ACME Projects/1. Alberta/OSM/2023-2024/1. Imagery/OSM_2024_LU16/LU16_03/101RECNX/RCNX0118.JPG,LU16_3_20231002_163935_RCNX0118.JPG
LU16,LU16_3,-110.98463,57.21346,500928.34249181015,6341147.803411579,2023-10-02T16:39:36Z,Black bear,1,collar and tag,Z:/3. ACME Projects/1. Alberta/OSM/2023-2024/1. Imagery/OSM_2024_LU16/LU16_03/101RECNX/RCNX0119.JPG,LU16_3_20231002_163936_RCNX0119.JPG
LU16,LU16_3,-110.98463,57.21346,500928.34249181015,6341147.803411579,2023-10-02T16:39:41Z,Black bear,1,collar and tag,Z:/3. ACME Projects/1. Alberta/OSM/2023-2024/1. Imagery/OSM_2024_LU16/LU16_03/101RECNX/RCNX0120.JPG,LU16_3_20231002_163941_RCNX0120.JPG
LU16,LU16_3,-110.98463,57.21346,500928.34249181015,6341147.803411579,2023-10-02T16:39:42Z,Black bear,1,collar and tag,Z:/3. ACME Projects/1. Alberta/OSM/2023-2024/1. Imagery/OSM_2024_LU16/LU16_03/101RECNX/RCNX0121.JPG,LU16_3_20231002_163942_RCNX0121.JPG
LU16,LU16_3,-110.98463,57.21346,500928.34249181015,6341147.803411579,2023-10-02T16:39:43Z,Black bear,1,collar and tag,Z:/3. ACME Projects/1. Alberta/OSM/2023-2024/1. Imagery/OSM_2024_LU16/LU16_03/101RECNX/RCNX0122.JPG,LU16_3_20231002_163943_RCNX0122.JPG
LU16,LU16_3,-110.98463,57.21346,500928.34249181015,6341147.803411579,2023-10-02T16:39:48Z,Black bear,1,collar and tag,Z:/3. ACME Projects/1. Alberta/OSM/2023-2024/1. Imagery/OSM_2024_LU16/LU16_03/101RECNX/RCNX0123.JPG,LU16_3_20231002_163948_RCNX0123.JPG
LU16,LU16_3,-110.98463,57.21346,500928.34249181015,6341147.803411579,2023-10-02T16:40:16Z,Black bear,1,collar and tag,Z:/3. ACME Projects/1. Alberta/OSM/2023-2024/1. Imagery/OSM_2024_LU16/LU16_03/101RECNX/RCNX0124.JPG,LU16_3_20231002_164016_RCNX0124.JPG
LU16,LU16_3,-110.98463,57.21346,500928.34249181015,6341147.803411579,2023-10-02T16:40:17Z,Black bear,1,collar and tag,Z:/3. ACME Projects/1. Alberta/OSM/2023-2024/1. Imagery/OSM_2024_LU16/LU16_03/101RECNX/RCNX0125.JPG,LU16_3_20231002_164017_RCNX0125.JPG
LU16,LU16_3,-110.98463,57.21346,500928.34249181015,6341147.803411579,2023-10-02T16:40:21Z,Black bear,1,collar and tag,Z:/3. ACME Projects/1. Alberta/OSM/2023-2024/1. Imagery/OSM_2024_LU16/LU16_03/101RECNX/RCNX0126.JPG,LU16_3_20231002_164021_RCNX0126.JPG
LU16,LU16_3,-110.98463,57.21346,500928.34249181015,6341147.803411579,2023-10-02T16:40:23Z,Black bear,1,collar and tag,Z:/3. ACME Projects/1. Alberta/OSM/2023-2024/1. Imagery/OSM_2024_LU16/LU16_03/101RECNX/RCNX0127.JPG,LU16_3_20231002_164023_RCNX0127.JPG
LU16,LU16_3,-110.98463,57.21346,500928.34249181015,6341147.803411579,2023-10-02T16:40:25Z,Black bear,1,collar and tag,Z:/3. ACME Projects/1. Alberta/OSM/2023-2024/1. Imagery/OSM_2024_LU16/LU16_03/101RECNX/RCNX0128.JPG,LU16_3_20231002_164025_RCNX0128.JPG
LU16,LU16_3,-110.98463,57.21346,500928.34249181015,6341147.803411579,2023-10-02T16:40:31Z,Black bear,1,collar and tag,Z:/3. ACME Projects/1. Alberta/OSM/2023-2024/1. Imagery/OSM_2024_LU16/LU16_03/101RECNX/RCNX0129.JPG,LU16_3_20231002_164031_RCNX0129.JPG
LU16,LU16_3,-110.98463,57.21346,500928.34249181015,6341147.803411579,2023-10-02T16:40:58Z,Black bear,1,collar and tag,Z:/3. ACME Projects/1. Alberta/OSM/2023-2024/1. Imagery/OSM_2024_LU16/LU16_03/101RECNX/RCNX0130.JPG,LU16_3_20231002_164058_RCNX0130.JPG
LU16,LU16_3,-110.98463,57.21346,500928.34249181015,6341147.803411579,2023-10-02T16:41:00Z,Black bear,1,collar and tag,Z:/3. ACME Projects/1. Alberta/OSM/2023-2024/1. Imagery/OSM_2024_LU16/LU16_03/101RECNX/RCNX0131.JPG,LU16_3_20231002_164100_RCNX0131.JPG
LU16,LU16_3,-110.98463,57.21346,500928.34249181015,6341147.803411579,2023-10-02T16:41:03Z,Black bear,1,collar and tag,Z:/3. ACME Projects/1. Alberta/OSM/2023-2024/1. Imagery/OSM_2024_LU16/LU16_03/101RECNX/RCNX0132.JPG,LU16_3_20231002_164103_RCNX0132.JPG
LU16,LU16_3,-110.98463,57.21346,500928.34249181015,6341147.803411579,2023-10-02T16:41:04Z,Black bear,1,collar and tag,Z:/3. ACME Projects/1. Alberta/OSM/2023-2024/1. Imagery/OSM_2024_LU16/LU16_03/101RECNX/RCNX0133.JPG,LU16_3_20231002_164104_RCNX0133.JPG
LU16,LU16_3,-110.98463,57.21346,500928.34249181015,6341147.803411579,2023-10-02T16:41:05Z,Black bear,1,collar and tag,Z:/3. ACME Projects/1. Alberta/OSM/2023-2024/1. Imagery/OSM_2024_LU16/LU16_03/101RECNX/RCNX0134.JPG,LU16_3_20231002_164105_RCNX0134.JPG
LU16,LU16_3,-110.98463,57.21346,500928.34249181015,6341147.803411579,2023-10-02T16:41:06Z,Black bear,1,collar and tag,Z:/3. ACME Projects/1. Alberta/OSM/2023-2024/1. Imagery/OSM_2024_LU16/LU16_03/101RECNX/RCNX0135.JPG,LU16_3_20231002_164106_RCNX0135.JPG
LU16,LU16_3,-110.98463,57.21346,500928.34249181015,6341147.803411579,2023-10-02T16:41:20Z,Black bear,1,collar and tag,Z:/3. ACME Projects/1. Alberta/OSM/2023-2024/1. Imagery/OSM_2024_LU16/LU16_03/101RECNX/RCNX0136.JPG,LU16_3_20231002_164120_RCNX0136.JPG
LU16,LU16_3,-110.98463,57.21346,500928.34249181015,6341147.803411579,2023-10-02T16:41:21Z,Black bear,1,collar and tag,Z:/3. ACME Projects/1. Alberta/OSM/2023-2024/1. Imagery/OSM_2024_LU16/LU16_03/101RECNX/RCNX0137.JPG,LU16_3_20231002_164121_RCNX0137.JPG
LU16,LU16_3,-110.98463,57.21346,500928.34249181015,6341147.803411579,2023-10-02T16:41:22Z,Black bear,1,collar and tag,Z:/3. ACME Projects/1. Alberta/OSM/2023-2024/1. Imagery/OSM_2024_LU16/LU16_03/101RECNX/RCNX0138.JPG,LU16_3_20231002_164122_RCNX0138.JPG
LU16,LU16_3,-110.98463,57.21346,500928.34249181015,6341147.803411579,2023-10-02T16:41:23Z,Black bear,1,collar and tag,Z:/3. ACME Projects/1. Alberta/OSM/2023-2024/1. Imagery/OSM_2024_LU16/LU16_03/101RECNX/RCNX0139.JPG,LU16_3_20231002_164123_RCNX0139.JPG
LU16,LU16_3,-110.98463,57.21346,500928.34249181015,6341147.803411579,2023-10-02T16:41:24Z,Black bear,1,collar and tag,Z:/3. ACME Projects/1. Alberta/OSM/2023-2024/1. Imagery/OSM_2024_LU16/LU16_03/101RECNX/RCNX0140.JPG,LU16_3_20231002_164124_RCNX0140.JPG
LU16,LU16_3,-110.98463,57.21346,500928.34249181015,6341147.803411579,2023-10-02T16:41:25Z,Black bear,1,collar and tag,Z:/3. ACME Projects/1. Alberta/OSM/2023-2024/1. Imagery/OSM_2024_LU16/LU16_03/101RECNX/RCNX0141.JPG,LU16_3_20231002_164125_RCNX0141.JPG
LU16,LU16_3,-110.98463,57.21346,500928.34249181015,6341147.803411579,2023-10-02T16:41:27Z,Black bear,1,collar and tag,Z:/3. ACME Projects/1. Alberta/OSM/2023-2024/1. Imagery/OSM_2024_LU16/LU16_03/101RECNX/RCNX0142.JPG,LU16_3_20231002_164127_RCNX0142.JPG
LU16,LU16_3,-110.98463,57.21346,500928.34249181015,6341147.803411579,2023-10-02T16:41:28Z,Black bear,1,collar and tag,Z:/3. ACME Projects/1. Alberta/OSM/2023-2024/1. Imagery/OSM_2024_LU16/LU16_03/101RECNX/RCNX0143.JPG,LU16_3_20231002_164128_RCNX0143.JPG
LU16,LU16_3,-110.98463,57.21346,500928.34249181015,6341147.803411579,2023-10-02T16:41:29Z,Black bear,1,collar and tag,Z:/3. ACME Projects/1. Alberta/OSM/2023-2024/1. Imagery/OSM_2024_LU16/LU16_03/101RECNX/RCNX0144.JPG,LU16_3_20231002_164129_RCNX0144.JPG
LU16,LU16_3,-110.98463,57.21346,500928.34249181015,6341147.803411579,2023-10-02T16:41:32Z,Black bear,1,collar and tag,Z:/3. ACME Projects/1. Alberta/OSM/2023-2024/1. Imagery/OSM_2024_LU16/LU16_03/101RECNX/RCNX0145.JPG,LU16_3_20231002_164132_RCNX0145.JPG
LU16,LU16_3,-110.98463,57.21346,500928.34249181015,6341147.803411579,2023-10-02T16:41:33Z,Black bear,1,collar and tag,Z:/3. ACME Projects/1. Alberta/OSM/2023-2024/1. Imagery/OSM_2024_LU16/LU16_03/101RECNX/RCNX0146.JPG,LU16_3_20231002_164133_RCNX0146.JPG
LU16,LU16_3,-110.98463,57.21346,500928.34249181015,6341147.803411579,2023-10-02T16:42:01Z,Black bear,1,collar and tag,Z:/3. ACME Projects/1. Alberta/OSM/2023-2024/1. Imagery/OSM_2024_LU16/LU16_03/101RECNX/RCNX0147.JPG,LU16_3_20231002_164201_RCNX0147.JPG
LU16,LU16_3,-110.98463,57.21346,500928.34249181015,6341147.803411579,2023-10-02T16:42:09Z,Black bear,1,collar and tag,Z:/3. ACME Projects/1. Alberta/OSM/2023-2024/1. Imagery/OSM_2024_LU16/LU16_03/101RECNX/RCNX0148.JPG,LU16_3_20231002_164209_RCNX0148.JPG
LU16,LU16_3,-110.98463,57.21346,500928.34249181015,6341147.803411579,2023-10-02T16:42:23Z,Black bear,1,collar and tag,Z:/3. ACME Projects/1. Alberta/OSM/2023-2024/1. Imagery/OSM_2024_LU16/LU16_03/101RECNX/RCNX0149.JPG,LU16_3_20231002_164223_RCNX0149.JPG
LU16,LU16_3,-110.98463,57.21346,500928.34249181015,6341147.803411579,2023-10-02T16:42:24Z,Black bear,1,collar and tag,Z:/3. ACME Projects/1. Alberta/OSM/2023-2024/1. Imagery/OSM_2024_LU16/LU16_03/101RECNX/RCNX0150.JPG,LU16_3_20231002_164224_RCNX0150.JPG
LU16,LU16_3,-110.98463,57.21346,500928.34249181015,6341147.803411579,2023-10-02T16:42:25Z,Black bear,1,collar and tag,Z:/3. ACME Projects/1. Alberta/OSM/2023-2024/1. Imagery/OSM_2024_LU16/LU16_03/101RECNX/RCNX0151.JPG,LU16_3_20231002_164225_RCNX0151.JPG
LU16,LU16_3,-110.98463,57.21346,500928.34249181015,6341147.803411579,2023-10-02T16:42:26Z,Black bear,1,collar and tag,Z:/3. ACME Projects/1. Alberta/OSM/2023-2024/1. Imagery/OSM_2024_LU16/LU16_03/101RECNX/RCNX0152.JPG,LU16_3_20231002_164226_RCNX0152.JPG
LU16,LU16_3,-110.98463,57.21346,500928.34249181015,6341147.803411579,2023-10-08T19:38:08Z,Black bear,1,known black from previous images. collar and tag,Z:/3. ACME Projects/1. Alberta/OSM/2023-2024/1. Imagery/OSM_2024_LU16/LU16_03/101RECNX/RCNX0159.JPG,LU16_3_20231008_193808_RCNX0159.JPG
LU16,LU16_3,-110.98463,57.21346,500928.34249181015,6341147.803411579,2023-10-08T19:38:13Z,Black bear,1,known black from previous images. collar and tag,Z:/3. ACME Projects/1. Alberta/OSM/2023-2024/1. Imagery/OSM_2024_LU16/LU16_03/101RECNX/RCNX0160.JPG,LU16_3_20231008_193813_RCNX0160.JPG
LU16,LU16_3,-110.98463,57.21346,500928.34249181015,6341147.803411579,2023-10-08T19:38:14Z,Black bear,1,known black from previous images. collar and tag,Z:/3. ACME Projects/1. Alberta/OSM/2023-2024/1. Imagery/OSM_2024_LU16/LU16_03/101RECNX/RCNX0161.JPG,LU16_3_20231008_193814_RCNX0161.JPG
LU16,LU16_3,-110.98463,57.21346,500928.34249181015,6341147.803411579,2023-10-08T19:38:15Z,Black bear,1,known black from previous images. collar and tag,Z:/3. ACME Projects/1. Alberta/OSM/2023-2024/1. Imagery/OSM_2024_LU16/LU16_03/101RECNX/RCNX0162.JPG,LU16_3_20231008_193815_RCNX0162.JPG
LU16,LU16_3,-110.98463,57.21346,500928.34249181015,6341147.803411579,2023-10-08T19:38:16Z,Black bear,1,known black from previous images. collar and tag,Z:/3. ACME Projects/1. Alberta/OSM/2023-2024/1. Imagery/OSM_2024_LU16/LU16_03/101RECNX/RCNX0163.JPG,LU16_3_20231008_193816_RCNX0163.JPG
LU16,LU16_3,-110.98463,57.21346,500928.34249181015,6341147.803411579,2023-10-08T19:38:46Z,Black bear,1,known black from previous images. collar and tag,Z:/3. ACME Projects/1. Alberta/OSM/2023-2024/1. Imagery/OSM_2024_LU16/LU16_03/101RECNX/RCNX0164.JPG,LU16_3_20231008_193846_RCNX0164.JPG
LU16,LU16_3,-110.98463,57.21346,500928.34249181015,6341147.803411579,2023-10-08T19:38:47Z,Black bear,1,known black from previous images. collar and tag,Z:/3. ACME Projects/1. Alberta/OSM/2023-2024/1. Imagery/OSM_2024_LU16/LU16_03/101RECNX/RCNX0165.JPG,LU16_3_20231008_193847_RCNX0165.JPG
LU16,LU16_3,-110.98463,57.21346,500928.34249181015,6341147.803411579,2023-10-08T19:38:49Z,Black bear,1,known black from previous images. collar and tag,Z:/3. ACME Projects/1. Alberta/OSM/2023-2024/1. Imagery/OSM_2024_LU16/LU16_03/101RECNX/RCNX0166.JPG,LU16_3_20231008_193849_RCNX0166.JPG
LU16,LU16_3,-110.98463,57.21346,500928.34249181015,6341147.803411579,2023-10-08T19:38:51Z,Black bear,1,known black from previous images. collar and tag,Z:/3. ACME Projects/1. Alberta/OSM/2023-2024/1. Imagery/OSM_2024_LU16/LU16_03/101RECNX/RCNX0167.JPG,LU16_3_20231008_193851_RCNX0167.JPG
LU16,LU16_3,-110.98463,57.21346,500928.34249181015,6341147.803411579,2023-10-08T19:38:56Z,Black bear,1,known black from previous images. collar and tag,Z:/3. ACME Projects/1. Alberta/OSM/2023-2024/1. Imagery/OSM_2024_LU16/LU16_03/101RECNX/RCNX0168.JPG,LU16_3_20231008_193856_RCNX0168.JPG
LU16,LU16_3,-110.98463,57.21346,500928.34249181015,6341147.803411579,2023-10-08T19:39:01Z,Black bear,1,known black from previous images. collar and tag,Z:/3. ACME Projects/1. Alberta/OSM/2023-2024/1. Imagery/OSM_2024_LU16/LU16_03/101RECNX/RCNX0169.JPG,LU16_3_20231008_193901_RCNX0169.JPG
LU16,LU16_3,-110.98463,57.21346,500928.34249181015,6341147.803411579,2023-10-08T19:39:10Z,Black bear,1,known black from previous images. collar and tag,Z:/3. ACME Projects/1. Alberta/OSM/2023-2024/1. Imagery/OSM_2024_LU16/LU16_03/101RECNX/RCNX0170.JPG,LU16_3_20231008_193910_RCNX0170.JPG
LU16,LU16_3,-110.98463,57.21346,500928.34249181015,6341147.803411579,2023-10-08T19:40:38Z,Black bear,1,known black from previous images. collar and tag,Z:/3. ACME Projects/1. Alberta/OSM/2023-2024/1. Imagery/OSM_2024_LU16/LU16_03/101RECNX/RCNX0171.JPG,LU16_3_20231008_194038_RCNX0171.JPG
LU16,LU16_3,-110.98463,57.21346,500928.34249181015,6341147.803411579,2023-10-08T19:40:42Z,Black bear,1,known black from previous images. collar and tag,Z:/3. ACME Projects/1. Alberta/OSM/2023-2024/1. Imagery/OSM_2024_LU16/LU16_03/101RECNX/RCNX0172.JPG,LU16_3_20231008_194042_RCNX0172.JPG
LU16,LU16_3,-110.98463,57.21346,500928.34249181015,6341147.803411579,2023-10-08T19:41:25Z,Black bear,1,known black from previous images. collar and tag,Z:/3. ACME Projects/1. Alberta/OSM/2023-2024/1. Imagery/OSM_2024_LU16/LU16_03/101RECNX/RCNX0173.JPG,LU16_3_20231008_194125_RCNX0173.JPG
LU16,LU16_3,-110.98463,57.21346,500928.34249181015,6341147.803411579,2023-10-08T19:42:46Z,Black bear,1,known black from previous images. collar and tag,Z:/3. ACME Projects/1. Alberta/OSM/2023-2024/1. Imagery/OSM_2024_LU16/LU16_03/101RECNX/RCNX0174.JPG,LU16_3_20231008_194246_RCNX0174.JPG
LU16,LU16_3,-110.98463,57.21346,500928.34249181015,6341147.803411579,2023-10-08T19:42:47Z,Black bear,1,known black from previous images. collar and tag,Z:/3. ACME Projects/1. Alberta/OSM/2023-2024/1. Imagery/OSM_2024_LU16/LU16_03/101RECNX/RCNX0175.JPG,LU16_3_20231008_194247_RCNX0175.JPG
LU16,LU16_3,-110.98463,57.21346,500928.34249181015,6341147.803411579,2023-10-08T19:42:48Z,Black bear,1,known black from previous images. collar and tag,Z:/3. ACME Projects/1. Alberta/OSM/2023-2024/1. Imagery/OSM_2024_LU16/LU16_03/101RECNX/RCNX0176.JPG,LU16_3_20231008_194248_RCNX0176.JPG
LU16,LU16_3,-110.98463,57.21346,500928.34249181015,6341147.803411579,2023-10-08T19:42:50Z,Black bear,1,known black from previous images. collar and tag,Z:/3. ACME Projects/1. Alberta/OSM/2023-2024/1. Imagery/OSM_2024_LU16/LU16_03/101RECNX/RCNX0177.JPG,LU16_3_20231008_194250_RCNX0177.JPG
LU16,LU16_3,-110.98463,57.21346,500928.34249181015,6341147.803411579,2023-10-08T19:42:52Z,Black bear,1,known black from previous images. collar and tag,Z:/3. ACME Projects/1. Alberta/OSM/2023-2024/1. Imagery/OSM_2024_LU16/LU16_03/101RECNX/RCNX0178.JPG,LU16_3_20231008_194252_RCNX0178.JPG
LU16,LU16_3,-110.98463,57.21346,500928.34249181015,6341147.803411579,2023-10-08T19:42:53Z,Black bear,1,known black from previous images. collar and tag,Z:/3. ACME Projects/1. Alberta/OSM/2023-2024/1. Imagery/OSM_2024_LU16/LU16_03/101RECNX/RCNX0179.JPG,LU16_3_20231008_194253_RCNX0179.JPG
LU16,LU16_3,-110.98463,57.21346,500928.34249181015,6341147.803411579,2023-10-08T19:42:57Z,Black bear,1,known black from previous images. collar and tag,Z:/3. ACME Projects/1. Alberta/OSM/2023-2024/1. Imagery/OSM_2024_LU16/LU16_03/101RECNX/RCNX0180.JPG,LU16_3_20231008_194257_RCNX0180.JPG
LU16,LU16_3,-110.98463,57.21346,500928.34249181015,6341147.803411579,2023-10-08T19:42:58Z,Black bear,1,known black from previous images. collar and tag,Z:/3. ACME Projects/1. Alberta/OSM/2023-2024/1. Imagery/OSM_2024_LU16/LU16_03/101RECNX/RCNX0181.JPG,LU16_3_20231008_194258_RCNX0181.JPG
LU16,LU16_3,-110.98463,57.21346,500928.34249181015,6341147.803411579,2023-10-08T19:42:59Z,Black bear,1,known black from previous images. collar and tag,Z:/3. ACME Projects/1. Alberta/OSM/2023-2024/1. Imagery/OSM_2024_LU16/LU16_03/101RECNX/RCNX0182.JPG,LU16_3_20231008_194259_RCNX0182.JPG
LU16,LU16_3,-110.98463,57.21346,500928.34249181015,6341147.803411579,2023-10-08T19:43:10Z,Black bear,1,known black from previous images. collar and tag,Z:/3. ACME Projects/1. Alberta/OSM/2023-2024/1. Imagery/OSM_2024_LU16/LU16_03/101RECNX/RCNX0183.JPG,LU16_3_20231008_194310_RCNX0183.JPG
LU16,LU16_3,-110.98463,57.21346,500928.34249181015,6341147.803411579,2023-10-08T19:43:46Z,Black bear,1,known black from previous images. collar and tag,Z:/3. ACME Projects/1. Alberta/OSM/2023-2024/1. Imagery/OSM_2024_LU16/LU16_03/101RECNX/RCNX0184.JPG,LU16_3_20231008_194346_RCNX0184.JPG
LU16,LU16_3,-110.98463,57.21346,500928.34249181015,6341147.803411579,2023-10-08T19:43:47Z,Black bear,1,known black from previous images. collar and tag,Z:/3. ACME Projects/1. Alberta/OSM/2023-2024/1. Imagery/OSM_2024_LU16/LU16_03/101RECNX/RCNX0185.JPG,LU16_3_20231008_194347_RCNX0185.JPG
LU16,LU16_3,-110.98463,57.21346,500928.34249181015,6341147.803411579,2023-10-08T19:44:00Z,Black bear,1,known black from previous images. collar and tag,Z:/3. ACME Projects/1. Alberta/OSM/2023-2024/1. Imagery/OSM_2024_LU16/LU16_03/101RECNX/RCNX0186.JPG,LU16_3_20231008_194400_RCNX0186.JPG
LU16,LU16_3,-110.98463,57.21346,500928.34249181015,6341147.803411579,2023-10-08T19:44:21Z,Black bear,1,known black from previous images. collar and tag,Z:/3. ACME Projects/1. Alberta/OSM/2023-2024/1. Imagery/OSM_2024_LU16/LU16_03/101RECNX/RCNX0187.JPG,LU16_3_20231008_194421_RCNX0187.JPG
LU16,LU16_3,-110.98463,57.21346,500928.34249181015,6341147.803411579,2023-10-08T19:44:23Z,Black bear,1,known black from previous images. collar and tag,Z:/3. ACME Projects/1. Alberta/OSM/2023-2024/1. Imagery/OSM_2024_LU16/LU16_03/101RECNX/RCNX0188.JPG,LU16_3_20231008_194423_RCNX0188.JPG
LU16,LU16_3,-110.98463,57.21346,500928.34249181015,6341147.803411579,2023-10-08T19:44:24Z,Black bear,1,known black from previous images. collar and tag,Z:/3. ACME Projects/1. Alberta/OSM/2023-2024/1. Imagery/OSM_2024_LU16/LU16_03/101RECNX/RCNX0189.JPG,LU16_3_20231008_194424_RCNX0189.JPG
LU16,LU16_3,-110.98463,57.21346,500928.34249181015,6341147.803411579,2023-10-08T19:44:25Z,Black bear,1,known black from previous images. collar and tag,Z:/3. ACME Projects/1. Alberta/OSM/2023-2024/1. Imagery/OSM_2024_LU16/LU16_03/101RECNX/RCNX0190.JPG,LU16_3_20231008_194425_RCNX0190.JPG
LU16,LU16_3,-110.98463,57.21346,500928.34249181015,6341147.803411579,2023-10-08T19:44:26Z,Black bear,1,known black from previous images. collar and tag,Z:/3. ACME Projects/1. Alberta/OSM/2023-2024/1. Imagery/OSM_2024_LU16/LU16_03/101RECNX/RCNX0191.JPG,LU16_3_20231008_194426_RCNX0191.JPG
LU16,LU16_3,-110.98463,57.21346,500928.34249181015,6341147.803411579,2023-10-08T19:44:26Z,Black bear,1,known black from previous images. collar and tag,Z:/3. ACME Projects/1. Alberta/OSM/2023-2024/1. Imagery/OSM_2024_LU16/LU16_03/101RECNX/RCNX0192.JPG,LU16_3_20231008_194426_RCNX0192.JPG
LU16,LU16_3,-110.98463,57.21346,500928.34249181015,6341147.803411579,2023-10-08T19:44:27Z,Black bear,1,known black from previous images. collar and tag,Z:/3. ACME Projects/1. Alberta/OSM/2023-2024/1. Imagery/OSM_2024_LU16/LU16_03/101RECNX/RCNX0193.JPG,LU16_3_20231008_194427_RCNX0193.JPG
LU16,LU16_3,-110.98463,57.21346,500928.34249181015,6341147.803411579,2023-10-08T19:44:30Z,Black bear,1,known black from previous images. collar and tag,Z:/3. ACME Projects/1. Alberta/OSM/2023-2024/1. Imagery/OSM_2024_LU16/LU16_03/101RECNX/RCNX0194.JPG,LU16_3_20231008_194430_RCNX0194.JPG
LU16,LU16_3,-110.98463,57.21346,500928.34249181015,6341147.803411579,2023-10-08T19:44:33Z,Black bear,1,known black from previous images. collar and tag,Z:/3. ACME Projects/1. Alberta/OSM/2023-2024/1. Imagery/OSM_2024_LU16/LU16_03/101RECNX/RCNX0195.JPG,LU16_3_20231008_194433_RCNX0195.JPG
LU16,LU16_3,-110.98463,57.21346,500928.34249181015,6341147.803411579,2023-10-08T19:44:34Z,Black bear,1,known black from previous images. collar and tag,Z:/3. ACME Projects/1. Alberta/OSM/2023-2024/1. Imagery/OSM_2024_LU16/LU16_03/101RECNX/RCNX0196.JPG,LU16_3_20231008_194434_RCNX0196.JPG
LU16,LU16_3,-110.98463,57.21346,500928.34249181015,6341147.803411579,2023-10-08T19:44:41Z,Black bear,1,known black from previous images. collar and tag,Z:/3. ACME Projects/1. Alberta/OSM/2023-2024/1. Imagery/OSM_2024_LU16/LU16_03/101RECNX/RCNX0197.JPG,LU16_3_20231008_194441_RCNX0197.JPG
LU16,LU16_3,-110.98463,57.21346,500928.34249181015,6341147.803411579,2023-10-08T19:44:45Z,Black bear,1,known black from previous images. collar and tag,Z:/3. ACME Projects/1. Alberta/OSM/2023-2024/1. Imagery/OSM_2024_LU16/LU16_03/101RECNX/RCNX0198.JPG,LU16_3_20231008_194445_RCNX0198.JPG
LU16,LU16_3,-110.98463,57.21346,500928.34249181015,6341147.803411579,2023-10-08T19:44:47Z,Black bear,1,known black from previous images. collar and tag,Z:/3. ACME Projects/1. Alberta/OSM/2023-2024/1. Imagery/OSM_2024_LU16/LU16_03/101RECNX/RCNX0199.JPG,LU16_3_20231008_194447_RCNX0199.JPG
LU16,LU16_3,-110.98463,57.21346,500928.34249181015,6341147.803411579,2023-10-08T19:44:48Z,Black bear,1,known black from previous images. collar and tag,Z:/3. ACME Projects/1. Alberta/OSM/2023-2024/1. Imagery/OSM_2024_LU16/LU16_03/101RECNX/RCNX0200.JPG,LU16_3_20231008_194448_RCNX0200.JPG
LU16,LU16_3,-110.98463,57.21346,500928.34249181015,6341147.803411579,2023-10-08T19:44:49Z,Black bear,1,known black from previous images. collar and tag,Z:/3. ACME Projects/1. Alberta/OSM/2023-2024/1. Imagery/OSM_2024_LU16/LU16_03/101RECNX/RCNX0201.JPG,LU16_3_20231008_194449_RCNX0201.JPG
LU16,LU16_3,-110.98463,57.21346,500928.34249181015,6341147.803411579,2023-10-08T19:44:49Z,Black bear,1,known black from previous images. collar and tag,Z:/3. ACME Projects/1. Alberta/OSM/2023-2024/1. Imagery/OSM_2024_LU16/LU16_03/101RECNX/RCNX0202.JPG,LU16_3_20231008_194449_RCNX0202.JPG
LU16,LU16_3,-110.98463,57.21346,500928.34249181015,6341147.803411579,2024-05-09T13:22:04Z,Black bear,1,collar and tag,Z:/3. ACME Projects/1. Alberta/OSM/2023-2024/1. Imagery/OSM_2024_LU16/LU16_03/101RECNX/RCNX0683.JPG,LU16_3_20240509_132204_RCNX0683.JPG
LU16,LU16_3,-110.98463,57.21346,500928.34249181015,6341147.803411579,2024-05-09T13:22:05Z,Black bear,1,collar and tag,Z:/3. ACME Projects/1. Alberta/OSM/2023-2024/1. Imagery/OSM_2024_LU16/LU16_03/101RECNX/RCNX0684.JPG,LU16_3_20240509_132205_RCNX0684.JPG
LU16,LU16_3,-110.98463,57.21346,500928.34249181015,6341147.803411579,2024-05-09T13:22:06Z,Black bear,1,collar and tag,Z:/3. ACME Projects/1. Alberta/OSM/2023-2024/1. Imagery/OSM_2024_LU16/LU16_03/101RECNX/RCNX0685.JPG,LU16_3_20240509_132206_RCNX0685.JPG
LU16,LU16_3,-110.98463,57.21346,500928.34249181015,6341147.803411579,2024-05-09T13:22:08Z,Black bear,1,collar and tag,Z:/3. ACME Projects/1. Alberta/OSM/2023-2024/1. Imagery/OSM_2024_LU16/LU16_03/101RECNX/RCNX0686.JPG,LU16_3_20240509_132208_RCNX0686.JPG
LU16,LU16_3,-110.98463,57.21346,500928.34249181015,6341147.803411579,2024-05-09T13:22:09Z,Black bear,1,collar and tag,Z:/3. ACME Projects/1. Alberta/OSM/2023-2024/1. Imagery/OSM_2024_LU16/LU16_03/101RECNX/RCNX0687.JPG,LU16_3_20240509_132209_RCNX0687.JPG
LU16,LU16_3,-110.98463,57.21346,500928.34249181015,6341147.803411579,2024-05-09T13:22:10Z,Black bear,1,collar and tag,Z:/3. ACME Projects/1. Alberta/OSM/2023-2024/1. Imagery/OSM_2024_LU16/LU16_03/101RECNX/RCNX0688.JPG,LU16_3_20240509_132210_RCNX0688.JPG
LU16,LU16_3,-110.98463,57.21346,500928.34249181015,6341147.803411579,2024-05-09T13:22:12Z,Black bear,1,collar and tag,Z:/3. ACME Projects/1. Alberta/OSM/2023-2024/1. Imagery/OSM_2024_LU16/LU16_03/101RECNX/RCNX0689.JPG,LU16_3_20240509_132212_RCNX0689.JPG
LU16,LU16_3,-110.98463,57.21346,500928.34249181015,6341147.803411579,2024-05-09T13:22:45Z,Black bear,1,collar and tag,Z:/3. ACME Projects/1. Alberta/OSM/2023-2024/1. Imagery/OSM_2024_LU16/LU16_03/101RECNX/RCNX0690.JPG,LU16_3_20240509_132245_RCNX0690.JPG
LU16,LU16_3,-110.98463,57.21346,500928.34249181015,6341147.803411579,2024-05-09T13:22:46Z,Black bear,1,collar and tag,Z:/3. ACME Projects/1. Alberta/OSM/2023-2024/1. Imagery/OSM_2024_LU16/LU16_03/101RECNX/RCNX0691.JPG,LU16_3_20240509_132246_RCNX0691.JPG
LU16,LU16_3,-110.98463,57.21346,500928.34249181015,6341147.803411579,2024-05-09T13:22:47Z,Black bear,1,collar and tag,Z:/3. ACME Projects/1. Alberta/OSM/2023-2024/1. Imagery/OSM_2024_LU16/LU16_03/101RECNX/RCNX0692.JPG,LU16_3_20240509_132247_RCNX0692.JPG
LU16,LU16_3,-110.98463,57.21346,500928.34249181015,6341147.803411579,2024-05-09T13:22:48Z,Black bear,1,collar and tag,Z:/3. ACME Projects/1. Alberta/OSM/2023-2024/1. Imagery/OSM_2024_LU16/LU16_03/101RECNX/RCNX0693.JPG,LU16_3_20240509_132248_RCNX0693.JPG
LU16,LU16_3,-110.98463,57.21346,500928.34249181015,6341147.803411579,2024-05-09T13:22:49Z,Black bear,1,collar and tag,Z:/3. ACME Projects/1. Alberta/OSM/2023-2024/1. Imagery/OSM_2024_LU16/LU16_03/101RECNX/RCNX0694.JPG,LU16_3_20240509_132249_RCNX0694.JPG
LU16,LU16_3,-110.98463,57.21346,500928.34249181015,6341147.803411579,2024-05-09T13:22:50Z,Black bear,1,collar and tag,Z:/3. ACME Projects/1. Alberta/OSM/2023-2024/1. Imagery/OSM_2024_LU16/LU16_03/101RECNX/RCNX0695.JPG,LU16_3_20240509_132250_RCNX0695.JPG
LU16,LU16_3,-110.98463,57.21346,500928.34249181015,6341147.803411579,2024-05-09T13:22:54Z,Black bear,1,collar and tag,Z:/3. ACME Projects/1. Alberta/OSM/2023-2024/1. Imagery/OSM_2024_LU16/LU16_03/101RECNX/RCNX0696.JPG,LU16_3_20240509_132254_RCNX0696.JPG
LU16,LU16_3,-110.98463,57.21346,500928.34249181015,6341147.803411579,2024-05-09T13:22:55Z,Black bear,1,collar and tag,Z:/3. ACME Projects/1. Alberta/OSM/2023-2024/1. Imagery/OSM_2024_LU16/LU16_03/101RECNX/RCNX0697.JPG,LU16_3_20240509_132255_RCNX0697.JPG
LU16,LU16_3,-110.98463,57.21346,500928.34249181015,6341147.803411579,2024-05-09T13:22:56Z,Black bear,1,collar and tag,Z:/3. ACME Projects/1. Alberta/OSM/2023-2024/1. Imagery/OSM_2024_LU16/LU16_03/101RECNX/RCNX0698.JPG,LU16_3_20240509_132256_RCNX0698.JPG
LU16,LU16_3,-110.98463,57.21346,500928.34249181015,6341147.803411579,2024-05-09T13:22:57Z,Black bear,1,collar and tag,Z:/3. ACME Projects/1. Alberta/OSM/2023-2024/1. Imagery/OSM_2024_LU16/LU16_03/101RECNX/RCNX0699.JPG,LU16_3_20240509_132257_RCNX0699.JPG
LU16,LU16_3,-110.98463,57.21346,500928.34249181015,6341147.803411579,2024-05-09T13:22:59Z,Black bear,1,collar and tag,Z:/3. ACME Projects/1. Alberta/OSM/2023-2024/1. Imagery/OSM_2024_LU16/LU16_03/101RECNX/RCNX0700.JPG,LU16_3_20240509_132259_RCNX0700.JPG
LU16,LU16_3,-110.98463,57.21346,500928.34249181015,6341147.803411579,2024-05-09T13:23:00Z,Black bear,1,collar and tag,Z:/3. ACME Projects/1. Alberta/OSM/2023-2024/1. Imagery/OSM_2024_LU16/LU16_03/101RECNX/RCNX0701.JPG,LU16_3_20240509_132300_RCNX0701.JPG
LU16,LU16_3,-110.98463,57.21346,500928.34249181015,6341147.803411579,2024-05-09T13:23:01Z,Black bear,1,collar and tag,Z:/3. ACME Projects/1. Alberta/OSM/2023-2024/1. Imagery/OSM_2024_LU16/LU16_03/101RECNX/RCNX0702.JPG,LU16_3_20240509_132301_RCNX0702.JPG
LU16,LU16_3,-110.98463,57.21346,500928.34249181015,6341147.803411579,2024-05-09T13:23:04Z,Black bear,1,collar and tag,Z:/3. ACME Projects/1. Alberta/OSM/2023-2024/1. Imagery/OSM_2024_LU16/LU16_03/101RECNX/RCNX0703.JPG,LU16_3_20240509_132304_RCNX0703.JPG
LU16,LU16_3,-110.98463,57.21346,500928.34249181015,6341147.803411579,2024-05-09T13:23:05Z,Black bear,1,collar and tag,Z:/3. ACME Projects/1. Alberta/OSM/2023-2024/1. Imagery/OSM_2024_LU16/LU16_03/101RECNX/RCNX0704.JPG,LU16_3_20240509_132305_RCNX0704.JPG
LU16,LU16_3,-110.98463,57.21346,500928.34249181015,6341147.803411579,2024-05-09T13:23:07Z,Black bear,1,collar and tag,Z:/3. ACME Projects/1. Alberta/OSM/2023-2024/1. Imagery/OSM_2024_LU16/LU16_03/101RECNX/RCNX0705.JPG,LU16_3_20240509_132307_RCNX0705.JPG
LU16,LU16_3,-110.98463,57.21346,500928.34249181015,6341147.803411579,2024-05-09T13:23:08Z,Black bear,1,collar and tag,Z:/3. ACME Projects/1. Alberta/OSM/2023-2024/1. Imagery/OSM_2024_LU16/LU16_03/101RECNX/RCNX0706.JPG,LU16_3_20240509_132308_RCNX0706.JPG
LU16,LU16_3,-110.98463,57.21346,500928.34249181015,6341147.803411579,2024-05-09T13:23:11Z,Black bear,1,collar and tag,Z:/3. ACME Projects/1. Alberta/OSM/2023-2024/1. Imagery/OSM_2024_LU16/LU16_03/101RECNX/RCNX0707.JPG,LU16_3_20240509_132311_RCNX0707.JPG
LU16,LU16_3,-110.98463,57.21346,500928.34249181015,6341147.803411579,2024-05-09T13:23:16Z,Black bear,1,collar and tag,Z:/3. ACME Projects/1. Alberta/OSM/2023-2024/1. Imagery/OSM_2024_LU16/LU16_03/101RECNX/RCNX0708.JPG,LU16_3_20240509_132316_RCNX0708.JPG
LU16,LU16_3,-110.98463,57.21346,500928.34249181015,6341147.803411579,2024-05-09T13:23:18Z,Black bear,1,collar and tag,Z:/3. ACME Projects/1. Alberta/OSM/2023-2024/1. Imagery/OSM_2024_LU16/LU16_03/101RECNX/RCNX0709.JPG,LU16_3_20240509_132318_RCNX0709.JPG
LU16,LU16_3,-110.98463,57.21346,500928.34249181015,6341147.803411579,2024-05-09T13:23:19Z,Black bear,1,collar and tag,Z:/3. ACME Projects/1. Alberta/OSM/2023-2024/1. Imagery/OSM_2024_LU16/LU16_03/101RECNX/RCNX0710.JPG,LU16_3_20240509_132319_RCNX0710.JPG
LU16,LU16_3,-110.98463,57.21346,500928.34249181015,6341147.803411579,2024-05-09T13:23:20Z,Black bear,1,collar and tag,Z:/3. ACME Projects/1. Alberta/OSM/2023-2024/1. Imagery/OSM_2024_LU16/LU16_03/101RECNX/RCNX0711.JPG,LU16_3_20240509_132320_RCNX0711.JPG
LU16,LU16_3,-110.98463,57.21346,500928.34249181015,6341147.803411579,2024-05-09T13:23:24Z,Black bear,1,collar and tag,Z:/3. ACME Projects/1. Alberta/OSM/2023-2024/1. Imagery/OSM_2024_LU16/LU16_03/101RECNX/RCNX0712.JPG,LU16_3_20240509_132324_RCNX0712.JPG
LU16,LU16_3,-110.98463,57.21346,500928.34249181015,6341147.803411579,2024-05-09T13:23:26Z,Black bear,1,collar and tag,Z:/3. ACME Projects/1. Alberta/OSM/2023-2024/1. Imagery/OSM_2024_LU16/LU16_03/101RECNX/RCNX0713.JPG,LU16_3_20240509_132326_RCNX0713.JPG
LU16,LU16_3,-110.98463,57.21346,500928.34249181015,6341147.803411579,2024-05-09T13:23:28Z,Black bear,1,collar and tag,Z:/3. ACME Projects/1. Alberta/OSM/2023-2024/1. Imagery/OSM_2024_LU16/LU16_03/101RECNX/RCNX0714.JPG,LU16_3_20240509_132328_RCNX0714.JPG
LU16,LU16_3,-110.98463,57.21346,500928.34249181015,6341147.803411579,2024-05-09T13:23:29Z,Black bear,1,collar and tag,Z:/3. ACME Projects/1. Alberta/OSM/2023-2024/1. Imagery/OSM_2024_LU16/LU16_03/101RECNX/RCNX0715.JPG,LU16_3_20240509_132329_RCNX0715.JPG
LU16,LU16_3,-110.98463,57.21346,500928.34249181015,6341147.803411579,2024-05-09T13:23:30Z,Black bear,1,collar and tag,Z:/3. ACME Projects/1. Alberta/OSM/2023-2024/1. Imagery/OSM_2024_LU16/LU16_03/101RECNX/RCNX0716.JPG,LU16_3_20240509_132330_RCNX0716.JPG
LU16,LU16_3,-110.98463,57.21346,500928.34249181015,6341147.803411579,2024-05-09T13:23:31Z,Black bear,1,collar and tag,Z:/3. ACME Projects/1. Alberta/OSM/2023-2024/1. Imagery/OSM_2024_LU16/LU16_03/101RECNX/RCNX0717.JPG,LU16_3_20240509_132331_RCNX0717.JPG
LU16,LU16_3,-110.98463,57.21346,500928.34249181015,6341147.803411579,2024-05-09T13:23:32Z,Black bear,1,collar and tag,Z:/3. ACME Projects/1. Alberta/OSM/2023-2024/1. Imagery/OSM_2024_LU16/LU16_03/101RECNX/RCNX0718.JPG,LU16_3_20240509_132332_RCNX0718.JPG
LU16,LU16_3,-110.98463,57.21346,500928.34249181015,6341147.803411579,2024-05-09T13:23:33Z,Black bear,1,collar and tag,Z:/3. ACME Projects/1. Alberta/OSM/2023-2024/1. Imagery/OSM_2024_LU16/LU16_03/101RECNX/RCNX0719.JPG,LU16_3_20240509_132333_RCNX0719.JPG
LU16,LU16_3,-110.98463,57.21346,500928.34249181015,6341147.803411579,2024-05-09T13:23:34Z,Black bear,1,collar and tag,Z:/3. ACME Projects/1. Alberta/OSM/2023-2024/1. Imagery/OSM_2024_LU16/LU16_03/101RECNX/RCNX0720.JPG,LU16_3_20240509_132334_RCNX0720.JPG
LU16,LU16_3,-110.98463,57.21346,500928.34249181015,6341147.803411579,2024-05-09T13:23:36Z,Black bear,1,collar and tag,Z:/3. ACME Projects/1. Alberta/OSM/2023-2024/1. Imagery/OSM_2024_LU16/LU16_03/101RECNX/RCNX0721.JPG,LU16_3_20240509_132336_RCNX0721.JPG
LU16,LU16_3,-110.98463,57.21346,500928.34249181015,6341147.803411579,2024-05-09T13:23:37Z,Black bear,1,collar and tag,Z:/3. ACME Projects/1. Alberta/OSM/2023-2024/1. Imagery/OSM_2024_LU16/LU16_03/101RECNX/RCNX0722.JPG,LU16_3_20240509_132337_RCNX0722.JPG
LU16,LU16_3,-110.98463,57.21346,500928.34249181015,6341147.803411579,2024-05-09T13:23:38Z,Black bear,1,collar and tag,Z:/3. ACME Projects/1. Alberta/OSM/2023-2024/1. Imagery/OSM_2024_LU16/LU16_03/101RECNX/RCNX0723.JPG,LU16_3_20240509_132338_RCNX0723.JPG
LU16,LU16_3,-110.98463,57.21346,500928.34249181015,6341147.803411579,2024-05-09T13:23:39Z,Black bear,1,collar and tag,Z:/3. ACME Projects/1. Alberta/OSM/2023-2024/1. Imagery/OSM_2024_LU16/LU16_03/101RECNX/RCNX0724.JPG,LU16_3_20240509_132339_RCNX0724.JPG
LU16,LU16_3,-110.98463,57.21346,500928.34249181015,6341147.803411579,2024-05-09T13:23:40Z,Black bear,1,collar and tag,Z:/3. ACME Projects/1. Alberta/OSM/2023-2024/1. Imagery/OSM_2024_LU16/LU16_03/101RECNX/RCNX0725.JPG,LU16_3_20240509_132340_RCNX0725.JPG
LU16,LU16_3,-110.98463,57.21346,500928.34249181015,6341147.803411579,2024-05-09T13:23:41Z,Black bear,1,collar and tag,Z:/3. ACME Projects/1. Alberta/OSM/2023-2024/1. Imagery/OSM_2024_LU16/LU16_03/101RECNX/RCNX0726.JPG,LU16_3_20240509_132341_RCNX0726.JPG
LU16,LU16_3,-110.98463,57.21346,500928.34249181015,6341147.803411579,2024-05-09T13:23:54Z,Black bear,1,collar and tag,Z:/3. ACME Projects/1. Alberta/OSM/2023-2024/1. Imagery/OSM_2024_LU16/LU16_03/101RECNX/RCNX0727.JPG,LU16_3_20240509_132354_RCNX0727.JPG
LU16,LU16_3,-110.98463,57.21346,500928.34249181015,6341147.803411579,2024-05-09T13:24:00Z,Black bear,1,collar and tag,Z:/3. ACME Projects/1. Alberta/OSM/2023-2024/1. Imagery/OSM_2024_LU16/LU16_03/101RECNX/RCNX0728.JPG,LU16_3_20240509_132400_RCNX0728.JPG
LU16,LU16_3,-110.98463,57.21346,500928.34249181015,6341147.803411579,2024-05-09T13:24:01Z,Black bear,1,collar and tag,Z:/3. ACME Projects/1. Alberta/OSM/2023-2024/1. Imagery/OSM_2024_LU16/LU16_03/101RECNX/RCNX0729.JPG,LU16_3_20240509_132401_RCNX0729.JPG
LU16,LU16_3,-110.98463,57.21346,500928.34249181015,6341147.803411579,2024-05-09T13:24:02Z,Black bear,1,collar and tag,Z:/3. ACME Projects/1. Alberta/OSM/2023-2024/1. Imagery/OSM_2024_LU16/LU16_03/101RECNX/RCNX0730.JPG,LU16_3_20240509_132402_RCNX0730.JPG
LU16,LU16_3,-110.98463,57.21346,500928.34249181015,6341147.803411579,2024-05-09T13:24:03Z,Black bear,1,collar and tag,Z:/3. ACME Projects/1. Alberta/OSM/2023-2024/1. Imagery/OSM_2024_LU16/LU16_03/101RECNX/RCNX0731.JPG,LU16_3_20240509_132403_RCNX0731.JPG
LU16,LU16_3,-110.98463,57.21346,500928.34249181015,6341147.803411579,2024-05-09T13:24:04Z,Black bear,1,collar and tag,Z:/3. ACME Projects/1. Alberta/OSM/2023-2024/1. Imagery/OSM_2024_LU16/LU16_03/101RECNX/RCNX0732.JPG,LU16_3_20240509_132404_RCNX0732.JPG
LU16,LU16_3,-110.98463,57.21346,500928.34249181015,6341147.803411579,2024-05-09T13:24:06Z,Black bear,1,collar and tag,Z:/3. ACME Projects/1. Alberta/OSM/2023-2024/1. Imagery/OSM_2024_LU16/LU16_03/101RECNX/RCNX0733.JPG,LU16_3_20240509_132406_RCNX0733.JPG
LU16,LU16_3,-110.98463,57.21346,500928.34249181015,6341147.803411579,2024-05-09T13:24:07Z,Black bear,1,collar and tag,Z:/3. ACME Projects/1. Alberta/OSM/2023-2024/1. Imagery/OSM_2024_LU16/LU16_03/101RECNX/RCNX0734.JPG,LU16_3_20240509_132407_RCNX0734.JPG
LU16,LU16_3,-110.98463,57.21346,500928.34249181015,6341147.803411579,2024-05-09T13:24:08Z,Black bear,1,collar and tag,Z:/3. ACME Projects/1. Alberta/OSM/2023-2024/1. Imagery/OSM_2024_LU16/LU16_03/101RECNX/RCNX0735.JPG,LU16_3_20240509_132408_RCNX0735.JPG
LU16,LU16_3,-110.98463,57.21346,500928.34249181015,6341147.803411579,2024-05-09T13:24:09Z,Black bear,1,collar and tag,Z:/3. ACME Projects/1. Alberta/OSM/2023-2024/1. Imagery/OSM_2024_LU16/LU16_03/101RECNX/RCNX0736.JPG,LU16_3_20240509_132409_RCNX0736.JPG
LU16,LU16_3,-110.98463,57.21346,500928.34249181015,6341147.803411579,2024-05-09T13:24:10Z,Black bear,1,collar and tag,Z:/3. ACME Projects/1. Alberta/OSM/2023-2024/1. Imagery/OSM_2024_LU16/LU16_03/101RECNX/RCNX0737.JPG,LU16_3_20240509_132410_RCNX0737.JPG
LU16,LU16_3,-110.98463,57.21346,500928.34249181015,6341147.803411579,2024-05-09T13:24:12Z,Black bear,1,collar and tag,Z:/3. ACME Projects/1. Alberta/OSM/2023-2024/1. Imagery/OSM_2024_LU16/LU16_03/101RECNX/RCNX0738.JPG,LU16_3_20240509_132412_RCNX0738.JPG
LU16,LU16_3,-110.98463,57.21346,500928.34249181015,6341147.803411579,2024-05-09T13:24:16Z,Black bear,1,collar and tag,Z:/3. ACME Projects/1. Alberta/OSM/2023-2024/1. Imagery/OSM_2024_LU16/LU16_03/101RECNX/RCNX0739.JPG,LU16_3_20240509_132416_RCNX0739.JPG
LU16,LU16_3,-110.98463,57.21346,500928.34249181015,6341147.803411579,2024-05-09T13:24:18Z,Black bear,1,collar and tag,Z:/3. ACME Projects/1. Alberta/OSM/2023-2024/1. Imagery/OSM_2024_LU16/LU16_03/101RECNX/RCNX0740.JPG,LU16_3_20240509_132418_RCNX0740.JPG
LU16,LU16_3,-110.98463,57.21346,500928.34249181015,6341147.803411579,2024-05-09T13:24:20Z,Black bear,1,collar and tag,Z:/3. ACME Projects/1. Alberta/OSM/2023-2024/1. Imagery/OSM_2024_LU16/LU16_03/101RECNX/RCNX0741.JPG,LU16_3_20240509_132420_RCNX0741.JPG
LU16,LU16_3,-110.98463,57.21346,500928.34249181015,6341147.803411579,2024-05-09T13:24:21Z,Black bear,1,collar and tag,Z:/3. ACME Projects/1. Alberta/OSM/2023-2024/1. Imagery/OSM_2024_LU16/LU16_03/101RECNX/RCNX0742.JPG,LU16_3_20240509_132421_RCNX0742.JPG
LU16,LU16_3,-110.98463,57.21346,500928.34249181015,6341147.803411579,2024-05-09T13:24:22Z,Black bear,1,collar and tag,Z:/3. ACME Projects/1. Alberta/OSM/2023-2024/1. Imagery/OSM_2024_LU16/LU16_03/101RECNX/RCNX0743.JPG,LU16_3_20240509_132422_RCNX0743.JPG
LU16,LU16_3,-110.98463,57.21346,500928.34249181015,6341147.803411579,2024-05-09T13:24:24Z,Black bear,1,collar and tag,Z:/3. ACME Projects/1. Alberta/OSM/2023-2024/1. Imagery/OSM_2024_LU16/LU16_03/101RECNX/RCNX0744.JPG,LU16_3_20240509_132424_RCNX0744.JPG
LU16,LU16_3,-110.98463,57.21346,500928.34249181015,6341147.803411579,2024-05-09T13:24:26Z,Black bear,1,collar and tag,Z:/3. ACME Projects/1. Alberta/OSM/2023-2024/1. Imagery/OSM_2024_LU16/LU16_03/101RECNX/RCNX0745.JPG,LU16_3_20240509_132426_RCNX0745.JPG
LU16,LU16_3,-110.98463,57.21346,500928.34249181015,6341147.803411579,2024-05-17T18:06:31Z,Black bear,1,YLY?? one tag,Z:/3. ACME Projects/1. Alberta/OSM/2023-2024/1. Imagery/OSM_2024_LU16/LU16_03/101RECNX/RCNX0762.JPG,LU16_3_20240517_180631_RCNX0762.JPG
LU16,LU16_3,-110.98463,57.21346,500928.34249181015,6341147.803411579,2024-05-17T18:06:32Z,Black bear,1,YLY?? one tag,Z:/3. ACME Projects/1. Alberta/OSM/2023-2024/1. Imagery/OSM_2024_LU16/LU16_03/101RECNX/RCNX0763.JPG,LU16_3_20240517_180632_RCNX0763.JPG
LU16,LU16_3,-110.98463,57.21346,500928.34249181015,6341147.803411579,2024-05-17T18:06:33Z,Black bear,1,YLY?? one tag,Z:/3. ACME Projects/1. Alberta/OSM/2023-2024/1. Imagery/OSM_2024_LU16/LU16_03/101RECNX/RCNX0764.JPG,LU16_3_20240517_180633_RCNX0764.JPG
LU16,LU16_3,-110.98463,57.21346,500928.34249181015,6341147.803411579,2024-05-17T18:06:36Z,Black bear,1,YLY?? one tag,Z:/3. ACME Projects/1. Alberta/OSM/2023-2024/1. Imagery/OSM_2024_LU16/LU16_03/101RECNX/RCNX0765.JPG,LU16_3_20240517_180636_RCNX0765.JPG
LU16,LU16_3,-110.98463,57.21346,500928.34249181015,6341147.803411579,2024-05-17T18:06:37Z,Black bear,1,YLY?? one tag,Z:/3. ACME Projects/1. Alberta/OSM/2023-2024/1. Imagery/OSM_2024_LU16/LU16_03/101RECNX/RCNX0766.JPG,LU16_3_20240517_180637_RCNX0766.JPG
LU16,LU16_3,-110.98463,57.21346,500928.34249181015,6341147.803411579,2024-05-17T18:06:38Z,Black bear,1,YLY?? one tag,Z:/3. ACME Projects/1. Alberta/OSM/2023-2024/1. Imagery/OSM_2024_LU16/LU16_03/101RECNX/RCNX0767.JPG,LU16_3_20240517_180638_RCNX0767.JPG
LU16,LU16_3,-110.98463,57.21346,500928.34249181015,6341147.803411579,2024-05-17T18:06:39Z,Black bear,2,YLY?? one tag,Z:/3. ACME Projects/1. Alberta/OSM/2023-2024/1. Imagery/OSM_2024_LU16/LU16_03/101RECNX/RCNX0768.JPG,LU16_3_20240517_180639_RCNX0768.JPG
LU16,LU16_3,-110.98463,57.21346,500928.34249181015,6341147.803411579,2024-05-17T18:06:40Z,Black bear,2,YLY?? one tag,Z:/3. ACME Projects/1. Alberta/OSM/2023-2024/1. Imagery/OSM_2024_LU16/LU16_03/101RECNX/RCNX0769.JPG,LU16_3_20240517_180640_RCNX0769.JPG
LU16,LU16_3,-110.98463,57.21346,500928.34249181015,6341147.803411579,2024-05-17T18:06:41Z,Black bear,2,YLY?? one tag,Z:/3. ACME Projects/1. Alberta/OSM/2023-2024/1. Imagery/OSM_2024_LU16/LU16_03/101RECNX/RCNX0770.JPG,LU16_3_20240517_180641_RCNX0770.JPG
LU16,LU16_3,-110.98463,57.21346,500928.34249181015,6341147.803411579,2024-05-17T18:06:42Z,Black bear,2,YLY?? one tag,Z:/3. ACME Projects/1. Alberta/OSM/2023-2024/1. Imagery/OSM_2024_LU16/LU16_03/101RECNX/RCNX0771.JPG,LU16_3_20240517_180642_RCNX0771.JPG
LU16,LU16_3,-110.98463,57.21346,500928.34249181015,6341147.803411579,2024-05-17T18:06:44Z,Black bear,2,YLY?? one tag,Z:/3. ACME Projects/1. Alberta/OSM/2023-2024/1. Imagery/OSM_2024_LU16/LU16_03/101RECNX/RCNX0772.JPG,LU16_3_20240517_180644_RCNX0772.JPG
LU16,LU16_3,-110.98463,57.21346,500928.34249181015,6341147.803411579,2024-05-17T18:06:45Z,Black bear,2,YLY?? one tag,Z:/3. ACME Projects/1. Alberta/OSM/2023-2024/1. Imagery/OSM_2024_LU16/LU16_03/101RECNX/RCNX0773.JPG,LU16_3_20240517_180645_RCNX0773.JPG
LU16,LU16_3,-110.98463,57.21346,500928.34249181015,6341147.803411579,2024-05-17T18:06:47Z,Black bear,2,YLY?? one tag,Z:/3. ACME Projects/1. Alberta/OSM/2023-2024/1. Imagery/OSM_2024_LU16/LU16_03/101RECNX/RCNX0774.JPG,LU16_3_20240517_180647_RCNX0774.JPG
LU16,LU16_3,-110.98463,57.21346,500928.34249181015,6341147.803411579,2024-05-17T18:06:48Z,Black bear,2,YLY?? one tag,Z:/3. ACME Projects/1. Alberta/OSM/2023-2024/1. Imagery/OSM_2024_LU16/LU16_03/101RECNX/RCNX0775.JPG,LU16_3_20240517_180648_RCNX0775.JPG
LU16,LU16_3,-110.98463,57.21346,500928.34249181015,6341147.803411579,2024-05-17T18:06:49Z,Black bear,2,YLY?? one tag,Z:/3. ACME Projects/1. Alberta/OSM/2023-2024/1. Imagery/OSM_2024_LU16/LU16_03/101RECNX/RCNX0776.JPG,LU16_3_20240517_180649_RCNX0776.JPG
LU16,LU16_3,-110.98463,57.21346,500928.34249181015,6341147.803411579,2024-05-17T18:06:50Z,Black bear,2,YLY?? one tag,Z:/3. ACME Projects/1. Alberta/OSM/2023-2024/1. Imagery/OSM_2024_LU16/LU16_03/101RECNX/RCNX0777.JPG,LU16_3_20240517_180650_RCNX0777.JPG
LU16,LU16_3,-110.98463,57.21346,500928.34249181015,6341147.803411579,2024-05-17T18:07:24Z,Black bear,2,YLY?? one tag,Z:/3. ACME Projects/1. Alberta/OSM/2023-2024/1. Imagery/OSM_2024_LU16/LU16_03/101RECNX/RCNX0778.JPG,LU16_3_20240517_180724_RCNX0778.JPG
LU16,LU16_3,-110.98463,57.21346,500928.34249181015,6341147.803411579,2024-05-17T18:07:25Z,Black bear,2,YLY?? one tag,Z:/3. ACME Projects/1. Alberta/OSM/2023-2024/1. Imagery/OSM_2024_LU16/LU16_03/101RECNX/RCNX0779.JPG,LU16_3_20240517_180725_RCNX0779.JPG
LU16,LU16_3,-110.98463,57.21346,500928.34249181015,6341147.803411579,2024-05-17T18:07:30Z,Black bear,2,YLY?? one tag,Z:/3. ACME Projects/1. Alberta/OSM/2023-2024/1. Imagery/OSM_2024_LU16/LU16_03/101RECNX/RCNX0780.JPG,LU16_3_20240517_180730_RCNX0780.JPG
LU16,LU16_3,-110.98463,57.21346,500928.34249181015,6341147.803411579,2024-05-17T18:07:31Z,Black bear,2,YLY?? one tag,Z:/3. ACME Projects/1. Alberta/OSM/2023-2024/1. Imagery/OSM_2024_LU16/LU16_03/101RECNX/RCNX0781.JPG,LU16_3_20240517_180731_RCNX0781.JPG
LU16,LU16_3,-110.98463,57.21346,500928.34249181015,6341147.803411579,2024-05-17T18:07:42Z,Black bear,2,YLY?? one tag,Z:/3. ACME Projects/1. Alberta/OSM/2023-2024/1. Imagery/OSM_2024_LU16/LU16_03/101RECNX/RCNX0782.JPG,LU16_3_20240517_180742_RCNX0782.JPG
LU16,LU16_3,-110.98463,57.21346,500928.34249181015,6341147.803411579,2024-05-17T18:07:45Z,Black bear,2,YLY?? one tag,Z:/3. ACME Projects/1. Alberta/OSM/2023-2024/1. Imagery/OSM_2024_LU16/LU16_03/101RECNX/RCNX0783.JPG,LU16_3_20240517_180745_RCNX0783.JPG
LU16,LU16_3,-110.98463,57.21346,500928.34249181015,6341147.803411579,2024-05-17T18:07:56Z,Black bear,2,YLY?? one tag,Z:/3. ACME Projects/1. Alberta/OSM/2023-2024/1. Imagery/OSM_2024_LU16/LU16_03/101RECNX/RCNX0784.JPG,LU16_3_20240517_180756_RCNX0784.JPG
LU16,LU16_3,-110.98463,57.21346,500928.34249181015,6341147.803411579,2024-05-17T18:08:00Z,Black bear,2,YLY?? one tag,Z:/3. ACME Projects/1. Alberta/OSM/2023-2024/1. Imagery/OSM_2024_LU16/LU16_03/101RECNX/RCNX0785.JPG,LU16_3_20240517_180800_RCNX0785.JPG
LU16,LU16_3,-110.98463,57.21346,500928.34249181015,6341147.803411579,2024-05-17T18:08:04Z,Black bear,2,YLY?? one tag,Z:/3. ACME Projects/1. Alberta/OSM/2023-2024/1. Imagery/OSM_2024_LU16/LU16_03/101RECNX/RCNX0786.JPG,LU16_3_20240517_180804_RCNX0786.JPG
LU16,LU16_3,-110.98463,57.21346,500928.34249181015,6341147.803411579,2024-05-17T18:08:08Z,Black bear,2,YLY?? one tag,Z:/3. ACME Projects/1. Alberta/OSM/2023-2024/1. Imagery/OSM_2024_LU16/LU16_03/101RECNX/RCNX0787.JPG,LU16_3_20240517_180808_RCNX0787.JPG
LU16,LU16_3,-110.98463,57.21346,500928.34249181015,6341147.803411579,2024-05-17T18:08:09Z,Black bear,2,YLY?? one tag,Z:/3. ACME Projects/1. Alberta/OSM/2023-2024/1. Imagery/OSM_2024_LU16/LU16_03/101RECNX/RCNX0788.JPG,LU16_3_20240517_180809_RCNX0788.JPG
LU16,LU16_3,-110.98463,57.21346,500928.34249181015,6341147.803411579,2024-05-17T18:08:13Z,Black bear,2,YLY?? one tag,Z:/3. ACME Projects/1. Alberta/OSM/2023-2024/1. Imagery/OSM_2024_LU16/LU16_03/101RECNX/RCNX0789.JPG,LU16_3_20240517_180813_RCNX0789.JPG
LU16,LU16_3,-110.98463,57.21346,500928.34249181015,6341147.803411579,2024-05-17T18:08:36Z,Black bear,2,YLY?? one tag,Z:/3. ACME Projects/1. Alberta/OSM/2023-2024/1. Imagery/OSM_2024_LU16/LU16_03/101RECNX/RCNX0790.JPG,LU16_3_20240517_180836_RCNX0790.JPG
LU16,LU16_3,-110.98463,57.21346,500928.34249181015,6341147.803411579,2024-05-17T18:08:42Z,Black bear,2,YLY?? one tag,Z:/3. ACME Projects/1. Alberta/OSM/2023-2024/1. Imagery/OSM_2024_LU16/LU16_03/101RECNX/RCNX0791.JPG,LU16_3_20240517_180842_RCNX0791.JPG
LU16,LU16_3,-110.98463,57.21346,500928.34249181015,6341147.803411579,2024-05-17T18:08:44Z,Black bear,2,YLY?? one tag,Z:/3. ACME Projects/1. Alberta/OSM/2023-2024/1. Imagery/OSM_2024_LU16/LU16_03/101RECNX/RCNX0792.JPG,LU16_3_20240517_180844_RCNX0792.JPG
LU16,LU16_3,-110.98463,57.21346,500928.34249181015,6341147.803411579,2024-05-17T18:08:45Z,Black bear,2,YLY?? one tag,Z:/3. ACME Projects/1. Alberta/OSM/2023-2024/1. Imagery/OSM_2024_LU16/LU16_03/101RECNX/RCNX0793.JPG,LU16_3_20240517_180845_RCNX0793.JPG
LU16,LU16_3,-110.98463,57.21346,500928.34249181015,6341147.803411579,2024-05-17T18:08:48Z,Black bear,2,YLY?? one tag,Z:/3. ACME Projects/1. Alberta/OSM/2023-2024/1. Imagery/OSM_2024_LU16/LU16_03/101RECNX/RCNX0794.JPG,LU16_3_20240517_180848_RCNX0794.JPG
LU16,LU16_3,-110.98463,57.21346,500928.34249181015,6341147.803411579,2024-05-17T18:08:52Z,Black bear,2,YLY?? one tag,Z:/3. ACME Projects/1. Alberta/OSM/2023-2024/1. Imagery/OSM_2024_LU16/LU16_03/101RECNX/RCNX0795.JPG,LU16_3_20240517_180852_RCNX0795.JPG
LU16,LU16_3,-110.98463,57.21346,500928.34249181015,6341147.803411579,2024-05-17T18:08:54Z,Black bear,2,YLY?? one tag,Z:/3. ACME Projects/1. Alberta/OSM/2023-2024/1. Imagery/OSM_2024_LU16/LU16_03/101RECNX/RCNX0796.JPG,LU16_3_20240517_180854_RCNX0796.JPG
LU16,LU16_3,-110.98463,57.21346,500928.34249181015,6341147.803411579,2024-05-17T18:08:55Z,Black bear,2,YLY?? one tag,Z:/3. ACME Projects/1. Alberta/OSM/2023-2024/1. Imagery/OSM_2024_LU16/LU16_03/101RECNX/RCNX0797.JPG,LU16_3_20240517_180855_RCNX0797.JPG
LU16,LU16_3,-110.98463,57.21346,500928.34249181015,6341147.803411579,2024-05-17T18:08:56Z,Black bear,2,YLY?? one tag,Z:/3. ACME Projects/1. Alberta/OSM/2023-2024/1. Imagery/OSM_2024_LU16/LU16_03/101RECNX/RCNX0798.JPG,LU16_3_20240517_180856_RCNX0798.JPG
LU16,LU16_3,-110.98463,57.21346,500928.34249181015,6341147.803411579,2024-05-17T18:08:58Z,Black bear,2,YLY?? one tag,Z:/3. ACME Projects/1. Alberta/OSM/2023-2024/1. Imagery/OSM_2024_LU16/LU16_03/101RECNX/RCNX0799.JPG,LU16_3_20240517_180858_RCNX0799.JPG
LU16,LU16_3,-110.98463,57.21346,500928.34249181015,6341147.803411579,2024-05-17T18:09:00Z,Black bear,2,YLY?? one tag,Z:/3. ACME Projects/1. Alberta/OSM/2023-2024/1. Imagery/OSM_2024_LU16/LU16_03/101RECNX/RCNX0800.JPG,LU16_3_20240517_180900_RCNX0800.JPG
LU16,LU16_3,-110.98463,57.21346,500928.34249181015,6341147.803411579,2024-05-17T18:09:01Z,Black bear,2,YLY?? one tag,Z:/3. ACME Projects/1. Alberta/OSM/2023-2024/1. Imagery/OSM_2024_LU16/LU16_03/101RECNX/RCNX0801.JPG,LU16_3_20240517_180901_RCNX0801.JPG
LU16,LU16_3,-110.98463,57.21346,500928.34249181015,6341147.803411579,2024-05-17T18:09:03Z,Black bear,2,YLY?? one tag,Z:/3. ACME Projects/1. Alberta/OSM/2023-2024/1. Imagery/OSM_2024_LU16/LU16_03/101RECNX/RCNX0802.JPG,LU16_3_20240517_180903_RCNX0802.JPG
LU16,LU16_3,-110.98463,57.21346,500928.34249181015,6341147.803411579,2024-05-17T18:09:08Z,Black bear,2,YLY?? one tag,Z:/3. ACME Projects/1. Alberta/OSM/2023-2024/1. Imagery/OSM_2024_LU16/LU16_03/101RECNX/RCNX0803.JPG,LU16_3_20240517_180908_RCNX0803.JPG
LU16,LU16_3,-110.98463,57.21346,500928.34249181015,6341147.803411579,2024-05-17T18:09:19Z,Black bear,2,YLY?? one tag,Z:/3. ACME Projects/1. Alberta/OSM/2023-2024/1. Imagery/OSM_2024_LU16/LU16_03/101RECNX/RCNX0804.JPG,LU16_3_20240517_180919_RCNX0804.JPG
LU16,LU16_3,-110.98463,57.21346,500928.34249181015,6341147.803411579,2024-05-17T18:09:21Z,Black bear,2,YLY?? one tag,Z:/3. ACME Projects/1. Alberta/OSM/2023-2024/1. Imagery/OSM_2024_LU16/LU16_03/101RECNX/RCNX0805.JPG,LU16_3_20240517_180921_RCNX0805.JPG
LU16,LU16_3,-110.98463,57.21346,500928.34249181015,6341147.803411579,2024-05-17T18:09:23Z,Black bear,2,YLY?? one tag,Z:/3. ACME Projects/1. Alberta/OSM/2023-2024/1. Imagery/OSM_2024_LU16/LU16_03/101RECNX/RCNX0806.JPG,LU16_3_20240517_180923_RCNX0806.JPG
LU16,LU16_3,-110.98463,57.21346,500928.34249181015,6341147.803411579,2024-05-17T18:09:26Z,Black bear,2,YLY?? one tag,Z:/3. ACME Projects/1. Alberta/OSM/2023-2024/1. Imagery/OSM_2024_LU16/LU16_03/101RECNX/RCNX0807.JPG,LU16_3_20240517_180926_RCNX0807.JPG
LU16,LU16_3,-110.98463,57.21346,500928.34249181015,6341147.803411579,2024-05-17T18:09:27Z,Black bear,2,YLY?? one tag,Z:/3. ACME Projects/1. Alberta/OSM/2023-2024/1. Imagery/OSM_2024_LU16/LU16_03/101RECNX/RCNX0808.JPG,LU16_3_20240517_180927_RCNX0808.JPG
LU16,LU16_3,-110.98463,57.21346,500928.34249181015,6341147.803411579,2024-05-17T18:09:47Z,Black bear,2,YLY?? one tag,Z:/3. ACME Projects/1. Alberta/OSM/2023-2024/1. Imagery/OSM_2024_LU16/LU16_03/101RECNX/RCNX0810.JPG,LU16_3_20240517_180947_RCNX0810.JPG
LU16,LU16_3,-110.98463,57.21346,500928.34249181015,6341147.803411579,2024-05-17T18:09:48Z,Black bear,2,YLY?? one tag,Z:/3. ACME Projects/1. Alberta/OSM/2023-2024/1. Imagery/OSM_2024_LU16/LU16_03/101RECNX/RCNX0811.JPG,LU16_3_20240517_180948_RCNX0811.JPG
LU16,LU16_3,-110.98463,57.21346,500928.34249181015,6341147.803411579,2024-05-17T18:09:49Z,Black bear,2,YLY?? one tag,Z:/3. ACME Projects/1. Alberta/OSM/2023-2024/1. Imagery/OSM_2024_LU16/LU16_03/101RECNX/RCNX0812.JPG,LU16_3_20240517_180949_RCNX0812.JPG
LU16,LU16_3,-110.98463,57.21346,500928.34249181015,6341147.803411579,2024-05-17T18:09:50Z,Black bear,2,YLY?? one tag,Z:/3. ACME Projects/1. Alberta/OSM/2023-2024/1. Imagery/OSM_2024_LU16/LU16_03/101RECNX/RCNX0813.JPG,LU16_3_20240517_180950_RCNX0813.JPG
LU16,LU16_3,-110.98463,57.21346,500928.34249181015,6341147.803411579,2024-05-17T18:10:00Z,Black bear,2,YLY?? one tag,Z:/3. ACME Projects/1. Alberta/OSM/2023-2024/1. Imagery/OSM_2024_LU16/LU16_03/101RECNX/RCNX0814.JPG,LU16_3_20240517_181000_RCNX0814.JPG
LU16,LU16_3,-110.98463,57.21346,500928.34249181015,6341147.803411579,2024-05-17T18:10:01Z,Black bear,2,YLY?? one tag,Z:/3. ACME Projects/1. Alberta/OSM/2023-2024/1. Imagery/OSM_2024_LU16/LU16_03/101RECNX/RCNX0815.JPG,LU16_3_20240517_181001_RCNX0815.JPG
LU16,LU16_3,-110.98463,57.21346,500928.34249181015,6341147.803411579,2024-05-17T18:10:03Z,Black bear,2,YLY?? one tag,Z:/3. ACME Projects/1. Alberta/OSM/2023-2024/1. Imagery/OSM_2024_LU16/LU16_03/101RECNX/RCNX0816.JPG,LU16_3_20240517_181003_RCNX0816.JPG
LU16,LU16_3,-110.98463,57.21346,500928.34249181015,6341147.803411579,2024-05-17T18:10:05Z,Black bear,2,YLY?? one tag,Z:/3. ACME Projects/1. Alberta/OSM/2023-2024/1. Imagery/OSM_2024_LU16/LU16_03/101RECNX/RCNX0817.JPG,LU16_3_20240517_181005_RCNX0817.JPG
LU16,LU16_3,-110.98463,57.21346,500928.34249181015,6341147.803411579,2024-05-17T18:10:13Z,Black bear,2,YLY?? one tag,Z:/3. ACME Projects/1. Alberta/OSM/2023-2024/1. Imagery/OSM_2024_LU16/LU16_03/101RECNX/RCNX0818.JPG,LU16_3_20240517_181013_RCNX0818.JPG
LU16,LU16_3,-110.98463,57.21346,500928.34249181015,6341147.803411579,2024-05-17T18:10:14Z,Black bear,2,YLY?? one tag,Z:/3. ACME Projects/1. Alberta/OSM/2023-2024/1. Imagery/OSM_2024_LU16/LU16_03/101RECNX/RCNX0819.JPG,LU16_3_20240517_181014_RCNX0819.JPG
LU16,LU16_3,-110.98463,57.21346,500928.34249181015,6341147.803411579,2024-05-17T18:10:23Z,Black bear,2,YLY?? one tag,Z:/3. ACME Projects/1. Alberta/OSM/2023-2024/1. Imagery/OSM_2024_LU16/LU16_03/101RECNX/RCNX0820.JPG,LU16_3_20240517_181023_RCNX0820.JPG
LU16,LU16_3,-110.98463,57.21346,500928.34249181015,6341147.803411579,2024-05-17T18:10:24Z,Black bear,2,YLY?? one tag,Z:/3. ACME Projects/1. Alberta/OSM/2023-2024/1. Imagery/OSM_2024_LU16/LU16_03/101RECNX/RCNX0821.JPG,LU16_3_20240517_181024_RCNX0821.JPG
LU16,LU16_3,-110.98463,57.21346,500928.34249181015,6341147.803411579,2024-05-17T18:10:33Z,Black bear,2,YLY?? one tag,Z:/3. ACME Projects/1. Alberta/OSM/2023-2024/1. Imagery/OSM_2024_LU16/LU16_03/101RECNX/RCNX0822.JPG,LU16_3_20240517_181033_RCNX0822.JPG
LU16,LU16_3,-110.98463,57.21346,500928.34249181015,6341147.803411579,2024-05-17T18:10:34Z,Black bear,2,YLY?? one tag,Z:/3. ACME Projects/1. Alberta/OSM/2023-2024/1. Imagery/OSM_2024_LU16/LU16_03/101RECNX/RCNX0823.JPG,LU16_3_20240517_181034_RCNX0823.JPG
LU16,LU16_3,-110.98463,57.21346,500928.34249181015,6341147.803411579,2024-05-17T18:10:35Z,Black bear,2,YLY?? one tag,Z:/3. ACME Projects/1. Alberta/OSM/2023-2024/1. Imagery/OSM_2024_LU16/LU16_03/101RECNX/RCNX0824.JPG,LU16_3_20240517_181035_RCNX0824.JPG
LU16,LU16_3,-110.98463,57.21346,500928.34249181015,6341147.803411579,2024-05-17T18:10:41Z,Black bear,2,YLY?? one tag,Z:/3. ACME Projects/1. Alberta/OSM/2023-2024/1. Imagery/OSM_2024_LU16/LU16_03/101RECNX/RCNX0825.JPG,LU16_3_20240517_181041_RCNX0825.JPG
LU16,LU16_3,-110.98463,57.21346,500928.34249181015,6341147.803411579,2024-05-17T18:10:44Z,Black bear,2,YLY?? one tag,Z:/3. ACME Projects/1. Alberta/OSM/2023-2024/1. Imagery/OSM_2024_LU16/LU16_03/101RECNX/RCNX0826.JPG,LU16_3_20240517_181044_RCNX0826.JPG
LU16,LU16_3,-110.98463,57.21346,500928.34249181015,6341147.803411579,2024-05-17T18:10:45Z,Black bear,2,YLY?? one tag,Z:/3. ACME Projects/1. Alberta/OSM/2023-2024/1. Imagery/OSM_2024_LU16/LU16_03/101RECNX/RCNX0827.JPG,LU16_3_20240517_181045_RCNX0827.JPG
LU16,LU16_3,-110.98463,57.21346,500928.34249181015,6341147.803411579,2024-05-17T18:10:46Z,Black bear,2,YLY?? one tag,Z:/3. ACME Projects/1. Alberta/OSM/2023-2024/1. Imagery/OSM_2024_LU16/LU16_03/101RECNX/RCNX0828.JPG,LU16_3_20240517_181046_RCNX0828.JPG
LU16,LU16_3,-110.98463,57.21346,500928.34249181015,6341147.803411579,2024-05-17T18:10:47Z,Black bear,2,YLY?? one tag,Z:/3. ACME Projects/1. Alberta/OSM/2023-2024/1. Imagery/OSM_2024_LU16/LU16_03/101RECNX/RCNX0829.JPG,LU16_3_20240517_181047_RCNX0829.JPG
LU16,LU16_3,-110.98463,57.21346,500928.34249181015,6341147.803411579,2024-05-17T18:10:48Z,Black bear,2,YLY?? one tag,Z:/3. ACME Projects/1. Alberta/OSM/2023-2024/1. Imagery/OSM_2024_LU16/LU16_03/101RECNX/RCNX0830.JPG,LU16_3_20240517_181048_RCNX0830.JPG
LU16,LU16_3,-110.98463,57.21346,500928.34249181015,6341147.803411579,2024-05-17T18:10:54Z,Black bear,2,YLY?? one tag,Z:/3. ACME Projects/1. Alberta/OSM/2023-2024/1. Imagery/OSM_2024_LU16/LU16_03/101RECNX/RCNX0831.JPG,LU16_3_20240517_181054_RCNX0831.JPG
LU16,LU16_3,-110.98463,57.21346,500928.34249181015,6341147.803411579,2024-05-17T18:10:56Z,Black bear,2,YLY?? one tag,Z:/3. ACME Projects/1. Alberta/OSM/2023-2024/1. Imagery/OSM_2024_LU16/LU16_03/101RECNX/RCNX0832.JPG,LU16_3_20240517_181056_RCNX0832.JPG
LU16,LU16_3,-110.98463,57.21346,500928.34249181015,6341147.803411579,2024-05-17T18:11:00Z,Black bear,2,YLY?? one tag,Z:/3. ACME Projects/1. Alberta/OSM/2023-2024/1. Imagery/OSM_2024_LU16/LU16_03/101RECNX/RCNX0833.JPG,LU16_3_20240517_181100_RCNX0833.JPG
LU16,LU16_3,-110.98463,57.21346,500928.34249181015,6341147.803411579,2024-05-17T18:11:01Z,Black bear,2,YLY?? one tag,Z:/3. ACME Projects/1. Alberta/OSM/2023-2024/1. Imagery/OSM_2024_LU16/LU16_03/101RECNX/RCNX0834.JPG,LU16_3_20240517_181101_RCNX0834.JPG
LU16,LU16_3,-110.98463,57.21346,500928.34249181015,6341147.803411579,2024-05-17T18:11:02Z,Black bear,2,YLY?? one tag,Z:/3. ACME Projects/1. Alberta/OSM/2023-2024/1. Imagery/OSM_2024_LU16/LU16_03/101RECNX/RCNX0835.JPG,LU16_3_20240517_181102_RCNX0835.JPG
LU16,LU16_3,-110.98463,57.21346,500928.34249181015,6341147.803411579,2024-05-17T18:11:05Z,Black bear,2,YLY?? one tag,Z:/3. ACME Projects/1. Alberta/OSM/2023-2024/1. Imagery/OSM_2024_LU16/LU16_03/101RECNX/RCNX0836.JPG,LU16_3_20240517_181105_RCNX0836.JPG
LU16,LU16_3,-110.98463,57.21346,500928.34249181015,6341147.803411579,2024-05-17T18:11:10Z,Black bear,2,YLY?? one tag,Z:/3. ACME Projects/1. Alberta/OSM/2023-2024/1. Imagery/OSM_2024_LU16/LU16_03/101RECNX/RCNX0837.JPG,LU16_3_20240517_181110_RCNX0837.JPG
LU16,LU16_3,-110.98463,57.21346,500928.34249181015,6341147.803411579,2024-05-17T18:11:11Z,Black bear,2,YLY?? one tag,Z:/3. ACME Projects/1. Alberta/OSM/2023-2024/1. Imagery/OSM_2024_LU16/LU16_03/101RECNX/RCNX0838.JPG,LU16_3_20240517_181111_RCNX0838.JPG
LU16,LU16_3,-110.98463,57.21346,500928.34249181015,6341147.803411579,2024-05-17T18:11:12Z,Black bear,2,YLY?? one tag,Z:/3. ACME Projects/1. Alberta/OSM/2023-2024/1. Imagery/OSM_2024_LU16/LU16_03/101RECNX/RCNX0839.JPG,LU16_3_20240517_181112_RCNX0839.JPG
LU16,LU16_3,-110.98463,57.21346,500928.34249181015,6341147.803411579,2024-05-17T18:11:14Z,Black bear,2,YLY?? one tag,Z:/3. ACME Projects/1. Alberta/OSM/2023-2024/1. Imagery/OSM_2024_LU16/LU16_03/101RECNX/RCNX0840.JPG,LU16_3_20240517_181114_RCNX0840.JPG
LU16,LU16_3,-110.98463,57.21346,500928.34249181015,6341147.803411579,2024-05-17T18:11:15Z,Black bear,2,YLY?? one tag,Z:/3. ACME Projects/1. Alberta/OSM/2023-2024/1. Imagery/OSM_2024_LU16/LU16_03/101RECNX/RCNX0841.JPG,LU16_3_20240517_181115_RCNX0841.JPG
LU16,LU16_3,-110.98463,57.21346,500928.34249181015,6341147.803411579,2024-05-17T18:11:16Z,Black bear,2,YLY?? one tag,Z:/3. ACME Projects/1. Alberta/OSM/2023-2024/1. Imagery/OSM_2024_LU16/LU16_03/101RECNX/RCNX0842.JPG,LU16_3_20240517_181116_RCNX0842.JPG
LU16,LU16_3,-110.98463,57.21346,500928.34249181015,6341147.803411579,2024-05-17T18:11:20Z,Black bear,2,YLY?? one tag,Z:/3. ACME Projects/1. Alberta/OSM/2023-2024/1. Imagery/OSM_2024_LU16/LU16_03/101RECNX/RCNX0843.JPG,LU16_3_20240517_181120_RCNX0843.JPG
LU16,LU16_3,-110.98463,57.21346,500928.34249181015,6341147.803411579,2024-05-17T18:11:21Z,Black bear,2,YLY?? one tag,Z:/3. ACME Projects/1. Alberta/OSM/2023-2024/1. Imagery/OSM_2024_LU16/LU16_03/101RECNX/RCNX0844.JPG,LU16_3_20240517_181121_RCNX0844.JPG
LU16,LU16_3,-110.98463,57.21346,500928.34249181015,6341147.803411579,2024-05-17T18:11:23Z,Black bear,2,YLY?? one tag,Z:/3. ACME Projects/1. Alberta/OSM/2023-2024/1. Imagery/OSM_2024_LU16/LU16_03/101RECNX/RCNX0845.JPG,LU16_3_20240517_181123_RCNX0845.JPG
LU16,LU16_3,-110.98463,57.21346,500928.34249181015,6341147.803411579,2024-05-17T18:11:24Z,Black bear,2,YLY?? one tag,Z:/3. ACME Projects/1. Alberta/OSM/2023-2024/1. Imagery/OSM_2024_LU16/LU16_03/101RECNX/RCNX0846.JPG,LU16_3_20240517_181124_RCNX0846.JPG
LU16,LU16_3,-110.98463,57.21346,500928.34249181015,6341147.803411579,2024-05-17T18:11:26Z,Black bear,2,YLY?? one tag,Z:/3. ACME Projects/1. Alberta/OSM/2023-2024/1. Imagery/OSM_2024_LU16/LU16_03/101RECNX/RCNX0847.JPG,LU16_3_20240517_181126_RCNX0847.JPG
LU16,LU16_3,-110.98463,57.21346,500928.34249181015,6341147.803411579,2024-05-17T18:11:27Z,Black bear,2,YLY?? one tag,Z:/3. ACME Projects/1. Alberta/OSM/2023-2024/1. Imagery/OSM_2024_LU16/LU16_03/101RECNX/RCNX0848.JPG,LU16_3_20240517_181127_RCNX0848.JPG
LU16,LU16_3,-110.98463,57.21346,500928.34249181015,6341147.803411579,2024-05-17T18:11:32Z,Black bear,2,YLY?? one tag,Z:/3. ACME Projects/1. Alberta/OSM/2023-2024/1. Imagery/OSM_2024_LU16/LU16_03/101RECNX/RCNX0849.JPG,LU16_3_20240517_181132_RCNX0849.JPG
LU16,LU16_3,-110.98463,57.21346,500928.34249181015,6341147.803411579,2024-05-17T18:11:35Z,Black bear,2,YLY?? one tag,Z:/3. ACME Projects/1. Alberta/OSM/2023-2024/1. Imagery/OSM_2024_LU16/LU16_03/101RECNX/RCNX0850.JPG,LU16_3_20240517_181135_RCNX0850.JPG
LU16,LU16_3,-110.98463,57.21346,500928.34249181015,6341147.803411579,2024-05-17T18:11:38Z,Black bear,2,YLY?? one tag,Z:/3. ACME Projects/1. Alberta/OSM/2023-2024/1. Imagery/OSM_2024_LU16/LU16_03/101RECNX/RCNX0851.JPG,LU16_3_20240517_181138_RCNX0851.JPG
LU16,LU16_3,-110.98463,57.21346,500928.34249181015,6341147.803411579,2024-05-17T18:11:39Z,Black bear,2,YLY?? one tag,Z:/3. ACME Projects/1. Alberta/OSM/2023-2024/1. Imagery/OSM_2024_LU16/LU16_03/101RECNX/RCNX0852.JPG,LU16_3_20240517_181139_RCNX0852.JPG
LU16,LU16_3,-110.98463,57.21346,500928.34249181015,6341147.803411579,2024-05-17T18:11:44Z,Black bear,2,YLY?? one tag,Z:/3. ACME Projects/1. Alberta/OSM/2023-2024/1. Imagery/OSM_2024_LU16/LU16_03/101RECNX/RCNX0853.JPG,LU16_3_20240517_181144_RCNX0853.JPG
LU16,LU16_3,-110.98463,57.21346,500928.34249181015,6341147.803411579,2024-05-17T18:11:46Z,Black bear,2,YLY?? one tag,Z:/3. ACME Projects/1. Alberta/OSM/2023-2024/1. Imagery/OSM_2024_LU16/LU16_03/101RECNX/RCNX0854.JPG,LU16_3_20240517_181146_RCNX0854.JPG
LU16,LU16_3,-110.98463,57.21346,500928.34249181015,6341147.803411579,2024-05-17T18:11:47Z,Black bear,2,YLY?? one tag,Z:/3. ACME Projects/1. Alberta/OSM/2023-2024/1. Imagery/OSM_2024_LU16/LU16_03/101RECNX/RCNX0855.JPG,LU16_3_20240517_181147_RCNX0855.JPG
LU16,LU16_3,-110.98463,57.21346,500928.34249181015,6341147.803411579,2024-05-17T18:11:50Z,Black bear,2,YLY?? one tag,Z:/3. ACME Projects/1. Alberta/OSM/2023-2024/1. Imagery/OSM_2024_LU16/LU16_03/101RECNX/RCNX0856.JPG,LU16_3_20240517_181150_RCNX0856.JPG
LU16,LU16_3,-110.98463,57.21346,500928.34249181015,6341147.803411579,2024-05-17T18:12:00Z,Black bear,2,YLY?? one tag,Z:/3. ACME Projects/1. Alberta/OSM/2023-2024/1. Imagery/OSM_2024_LU16/LU16_03/101RECNX/RCNX0857.JPG,LU16_3_20240517_181200_RCNX0857.JPG
LU16,LU16_3,-110.98463,57.21346,500928.34249181015,6341147.803411579,2024-05-17T18:12:03Z,Black bear,2,YLY?? one tag,Z:/3. ACME Projects/1. Alberta/OSM/2023-2024/1. Imagery/OSM_2024_LU16/LU16_03/101RECNX/RCNX0858.JPG,LU16_3_20240517_181203_RCNX0858.JPG
LU16,LU16_3,-110.98463,57.21346,500928.34249181015,6341147.803411579,2024-05-17T18:12:05Z,Black bear,2,YLY?? one tag,Z:/3. ACME Projects/1. Alberta/OSM/2023-2024/1. Imagery/OSM_2024_LU16/LU16_03/101RECNX/RCNX0859.JPG,LU16_3_20240517_181205_RCNX0859.JPG
LU16,LU16_3,-110.98463,57.21346,500928.34249181015,6341147.803411579,2024-05-17T18:12:09Z,Black bear,2,YLY?? one tag,Z:/3. ACME Projects/1. Alberta/OSM/2023-2024/1. Imagery/OSM_2024_LU16/LU16_03/101RECNX/RCNX0860.JPG,LU16_3_20240517_181209_RCNX0860.JPG
LU16,LU16_3,-110.98463,57.21346,500928.34249181015,6341147.803411579,2024-05-17T18:12:10Z,Black bear,2,YLY?? one tag,Z:/3. ACME Projects/1. Alberta/OSM/2023-2024/1. Imagery/OSM_2024_LU16/LU16_03/101RECNX/RCNX0861.JPG,LU16_3_20240517_181210_RCNX0861.JPG
LU16,LU16_3,-110.98463,57.21346,500928.34249181015,6341147.803411579,2024-05-17T18:12:12Z,Black bear,2,YLY?? one tag,Z:/3. ACME Projects/1. Alberta/OSM/2023-2024/1. Imagery/OSM_2024_LU16/LU16_03/101RECNX/RCNX0862.JPG,LU16_3_20240517_181212_RCNX0862.JPG
LU16,LU16_3,-110.98463,57.21346,500928.34249181015,6341147.803411579,2024-05-17T18:12:13Z,Black bear,2,YLY?? one tag,Z:/3. ACME Projects/1. Alberta/OSM/2023-2024/1. Imagery/OSM_2024_LU16/LU16_03/101RECNX/RCNX0863.JPG,LU16_3_20240517_181213_RCNX0863.JPG
LU16,LU16_3,-110.98463,57.21346,500928.34249181015,6341147.803411579,2024-05-17T18:12:14Z,Black bear,2,YLY?? one tag,Z:/3. ACME Projects/1. Alberta/OSM/2023-2024/1. Imagery/OSM_2024_LU16/LU16_03/101RECNX/RCNX0864.JPG,LU16_3_20240517_181214_RCNX0864.JPG
LU16,LU16_3,-110.98463,57.21346,500928.34249181015,6341147.803411579,2024-05-17T18:12:15Z,Black bear,2,YLY?? one tag,Z:/3. ACME Projects/1. Alberta/OSM/2023-2024/1. Imagery/OSM_2024_LU16/LU16_03/101RECNX/RCNX0865.JPG,LU16_3_20240517_181215_RCNX0865.JPG
LU16,LU16_3,-110.98463,57.21346,500928.34249181015,6341147.803411579,2024-05-17T18:12:19Z,Black bear,2,YLY?? one tag,Z:/3. ACME Projects/1. Alberta/OSM/2023-2024/1. Imagery/OSM_2024_LU16/LU16_03/101RECNX/RCNX0866.JPG,LU16_3_20240517_181219_RCNX0866.JPG
LU16,LU16_3,-110.98463,57.21346,500928.34249181015,6341147.803411579,2024-05-17T18:12:20Z,Black bear,2,YLY?? one tag,Z:/3. ACME Projects/1. Alberta/OSM/2023-2024/1. Imagery/OSM_2024_LU16/LU16_03/101RECNX/RCNX0867.JPG,LU16_3_20240517_181220_RCNX0867.JPG
LU16,LU16_3,-110.98463,57.21346,500928.34249181015,6341147.803411579,2024-05-17T18:12:21Z,Black bear,2,YLY?? one tag,Z:/3. ACME Projects/1. Alberta/OSM/2023-2024/1. Imagery/OSM_2024_LU16/LU16_03/101RECNX/RCNX0868.JPG,LU16_3_20240517_181221_RCNX0868.JPG
LU16,LU16_3,-110.98463,57.21346,500928.34249181015,6341147.803411579,2024-05-17T18:12:23Z,Black bear,2,YLY?? one tag,Z:/3. ACME Projects/1. Alberta/OSM/2023-2024/1. Imagery/OSM_2024_LU16/LU16_03/101RECNX/RCNX0869.JPG,LU16_3_20240517_181223_RCNX0869.JPG
LU16,LU16_3,-110.98463,57.21346,500928.34249181015,6341147.803411579,2024-05-17T18:12:24Z,Black bear,2,YLY?? one tag,Z:/3. ACME Projects/1. Alberta/OSM/2023-2024/1. Imagery/OSM_2024_LU16/LU16_03/101RECNX/RCNX0870.JPG,LU16_3_20240517_181224_RCNX0870.JPG
LU16,LU16_3,-110.98463,57.21346,500928.34249181015,6341147.803411579,2024-05-17T18:12:27Z,Black bear,2,YLY?? one tag,Z:/3. ACME Projects/1. Alberta/OSM/2023-2024/1. Imagery/OSM_2024_LU16/LU16_03/101RECNX/RCNX0871.JPG,LU16_3_20240517_181227_RCNX0871.JPG
LU16,LU16_3,-110.98463,57.21346,500928.34249181015,6341147.803411579,2024-05-17T18:12:28Z,Black bear,2,YLY?? one tag,Z:/3. ACME Projects/1. Alberta/OSM/2023-2024/1. Imagery/OSM_2024_LU16/LU16_03/101RECNX/RCNX0872.JPG,LU16_3_20240517_181228_RCNX0872.JPG
LU16,LU16_3,-110.98463,57.21346,500928.34249181015,6341147.803411579,2024-05-17T18:12:36Z,Black bear,2,YLY?? one tag,Z:/3. ACME Projects/1. Alberta/OSM/2023-2024/1. Imagery/OSM_2024_LU16/LU16_03/101RECNX/RCNX0873.JPG,LU16_3_20240517_181236_RCNX0873.JPG
LU16,LU16_3,-110.98463,57.21346,500928.34249181015,6341147.803411579,2024-05-17T18:12:37Z,Black bear,2,YLY?? one tag,Z:/3. ACME Projects/1. Alberta/OSM/2023-2024/1. Imagery/OSM_2024_LU16/LU16_03/101RECNX/RCNX0874.JPG,LU16_3_20240517_181237_RCNX0874.JPG
LU16,LU16_3,-110.98463,57.21346,500928.34249181015,6341147.803411579,2024-05-17T18:12:38Z,Black bear,2,YLY?? one tag,Z:/3. ACME Projects/1. Alberta/OSM/2023-2024/1. Imagery/OSM_2024_LU16/LU16_03/101RECNX/RCNX0875.JPG,LU16_3_20240517_181238_RCNX0875.JPG
LU16,LU16_3,-110.98463,57.21346,500928.34249181015,6341147.803411579,2024-05-17T18:12:43Z,Black bear,2,YLY?? one tag,Z:/3. ACME Projects/1. Alberta/OSM/2023-2024/1. Imagery/OSM_2024_LU16/LU16_03/101RECNX/RCNX0876.JPG,LU16_3_20240517_181243_RCNX0876.JPG
LU16,LU16_3,-110.98463,57.21346,500928.34249181015,6341147.803411579,2024-05-17T18:12:44Z,Black bear,2,YLY?? one tag,Z:/3. ACME Projects/1. Alberta/OSM/2023-2024/1. Imagery/OSM_2024_LU16/LU16_03/101RECNX/RCNX0877.JPG,LU16_3_20240517_181244_RCNX0877.JPG
LU16,LU16_3,-110.98463,57.21346,500928.34249181015,6341147.803411579,2024-05-17T18:12:45Z,Black bear,2,YLY?? one tag,Z:/3. ACME Projects/1. Alberta/OSM/2023-2024/1. Imagery/OSM_2024_LU16/LU16_03/101RECNX/RCNX0878.JPG,LU16_3_20240517_181245_RCNX0878.JPG
LU16,LU16_3,-110.98463,57.21346,500928.34249181015,6341147.803411579,2024-05-17T18:12:46Z,Black bear,2,YLY?? one tag,Z:/3. ACME Projects/1. Alberta/OSM/2023-2024/1. Imagery/OSM_2024_LU16/LU16_03/101RECNX/RCNX0879.JPG,LU16_3_20240517_181246_RCNX0879.JPG
LU16,LU16_3,-110.98463,57.21346,500928.34249181015,6341147.803411579,2024-05-17T18:12:47Z,Black bear,2,YLY?? one tag,Z:/3. ACME Projects/1. Alberta/OSM/2023-2024/1. Imagery/OSM_2024_LU16/LU16_03/101RECNX/RCNX0880.JPG,LU16_3_20240517_181247_RCNX0880.JPG
LU16,LU16_3,-110.98463,57.21346,500928.34249181015,6341147.803411579,2024-05-17T18:12:49Z,Black bear,2,YLY?? one tag,Z:/3. ACME Projects/1. Alberta/OSM/2023-2024/1. Imagery/OSM_2024_LU16/LU16_03/101RECNX/RCNX0881.JPG,LU16_3_20240517_181249_RCNX0881.JPG
LU16,LU16_3,-110.98463,57.21346,500928.34249181015,6341147.803411579,2024-05-17T18:12:56Z,Black bear,2,YLY?? one tag,Z:/3. ACME Projects/1. Alberta/OSM/2023-2024/1. Imagery/OSM_2024_LU16/LU16_03/101RECNX/RCNX0882.JPG,LU16_3_20240517_181256_RCNX0882.JPG
LU16,LU16_3,-110.98463,57.21346,500928.34249181015,6341147.803411579,2024-05-17T18:13:00Z,Black bear,2,YLY?? one tag,Z:/3. ACME Projects/1. Alberta/OSM/2023-2024/1. Imagery/OSM_2024_LU16/LU16_03/101RECNX/RCNX0883.JPG,LU16_3_20240517_181300_RCNX0883.JPG
LU16,LU16_3,-110.98463,57.21346,500928.34249181015,6341147.803411579,2024-05-17T18:13:02Z,Black bear,2,YLY?? one tag,Z:/3. ACME Projects/1. Alberta/OSM/2023-2024/1. Imagery/OSM_2024_LU16/LU16_03/101RECNX/RCNX0884.JPG,LU16_3_20240517_181302_RCNX0884.JPG
LU16,LU16_3,-110.98463,57.21346,500928.34249181015,6341147.803411579,2024-05-17T18:13:03Z,Black bear,2,YLY?? one tag,Z:/3. ACME Projects/1. Alberta/OSM/2023-2024/1. Imagery/OSM_2024_LU16/LU16_03/101RECNX/RCNX0885.JPG,LU16_3_20240517_181303_RCNX0885.JPG
LU16,LU16_3,-110.98463,57.21346,500928.34249181015,6341147.803411579,2024-05-17T18:13:04Z,Black bear,2,YLY?? one tag,Z:/3. ACME Projects/1. Alberta/OSM/2023-2024/1. Imagery/OSM_2024_LU16/LU16_03/101RECNX/RCNX0886.JPG,LU16_3_20240517_181304_RCNX0886.JPG
LU16,LU16_3,-110.98463,57.21346,500928.34249181015,6341147.803411579,2024-05-17T18:13:06Z,Black bear,2,YLY?? one tag,Z:/3. ACME Projects/1. Alberta/OSM/2023-2024/1. Imagery/OSM_2024_LU16/LU16_03/101RECNX/RCNX0887.JPG,LU16_3_20240517_181306_RCNX0887.JPG
LU16,LU16_3,-110.98463,57.21346,500928.34249181015,6341147.803411579,2024-05-17T18:13:09Z,Black bear,2,YLY?? one tag,Z:/3. ACME Projects/1. Alberta/OSM/2023-2024/1. Imagery/OSM_2024_LU16/LU16_03/101RECNX/RCNX0888.JPG,LU16_3_20240517_181309_RCNX0888.JPG
LU16,LU16_3,-110.98463,57.21346,500928.34249181015,6341147.803411579,2024-05-17T18:13:15Z,Black bear,2,YLY?? one tag,Z:/3. ACME Projects/1. Alberta/OSM/2023-2024/1. Imagery/OSM_2024_LU16/LU16_03/101RECNX/RCNX0889.JPG,LU16_3_20240517_181315_RCNX0889.JPG
LU16,LU16_3,-110.98463,57.21346,500928.34249181015,6341147.803411579,2024-05-17T18:13:22Z,Black bear,2,YLY?? one tag,Z:/3. ACME Projects/1. Alberta/OSM/2023-2024/1. Imagery/OSM_2024_LU16/LU16_03/101RECNX/RCNX0890.JPG,LU16_3_20240517_181322_RCNX0890.JPG
LU16,LU16_3,-110.98463,57.21346,500928.34249181015,6341147.803411579,2024-05-17T18:13:23Z,Black bear,2,YLY?? one tag,Z:/3. ACME Projects/1. Alberta/OSM/2023-2024/1. Imagery/OSM_2024_LU16/LU16_03/101RECNX/RCNX0891.JPG,LU16_3_20240517_181323_RCNX0891.JPG
LU16,LU16_3,-110.98463,57.21346,500928.34249181015,6341147.803411579,2024-05-17T18:13:30Z,Black bear,2,YLY?? one tag,Z:/3. ACME Projects/1. Alberta/OSM/2023-2024/1. Imagery/OSM_2024_LU16/LU16_03/101RECNX/RCNX0892.JPG,LU16_3_20240517_181330_RCNX0892.JPG
LU16,LU16_3,-110.98463,57.21346,500928.34249181015,6341147.803411579,2024-05-17T18:13:31Z,Black bear,2,YLY?? one tag,Z:/3. ACME Projects/1. Alberta/OSM/2023-2024/1. Imagery/OSM_2024_LU16/LU16_03/101RECNX/RCNX0893.JPG,LU16_3_20240517_181331_RCNX0893.JPG
LU16,LU16_3,-110.98463,57.21346,500928.34249181015,6341147.803411579,2024-05-17T18:13:34Z,Black bear,2,YLY?? one tag,Z:/3. ACME Projects/1. Alberta/OSM/2023-2024/1. Imagery/OSM_2024_LU16/LU16_03/101RECNX/RCNX0894.JPG,LU16_3_20240517_181334_RCNX0894.JPG
LU16,LU16_3,-110.98463,57.21346,500928.34249181015,6341147.803411579,2024-05-17T18:13:36Z,Black bear,2,YLY?? one tag,Z:/3. ACME Projects/1. Alberta/OSM/2023-2024/1. Imagery/OSM_2024_LU16/LU16_03/101RECNX/RCNX0895.JPG,LU16_3_20240517_181336_RCNX0895.JPG
LU16,LU16_3,-110.98463,57.21346,500928.34249181015,6341147.803411579,2024-05-17T18:13:40Z,Black bear,2,YLY?? one tag,Z:/3. ACME Projects/1. Alberta/OSM/2023-2024/1. Imagery/OSM_2024_LU16/LU16_03/101RECNX/RCNX0896.JPG,LU16_3_20240517_181340_RCNX0896.JPG
LU16,LU16_3,-110.98463,57.21346,500928.34249181015,6341147.803411579,2024-05-17T18:13:44Z,Black bear,2,YLY?? one tag,Z:/3. ACME Projects/1. Alberta/OSM/2023-2024/1. Imagery/OSM_2024_LU16/LU16_03/101RECNX/RCNX0898.JPG,LU16_3_20240517_181344_RCNX0898.JPG
LU16,LU16_3,-110.98463,57.21346,500928.34249181015,6341147.803411579,2024-05-17T18:13:45Z,Black bear,2,YLY?? one tag,Z:/3. ACME Projects/1. Alberta/OSM/2023-2024/1. Imagery/OSM_2024_LU16/LU16_03/101RECNX/RCNX0899.JPG,LU16_3_20240517_181345_RCNX0899.JPG
LU16,LU16_3,-110.98463,57.21346,500928.34249181015,6341147.803411579,2024-05-17T18:13:48Z,Black bear,2,YLY?? one tag,Z:/3. ACME Projects/1. Alberta/OSM/2023-2024/1. Imagery/OSM_2024_LU16/LU16_03/101RECNX/RCNX0900.JPG,LU16_3_20240517_181348_RCNX0900.JPG
LU16,LU16_3,-110.98463,57.21346,500928.34249181015,6341147.803411579,2024-05-17T18:13:50Z,Black bear,2,YLY?? one tag,Z:/3. ACME Projects/1. Alberta/OSM/2023-2024/1. Imagery/OSM_2024_LU16/LU16_03/101RECNX/RCNX0901.JPG,LU16_3_20240517_181350_RCNX0901.JPG
LU16,LU16_3,-110.98463,57.21346,500928.34249181015,6341147.803411579,2024-05-17T18:13:51Z,Black bear,2,YLY?? one tag,Z:/3. ACME Projects/1. Alberta/OSM/2023-2024/1. Imagery/OSM_2024_LU16/LU16_03/101RECNX/RCNX0902.JPG,LU16_3_20240517_181351_RCNX0902.JPG
LU16,LU16_3,-110.98463,57.21346,500928.34249181015,6341147.803411579,2024-05-17T18:13:52Z,Black bear,2,YLY?? one tag,Z:/3. ACME Projects/1. Alberta/OSM/2023-2024/1. Imagery/OSM_2024_LU16/LU16_03/101RECNX/RCNX0903.JPG,LU16_3_20240517_181352_RCNX0903.JPG
LU16,LU16_3,-110.98463,57.21346,500928.34249181015,6341147.803411579,2024-05-17T18:13:53Z,Black bear,2,YLY?? one tag,Z:/3. ACME Projects/1. Alberta/OSM/2023-2024/1. Imagery/OSM_2024_LU16/LU16_03/101RECNX/RCNX0904.JPG,LU16_3_20240517_181353_RCNX0904.JPG
LU16,LU16_3,-110.98463,57.21346,500928.34249181015,6341147.803411579,2024-05-17T18:13:54Z,Black bear,2,YLY?? one tag,Z:/3. ACME Projects/1. Alberta/OSM/2023-2024/1. Imagery/OSM_2024_LU16/LU16_03/101RECNX/RCNX0905.JPG,LU16_3_20240517_181354_RCNX0905.JPG
LU16,LU16_3,-110.98463,57.21346,500928.34249181015,6341147.803411579,2024-05-17T18:13:55Z,Black bear,2,YLY?? one tag,Z:/3. ACME Projects/1. Alberta/OSM/2023-2024/1. Imagery/OSM_2024_LU16/LU16_03/101RECNX/RCNX0906.JPG,LU16_3_20240517_181355_RCNX0906.JPG
LU16,LU16_3,-110.98463,57.21346,500928.34249181015,6341147.803411579,2024-05-17T18:13:58Z,Black bear,2,YLY?? one tag,Z:/3. ACME Projects/1. Alberta/OSM/2023-2024/1. Imagery/OSM_2024_LU16/LU16_03/101RECNX/RCNX0907.JPG,LU16_3_20240517_181358_RCNX0907.JPG
LU16,LU16_3,-110.98463,57.21346,500928.34249181015,6341147.803411579,2024-05-17T18:13:59Z,Black bear,2,YLY?? one tag,Z:/3. ACME Projects/1. Alberta/OSM/2023-2024/1. Imagery/OSM_2024_LU16/LU16_03/101RECNX/RCNX0908.JPG,LU16_3_20240517_181359_RCNX0908.JPG
LU16,LU16_3,-110.98463,57.21346,500928.34249181015,6341147.803411579,2024-05-17T18:14:00Z,Black bear,2,YLY?? one tag,Z:/3. ACME Projects/1. Alberta/OSM/2023-2024/1. Imagery/OSM_2024_LU16/LU16_03/101RECNX/RCNX0909.JPG,LU16_3_20240517_181400_RCNX0909.JPG
LU16,LU16_3,-110.98463,57.21346,500928.34249181015,6341147.803411579,2024-05-17T18:14:01Z,Black bear,2,YLY?? one tag,Z:/3. ACME Projects/1. Alberta/OSM/2023-2024/1. Imagery/OSM_2024_LU16/LU16_03/101RECNX/RCNX0910.JPG,LU16_3_20240517_181401_RCNX0910.JPG
LU16,LU16_3,-110.98463,57.21346,500928.34249181015,6341147.803411579,2024-05-17T18:14:02Z,Black bear,2,YLY?? one tag,Z:/3. ACME Projects/1. Alberta/OSM/2023-2024/1. Imagery/OSM_2024_LU16/LU16_03/101RECNX/RCNX0911.JPG,LU16_3_20240517_181402_RCNX0911.JPG
LU16,LU16_3,-110.98463,57.21346,500928.34249181015,6341147.803411579,2024-05-17T18:14:03Z,Black bear,2,YLY?? one tag,Z:/3. ACME Projects/1. Alberta/OSM/2023-2024/1. Imagery/OSM_2024_LU16/LU16_03/101RECNX/RCNX0912.JPG,LU16_3_20240517_181403_RCNX0912.JPG
LU16,LU16_3,-110.98463,57.21346,500928.34249181015,6341147.803411579,2024-05-17T18:14:05Z,Black bear,2,YLY?? one tag,Z:/3. ACME Projects/1. Alberta/OSM/2023-2024/1. Imagery/OSM_2024_LU16/LU16_03/101RECNX/RCNX0913.JPG,LU16_3_20240517_181405_RCNX0913.JPG
LU16,LU16_3,-110.98463,57.21346,500928.34249181015,6341147.803411579,2024-05-17T18:14:07Z,Black bear,2,YLY?? one tag,Z:/3. ACME Projects/1. Alberta/OSM/2023-2024/1. Imagery/OSM_2024_LU16/LU16_03/101RECNX/RCNX0914.JPG,LU16_3_20240517_181407_RCNX0914.JPG
LU16,LU16_3,-110.98463,57.21346,500928.34249181015,6341147.803411579,2024-05-17T18:14:08Z,Black bear,2,YLY?? one tag,Z:/3. ACME Projects/1. Alberta/OSM/2023-2024/1. Imagery/OSM_2024_LU16/LU16_03/101RECNX/RCNX0915.JPG,LU16_3_20240517_181408_RCNX0915.JPG
LU16,LU16_3,-110.98463,57.21346,500928.34249181015,6341147.803411579,2024-05-17T18:14:09Z,Black bear,2,YLY?? one tag,Z:/3. ACME Projects/1. Alberta/OSM/2023-2024/1. Imagery/OSM_2024_LU16/LU16_03/101RECNX/RCNX0916.JPG,LU16_3_20240517_181409_RCNX0916.JPG
LU16,LU16_3,-110.98463,57.21346,500928.34249181015,6341147.803411579,2024-05-17T18:14:10Z,Black bear,2,YLY?? one tag,Z:/3. ACME Projects/1. Alberta/OSM/2023-2024/1. Imagery/OSM_2024_LU16/LU16_03/101RECNX/RCNX0917.JPG,LU16_3_20240517_181410_RCNX0917.JPG
LU16,LU16_3,-110.98463,57.21346,500928.34249181015,6341147.803411579,2024-05-17T18:14:11Z,Black bear,2,YLY?? one tag,Z:/3. ACME Projects/1. Alberta/OSM/2023-2024/1. Imagery/OSM_2024_LU16/LU16_03/101RECNX/RCNX0918.JPG,LU16_3_20240517_181411_RCNX0918.JPG
LU16,LU16_3,-110.98463,57.21346,500928.34249181015,6341147.803411579,2024-05-17T18:14:13Z,Black bear,2,YLY?? one tag,Z:/3. ACME Projects/1. Alberta/OSM/2023-2024/1. Imagery/OSM_2024_LU16/LU16_03/101RECNX/RCNX0919.JPG,LU16_3_20240517_181413_RCNX0919.JPG
LU16,LU16_3,-110.98463,57.21346,500928.34249181015,6341147.803411579,2024-05-17T18:14:15Z,Black bear,2,YLY?? one tag,Z:/3. ACME Projects/1. Alberta/OSM/2023-2024/1. Imagery/OSM_2024_LU16/LU16_03/101RECNX/RCNX0920.JPG,LU16_3_20240517_181415_RCNX0920.JPG
LU16,LU16_3,-110.98463,57.21346,500928.34249181015,6341147.803411579,2024-05-17T18:14:16Z,Black bear,2,YLY?? one tag,Z:/3. ACME Projects/1. Alberta/OSM/2023-2024/1. Imagery/OSM_2024_LU16/LU16_03/101RECNX/RCNX0921.JPG,LU16_3_20240517_181416_RCNX0921.JPG
LU16,LU16_3,-110.98463,57.21346,500928.34249181015,6341147.803411579,2024-05-17T18:14:17Z,Black bear,2,YLY?? one tag,Z:/3. ACME Projects/1. Alberta/OSM/2023-2024/1. Imagery/OSM_2024_LU16/LU16_03/101RECNX/RCNX0922.JPG,LU16_3_20240517_181417_RCNX0922.JPG
LU16,LU16_3,-110.98463,57.21346,500928.34249181015,6341147.803411579,2024-05-17T18:14:18Z,Black bear,2,YLY?? one tag,Z:/3. ACME Projects/1. Alberta/OSM/2023-2024/1. Imagery/OSM_2024_LU16/LU16_03/101RECNX/RCNX0923.JPG,LU16_3_20240517_181418_RCNX0923.JPG
LU16,LU16_3,-110.98463,57.21346,500928.34249181015,6341147.803411579,2024-05-17T18:18:39Z,Black bear,2,1 ear tag,Z:/3. ACME Projects/1. Alberta/OSM/2023-2024/1. Imagery/OSM_2024_LU16/LU16_03/101RECNX/RCNX0936.JPG,LU16_3_20240517_181839_RCNX0936.JPG
LU16,LU16_3,-110.98463,57.21346,500928.34249181015,6341147.803411579,2024-05-17T18:18:45Z,Black bear,2,1 ear tag,Z:/3. ACME Projects/1. Alberta/OSM/2023-2024/1. Imagery/OSM_2024_LU16/LU16_03/101RECNX/RCNX0937.JPG,LU16_3_20240517_181845_RCNX0937.JPG
LU16,LU16_3,-110.98463,57.21346,500928.34249181015,6341147.803411579,2024-05-17T18:18:46Z,Black bear,2,1 ear tag,Z:/3. ACME Projects/1. Alberta/OSM/2023-2024/1. Imagery/OSM_2024_LU16/LU16_03/101RECNX/RCNX0938.JPG,LU16_3_20240517_181846_RCNX0938.JPG
LU16,LU16_3,-110.98463,57.21346,500928.34249181015,6341147.803411579,2024-05-17T18:18:49Z,Black bear,2,1 ear tag,Z:/3. ACME Projects/1. Alberta/OSM/2023-2024/1. Imagery/OSM_2024_LU16/LU16_03/101RECNX/RCNX0939.JPG,LU16_3_20240517_181849_RCNX0939.JPG
LU16,LU16_3,-110.98463,57.21346,500928.34249181015,6341147.803411579,2024-05-17T18:18:50Z,Black bear,2,1 ear tag,Z:/3. ACME Projects/1. Alberta/OSM/2023-2024/1. Imagery/OSM_2024_LU16/LU16_03/101RECNX/RCNX0940.JPG,LU16_3_20240517_181850_RCNX0940.JPG
LU16,LU16_3,-110.98463,57.21346,500928.34249181015,6341147.803411579,2024-05-17T18:18:57Z,Black bear,2,1 ear tag,Z:/3. ACME Projects/1. Alberta/OSM/2023-2024/1. Imagery/OSM_2024_LU16/LU16_03/101RECNX/RCNX0941.JPG,LU16_3_20240517_181857_RCNX0941.JPG
LU16,LU16_3,-110.98463,57.21346,500928.34249181015,6341147.803411579,2024-05-17T18:18:59Z,Black bear,2,1 ear tag,Z:/3. ACME Projects/1. Alberta/OSM/2023-2024/1. Imagery/OSM_2024_LU16/LU16_03/101RECNX/RCNX0943.JPG,LU16_3_20240517_181859_RCNX0943.JPG
LU16,LU16_3,-110.98463,57.21346,500928.34249181015,6341147.803411579,2024-05-17T18:19:00Z,Black bear,2,1 ear tag,Z:/3. ACME Projects/1. Alberta/OSM/2023-2024/1. Imagery/OSM_2024_LU16/LU16_03/101RECNX/RCNX0944.JPG,LU16_3_20240517_181900_RCNX0944.JPG
LU16,LU16_3,-110.98463,57.21346,500928.34249181015,6341147.803411579,2024-05-17T18:19:01Z,Black bear,2,1 ear tag,Z:/3. ACME Projects/1. Alberta/OSM/2023-2024/1. Imagery/OSM_2024_LU16/LU16_03/101RECNX/RCNX0945.JPG,LU16_3_20240517_181901_RCNX0945.JPG
LU16,LU16_3,-110.98463,57.21346,500928.34249181015,6341147.803411579,2024-05-17T18:19:02Z,Black bear,2,1 ear tag,Z:/3. ACME Projects/1. Alberta/OSM/2023-2024/1. Imagery/OSM_2024_LU16/LU16_03/101RECNX/RCNX0946.JPG,LU16_3_20240517_181902_RCNX0946.JPG
LU16,LU16_3,-110.98463,57.21346,500928.34249181015,6341147.803411579,2024-05-17T18:19:03Z,Black bear,2,1 ear tag,Z:/3. ACME Projects/1. Alberta/OSM/2023-2024/1. Imagery/OSM_2024_LU16/LU16_03/101RECNX/RCNX0947.JPG,LU16_3_20240517_181903_RCNX0947.JPG
LU16,LU16_3,-110.98463,57.21346,500928.34249181015,6341147.803411579,2024-05-17T18:19:04Z,Black bear,2,1 ear tag,Z:/3. ACME Projects/1. Alberta/OSM/2023-2024/1. Imagery/OSM_2024_LU16/LU16_03/101RECNX/RCNX0948.JPG,LU16_3_20240517_181904_RCNX0948.JPG
LU16,LU16_3,-110.98463,57.21346,500928.34249181015,6341147.803411579,2024-05-17T18:19:05Z,Black bear,2,1 ear tag,Z:/3. ACME Projects/1. Alberta/OSM/2023-2024/1. Imagery/OSM_2024_LU16/LU16_03/101RECNX/RCNX0949.JPG,LU16_3_20240517_181905_RCNX0949.JPG
LU16,LU16_3,-110.98463,57.21346,500928.34249181015,6341147.803411579,2024-05-17T18:19:06Z,Black bear,2,1 ear tag,Z:/3. ACME Projects/1. Alberta/OSM/2023-2024/1. Imagery/OSM_2024_LU16/LU16_03/101RECNX/RCNX0950.JPG,LU16_3_20240517_181906_RCNX0950.JPG
LU16,LU16_3,-110.98463,57.21346,500928.34249181015,6341147.803411579,2024-05-17T18:19:07Z,Black bear,2,1 ear tag,Z:/3. ACME Projects/1. Alberta/OSM/2023-2024/1. Imagery/OSM_2024_LU16/LU16_03/101RECNX/RCNX0951.JPG,LU16_3_20240517_181907_RCNX0951.JPG
LU16,LU16_3,-110.98463,57.21346,500928.34249181015,6341147.803411579,2024-05-17T18:19:08Z,Black bear,2,1 ear tag,Z:/3. ACME Projects/1. Alberta/OSM/2023-2024/1. Imagery/OSM_2024_LU16/LU16_03/101RECNX/RCNX0952.JPG,LU16_3_20240517_181908_RCNX0952.JPG
LU16,LU16_3,-110.98463,57.21346,500928.34249181015,6341147.803411579,2024-05-17T18:19:09Z,Black bear,2,1 ear tag,Z:/3. ACME Projects/1. Alberta/OSM/2023-2024/1. Imagery/OSM_2024_LU16/LU16_03/101RECNX/RCNX0953.JPG,LU16_3_20240517_181909_RCNX0953.JPG
LU16,LU16_3,-110.98463,57.21346,500928.34249181015,6341147.803411579,2024-05-17T18:19:10Z,Black bear,2,1 ear tag,Z:/3. ACME Projects/1. Alberta/OSM/2023-2024/1. Imagery/OSM_2024_LU16/LU16_03/101RECNX/RCNX0954.JPG,LU16_3_20240517_181910_RCNX0954.JPG
LU16,LU16_3,-110.98463,57.21346,500928.34249181015,6341147.803411579,2024-05-17T18:19:12Z,Black bear,2,1 ear tag,Z:/3. ACME Projects/1. Alberta/OSM/2023-2024/1. Imagery/OSM_2024_LU16/LU16_03/101RECNX/RCNX0955.JPG,LU16_3_20240517_181912_RCNX0955.JPG
LU16,LU16_3,-110.98463,57.21346,500928.34249181015,6341147.803411579,2024-05-17T18:19:13Z,Black bear,2,1 ear tag,Z:/3. ACME Projects/1. Alberta/OSM/2023-2024/1. Imagery/OSM_2024_LU16/LU16_03/101RECNX/RCNX0956.JPG,LU16_3_20240517_181913_RCNX0956.JPG
LU16,LU16_3,-110.98463,57.21346,500928.34249181015,6341147.803411579,2024-05-17T18:19:14Z,Black bear,2,1 ear tag,Z:/3. ACME Projects/1. Alberta/OSM/2023-2024/1. Imagery/OSM_2024_LU16/LU16_03/101RECNX/RCNX0957.JPG,LU16_3_20240517_181914_RCNX0957.JPG
LU16,LU16_3,-110.98463,57.21346,500928.34249181015,6341147.803411579,2024-05-17T18:19:15Z,Black bear,2,1 ear tag,Z:/3. ACME Projects/1. Alberta/OSM/2023-2024/1. Imagery/OSM_2024_LU16/LU16_03/101RECNX/RCNX0958.JPG,LU16_3_20240517_181915_RCNX0958.JPG
LU16,LU16_3,-110.98463,57.21346,500928.34249181015,6341147.803411579,2024-05-17T18:19:16Z,Black bear,2,1 ear tag,Z:/3. ACME Projects/1. Alberta/OSM/2023-2024/1. Imagery/OSM_2024_LU16/LU16_03/101RECNX/RCNX0959.JPG,LU16_3_20240517_181916_RCNX0959.JPG
LU16,LU16_3,-110.98463,57.21346,500928.34249181015,6341147.803411579,2024-05-17T18:19:17Z,Black bear,2,1 ear tag,Z:/3. ACME Projects/1. Alberta/OSM/2023-2024/1. Imagery/OSM_2024_LU16/LU16_03/101RECNX/RCNX0960.JPG,LU16_3_20240517_181917_RCNX0960.JPG
LU16,LU16_3,-110.98463,57.21346,500928.34249181015,6341147.803411579,2024-05-17T18:19:18Z,Black bear,2,1 ear tag,Z:/3. ACME Projects/1. Alberta/OSM/2023-2024/1. Imagery/OSM_2024_LU16/LU16_03/101RECNX/RCNX0961.JPG,LU16_3_20240517_181918_RCNX0961.JPG
LU16,LU16_3,-110.98463,57.21346,500928.34249181015,6341147.803411579,2024-05-17T18:19:19Z,Black bear,2,1 ear tag,Z:/3. ACME Projects/1. Alberta/OSM/2023-2024/1. Imagery/OSM_2024_LU16/LU16_03/101RECNX/RCNX0962.JPG,LU16_3_20240517_181919_RCNX0962.JPG
LU16,LU16_3,-110.98463,57.21346,500928.34249181015,6341147.803411579,2024-05-17T18:19:20Z,Black bear,2,1 ear tag,Z:/3. ACME Projects/1. Alberta/OSM/2023-2024/1. Imagery/OSM_2024_LU16/LU16_03/101RECNX/RCNX0963.JPG,LU16_3_20240517_181920_RCNX0963.JPG
LU16,LU16_3,-110.98463,57.21346,500928.34249181015,6341147.803411579,2024-05-17T18:19:21Z,Black bear,1,1 ear tag,Z:/3. ACME Projects/1. Alberta/OSM/2023-2024/1. Imagery/OSM_2024_LU16/LU16_03/101RECNX/RCNX0964.JPG,LU16_3_20240517_181921_RCNX0964.JPG
LU16,LU16_3,-110.98463,57.21346,500928.34249181015,6341147.803411579,2024-05-17T18:19:37Z,Black bear,1,1 ear tag,Z:/3. ACME Projects/1. Alberta/OSM/2023-2024/1. Imagery/OSM_2024_LU16/LU16_03/101RECNX/RCNX0965.JPG,LU16_3_20240517_181937_RCNX0965.JPG
LU16,LU16_3,-110.98463,57.21346,500928.34249181015,6341147.803411579,2024-05-17T18:20:16Z,Black bear,2,1 ear tag,Z:/3. ACME Projects/1. Alberta/OSM/2023-2024/1. Imagery/OSM_2024_LU16/LU16_03/101RECNX/RCNX0976.JPG,LU16_3_20240517_182016_RCNX0976.JPG
LU16,LU16_3,-110.98463,57.21346,500928.34249181015,6341147.803411579,2024-05-17T18:20:17Z,Black bear,2,1 ear tag,Z:/3. ACME Projects/1. Alberta/OSM/2023-2024/1. Imagery/OSM_2024_LU16/LU16_03/101RECNX/RCNX0977.JPG,LU16_3_20240517_182017_RCNX0977.JPG
LU16,LU16_3,-110.98463,57.21346,500928.34249181015,6341147.803411579,2024-05-17T18:20:18Z,Black bear,2,1 ear tag,Z:/3. ACME Projects/1. Alberta/OSM/2023-2024/1. Imagery/OSM_2024_LU16/LU16_03/101RECNX/RCNX0978.JPG,LU16_3_20240517_182018_RCNX0978.JPG
LU16,LU16_3,-110.98463,57.21346,500928.34249181015,6341147.803411579,2024-05-17T18:20:19Z,Black bear,2,1 ear tag,Z:/3. ACME Projects/1. Alberta/OSM/2023-2024/1. Imagery/OSM_2024_LU16/LU16_03/101RECNX/RCNX0979.JPG,LU16_3_20240517_182019_RCNX0979.JPG
LU16,LU16_3,-110.98463,57.21346,500928.34249181015,6341147.803411579,2024-05-17T18:20:20Z,Black bear,2,1 ear tag,Z:/3. ACME Projects/1. Alberta/OSM/2023-2024/1. Imagery/OSM_2024_LU16/LU16_03/101RECNX/RCNX0980.JPG,LU16_3_20240517_182020_RCNX0980.JPG
LU16,LU16_3,-110.98463,57.21346,500928.34249181015,6341147.803411579,2024-05-17T18:20:21Z,Black bear,2,1 ear tag,Z:/3. ACME Projects/1. Alberta/OSM/2023-2024/1. Imagery/OSM_2024_LU16/LU16_03/101RECNX/RCNX0981.JPG,LU16_3_20240517_182021_RCNX0981.JPG
LU16,LU16_3,-110.98463,57.21346,500928.34249181015,6341147.803411579,2024-05-17T18:20:27Z,Black bear,2,1 ear tag,Z:/3. ACME Projects/1. Alberta/OSM/2023-2024/1. Imagery/OSM_2024_LU16/LU16_03/101RECNX/RCNX0984.JPG,LU16_3_20240517_182027_RCNX0984.JPG
LU16,LU16_3,-110.98463,57.21346,500928.34249181015,6341147.803411579,2024-05-17T18:20:30Z,Black bear,2,1 ear tag,Z:/3. ACME Projects/1. Alberta/OSM/2023-2024/1. Imagery/OSM_2024_LU16/LU16_03/101RECNX/RCNX0985.JPG,LU16_3_20240517_182030_RCNX0985.JPG
LU16,LU16_3,-110.98463,57.21346,500928.34249181015,6341147.803411579,2024-05-17T18:20:31Z,Black bear,2,1 ear tag,Z:/3. ACME Projects/1. Alberta/OSM/2023-2024/1. Imagery/OSM_2024_LU16/LU16_03/101RECNX/RCNX0986.JPG,LU16_3_20240517_182031_RCNX0986.JPG
LU16,LU16_3,-110.98463,57.21346,500928.34249181015,6341147.803411579,2024-05-17T18:20:33Z,Black bear,2,1 ear tag,Z:/3. ACME Projects/1. Alberta/OSM/2023-2024/1. Imagery/OSM_2024_LU16/LU16_03/101RECNX/RCNX0987.JPG,LU16_3_20240517_182033_RCNX0987.JPG
LU16,LU16_3,-110.98463,57.21346,500928.34249181015,6341147.803411579,2024-05-17T18:20:34Z,Black bear,2,1 ear tag,Z:/3. ACME Projects/1. Alberta/OSM/2023-2024/1. Imagery/OSM_2024_LU16/LU16_03/101RECNX/RCNX0988.JPG,LU16_3_20240517_182034_RCNX0988.JPG
LU16,LU16_3,-110.98463,57.21346,500928.34249181015,6341147.803411579,2024-07-26T10:13:43Z,Black bear,1,collar and tag,Z:/3. ACME Projects/1. Alberta/OSM/2023-2024/1. Imagery/OSM_2024_LU16/LU16_03/101RECNX/RCNX1143.JPG,LU16_3_20240726_101343_RCNX1143.JPG
LU16,LU16_3,-110.98463,57.21346,500928.34249181015,6341147.803411579,2024-07-26T10:13:44Z,Black bear,1,collar and tag,Z:/3. ACME Projects/1. Alberta/OSM/2023-2024/1. Imagery/OSM_2024_LU16/LU16_03/101RECNX/RCNX1144.JPG,LU16_3_20240726_101344_RCNX1144.JPG
LU16,LU16_3,-110.98463,57.21346,500928.34249181015,6341147.803411579,2024-07-26T10:13:45Z,Black bear,1,collar and tag,Z:/3. ACME Projects/1. Alberta/OSM/2023-2024/1. Imagery/OSM_2024_LU16/LU16_03/101RECNX/RCNX1145.JPG,LU16_3_20240726_101345_RCNX1145.JPG
LU16,LU16_3,-110.98463,57.21346,500928.34249181015,6341147.803411579,2024-07-26T10:13:46Z,Black bear,1,collar and tag,Z:/3. ACME Projects/1. Alberta/OSM/2023-2024/1. Imagery/OSM_2024_LU16/LU16_03/101RECNX/RCNX1146.JPG,LU16_3_20240726_101346_RCNX1146.JPG
LU16,LU16_3,-110.98463,57.21346,500928.34249181015,6341147.803411579,2024-07-26T10:14:08Z,Black bear,1,collar and tag,Z:/3. ACME Projects/1. Alberta/OSM/2023-2024/1. Imagery/OSM_2024_LU16/LU16_03/101RECNX/RCNX1148.JPG,LU16_3_20240726_101408_RCNX1148.JPG
LU16,LU16_3,-110.98463,57.21346,500928.34249181015,6341147.803411579,2024-07-26T10:14:11Z,Black bear,1,collar and tag,Z:/3. ACME Projects/1. Alberta/OSM/2023-2024/1. Imagery/OSM_2024_LU16/LU16_03/101RECNX/RCNX1149.JPG,LU16_3_20240726_101411_RCNX1149.JPG
LU16,LU16_3,-110.98463,57.21346,500928.34249181015,6341147.803411579,2024-07-26T10:14:13Z,Black bear,1,collar and tag,Z:/3. ACME Projects/1. Alberta/OSM/2023-2024/1. Imagery/OSM_2024_LU16/LU16_03/101RECNX/RCNX1150.JPG,LU16_3_20240726_101413_RCNX1150.JPG
LU16,LU16_3,-110.98463,57.21346,500928.34249181015,6341147.803411579,2024-07-26T10:14:14Z,Black bear,1,collar and tag,Z:/3. ACME Projects/1. Alberta/OSM/2023-2024/1. Imagery/OSM_2024_LU16/LU16_03/101RECNX/RCNX1151.JPG,LU16_3_20240726_101414_RCNX1151.JPG
LU16,LU16_3,-110.98463,57.21346,500928.34249181015,6341147.803411579,2024-07-26T10:14:20Z,Black bear,1,collar and tag,Z:/3. ACME Projects/1. Alberta/OSM/2023-2024/1. Imagery/OSM_2024_LU16/LU16_03/101RECNX/RCNX1152.JPG,LU16_3_20240726_101420_RCNX1152.JPG
LU16,LU16_3,-110.98463,57.21346,500928.34249181015,6341147.803411579,2024-07-26T10:14:22Z,Black bear,1,collar and tag,Z:/3. ACME Projects/1. Alberta/OSM/2023-2024/1. Imagery/OSM_2024_LU16/LU16_03/101RECNX/RCNX1153.JPG,LU16_3_20240726_101422_RCNX1153.JPG
LU16,LU16_3,-110.98463,57.21346,500928.34249181015,6341147.803411579,2024-07-26T10:14:25Z,Black bear,1,collar and tag,Z:/3. ACME Projects/1. Alberta/OSM/2023-2024/1. Imagery/OSM_2024_LU16/LU16_03/101RECNX/RCNX1154.JPG,LU16_3_20240726_101425_RCNX1154.JPG
LU16,LU16_3,-110.98463,57.21346,500928.34249181015,6341147.803411579,2024-07-26T10:14:26Z,Black bear,1,collar and tag,Z:/3. ACME Projects/1. Alberta/OSM/2023-2024/1. Imagery/OSM_2024_LU16/LU16_03/101RECNX/RCNX1155.JPG,LU16_3_20240726_101426_RCNX1155.JPG
LU16,LU16_3,-110.98463,57.21346,500928.34249181015,6341147.803411579,2024-07-26T10:14:27Z,Black bear,1,collar and tag,Z:/3. ACME Projects/1. Alberta/OSM/2023-2024/1. Imagery/OSM_2024_LU16/LU16_03/101RECNX/RCNX1156.JPG,LU16_3_20240726_101427_RCNX1156.JPG
LU16,LU16_3,-110.98463,57.21346,500928.34249181015,6341147.803411579,2024-07-26T10:14:28Z,Black bear,1,collar and tag,Z:/3. ACME Projects/1. Alberta/OSM/2023-2024/1. Imagery/OSM_2024_LU16/LU16_03/101RECNX/RCNX1157.JPG,LU16_3_20240726_101428_RCNX1157.JPG
LU16,LU16_3,-110.98463,57.21346,500928.34249181015,6341147.803411579,2024-07-26T10:14:29Z,Black bear,1,collar and tag,Z:/3. ACME Projects/1. Alberta/OSM/2023-2024/1. Imagery/OSM_2024_LU16/LU16_03/101RECNX/RCNX1158.JPG,LU16_3_20240726_101429_RCNX1158.JPG
LU16,LU16_3,-110.98463,57.21346,500928.34249181015,6341147.803411579,2024-07-26T10:14:32Z,Black bear,1,collar and tag,Z:/3. ACME Projects/1. Alberta/OSM/2023-2024/1. Imagery/OSM_2024_LU16/LU16_03/101RECNX/RCNX1159.JPG,LU16_3_20240726_101432_RCNX1159.JPG
LU16,LU16_3,-110.98463,57.21346,500928.34249181015,6341147.803411579,2024-07-26T10:14:34Z,Black bear,1,collar and tag,Z:/3. ACME Projects/1. Alberta/OSM/2023-2024/1. Imagery/OSM_2024_LU16/LU16_03/101RECNX/RCNX1160.JPG,LU16_3_20240726_101434_RCNX1160.JPG
LU16,LU16_3,-110.98463,57.21346,500928.34249181015,6341147.803411579,2024-07-26T10:14:35Z,Black bear,1,collar and tag,Z:/3. ACME Projects/1. Alberta/OSM/2023-2024/1. Imagery/OSM_2024_LU16/LU16_03/101RECNX/RCNX1161.JPG,LU16_3_20240726_101435_RCNX1161.JPG
LU16,LU16_3,-110.98463,57.21346,500928.34249181015,6341147.803411579,2024-07-26T10:14:36Z,Black bear,1,collar and tag,Z:/3. ACME Projects/1. Alberta/OSM/2023-2024/1. Imagery/OSM_2024_LU16/LU16_03/101RECNX/RCNX1162.JPG,LU16_3_20240726_101436_RCNX1162.JPG
LU16,LU16_3,-110.98463,57.21346,500928.34249181015,6341147.803411579,2024-07-26T10:14:38Z,Black bear,1,collar and tag,Z:/3. ACME Projects/1. Alberta/OSM/2023-2024/1. Imagery/OSM_2024_LU16/LU16_03/101RECNX/RCNX1163.JPG,LU16_3_20240726_101438_RCNX1163.JPG
LU16,LU16_3,-110.98463,57.21346,500928.34249181015,6341147.803411579,2024-07-26T10:14:43Z,Black bear,1,collar and tag,Z:/3. ACME Projects/1. Alberta/OSM/2023-2024/1. Imagery/OSM_2024_LU16/LU16_03/101RECNX/RCNX1164.JPG,LU16_3_20240726_101443_RCNX1164.JPG
LU16,LU16_3,-110.98463,57.21346,500928.34249181015,6341147.803411579,2024-07-26T10:15:01Z,Black bear,1,collar and tag,Z:/3. ACME Projects/1. Alberta/OSM/2023-2024/1. Imagery/OSM_2024_LU16/LU16_03/101RECNX/RCNX1165.JPG,LU16_3_20240726_101501_RCNX1165.JPG
LU16,LU16_3,-110.98463,57.21346,500928.34249181015,6341147.803411579,2024-07-26T10:15:04Z,Black bear,1,collar and tag,Z:/3. ACME Projects/1. Alberta/OSM/2023-2024/1. Imagery/OSM_2024_LU16/LU16_03/101RECNX/RCNX1166.JPG,LU16_3_20240726_101504_RCNX1166.JPG
LU16,LU16_3,-110.98463,57.21346,500928.34249181015,6341147.803411579,2024-07-26T10:15:05Z,Black bear,1,collar and tag,Z:/3. ACME Projects/1. Alberta/OSM/2023-2024/1. Imagery/OSM_2024_LU16/LU16_03/101RECNX/RCNX1167.JPG,LU16_3_20240726_101505_RCNX1167.JPG
LU16,LU16_3,-110.98463,57.21346,500928.34249181015,6341147.803411579,2024-07-26T10:15:06Z,Black bear,1,collar and tag,Z:/3. ACME Projects/1. Alberta/OSM/2023-2024/1. Imagery/OSM_2024_LU16/LU16_03/101RECNX/RCNX1168.JPG,LU16_3_20240726_101506_RCNX1168.JPG
LU16,LU16_3,-110.98463,57.21346,500928.34249181015,6341147.803411579,2024-07-26T10:15:07Z,Black bear,1,collar and tag,Z:/3. ACME Projects/1. Alberta/OSM/2023-2024/1. Imagery/OSM_2024_LU16/LU16_03/101RECNX/RCNX1169.JPG,LU16_3_20240726_101507_RCNX1169.JPG
LU16,LU16_24,-110.98764,57.280730000000005,500745.180972369,6348636.245774767,2024-08-30T19:30:19Z,Black bear,1,"Collar, orange tag left ear (""HF6996""??",Z:/3. ACME Projects/1. Alberta/OSM/2023-2024/1. Imagery/OSM_2024_LU16/LU16_24/102RECNX/RCNX1362.JPG,LU16_24_20240830_193019_RCNX1362.JPG
LU16,LU16_24,-110.98764,57.280730000000005,500745.180972369,6348636.245774767,2024-08-30T19:30:20Z,Black bear,1,"Collar, orange tag left ear (""HF6996""??",Z:/3. ACME Projects/1. Alberta/OSM/2023-2024/1. Imagery/OSM_2024_LU16/LU16_24/102RECNX/RCNX1363.JPG,LU16_24_20240830_193020_RCNX1363.JPG
LU16,LU16_24,-110.98764,57.280730000000005,500745.180972369,6348636.245774767,2024-08-30T19:30:21Z,Black bear,1,"Collar, orange tag left ear (""HF6996""??",Z:/3. ACME Projects/1. Alberta/OSM/2023-2024/1. Imagery/OSM_2024_LU16/LU16_24/102RECNX/RCNX1364.JPG,LU16_24_20240830_193021_RCNX1364.JPG
LU16,LU16_24,-110.98764,57.280730000000005,500745.180972369,6348636.245774767,2024-08-30T19:30:22Z,Black bear,1,"Collar, orange tag left ear (""HF6996""??",Z:/3. ACME Projects/1. Alberta/OSM/2023-2024/1. Imagery/OSM_2024_LU16/LU16_24/102RECNX/RCNX1365.JPG,LU16_24_20240830_193022_RCNX1365.JPG
LU16,LU16_24,-110.98764,57.280730000000005,500745.180972369,6348636.245774767,2024-08-30T19:30:23Z,Black bear,1,"Collar, orange tag left ear (""HF6996""??",Z:/3. ACME Projects/1. Alberta/OSM/2023-2024/1. Imagery/OSM_2024_LU16/LU16_24/102RECNX/RCNX1366.JPG,LU16_24_20240830_193023_RCNX1366.JPG
LU16,LU16_24,-110.98764,57.280730000000005,500745.180972369,6348636.245774767,2024-08-30T19:30:24Z,Black bear,1,"Collar, orange tag left ear (""HF6996""??",Z:/3. ACME Projects/1. Alberta/OSM/2023-2024/1. Imagery/OSM_2024_LU16/LU16_24/102RECNX/RCNX1367.JPG,LU16_24_20240830_193024_RCNX1367.JPG
LU16,LU16_24,-110.98764,57.280730000000005,500745.180972369,6348636.245774767,2024-08-30T19:30:25Z,Black bear,1,"Collar, orange tag left ear (""HF6996""??",Z:/3. ACME Projects/1. Alberta/OSM/2023-2024/1. Imagery/OSM_2024_LU16/LU16_24/102RECNX/RCNX1368.JPG,LU16_24_20240830_193025_RCNX1368.JPG
LU16,LU16_24,-110.98764,57.280730000000005,500745.180972369,6348636.245774767,2024-08-30T19:30:35Z,Black bear,1,"Collar, orange tag left ear (""HF6996""??",Z:/3. ACME Projects/1. Alberta/OSM/2023-2024/1. Imagery/OSM_2024_LU16/LU16_24/102RECNX/RCNX1369.JPG,LU16_24_20240830_193035_RCNX1369.JPG
LU16,LU16_24,-110.98764,57.280730000000005,500745.180972369,6348636.245774767,2024-08-30T19:30:36Z,Black bear,1,"Collar, orange tag left ear (""HF6996""??",Z:/3. ACME Projects/1. Alberta/OSM/2023-2024/1. Imagery/OSM_2024_LU16/LU16_24/102RECNX/RCNX1370.JPG,LU16_24_20240830_193036_RCNX1370.JPG
LU16,LU16_24,-110.98764,57.280730000000005,500745.180972369,6348636.245774767,2024-08-30T19:30:37Z,Black bear,1,"Collar, orange tag left ear (""HF6996""??",Z:/3. ACME Projects/1. Alberta/OSM/2023-2024/1. Imagery/OSM_2024_LU16/LU16_24/102RECNX/RCNX1371.JPG,LU16_24_20240830_193037_RCNX1371.JPG
LU16,LU16_24,-110.98764,57.280730000000005,500745.180972369,6348636.245774767,2024-08-30T19:30:38Z,Black bear,1,"Collar, orange tag left ear (""HF6996""??",Z:/3. ACME Projects/1. Alberta/OSM/2023-2024/1. Imagery/OSM_2024_LU16/LU16_24/102RECNX/RCNX1372.JPG,LU16_24_20240830_193038_RCNX1372.JPG
LU16,LU16_24,-110.98764,57.280730000000005,500745.180972369,6348636.245774767,2024-08-30T19:30:39Z,Black bear,1,"Collar, orange tag left ear (""HF6996""??",Z:/3. ACME Projects/1. Alberta/OSM/2023-2024/1. Imagery/OSM_2024_LU16/LU16_24/102RECNX/RCNX1373.JPG,LU16_24_20240830_193039_RCNX1373.JPG
LU16,LU16_24,-110.98764,57.280730000000005,500745.180972369,6348636.245774767,2024-08-30T19:30:40Z,Black bear,1,"Collar, orange tag left ear (""HF6996""??",Z:/3. ACME Projects/1. Alberta/OSM/2023-2024/1. Imagery/OSM_2024_LU16/LU16_24/102RECNX/RCNX1374.JPG,LU16_24_20240830_193040_RCNX1374.JPG
LU16,LU16_24,-110.98764,57.280730000000005,500745.180972369,6348636.245774767,2024-08-30T19:30:44Z,Black bear,1,"Collar, orange tag left ear (""HF6996""??",Z:/3. ACME Projects/1. Alberta/OSM/2023-2024/1. Imagery/OSM_2024_LU16/LU16_24/102RECNX/RCNX1375.JPG,LU16_24_20240830_193044_RCNX1375.JPG
LU16,LU16_24,-110.98764,57.280730000000005,500745.180972369,6348636.245774767,2024-08-30T19:30:45Z,Black bear,1,"Collar, orange tag left ear (""HF6996""??",Z:/3. ACME Projects/1. Alberta/OSM/2023-2024/1. Imagery/OSM_2024_LU16/LU16_24/102RECNX/RCNX1376.JPG,LU16_24_20240830_193045_RCNX1376.JPG
LU16,LU16_24,-110.98764,57.280730000000005,500745.180972369,6348636.245774767,2024-08-30T19:30:46Z,Black bear,1,"Collar, orange tag left ear (""HF6996""??",Z:/3. ACME Projects/1. Alberta/OSM/2023-2024/1. Imagery/OSM_2024_LU16/LU16_24/102RECNX/RCNX1377.JPG,LU16_24_20240830_193046_RCNX1377.JPG
LU16,LU16_24,-110.98764,57.280730000000005,500745.180972369,6348636.245774767,2024-08-30T19:30:47Z,Black bear,1,"Collar, orange tag left ear (""HF6996""??",Z:/3. ACME Projects/1. Alberta/OSM/2023-2024/1. Imagery/OSM_2024_LU16/LU16_24/102RECNX/RCNX1378.JPG,LU16_24_20240830_193047_RCNX1378.JPG
LU16,LU16_24,-110.98764,57.280730000000005,500745.180972369,6348636.245774767,2024-08-30T19:30:48Z,Black bear,1,"Collar, orange tag left ear (""HF6996""??",Z:/3. ACME Projects/1. Alberta/OSM/2023-2024/1. Imagery/OSM_2024_LU16/LU16_24/102RECNX/RCNX1379.JPG,LU16_24_20240830_193048_RCNX1379.JPG
LU16,LU16_300,-111.02139,57.21725,498708.1840888144,6341569.801156589,2024-04-26T07:03:51Z,Black bear,1,Yellow ear tag (right ear),Z:/3. ACME Projects/1. Alberta/OSM/2023-2024/1. Imagery/OSM_2024_LU16/LU16_300/101RECNX/RCNX0536.JPG,LU16_300_20240426_070351_RCNX0536.JPG
LU16,LU16_300,-111.02139,57.21725,498708.1840888144,6341569.801156589,2024-04-26T07:03:52Z,Black bear,1,Yellow ear tag (right ear),Z:/3. ACME Projects/1. Alberta/OSM/2023-2024/1. Imagery/OSM_2024_LU16/LU16_300/101RECNX/RCNX0537.JPG,LU16_300_20240426_070352_RCNX0537.JPG
LU16,LU16_300,-111.02139,57.21725,498708.1840888144,6341569.801156589,2024-04-26T07:03:53Z,Black bear,1,Yellow ear tag (right ear),Z:/3. ACME Projects/1. Alberta/OSM/2023-2024/1. Imagery/OSM_2024_LU16/LU16_300/101RECNX/RCNX0538.JPG,LU16_300_20240426_070353_RCNX0538.JPG
LU16,LU16_300,-111.02139,57.21725,498708.1840888144,6341569.801156589,2024-04-26T07:04:15Z,Black bear,1,Yellow ear tag (right ear),Z:/3. ACME Projects/1. Alberta/OSM/2023-2024/1. Imagery/OSM_2024_LU16/LU16_300/101RECNX/RCNX0539.JPG,LU16_300_20240426_070415_RCNX0539.JPG
LU16,LU16_300,-111.02139,57.21725,498708.1840888144,6341569.801156589,2024-04-26T07:04:17Z,Black bear,1,Yellow ear tag (right ear),Z:/3. ACME Projects/1. Alberta/OSM/2023-2024/1. Imagery/OSM_2024_LU16/LU16_300/101RECNX/RCNX0540.JPG,LU16_300_20240426_070417_RCNX0540.JPG
LU16,LU16_300,-111.02139,57.21725,498708.1840888144,6341569.801156589,2024-04-26T07:04:19Z,Black bear,1,Yellow ear tag (right ear),Z:/3. ACME Projects/1. Alberta/OSM/2023-2024/1. Imagery/OSM_2024_LU16/LU16_300/101RECNX/RCNX0541.JPG,LU16_300_20240426_070419_RCNX0541.JPG
LU16,LU16_300,-111.02139,57.21725,498708.1840888144,6341569.801156589,2024-04-26T07:04:21Z,Black bear,1,Yellow ear tag (right ear),Z:/3. ACME Projects/1. Alberta/OSM/2023-2024/1. Imagery/OSM_2024_LU16/LU16_300/101RECNX/RCNX0542.JPG,LU16_300_20240426_070421_RCNX0542.JPG
LU16,LU16_300,-111.02139,57.21725,498708.1840888144,6341569.801156589,2024-04-26T07:04:22Z,Black bear,1,Yellow ear tag (right ear),Z:/3. ACME Projects/1. Alberta/OSM/2023-2024/1. Imagery/OSM_2024_LU16/LU16_300/101RECNX/RCNX0543.JPG,LU16_300_20240426_070422_RCNX0543.JPG
LU16,LU16_300,-111.02139,57.21725,498708.1840888144,6341569.801156589,2024-04-26T07:04:23Z,Black bear,1,Yellow ear tag (right ear),Z:/3. ACME Projects/1. Alberta/OSM/2023-2024/1. Imagery/OSM_2024_LU16/LU16_300/101RECNX/RCNX0544.JPG,LU16_300_20240426_070423_RCNX0544.JPG
LU16,LU16_300,-111.02139,57.21725,498708.1840888144,6341569.801156589,2024-04-26T07:04:25Z,Black bear,1,Yellow ear tag (right ear),Z:/3. ACME Projects/1. Alberta/OSM/2023-2024/1. Imagery/OSM_2024_LU16/LU16_300/101RECNX/RCNX0545.JPG,LU16_300_20240426_070425_RCNX0545.JPG
LU16,LU16_300,-111.02139,57.21725,498708.1840888144,6341569.801156589,2024-04-26T07:04:41Z,Black bear,1,Yellow ear tag (right ear),Z:/3. ACME Projects/1. Alberta/OSM/2023-2024/1. Imagery/OSM_2024_LU16/LU16_300/101RECNX/RCNX0546.JPG,LU16_300_20240426_070441_RCNX0546.JPG
LU16,LU16_300,-111.02139,57.21725,498708.1840888144,6341569.801156589,2024-04-26T07:04:43Z,Black bear,1,Yellow ear tag (right ear),Z:/3. ACME Projects/1. Alberta/OSM/2023-2024/1. Imagery/OSM_2024_LU16/LU16_300/101RECNX/RCNX0547.JPG,LU16_300_20240426_070443_RCNX0547.JPG
LU16,LU16_300,-111.02139,57.21725,498708.1840888144,6341569.801156589,2024-04-26T07:04:50Z,Black bear,1,Yellow ear tag (right ear),Z:/3. ACME Projects/1. Alberta/OSM/2023-2024/1. Imagery/OSM_2024_LU16/LU16_300/101RECNX/RCNX0552.JPG,LU16_300_20240426_070450_RCNX0552.JPG
LU16,LU16_300,-111.02139,57.21725,498708.1840888144,6341569.801156589,2024-04-26T07:04:55Z,Black bear,1,Yellow ear tag (right ear),Z:/3. ACME Projects/1. Alberta/OSM/2023-2024/1. Imagery/OSM_2024_LU16/LU16_300/101RECNX/RCNX0554.JPG,LU16_300_20240426_070455_RCNX0554.JPG
LU16,LU16_300,-111.02139,57.21725,498708.1840888144,6341569.801156589,2024-04-26T07:04:57Z,Black bear,1,Yellow ear tag (right ear),Z:/3. ACME Projects/1. Alberta/OSM/2023-2024/1. Imagery/OSM_2024_LU16/LU16_300/101RECNX/RCNX0555.JPG,LU16_300_20240426_070457_RCNX0555.JPG
LU16,LU16_300,-111.02139,57.21725,498708.1840888144,6341569.801156589,2024-04-26T07:04:58Z,Black bear,1,Yellow ear tag (right ear),Z:/3. ACME Projects/1. Alberta/OSM/2023-2024/1. Imagery/OSM_2024_LU16/LU16_300/101RECNX/RCNX0556.JPG,LU16_300_20240426_070458_RCNX0556.JPG
LU16,LU16_300,-111.02139,57.21725,498708.1840888144,6341569.801156589,2024-04-26T07:04:59Z,Black bear,1,Yellow ear tag (right ear),Z:/3. ACME Projects/1. Alberta/OSM/2023-2024/1. Imagery/OSM_2024_LU16/LU16_300/101RECNX/RCNX0557.JPG,LU16_300_20240426_070459_RCNX0557.JPG
LU16,LU16_300,-111.02139,57.21725,498708.1840888144,6341569.801156589,2024-05-18T08:53:31Z,Black bear,1,Yellow ear tag (right ear),Z:/3. ACME Projects/1. Alberta/OSM/2023-2024/1. Imagery/OSM_2024_LU16/LU16_300/101RECNX/RCNX0586.JPG,LU16_300_20240518_085331_RCNX0586.JPG
LU16,LU16_300,-111.02139,57.21725,498708.1840888144,6341569.801156589,2024-05-23T06:03:19Z,Black bear,1,No tag,Z:/3. ACME Projects/1. Alberta/OSM/2023-2024/1. Imagery/OSM_2024_LU16/LU16_300/101RECNX/RCNX0599.JPG,LU16_300_20240523_060319_RCNX0599.JPG
LU16,LU16_300,-111.02139,57.21725,498708.1840888144,6341569.801156589,2024-05-23T06:03:20Z,Black bear,1,No tag,Z:/3. ACME Projects/1. Alberta/OSM/2023-2024/1. Imagery/OSM_2024_LU16/LU16_300/101RECNX/RCNX0600.JPG,LU16_300_20240523_060320_RCNX0600.JPG
LU16,LU16_300,-111.02139,57.21725,498708.1840888144,6341569.801156589,2024-05-23T06:03:21Z,Black bear,1,No tag,Z:/3. ACME Projects/1. Alberta/OSM/2023-2024/1. Imagery/OSM_2024_LU16/LU16_300/101RECNX/RCNX0601.JPG,LU16_300_20240523_060321_RCNX0601.JPG
LU16,LU16_300,-111.02139,57.21725,498708.1840888144,6341569.801156589,2024-05-23T06:03:22Z,Black bear,1,No tag,Z:/3. ACME Projects/1. Alberta/OSM/2023-2024/1. Imagery/OSM_2024_LU16/LU16_300/101RECNX/RCNX0602.JPG,LU16_300_20240523_060322_RCNX0602.JPG
LU16,LU16_300,-111.02139,57.21725,498708.1840888144,6341569.801156589,2024-05-23T06:03:28Z,Black bear,1,No tag,Z:/3. ACME Projects/1. Alberta/OSM/2023-2024/1. Imagery/OSM_2024_LU16/LU16_300/101RECNX/RCNX0603.JPG,LU16_300_20240523_060328_RCNX0603.JPG
LU16,LU16_300,-111.02139,57.21725,498708.1840888144,6341569.801156589,2024-05-23T06:03:29Z,Black bear,1,No tag,Z:/3. ACME Projects/1. Alberta/OSM/2023-2024/1. Imagery/OSM_2024_LU16/LU16_300/101RECNX/RCNX0604.JPG,LU16_300_20240523_060329_RCNX0604.JPG
LU16,LU16_300,-111.02139,57.21725,498708.1840888144,6341569.801156589,2024-05-23T06:03:30Z,Black bear,1,No tag,Z:/3. ACME Projects/1. Alberta/OSM/2023-2024/1. Imagery/OSM_2024_LU16/LU16_300/101RECNX/RCNX0605.JPG,LU16_300_20240523_060330_RCNX0605.JPG
LU16,LU16_300,-111.02139,57.21725,498708.1840888144,6341569.801156589,2024-05-23T06:03:31Z,Black bear,1,No tag,Z:/3. ACME Projects/1. Alberta/OSM/2023-2024/1. Imagery/OSM_2024_LU16/LU16_300/101RECNX/RCNX0606.JPG,LU16_300_20240523_060331_RCNX0606.JPG
LU16,LU16_300,-111.02139,57.21725,498708.1840888144,6341569.801156589,2024-05-23T06:03:33Z,Black bear,1,No tag,Z:/3. ACME Projects/1. Alberta/OSM/2023-2024/1. Imagery/OSM_2024_LU16/LU16_300/101RECNX/RCNX0607.JPG,LU16_300_20240523_060333_RCNX0607.JPG
LU16,LU16_300,-111.02139,57.21725,498708.1840888144,6341569.801156589,2024-05-23T06:03:34Z,Black bear,1,No tag,Z:/3. ACME Projects/1. Alberta/OSM/2023-2024/1. Imagery/OSM_2024_LU16/LU16_300/101RECNX/RCNX0608.JPG,LU16_300_20240523_060334_RCNX0608.JPG
LU16,LU16_300,-111.02139,57.21725,498708.1840888144,6341569.801156589,2024-05-23T06:03:35Z,Black bear,1,No tag,Z:/3. ACME Projects/1. Alberta/OSM/2023-2024/1. Imagery/OSM_2024_LU16/LU16_300/101RECNX/RCNX0609.JPG,LU16_300_20240523_060335_RCNX0609.JPG
LU16,LU16_300,-111.02139,57.21725,498708.1840888144,6341569.801156589,2024-05-23T06:03:36Z,Black bear,1,No tag,Z:/3. ACME Projects/1. Alberta/OSM/2023-2024/1. Imagery/OSM_2024_LU16/LU16_300/101RECNX/RCNX0610.JPG,LU16_300_20240523_060336_RCNX0610.JPG
LU16,LU16_300,-111.02139,57.21725,498708.1840888144,6341569.801156589,2024-05-23T06:03:37Z,Black bear,1,No tag,Z:/3. ACME Projects/1. Alberta/OSM/2023-2024/1. Imagery/OSM_2024_LU16/LU16_300/101RECNX/RCNX0611.JPG,LU16_300_20240523_060337_RCNX0611.JPG
LU16,LU16_300,-111.02139,57.21725,498708.1840888144,6341569.801156589,2024-05-23T06:03:39Z,Black bear,1,No tag,Z:/3. ACME Projects/1. Alberta/OSM/2023-2024/1. Imagery/OSM_2024_LU16/LU16_300/101RECNX/RCNX0612.JPG,LU16_300_20240523_060339_RCNX0612.JPG
LU16,LU16_300,-111.02139,57.21725,498708.1840888144,6341569.801156589,2024-05-23T06:03:40Z,Black bear,1,No tag,Z:/3. ACME Projects/1. Alberta/OSM/2023-2024/1. Imagery/OSM_2024_LU16/LU16_300/101RECNX/RCNX0613.JPG,LU16_300_20240523_060340_RCNX0613.JPG
LU16,LU16_300,-111.02139,57.21725,498708.1840888144,6341569.801156589,2024-05-23T18:47:33Z,Black bear,1,"Yellow ear tag (left ear, ends with 7?) Right ear looks torn",Z:/3. ACME Projects/1. Alberta/OSM/2023-2024/1. Imagery/OSM_2024_LU16/LU16_300/101RECNX/RCNX0616.JPG,LU16_300_20240523_184733_RCNX0616.JPG
LU16,LU16_300,-111.02139,57.21725,498708.1840888144,6341569.801156589,2024-05-23T18:47:34Z,Black bear,1,"Yellow ear tag (left ear, ends with 7?) Right ear looks torn",Z:/3. ACME Projects/1. Alberta/OSM/2023-2024/1. Imagery/OSM_2024_LU16/LU16_300/101RECNX/RCNX0617.JPG,LU16_300_20240523_184734_RCNX0617.JPG
LU16,LU16_300,-111.02139,57.21725,498708.1840888144,6341569.801156589,2024-05-23T18:47:38Z,Black bear,1,"Yellow ear tag (left ear, ends with 7?) Right ear looks torn",Z:/3. ACME Projects/1. Alberta/OSM/2023-2024/1. Imagery/OSM_2024_LU16/LU16_300/101RECNX/RCNX0618.JPG,LU16_300_20240523_184738_RCNX0618.JPG
LU16,LU16_300,-111.02139,57.21725,498708.1840888144,6341569.801156589,2024-05-23T18:47:39Z,Black bear,1,"Yellow ear tag (left ear, ends with 7?) Right ear looks torn",Z:/3. ACME Projects/1. Alberta/OSM/2023-2024/1. Imagery/OSM_2024_LU16/LU16_300/101RECNX/RCNX0619.JPG,LU16_300_20240523_184739_RCNX0619.JPG
LU16,LU16_300,-111.02139,57.21725,498708.1840888144,6341569.801156589,2024-05-23T18:47:40Z,Black bear,1,"Yellow ear tag (left ear, ends with 7?) Right ear looks torn",Z:/3. ACME Projects/1. Alberta/OSM/2023-2024/1. Imagery/OSM_2024_LU16/LU16_300/101RECNX/RCNX0620.JPG,LU16_300_20240523_184740_RCNX0620.JPG
LU16,LU16_300,-111.02139,57.21725,498708.1840888144,6341569.801156589,2024-05-23T18:47:41Z,Black bear,1,"Yellow ear tag (left ear, ends with 7?) Right ear looks torn",Z:/3. ACME Projects/1. Alberta/OSM/2023-2024/1. Imagery/OSM_2024_LU16/LU16_300/101RECNX/RCNX0621.JPG,LU16_300_20240523_184741_RCNX0621.JPG
LU16,LU16_300,-111.02139,57.21725,498708.1840888144,6341569.801156589,2024-05-23T18:47:44Z,Black bear,1,"Yellow ear tag (left ear, ends with 7?) Right ear looks torn",Z:/3. ACME Projects/1. Alberta/OSM/2023-2024/1. Imagery/OSM_2024_LU16/LU16_300/101RECNX/RCNX0622.JPG,LU16_300_20240523_184744_RCNX0622.JPG
LU16,LU16_300,-111.02139,57.21725,498708.1840888144,6341569.801156589,2024-05-23T18:47:45Z,Black bear,1,"Yellow ear tag (left ear, ends with 7?) Right ear looks torn",Z:/3. ACME Projects/1. Alberta/OSM/2023-2024/1. Imagery/OSM_2024_LU16/LU16_300/101RECNX/RCNX0623.JPG,LU16_300_20240523_184745_RCNX0623.JPG
LU16,LU16_300,-111.02139,57.21725,498708.1840888144,6341569.801156589,2024-05-23T18:47:46Z,Black bear,1,"Yellow ear tag (left ear, ends with 7?) Right ear looks torn",Z:/3. ACME Projects/1. Alberta/OSM/2023-2024/1. Imagery/OSM_2024_LU16/LU16_300/101RECNX/RCNX0624.JPG,LU16_300_20240523_184746_RCNX0624.JPG
LU16,LU16_300,-111.02139,57.21725,498708.1840888144,6341569.801156589,2024-05-23T18:47:48Z,Black bear,1,"Yellow ear tag (left ear, ends with 7?) Right ear looks torn",Z:/3. ACME Projects/1. Alberta/OSM/2023-2024/1. Imagery/OSM_2024_LU16/LU16_300/101RECNX/RCNX0625.JPG,LU16_300_20240523_184748_RCNX0625.JPG
LU16,LU16_300,-111.02139,57.21725,498708.1840888144,6341569.801156589,2024-05-23T18:47:49Z,Black bear,1,"Yellow ear tag (left ear, ends with 7?) Right ear looks torn",Z:/3. ACME Projects/1. Alberta/OSM/2023-2024/1. Imagery/OSM_2024_LU16/LU16_300/101RECNX/RCNX0626.JPG,LU16_300_20240523_184749_RCNX0626.JPG
LU16,LU16_300,-111.02139,57.21725,498708.1840888144,6341569.801156589,2024-09-21T11:18:15Z,Black bear,1,Yellow ear tag (right ear),Z:/3. ACME Projects/1. Alberta/OSM/2023-2024/1. Imagery/OSM_2024_LU16/LU16_300/101RECNX/RCNX1253.JPG,LU16_300_20240921_111815_RCNX1253.JPG
LU16,LU16_300,-111.02139,57.21725,498708.1840888144,6341569.801156589,2024-09-21T11:18:16Z,Black bear,1,Yellow ear tag (right ear),Z:/3. ACME Projects/1. Alberta/OSM/2023-2024/1. Imagery/OSM_2024_LU16/LU16_300/101RECNX/RCNX1254.JPG,LU16_300_20240921_111816_RCNX1254.JPG
LU16,LU16_300,-111.02139,57.21725,498708.1840888144,6341569.801156589,2024-09-21T11:18:17Z,Black bear,1,Yellow ear tag (right ear),Z:/3. ACME Projects/1. Alberta/OSM/2023-2024/1. Imagery/OSM_2024_LU16/LU16_300/101RECNX/RCNX1255.JPG,LU16_300_20240921_111817_RCNX1255.JPG
LU16,LU16_303,-111.02443,57.23633000000001,498525.3494731496,6343693.836669405,2023-10-14T13:28:28Z,Black bear,1,Left ear tag -- 22049?,Z:/3. ACME Projects/1. Alberta/OSM/2023-2024/1. Imagery/OSM_2024_LU16/LU16_303/101RECNX/RCNX0086.JPG,LU16_303_20231014_132828_RCNX0086.JPG
LU16,LU16_303,-111.02443,57.23633000000001,498525.3494731496,6343693.836669405,2023-10-14T13:28:29Z,Black bear,1,Left ear tag -- 22049?,Z:/3. ACME Projects/1. Alberta/OSM/2023-2024/1. Imagery/OSM_2024_LU16/LU16_303/101RECNX/RCNX0087.JPG,LU16_303_20231014_132829_RCNX0087.JPG
LU16,LU16_303,-111.02443,57.23633000000001,498525.3494731496,6343693.836669405,2023-10-14T13:28:30Z,Black bear,1,Left ear tag -- 22049?,Z:/3. ACME Projects/1. Alberta/OSM/2023-2024/1. Imagery/OSM_2024_LU16/LU16_303/101RECNX/RCNX0088.JPG,LU16_303_20231014_132830_RCNX0088.JPG
LU16,LU16_303,-111.02443,57.23633000000001,498525.3494731496,6343693.836669405,2023-10-14T13:28:31Z,Black bear,1,Left ear tag -- 22049?,Z:/3. ACME Projects/1. Alberta/OSM/2023-2024/1. Imagery/OSM_2024_LU16/LU16_303/101RECNX/RCNX0089.JPG,LU16_303_20231014_132831_RCNX0089.JPG
LU16,LU16_303,-111.02443,57.23633000000001,498525.3494731496,6343693.836669405,2023-10-14T13:28:32Z,Black bear,1,Left ear tag -- 22049?,Z:/3. ACME Projects/1. Alberta/OSM/2023-2024/1. Imagery/OSM_2024_LU16/LU16_303/101RECNX/RCNX0090.JPG,LU16_303_20231014_132832_RCNX0090.JPG
LU16,LU16_303,-111.02443,57.23633000000001,498525.3494731496,6343693.836669405,2023-10-14T13:28:34Z,Black bear,1,Left ear tag -- 22049?,Z:/3. ACME Projects/1. Alberta/OSM/2023-2024/1. Imagery/OSM_2024_LU16/LU16_303/101RECNX/RCNX0091.JPG,LU16_303_20231014_132834_RCNX0091.JPG
LU16,LU16_303,-111.02443,57.23633000000001,498525.3494731496,6343693.836669405,2023-10-14T13:28:35Z,Black bear,1,Left ear tag -- 22049?,Z:/3. ACME Projects/1. Alberta/OSM/2023-2024/1. Imagery/OSM_2024_LU16/LU16_303/101RECNX/RCNX0092.JPG,LU16_303_20231014_132835_RCNX0092.JPG
LU16,LU16_303,-111.02443,57.23633000000001,498525.3494731496,6343693.836669405,2023-10-14T13:28:36Z,Black bear,1,Left ear tag -- 22049?,Z:/3. ACME Projects/1. Alberta/OSM/2023-2024/1. Imagery/OSM_2024_LU16/LU16_303/101RECNX/RCNX0093.JPG,LU16_303_20231014_132836_RCNX0093.JPG
LU16,LU16_303,-111.02443,57.23633000000001,498525.3494731496,6343693.836669405,2023-10-14T13:28:38Z,Black bear,1,Left ear tag -- 22049?,Z:/3. ACME Projects/1. Alberta/OSM/2023-2024/1. Imagery/OSM_2024_LU16/LU16_303/101RECNX/RCNX0094.JPG,LU16_303_20231014_132838_RCNX0094.JPG
LU16,LU16_303,-111.02443,57.23633000000001,498525.3494731496,6343693.836669405,2023-10-14T13:28:39Z,Black bear,1,Left ear tag -- 22049?,Z:/3. ACME Projects/1. Alberta/OSM/2023-2024/1. Imagery/OSM_2024_LU16/LU16_303/101RECNX/RCNX0095.JPG,LU16_303_20231014_132839_RCNX0095.JPG
LU16,LU16_303,-111.02443,57.23633000000001,498525.3494731496,6343693.836669405,2023-10-14T13:28:40Z,Black bear,1,Left ear tag -- 22049?,Z:/3. ACME Projects/1. Alberta/OSM/2023-2024/1. Imagery/OSM_2024_LU16/LU16_303/101RECNX/RCNX0096.JPG,LU16_303_20231014_132840_RCNX0096.JPG
LU16,LU16_303,-111.02443,57.23633000000001,498525.3494731496,6343693.836669405,2023-10-14T13:28:41Z,Black bear,1,Left ear tag -- 22049?,Z:/3. ACME Projects/1. Alberta/OSM/2023-2024/1. Imagery/OSM_2024_LU16/LU16_303/101RECNX/RCNX0097.JPG,LU16_303_20231014_132841_RCNX0097.JPG
LU16,LU16_303,-111.02443,57.23633000000001,498525.3494731496,6343693.836669405,2023-10-14T13:28:43Z,Black bear,1,Left ear tag -- 22049?,Z:/3. ACME Projects/1. Alberta/OSM/2023-2024/1. Imagery/OSM_2024_LU16/LU16_303/101RECNX/RCNX0098.JPG,LU16_303_20231014_132843_RCNX0098.JPG
LU16,LU16_303,-111.02443,57.23633000000001,498525.3494731496,6343693.836669405,2023-10-14T13:28:44Z,Black bear,1,Left ear tag -- 22049?,Z:/3. ACME Projects/1. Alberta/OSM/2023-2024/1. Imagery/OSM_2024_LU16/LU16_303/101RECNX/RCNX0099.JPG,LU16_303_20231014_132844_RCNX0099.JPG
LU16,LU16_303,-111.02443,57.23633000000001,498525.3494731496,6343693.836669405,2023-10-14T13:28:46Z,Black bear,1,Left ear tag -- 22049?,Z:/3. ACME Projects/1. Alberta/OSM/2023-2024/1. Imagery/OSM_2024_LU16/LU16_303/101RECNX/RCNX0100.JPG,LU16_303_20231014_132846_RCNX0100.JPG
LU16,LU16_303,-111.02443,57.23633000000001,498525.3494731496,6343693.836669405,2023-10-14T13:28:47Z,Black bear,1,Left ear tag -- 22049?,Z:/3. ACME Projects/1. Alberta/OSM/2023-2024/1. Imagery/OSM_2024_LU16/LU16_303/101RECNX/RCNX0101.JPG,LU16_303_20231014_132847_RCNX0101.JPG
LU16,LU16_303,-111.02443,57.23633000000001,498525.3494731496,6343693.836669405,2023-10-14T13:28:48Z,Black bear,1,Left ear tag -- 22049?,Z:/3. ACME Projects/1. Alberta/OSM/2023-2024/1. Imagery/OSM_2024_LU16/LU16_303/101RECNX/RCNX0102.JPG,LU16_303_20231014_132848_RCNX0102.JPG
LU16,LU16_303,-111.02443,57.23633000000001,498525.3494731496,6343693.836669405,2023-10-14T13:28:50Z,Black bear,1,Left ear tag -- 22049?,Z:/3. ACME Projects/1. Alberta/OSM/2023-2024/1. Imagery/OSM_2024_LU16/LU16_303/101RECNX/RCNX0103.JPG,LU16_303_20231014_132850_RCNX0103.JPG
LU16,LU16_303,-111.02443,57.23633000000001,498525.3494731496,6343693.836669405,2023-10-14T13:28:51Z,Black bear,1,Left ear tag -- 22049?,Z:/3. ACME Projects/1. Alberta/OSM/2023-2024/1. Imagery/OSM_2024_LU16/LU16_303/101RECNX/RCNX0104.JPG,LU16_303_20231014_132851_RCNX0104.JPG
LU16,LU16_303,-111.02443,57.23633000000001,498525.3494731496,6343693.836669405,2023-10-14T13:28:52Z,Black bear,1,Left ear tag -- 22049?,Z:/3. ACME Projects/1. Alberta/OSM/2023-2024/1. Imagery/OSM_2024_LU16/LU16_303/101RECNX/RCNX0105.JPG,LU16_303_20231014_132852_RCNX0105.JPG
LU16,LU16_303,-111.02443,57.23633000000001,498525.3494731496,6343693.836669405,2023-10-14T13:29:01Z,Black bear,1,Left ear tag -- 22049?,Z:/3. ACME Projects/1. Alberta/OSM/2023-2024/1. Imagery/OSM_2024_LU16/LU16_303/101RECNX/RCNX0106.JPG,LU16_303_20231014_132901_RCNX0106.JPG
LU16,LU16_303,-111.02443,57.23633000000001,498525.3494731496,6343693.836669405,2023-10-14T13:29:02Z,Black bear,1,Left ear tag -- 22049?,Z:/3. ACME Projects/1. Alberta/OSM/2023-2024/1. Imagery/OSM_2024_LU16/LU16_303/101RECNX/RCNX0107.JPG,LU16_303_20231014_132902_RCNX0107.JPG
LU16,LU16_303,-111.02443,57.23633000000001,498525.3494731496,6343693.836669405,2023-10-14T13:29:06Z,Black bear,1,Left ear tag -- 22049?,Z:/3. ACME Projects/1. Alberta/OSM/2023-2024/1. Imagery/OSM_2024_LU16/LU16_303/101RECNX/RCNX0108.JPG,LU16_303_20231014_132906_RCNX0108.JPG
LU16,LU16_303,-111.02443,57.23633000000001,498525.3494731496,6343693.836669405,2023-10-14T13:29:07Z,Black bear,1,Left ear tag -- 22049?,Z:/3. ACME Projects/1. Alberta/OSM/2023-2024/1. Imagery/OSM_2024_LU16/LU16_303/101RECNX/RCNX0109.JPG,LU16_303_20231014_132907_RCNX0109.JPG
LU16,LU16_303,-111.02443,57.23633000000001,498525.3494731496,6343693.836669405,2023-10-14T13:29:08Z,Black bear,1,Left ear tag -- 22049?,Z:/3. ACME Projects/1. Alberta/OSM/2023-2024/1. Imagery/OSM_2024_LU16/LU16_303/101RECNX/RCNX0110.JPG,LU16_303_20231014_132908_RCNX0110.JPG
LU16,LU16_303,-111.02443,57.23633000000001,498525.3494731496,6343693.836669405,2023-10-14T13:29:09Z,Black bear,1,Left ear tag -- 22049?,Z:/3. ACME Projects/1. Alberta/OSM/2023-2024/1. Imagery/OSM_2024_LU16/LU16_303/101RECNX/RCNX0111.JPG,LU16_303_20231014_132909_RCNX0111.JPG
LU16,LU16_303,-111.02443,57.23633000000001,498525.3494731496,6343693.836669405,2023-10-14T13:29:10Z,Black bear,1,Left ear tag -- 22049?,Z:/3. ACME Projects/1. Alberta/OSM/2023-2024/1. Imagery/OSM_2024_LU16/LU16_303/101RECNX/RCNX0112.JPG,LU16_303_20231014_132910_RCNX0112.JPG
LU16,LU16_303,-111.02443,57.23633000000001,498525.3494731496,6343693.836669405,2023-10-14T13:29:11Z,Black bear,1,Left ear tag -- 22049?,Z:/3. ACME Projects/1. Alberta/OSM/2023-2024/1. Imagery/OSM_2024_LU16/LU16_303/101RECNX/RCNX0113.JPG,LU16_303_20231014_132911_RCNX0113.JPG
LU16,LU16_303,-111.02443,57.23633000000001,498525.3494731496,6343693.836669405,2023-10-14T13:29:12Z,Black bear,1,Left ear tag -- 22049?,Z:/3. ACME Projects/1. Alberta/OSM/2023-2024/1. Imagery/OSM_2024_LU16/LU16_303/101RECNX/RCNX0114.JPG,LU16_303_20231014_132912_RCNX0114.JPG
LU16,LU16_303,-111.02443,57.23633000000001,498525.3494731496,6343693.836669405,2023-10-14T13:29:17Z,Black bear,1,Left ear tag -- 22049?,Z:/3. ACME Projects/1. Alberta/OSM/2023-2024/1. Imagery/OSM_2024_LU16/LU16_303/101RECNX/RCNX0115.JPG,LU16_303_20231014_132917_RCNX0115.JPG
LU16,LU16_303,-111.02443,57.23633000000001,498525.3494731496,6343693.836669405,2023-10-14T13:29:19Z,Black bear,1,Left ear tag -- 22049?,Z:/3. ACME Projects/1. Alberta/OSM/2023-2024/1. Imagery/OSM_2024_LU16/LU16_303/101RECNX/RCNX0116.JPG,LU16_303_20231014_132919_RCNX0116.JPG
LU16,LU16_303,-111.02443,57.23633000000001,498525.3494731496,6343693.836669405,2024-04-22T16:35:36Z,Black bear,1,"Left ear tag, orange radio collar",Z:/3. ACME Projects/1. Alberta/OSM/2023-2024/1. Imagery/OSM_2024_LU16/LU16_303/101RECNX/RCNX0490.JPG,LU16_303_20240422_163536_RCNX0490.JPG
LU16,LU16_303,-111.02443,57.23633000000001,498525.3494731496,6343693.836669405,2024-04-22T16:35:37Z,Black bear,1,"Left ear tag, orange radio collar",Z:/3. ACME Projects/1. Alberta/OSM/2023-2024/1. Imagery/OSM_2024_LU16/LU16_303/101RECNX/RCNX0491.JPG,LU16_303_20240422_163537_RCNX0491.JPG
LU16,LU16_303,-111.02443,57.23633000000001,498525.3494731496,6343693.836669405,2024-04-22T16:35:38Z,Black bear,1,"Left ear tag, orange radio collar",Z:/3. ACME Projects/1. Alberta/OSM/2023-2024/1. Imagery/OSM_2024_LU16/LU16_303/101RECNX/RCNX0492.JPG,LU16_303_20240422_163538_RCNX0492.JPG
LU16,LU16_303,-111.02443,57.23633000000001,498525.3494731496,6343693.836669405,2024-04-22T16:35:40Z,Black bear,1,"Left ear tag, orange radio collar",Z:/3. ACME Projects/1. Alberta/OSM/2023-2024/1. Imagery/OSM_2024_LU16/LU16_303/101RECNX/RCNX0493.JPG,LU16_303_20240422_163540_RCNX0493.JPG
LU16,LU16_303,-111.02443,57.23633000000001,498525.3494731496,6343693.836669405,2024-04-22T16:35:41Z,Black bear,1,"Left ear tag, orange radio collar",Z:/3. ACME Projects/1. Alberta/OSM/2023-2024/1. Imagery/OSM_2024_LU16/LU16_303/101RECNX/RCNX0494.JPG,LU16_303_20240422_163541_RCNX0494.JPG
LU16,LU16_303,-111.02443,57.23633000000001,498525.3494731496,6343693.836669405,2024-04-22T16:35:43Z,Black bear,1,"Left ear tag, orange radio collar",Z:/3. ACME Projects/1. Alberta/OSM/2023-2024/1. Imagery/OSM_2024_LU16/LU16_303/101RECNX/RCNX0495.JPG,LU16_303_20240422_163543_RCNX0495.JPG
LU16,LU16_303,-111.02443,57.23633000000001,498525.3494731496,6343693.836669405,2024-04-22T16:35:44Z,Black bear,1,"Left ear tag, orange radio collar",Z:/3. ACME Projects/1. Alberta/OSM/2023-2024/1. Imagery/OSM_2024_LU16/LU16_303/101RECNX/RCNX0496.JPG,LU16_303_20240422_163544_RCNX0496.JPG
LU16,LU16_303,-111.02443,57.23633000000001,498525.3494731496,6343693.836669405,2024-04-22T16:35:46Z,Black bear,1,"Left ear tag, orange radio collar",Z:/3. ACME Projects/1. Alberta/OSM/2023-2024/1. Imagery/OSM_2024_LU16/LU16_303/101RECNX/RCNX0497.JPG,LU16_303_20240422_163546_RCNX0497.JPG
LU16,LU16_303,-111.02443,57.23633000000001,498525.3494731496,6343693.836669405,2024-04-22T16:35:52Z,Black bear,1,"Left ear tag, orange radio collar",Z:/3. ACME Projects/1. Alberta/OSM/2023-2024/1. Imagery/OSM_2024_LU16/LU16_303/101RECNX/RCNX0498.JPG,LU16_303_20240422_163552_RCNX0498.JPG
LU16,LU16_303,-111.02443,57.23633000000001,498525.3494731496,6343693.836669405,2024-04-22T16:35:55Z,Black bear,1,"Left ear tag, orange radio collar",Z:/3. ACME Projects/1. Alberta/OSM/2023-2024/1. Imagery/OSM_2024_LU16/LU16_303/101RECNX/RCNX0499.JPG,LU16_303_20240422_163555_RCNX0499.JPG
LU16,LU16_303,-111.02443,57.23633000000001,498525.3494731496,6343693.836669405,2024-04-22T16:35:56Z,Black bear,1,"Left ear tag, orange radio collar",Z:/3. ACME Projects/1. Alberta/OSM/2023-2024/1. Imagery/OSM_2024_LU16/LU16_303/101RECNX/RCNX0500.JPG,LU16_303_20240422_163556_RCNX0500.JPG
LU16,LU16_303,-111.02443,57.23633000000001,498525.3494731496,6343693.836669405,2024-04-22T16:35:59Z,Black bear,1,"Left ear tag, orange radio collar",Z:/3. ACME Projects/1. Alberta/OSM/2023-2024/1. Imagery/OSM_2024_LU16/LU16_303/101RECNX/RCNX0501.JPG,LU16_303_20240422_163559_RCNX0501.JPG
LU16,LU16_303,-111.02443,57.23633000000001,498525.3494731496,6343693.836669405,2024-04-22T16:36:02Z,Black bear,1,"Left ear tag, orange radio collar",Z:/3. ACME Projects/1. Alberta/OSM/2023-2024/1. Imagery/OSM_2024_LU16/LU16_303/101RECNX/RCNX0502.JPG,LU16_303_20240422_163602_RCNX0502.JPG
LU16,LU16_303,-111.02443,57.23633000000001,498525.3494731496,6343693.836669405,2024-04-22T16:36:03Z,Black bear,1,"Left ear tag, orange radio collar",Z:/3. ACME Projects/1. Alberta/OSM/2023-2024/1. Imagery/OSM_2024_LU16/LU16_303/101RECNX/RCNX0503.JPG,LU16_303_20240422_163603_RCNX0503.JPG
LU16,LU16_303,-111.02443,57.23633000000001,498525.3494731496,6343693.836669405,2024-04-22T16:36:04Z,Black bear,1,"Left ear tag, orange radio collar",Z:/3. ACME Projects/1. Alberta/OSM/2023-2024/1. Imagery/OSM_2024_LU16/LU16_303/101RECNX/RCNX0504.JPG,LU16_303_20240422_163604_RCNX0504.JPG
LU16,LU16_303,-111.02443,57.23633000000001,498525.3494731496,6343693.836669405,2024-04-22T16:36:05Z,Black bear,1,"Left ear tag, orange radio collar",Z:/3. ACME Projects/1. Alberta/OSM/2023-2024/1. Imagery/OSM_2024_LU16/LU16_303/101RECNX/RCNX0505.JPG,LU16_303_20240422_163605_RCNX0505.JPG
LU16,LU16_303,-111.02443,57.23633000000001,498525.3494731496,6343693.836669405,2024-04-22T16:36:06Z,Black bear,1,"Left ear tag, orange radio collar",Z:/3. ACME Projects/1. Alberta/OSM/2023-2024/1. Imagery/OSM_2024_LU16/LU16_303/101RECNX/RCNX0506.JPG,LU16_303_20240422_163606_RCNX0506.JPG
LU16,LU16_303,-111.02443,57.23633000000001,498525.3494731496,6343693.836669405,2024-04-22T16:36:07Z,Black bear,1,"Left ear tag, orange radio collar",Z:/3. ACME Projects/1. Alberta/OSM/2023-2024/1. Imagery/OSM_2024_LU16/LU16_303/101RECNX/RCNX0507.JPG,LU16_303_20240422_163607_RCNX0507.JPG
LU16,LU16_303,-111.02443,57.23633000000001,498525.3494731496,6343693.836669405,2024-04-22T16:36:09Z,Black bear,1,"Left ear tag, orange radio collar",Z:/3. ACME Projects/1. Alberta/OSM/2023-2024/1. Imagery/OSM_2024_LU16/LU16_303/101RECNX/RCNX0508.JPG,LU16_303_20240422_163609_RCNX0508.JPG
LU16,LU16_303,-111.02443,57.23633000000001,498525.3494731496,6343693.836669405,2024-04-22T16:36:10Z,Black bear,1,"Left ear tag, orange radio collar",Z:/3. ACME Projects/1. Alberta/OSM/2023-2024/1. Imagery/OSM_2024_LU16/LU16_303/101RECNX/RCNX0509.JPG,LU16_303_20240422_163610_RCNX0509.JPG
LU16,LU16_303,-111.02443,57.23633000000001,498525.3494731496,6343693.836669405,2024-04-22T16:36:12Z,Black bear,1,"Left ear tag, orange radio collar",Z:/3. ACME Projects/1. Alberta/OSM/2023-2024/1. Imagery/OSM_2024_LU16/LU16_303/101RECNX/RCNX0510.JPG,LU16_303_20240422_163612_RCNX0510.JPG
LU16,LU16_314,-111.06755,57.25639,495924.74238844286,6345928.666751804,2023-10-10T16:31:26Z,Black bear,1,Left ear tag (11137?),Z:/3. ACME Projects/1. Alberta/OSM/2023-2024/1. Imagery/OSM_2024_LU16/LU16_314/101RECNX/RCNX0078.JPG,LU16_314_20231010_163126_RCNX0078.JPG
LU16,LU16_314,-111.06755,57.25639,495924.74238844286,6345928.666751804,2023-10-10T16:31:27Z,Black bear,1,Left ear tag (11137?),Z:/3. ACME Projects/1. Alberta/OSM/2023-2024/1. Imagery/OSM_2024_LU16/LU16_314/101RECNX/RCNX0079.JPG,LU16_314_20231010_163127_RCNX0079.JPG
LU16,LU16_314,-111.06755,57.25639,495924.74238844286,6345928.666751804,2023-10-10T16:31:28Z,Black bear,1,Left ear tag (11137?),Z:/3. ACME Projects/1. Alberta/OSM/2023-2024/1. Imagery/OSM_2024_LU16/LU16_314/101RECNX/RCNX0080.JPG,LU16_314_20231010_163128_RCNX0080.JPG
LU16,LU16_314,-111.06755,57.25639,495924.74238844286,6345928.666751804,2023-10-10T16:31:30Z,Black bear,1,Left ear tag (11137?),Z:/3. ACME Projects/1. Alberta/OSM/2023-2024/1. Imagery/OSM_2024_LU16/LU16_314/101RECNX/RCNX0081.JPG,LU16_314_20231010_163130_RCNX0081.JPG
LU16,LU16_314,-111.06755,57.25639,495924.74238844286,6345928.666751804,2023-10-10T16:31:31Z,Black bear,1,Left ear tag (11137?),Z:/3. ACME Projects/1. Alberta/OSM/2023-2024/1. Imagery/OSM_2024_LU16/LU16_314/101RECNX/RCNX0082.JPG,LU16_314_20231010_163131_RCNX0082.JPG
LU16,LU16_314,-111.06755,57.25639,495924.74238844286,6345928.666751804,2023-10-10T16:31:34Z,Black bear,1,Left ear tag (11137?),Z:/3. ACME Projects/1. Alberta/OSM/2023-2024/1. Imagery/OSM_2024_LU16/LU16_314/101RECNX/RCNX0083.JPG,LU16_314_20231010_163134_RCNX0083.JPG
LU16,LU16_314,-111.06755,57.25639,495924.74238844286,6345928.666751804,2023-10-10T16:31:35Z,Black bear,1,Left ear tag (11137?),Z:/3. ACME Projects/1. Alberta/OSM/2023-2024/1. Imagery/OSM_2024_LU16/LU16_314/101RECNX/RCNX0084.JPG,LU16_314_20231010_163135_RCNX0084.JPG
LU16,LU16_314,-111.06755,57.25639,495924.74238844286,6345928.666751804,2023-10-10T16:31:38Z,Black bear,1,Left ear tag (11137?),Z:/3. ACME Projects/1. Alberta/OSM/2023-2024/1. Imagery/OSM_2024_LU16/LU16_314/101RECNX/RCNX0085.JPG,LU16_314_20231010_163138_RCNX0085.JPG
LU16,LU16_314,-111.06755,57.25639,495924.74238844286,6345928.666751804,2023-10-10T16:31:39Z,Black bear,1,Left ear tag (11137?),Z:/3. ACME Projects/1. Alberta/OSM/2023-2024/1. Imagery/OSM_2024_LU16/LU16_314/101RECNX/RCNX0086.JPG,LU16_314_20231010_163139_RCNX0086.JPG
LU16,LU16_314,-111.06755,57.25639,495924.74238844286,6345928.666751804,2023-10-10T16:31:40Z,Black bear,1,Left ear tag (11137?),Z:/3. ACME Projects/1. Alberta/OSM/2023-2024/1. Imagery/OSM_2024_LU16/LU16_314/101RECNX/RCNX0087.JPG,LU16_314_20231010_163140_RCNX0087.JPG
LU16,LU16_314,-111.06755,57.25639,495924.74238844286,6345928.666751804,2023-10-10T16:31:49Z,Black bear,1,Left ear tag (11137?),Z:/3. ACME Projects/1. Alberta/OSM/2023-2024/1. Imagery/OSM_2024_LU16/LU16_314/101RECNX/RCNX0088.JPG,LU16_314_20231010_163149_RCNX0088.JPG
LU16,LU16_314,-111.06755,57.25639,495924.74238844286,6345928.666751804,2023-10-10T16:31:50Z,Black bear,1,Left ear tag (11137?),Z:/3. ACME Projects/1. Alberta/OSM/2023-2024/1. Imagery/OSM_2024_LU16/LU16_314/101RECNX/RCNX0089.JPG,LU16_314_20231010_163150_RCNX0089.JPG
LU16,LU16_314,-111.06755,57.25639,495924.74238844286,6345928.666751804,2023-10-10T16:31:52Z,Black bear,1,Left ear tag (11137?),Z:/3. ACME Projects/1. Alberta/OSM/2023-2024/1. Imagery/OSM_2024_LU16/LU16_314/101RECNX/RCNX0090.JPG,LU16_314_20231010_163152_RCNX0090.JPG
LU16,LU16_314,-111.06755,57.25639,495924.74238844286,6345928.666751804,2023-10-10T16:31:53Z,Black bear,1,Left ear tag (11137?),Z:/3. ACME Projects/1. Alberta/OSM/2023-2024/1. Imagery/OSM_2024_LU16/LU16_314/101RECNX/RCNX0091.JPG,LU16_314_20231010_163153_RCNX0091.JPG
LU16,LU16_314,-111.06755,57.25639,495924.74238844286,6345928.666751804,2023-10-10T16:31:54Z,Black bear,1,Left ear tag (11137?),Z:/3. ACME Projects/1. Alberta/OSM/2023-2024/1. Imagery/OSM_2024_LU16/LU16_314/101RECNX/RCNX0092.JPG,LU16_314_20231010_163154_RCNX0092.JPG
LU16,LU16_314,-111.06755,57.25639,495924.74238844286,6345928.666751804,2023-10-10T16:32:02Z,Black bear,1,Left ear tag (11137?),Z:/3. ACME Projects/1. Alberta/OSM/2023-2024/1. Imagery/OSM_2024_LU16/LU16_314/101RECNX/RCNX0093.JPG,LU16_314_20231010_163202_RCNX0093.JPG
LU16,LU16_314,-111.06755,57.25639,495924.74238844286,6345928.666751804,2023-10-10T16:32:04Z,Black bear,1,Left ear tag (11137?),Z:/3. ACME Projects/1. Alberta/OSM/2023-2024/1. Imagery/OSM_2024_LU16/LU16_314/101RECNX/RCNX0094.JPG,LU16_314_20231010_163204_RCNX0094.JPG
LU16,LU16_314,-111.06755,57.25639,495924.74238844286,6345928.666751804,2023-10-10T16:32:05Z,Black bear,1,Left ear tag (11137?),Z:/3. ACME Projects/1. Alberta/OSM/2023-2024/1. Imagery/OSM_2024_LU16/LU16_314/101RECNX/RCNX0095.JPG,LU16_314_20231010_163205_RCNX0095.JPG
LU16,LU16_314,-111.06755,57.25639,495924.74238844286,6345928.666751804,2023-10-10T16:32:06Z,Black bear,1,Left ear tag (11137?),Z:/3. ACME Projects/1. Alberta/OSM/2023-2024/1. Imagery/OSM_2024_LU16/LU16_314/101RECNX/RCNX0096.JPG,LU16_314_20231010_163206_RCNX0096.JPG
LU16,LU16_314,-111.06755,57.25639,495924.74238844286,6345928.666751804,2023-10-10T16:32:07Z,Black bear,1,Left ear tag (11137?),Z:/3. ACME Projects/1. Alberta/OSM/2023-2024/1. Imagery/OSM_2024_LU16/LU16_314/101RECNX/RCNX0097.JPG,LU16_314_20231010_163207_RCNX0097.JPG
LU16,LU16_314,-111.06755,57.25639,495924.74238844286,6345928.666751804,2023-10-10T16:32:09Z,Black bear,1,Left ear tag (11137?),Z:/3. ACME Projects/1. Alberta/OSM/2023-2024/1. Imagery/OSM_2024_LU16/LU16_314/101RECNX/RCNX0098.JPG,LU16_314_20231010_163209_RCNX0098.JPG
LU16,LU16_314,-111.06755,57.25639,495924.74238844286,6345928.666751804,2023-10-10T16:32:17Z,Black bear,1,Left ear tag (11137?),Z:/3. ACME Projects/1. Alberta/OSM/2023-2024/1. Imagery/OSM_2024_LU16/LU16_314/101RECNX/RCNX0099.JPG,LU16_314_20231010_163217_RCNX0099.JPG
LU16,LU16_314,-111.06755,57.25639,495924.74238844286,6345928.666751804,2023-10-10T16:32:18Z,Black bear,1,Left ear tag (11137?),Z:/3. ACME Projects/1. Alberta/OSM/2023-2024/1. Imagery/OSM_2024_LU16/LU16_314/101RECNX/RCNX0100.JPG,LU16_314_20231010_163218_RCNX0100.JPG
LU16,LU16_314,-111.06755,57.25639,495924.74238844286,6345928.666751804,2023-10-10T16:32:21Z,Black bear,1,Left ear tag (11137?),Z:/3. ACME Projects/1. Alberta/OSM/2023-2024/1. Imagery/OSM_2024_LU16/LU16_314/101RECNX/RCNX0101.JPG,LU16_314_20231010_163221_RCNX0101.JPG
LU16,LU16_314,-111.06755,57.25639,495924.74238844286,6345928.666751804,2023-10-10T16:32:22Z,Black bear,1,Left ear tag (11137?),Z:/3. ACME Projects/1. Alberta/OSM/2023-2024/1. Imagery/OSM_2024_LU16/LU16_314/101RECNX/RCNX0102.JPG,LU16_314_20231010_163222_RCNX0102.JPG
LU16,LU16_314,-111.06755,57.25639,495924.74238844286,6345928.666751804,2023-10-10T16:32:27Z,Black bear,1,Left ear tag (11137?),Z:/3. ACME Projects/1. Alberta/OSM/2023-2024/1. Imagery/OSM_2024_LU16/LU16_314/101RECNX/RCNX0103.JPG,LU16_314_20231010_163227_RCNX0103.JPG
LU16,LU16_314,-111.06755,57.25639,495924.74238844286,6345928.666751804,2023-10-10T16:32:45Z,Black bear,1,Left ear tag (11137?),Z:/3. ACME Projects/1. Alberta/OSM/2023-2024/1. Imagery/OSM_2024_LU16/LU16_314/101RECNX/RCNX0104.JPG,LU16_314_20231010_163245_RCNX0104.JPG
LU2,LU2_J27_24,-111.59897,54.83982,461532.515630358,6077131.372793152,2025-06-05T18:23:22Z,Black bear,1,Possibly YOY? Tiny ear,Z:/3. ACME Projects/1. Alberta/OSM/2024-2025/1. Imagery/LU2/LU2_J27_24/101RECNX/RCNX1120.JPG,LU2_J27_24_20250605_182322_RCNX1120.JPG
LU2,LU2_J27_24,-111.59897,54.83982,461532.515630358,6077131.372793152,2025-06-05T18:23:24Z,Black bear,1,Possibly YOY? Tiny ear,Z:/3. ACME Projects/1. Alberta/OSM/2024-2025/1. Imagery/LU2/LU2_J27_24/101RECNX/RCNX1121.JPG,LU2_J27_24_20250605_182324_RCNX1121.JPG
LU2,LU2_J27_24,-111.59897,54.83982,461532.515630358,6077131.372793152,2025-06-05T18:23:27Z,Black bear,1,Possibly YOY? Tiny ear,Z:/3. ACME Projects/1. Alberta/OSM/2024-2025/1. Imagery/LU2/LU2_J27_24/101RECNX/RCNX1122.JPG,LU2_J27_24_20250605_182327_RCNX1122.JPG
LU2,LU2_J27_24,-111.59897,54.83982,461532.515630358,6077131.372793152,2025-06-05T18:23:29Z,Black bear,1,Possibly YOY? Tiny ear,Z:/3. ACME Projects/1. Alberta/OSM/2024-2025/1. Imagery/LU2/LU2_J27_24/101RECNX/RCNX1123.JPG,LU2_J27_24_20250605_182329_RCNX1123.JPG
LU2,LU2_J27_24,-111.59897,54.83982,461532.515630358,6077131.372793152,2025-06-05T18:23:30Z,Black bear,1,Possibly YOY? Tiny ear,Z:/3. ACME Projects/1. Alberta/OSM/2024-2025/1. Imagery/LU2/LU2_J27_24/101RECNX/RCNX1124.JPG,LU2_J27_24_20250605_182330_RCNX1124.JPG
LU2,LU2_J27_24,-111.59897,54.83982,461532.515630358,6077131.372793152,2025-06-05T18:23:30Z,Black bear,1,Possibly YOY? Tiny ear,Z:/3. ACME Projects/1. Alberta/OSM/2024-2025/1. Imagery/LU2/LU2_J27_24/101RECNX/RCNX1125.JPG,LU2_J27_24_20250605_182330_RCNX1125.JPG
LU2,LU2_J27_24,-111.59897,54.83982,461532.515630358,6077131.372793152,2025-06-05T18:23:31Z,Black bear,1,Possibly YOY? Tiny ear,Z:/3. ACME Projects/1. Alberta/OSM/2024-2025/1. Imagery/LU2/LU2_J27_24/101RECNX/RCNX1126.JPG,LU2_J27_24_20250605_182331_RCNX1126.JPG
LU2,LU2_J27_24,-111.59897,54.83982,461532.515630358,6077131.372793152,2025-06-05T18:23:32Z,Black bear,1,Possibly YOY? Tiny ear,Z:/3. ACME Projects/1. Alberta/OSM/2024-2025/1. Imagery/LU2/LU2_J27_24/101RECNX/RCNX1127.JPG,LU2_J27_24_20250605_182332_RCNX1127.JPG
LU2,LU2_J27_24,-111.59897,54.83982,461532.515630358,6077131.372793152,2025-06-05T18:23:33Z,Black bear,1,Possibly YOY? Tiny ear,Z:/3. ACME Projects/1. Alberta/OSM/2024-2025/1. Imagery/LU2/LU2_J27_24/101RECNX/RCNX1128.JPG,LU2_J27_24_20250605_182333_RCNX1128.JPG
LU2,LU2_J27_24,-111.59897,54.83982,461532.515630358,6077131.372793152,2025-06-05T18:23:34Z,Black bear,1,Possibly YOY? Tiny ear,Z:/3. ACME Projects/1. Alberta/OSM/2024-2025/1. Imagery/LU2/LU2_J27_24/101RECNX/RCNX1129.JPG,LU2_J27_24_20250605_182334_RCNX1129.JPG
LU2,LU2_J27_24,-111.59897,54.83982,461532.515630358,6077131.372793152,2025-06-05T18:23:35Z,Black bear,1,Possibly YOY? Tiny ear,Z:/3. ACME Projects/1. Alberta/OSM/2024-2025/1. Imagery/LU2/LU2_J27_24/101RECNX/RCNX1130.JPG,LU2_J27_24_20250605_182335_RCNX1130.JPG
LU2,LU2_J27_24,-111.59897,54.83982,461532.515630358,6077131.372793152,2025-06-05T18:23:36Z,Black bear,1,Possibly YOY? Tiny ear,Z:/3. ACME Projects/1. Alberta/OSM/2024-2025/1. Imagery/LU2/LU2_J27_24/101RECNX/RCNX1131.JPG,LU2_J27_24_20250605_182336_RCNX1131.JPG
LU3,LU3_41_24,-111.16662,55.46191,489464.3620956653,6146206.88338582,2025-05-27T09:17:34Z,Black bear,2,"2 black, 1 brown YLY. Likely same 3 as before, but coat color is hard to consistently tag in the sun and with undercoat",Z:/3. ACME Projects/1. Alberta/OSM/2024-2025/1. Imagery/LU3/LU3_41_24/102RECNX/RCNX0958.JPG,LU3_41_24_20250527_091734_RCNX0958.JPG
LU3,LU3_41_24,-111.16662,55.46191,489464.3620956653,6146206.88338582,2025-05-27T09:17:35Z,Black bear,2,"2 black, 1 brown YLY. Likely same 3 as before, but coat color is hard to consistently tag in the sun and with undercoat",Z:/3. ACME Projects/1. Alberta/OSM/2024-2025/1. Imagery/LU3/LU3_41_24/102RECNX/RCNX0959.JPG,LU3_41_24_20250527_091735_RCNX0959.JPG
LU3,LU3_41_24,-111.16662,55.46191,489464.3620956653,6146206.88338582,2025-05-27T09:17:37Z,Black bear,2,"2 black, 1 brown YLY. Likely same 3 as before, but coat color is hard to consistently tag in the sun and with undercoat",Z:/3. ACME Projects/1. Alberta/OSM/2024-2025/1. Imagery/LU3/LU3_41_24/102RECNX/RCNX0960.JPG,LU3_41_24_20250527_091737_RCNX0960.JPG
LU3,LU3_41_24,-111.16662,55.46191,489464.3620956653,6146206.88338582,2025-05-27T09:17:40Z,Black bear,2,"2 black, 1 brown YLY. Likely same 3 as before, but coat color is hard to consistently tag in the sun and with undercoat",Z:/3. ACME Projects/1. Alberta/OSM/2024-2025/1. Imagery/LU3/LU3_41_24/102RECNX/RCNX0961.JPG,LU3_41_24_20250527_091740_RCNX0961.JPG
LU3,LU3_41_24,-111.16662,55.46191,489464.3620956653,6146206.88338582,2025-05-27T09:17:47Z,Black bear,2,"2 black, 1 brown YLY. Likely same 3 as before, but coat color is hard to consistently tag in the sun and with undercoat",Z:/3. ACME Projects/1. Alberta/OSM/2024-2025/1. Imagery/LU3/LU3_41_24/102RECNX/RCNX0962.JPG,LU3_41_24_20250527_091747_RCNX0962.JPG
LU3,LU3_41_24,-111.16662,55.46191,489464.3620956653,6146206.88338582,2025-05-27T09:17:50Z,Black bear,2,"2 black, 1 brown YLY. Likely same 3 as before, but coat color is hard to consistently tag in the sun and with undercoat",Z:/3. ACME Projects/1. Alberta/OSM/2024-2025/1. Imagery/LU3/LU3_41_24/102RECNX/RCNX0963.JPG,LU3_41_24_20250527_091750_RCNX0963.JPG
LU3,LU3_41_24,-111.16662,55.46191,489464.3620956653,6146206.88338582,2025-05-27T09:17:51Z,Black bear,2,"2 black, 1 brown YLY. Likely same 3 as before, but coat color is hard to consistently tag in the sun and with undercoat",Z:/3. ACME Projects/1. Alberta/OSM/2024-2025/1. Imagery/LU3/LU3_41_24/102RECNX/RCNX0964.JPG,LU3_41_24_20250527_091751_RCNX0964.JPG
LU3,LU3_41_24,-111.16662,55.46191,489464.3620956653,6146206.88338582,2025-05-27T09:17:56Z,Black bear,2,"2 black, 1 brown YLY. Likely same 3 as before, but coat color is hard to consistently tag in the sun and with undercoat",Z:/3. ACME Projects/1. Alberta/OSM/2024-2025/1. Imagery/LU3/LU3_41_24/102RECNX/RCNX0965.JPG,LU3_41_24_20250527_091756_RCNX0965.JPG
LU3,LU3_41_24,-111.16662,55.46191,489464.3620956653,6146206.88338582,2025-05-27T09:18:01Z,Black bear,3,"2 black, 1 brown YLY. Likely same 3 as before, but coat color is hard to consistently tag in the sun and with undercoat",Z:/3. ACME Projects/1. Alberta/OSM/2024-2025/1. Imagery/LU3/LU3_41_24/102RECNX/RCNX0966.JPG,LU3_41_24_20250527_091801_RCNX0966.JPG
LU3,LU3_41_24,-111.16662,55.46191,489464.3620956653,6146206.88338582,2025-05-27T09:18:03Z,Black bear,3,"2 black, 1 brown YLY. Likely same 3 as before, but coat color is hard to consistently tag in the sun and with undercoat",Z:/3. ACME Projects/1. Alberta/OSM/2024-2025/1. Imagery/LU3/LU3_41_24/102RECNX/RCNX0967.JPG,LU3_41_24_20250527_091803_RCNX0967.JPG
LU3,LU3_41_24,-111.16662,55.46191,489464.3620956653,6146206.88338582,2025-05-27T09:18:04Z,Black bear,3,"2 black, 1 brown YLY. Likely same 3 as before, but coat color is hard to consistently tag in the sun and with undercoat",Z:/3. ACME Projects/1. Alberta/OSM/2024-2025/1. Imagery/LU3/LU3_41_24/102RECNX/RCNX0968.JPG,LU3_41_24_20250527_091804_RCNX0968.JPG
LU3,LU3_41_24,-111.16662,55.46191,489464.3620956653,6146206.88338582,2025-05-27T09:18:05Z,Black bear,3,"2 black, 1 brown YLY. Likely same 3 as before, but coat color is hard to consistently tag in the sun and with undercoat",Z:/3. ACME Projects/1. Alberta/OSM/2024-2025/1. Imagery/LU3/LU3_41_24/102RECNX/RCNX0969.JPG,LU3_41_24_20250527_091805_RCNX0969.JPG
LU3,LU3_41_24,-111.16662,55.46191,489464.3620956653,6146206.88338582,2025-05-27T09:18:06Z,Black bear,3,"2 black, 1 brown YLY. Likely same 3 as before, but coat color is hard to consistently tag in the sun and with undercoat",Z:/3. ACME Projects/1. Alberta/OSM/2024-2025/1. Imagery/LU3/LU3_41_24/102RECNX/RCNX0970.JPG,LU3_41_24_20250527_091806_RCNX0970.JPG
LU3,LU3_41_24,-111.16662,55.46191,489464.3620956653,6146206.88338582,2025-05-27T09:18:07Z,Black bear,3,"2 black, 1 brown YLY. Likely same 3 as before, but coat color is hard to consistently tag in the sun and with undercoat",Z:/3. ACME Projects/1. Alberta/OSM/2024-2025/1. Imagery/LU3/LU3_41_24/102RECNX/RCNX0971.JPG,LU3_41_24_20250527_091807_RCNX0971.JPG
LU3,LU3_41_24,-111.16662,55.46191,489464.3620956653,6146206.88338582,2025-05-27T09:18:08Z,Black bear,3,"2 black, 1 brown YLY. Likely same 3 as before, but coat color is hard to consistently tag in the sun and with undercoat",Z:/3. ACME Projects/1. Alberta/OSM/2024-2025/1. Imagery/LU3/LU3_41_24/102RECNX/RCNX0972.JPG,LU3_41_24_20250527_091808_RCNX0972.JPG
LU3,LU3_41_24,-111.16662,55.46191,489464.3620956653,6146206.88338582,2025-05-27T09:18:13Z,Black bear,3,"2 black, 1 brown YLY. Likely same 3 as before, but coat color is hard to consistently tag in the sun and with undercoat",Z:/3. ACME Projects/1. Alberta/OSM/2024-2025/1. Imagery/LU3/LU3_41_24/102RECNX/RCNX0973.JPG,LU3_41_24_20250527_091813_RCNX0973.JPG
LU3,LU3_41_24,-111.16662,55.46191,489464.3620956653,6146206.88338582,2025-05-27T09:18:15Z,Black bear,3,"2 black, 1 brown YLY. Likely same 3 as before, but coat color is hard to consistently tag in the sun and with undercoat",Z:/3. ACME Projects/1. Alberta/OSM/2024-2025/1. Imagery/LU3/LU3_41_24/102RECNX/RCNX0974.JPG,LU3_41_24_20250527_091815_RCNX0974.JPG
LU3,LU3_41_24,-111.16662,55.46191,489464.3620956653,6146206.88338582,2025-05-27T09:18:17Z,Black bear,2,"2 black, 1 brown YLY. Likely same 3 as before, but coat color is hard to consistently tag in the sun and with undercoat",Z:/3. ACME Projects/1. Alberta/OSM/2024-2025/1. Imagery/LU3/LU3_41_24/102RECNX/RCNX0975.JPG,LU3_41_24_20250527_091817_RCNX0975.JPG
LU3,LU3_41_24,-111.16662,55.46191,489464.3620956653,6146206.88338582,2025-05-27T09:18:20Z,Black bear,2,"2 black, 1 brown YLY. Likely same 3 as before, but coat color is hard to consistently tag in the sun and with undercoat",Z:/3. ACME Projects/1. Alberta/OSM/2024-2025/1. Imagery/LU3/LU3_41_24/102RECNX/RCNX0976.JPG,LU3_41_24_20250527_091820_RCNX0976.JPG
LU3,LU3_41_24,-111.16662,55.46191,489464.3620956653,6146206.88338582,2025-05-27T09:18:21Z,Black bear,2,"2 black, 1 brown YLY. Likely same 3 as before, but coat color is hard to consistently tag in the sun and with undercoat",Z:/3. ACME Projects/1. Alberta/OSM/2024-2025/1. Imagery/LU3/LU3_41_24/102RECNX/RCNX0977.JPG,LU3_41_24_20250527_091821_RCNX0977.JPG
LU3,LU3_41_24,-111.16662,55.46191,489464.3620956653,6146206.88338582,2025-05-27T09:18:24Z,Black bear,2,"2 black, 1 brown YLY. Likely same 3 as before, but coat color is hard to consistently tag in the sun and with undercoat",Z:/3. ACME Projects/1. Alberta/OSM/2024-2025/1. Imagery/LU3/LU3_41_24/102RECNX/RCNX0978.JPG,LU3_41_24_20250527_091824_RCNX0978.JPG
LU3,LU3_41_24,-111.16662,55.46191,489464.3620956653,6146206.88338582,2025-05-27T09:18:25Z,Black bear,2,"2 black, 1 brown YLY. Likely same 3 as before, but coat color is hard to consistently tag in the sun and with undercoat",Z:/3. ACME Projects/1. Alberta/OSM/2024-2025/1. Imagery/LU3/LU3_41_24/102RECNX/RCNX0979.JPG,LU3_41_24_20250527_091825_RCNX0979.JPG
LU3,LU3_41_24,-111.16662,55.46191,489464.3620956653,6146206.88338582,2025-05-27T09:18:26Z,Black bear,2,"2 black, 1 brown YLY. Likely same 3 as before, but coat color is hard to consistently tag in the sun and with undercoat",Z:/3. ACME Projects/1. Alberta/OSM/2024-2025/1. Imagery/LU3/LU3_41_24/102RECNX/RCNX0980.JPG,LU3_41_24_20250527_091826_RCNX0980.JPG
LU3,LU3_41_24,-111.16662,55.46191,489464.3620956653,6146206.88338582,2025-05-27T09:18:27Z,Black bear,2,"2 black, 1 brown YLY. Likely same 3 as before, but coat color is hard to consistently tag in the sun and with undercoat",Z:/3. ACME Projects/1. Alberta/OSM/2024-2025/1. Imagery/LU3/LU3_41_24/102RECNX/RCNX0981.JPG,LU3_41_24_20250527_091827_RCNX0981.JPG
LU3,LU3_41_24,-111.16662,55.46191,489464.3620956653,6146206.88338582,2025-05-27T09:18:28Z,Black bear,2,"2 black, 1 brown YLY. Likely same 3 as before, but coat color is hard to consistently tag in the sun and with undercoat",Z:/3. ACME Projects/1. Alberta/OSM/2024-2025/1. Imagery/LU3/LU3_41_24/102RECNX/RCNX0982.JPG,LU3_41_24_20250527_091828_RCNX0982.JPG
LU3,LU3_41_24,-111.16662,55.46191,489464.3620956653,6146206.88338582,2025-05-27T09:18:30Z,Black bear,2,"2 black, 1 brown YLY. Likely same 3 as before, but coat color is hard to consistently tag in the sun and with undercoat",Z:/3. ACME Projects/1. Alberta/OSM/2024-2025/1. Imagery/LU3/LU3_41_24/102RECNX/RCNX0983.JPG,LU3_41_24_20250527_091830_RCNX0983.JPG
LU3,LU3_41_24,-111.16662,55.46191,489464.3620956653,6146206.88338582,2025-05-27T09:18:31Z,Black bear,2,"2 black, 1 brown YLY. Likely same 3 as before, but coat color is hard to consistently tag in the sun and with undercoat",Z:/3. ACME Projects/1. Alberta/OSM/2024-2025/1. Imagery/LU3/LU3_41_24/102RECNX/RCNX0984.JPG,LU3_41_24_20250527_091831_RCNX0984.JPG
LU3,LU3_41_24,-111.16662,55.46191,489464.3620956653,6146206.88338582,2025-05-27T09:18:32Z,Black bear,2,"2 black, 1 brown YLY. Likely same 3 as before, but coat color is hard to consistently tag in the sun and with undercoat",Z:/3. ACME Projects/1. Alberta/OSM/2024-2025/1. Imagery/LU3/LU3_41_24/102RECNX/RCNX0985.JPG,LU3_41_24_20250527_091832_RCNX0985.JPG
LU3,LU3_41_24,-111.16662,55.46191,489464.3620956653,6146206.88338582,2025-05-27T09:18:34Z,Black bear,2,"2 black, 1 brown YLY. Likely same 3 as before, but coat color is hard to consistently tag in the sun and with undercoat",Z:/3. ACME Projects/1. Alberta/OSM/2024-2025/1. Imagery/LU3/LU3_41_24/102RECNX/RCNX0986.JPG,LU3_41_24_20250527_091834_RCNX0986.JPG
LU3,LU3_41_24,-111.16662,55.46191,489464.3620956653,6146206.88338582,2025-05-27T09:18:37Z,Black bear,2,"2 black, 1 brown YLY. Likely same 3 as before, but coat color is hard to consistently tag in the sun and with undercoat",Z:/3. ACME Projects/1. Alberta/OSM/2024-2025/1. Imagery/LU3/LU3_41_24/102RECNX/RCNX0987.JPG,LU3_41_24_20250527_091837_RCNX0987.JPG
LU3,LU3_41_24,-111.16662,55.46191,489464.3620956653,6146206.88338582,2025-05-27T09:18:39Z,Black bear,2,"2 black, 1 brown YLY. Likely same 3 as before, but coat color is hard to consistently tag in the sun and with undercoat",Z:/3. ACME Projects/1. Alberta/OSM/2024-2025/1. Imagery/LU3/LU3_41_24/102RECNX/RCNX0988.JPG,LU3_41_24_20250527_091839_RCNX0988.JPG
LU3,LU3_41_24,-111.16662,55.46191,489464.3620956653,6146206.88338582,2025-05-27T09:18:44Z,Black bear,1,"2 black, 1 brown YLY. Likely same 3 as before, but coat color is hard to consistently tag in the sun and with undercoat",Z:/3. ACME Projects/1. Alberta/OSM/2024-2025/1. Imagery/LU3/LU3_41_24/102RECNX/RCNX0989.JPG,LU3_41_24_20250527_091844_RCNX0989.JPG
LU3,LU3_41_24,-111.16662,55.46191,489464.3620956653,6146206.88338582,2025-05-27T09:18:45Z,Black bear,2,"2 black, 1 brown YLY. Likely same 3 as before, but coat color is hard to consistently tag in the sun and with undercoat",Z:/3. ACME Projects/1. Alberta/OSM/2024-2025/1. Imagery/LU3/LU3_41_24/102RECNX/RCNX0990.JPG,LU3_41_24_20250527_091845_RCNX0990.JPG
LU3,LU3_41_24,-111.16662,55.46191,489464.3620956653,6146206.88338582,2025-05-27T09:18:46Z,Black bear,2,"2 black, 1 brown YLY. Likely same 3 as before, but coat color is hard to consistently tag in the sun and with undercoat",Z:/3. ACME Projects/1. Alberta/OSM/2024-2025/1. Imagery/LU3/LU3_41_24/102RECNX/RCNX0991.JPG,LU3_41_24_20250527_091846_RCNX0991.JPG
LU3,LU3_41_24,-111.16662,55.46191,489464.3620956653,6146206.88338582,2025-05-27T09:18:47Z,Black bear,2,"2 black, 1 brown YLY. Likely same 3 as before, but coat color is hard to consistently tag in the sun and with undercoat",Z:/3. ACME Projects/1. Alberta/OSM/2024-2025/1. Imagery/LU3/LU3_41_24/102RECNX/RCNX0992.JPG,LU3_41_24_20250527_091847_RCNX0992.JPG
LU3,LU3_41_24,-111.16662,55.46191,489464.3620956653,6146206.88338582,2025-05-27T09:18:49Z,Black bear,2,"2 black, 1 brown YLY. Likely same 3 as before, but coat color is hard to consistently tag in the sun and with undercoat",Z:/3. ACME Projects/1. Alberta/OSM/2024-2025/1. Imagery/LU3/LU3_41_24/102RECNX/RCNX0993.JPG,LU3_41_24_20250527_091849_RCNX0993.JPG
LU3,LU3_41_24,-111.16662,55.46191,489464.3620956653,6146206.88338582,2025-05-27T09:18:50Z,Black bear,2,"2 black, 1 brown YLY. Likely same 3 as before, but coat color is hard to consistently tag in the sun and with undercoat",Z:/3. ACME Projects/1. Alberta/OSM/2024-2025/1. Imagery/LU3/LU3_41_24/102RECNX/RCNX0994.JPG,LU3_41_24_20250527_091850_RCNX0994.JPG
LU3,LU3_41_24,-111.16662,55.46191,489464.3620956653,6146206.88338582,2025-05-27T09:18:51Z,Black bear,1,"2 black, 1 brown YLY. Likely same 3 as before, but coat color is hard to consistently tag in the sun and with undercoat",Z:/3. ACME Projects/1. Alberta/OSM/2024-2025/1. Imagery/LU3/LU3_41_24/102RECNX/RCNX0995.JPG,LU3_41_24_20250527_091851_RCNX0995.JPG
LU3,LU3_41_24,-111.16662,55.46191,489464.3620956653,6146206.88338582,2025-05-27T09:18:52Z,Black bear,1,"2 black, 1 brown YLY. Likely same 3 as before, but coat color is hard to consistently tag in the sun and with undercoat",Z:/3. ACME Projects/1. Alberta/OSM/2024-2025/1. Imagery/LU3/LU3_41_24/102RECNX/RCNX0996.JPG,LU3_41_24_20250527_091852_RCNX0996.JPG
LU3,LU3_41_24,-111.16662,55.46191,489464.3620956653,6146206.88338582,2025-05-27T09:19:03Z,Black bear,1,"2 black, 1 brown YLY. Likely same 3 as before, but coat color is hard to consistently tag in the sun and with undercoat",Z:/3. ACME Projects/1. Alberta/OSM/2024-2025/1. Imagery/LU3/LU3_41_24/102RECNX/RCNX0997.JPG,LU3_41_24_20250527_091903_RCNX0997.JPG
LU3,LU3_41_24,-111.16662,55.46191,489464.3620956653,6146206.88338582,2025-05-27T09:19:04Z,Black bear,1,"2 black, 1 brown YLY. Likely same 3 as before, but coat color is hard to consistently tag in the sun and with undercoat",Z:/3. ACME Projects/1. Alberta/OSM/2024-2025/1. Imagery/LU3/LU3_41_24/102RECNX/RCNX0998.JPG,LU3_41_24_20250527_091904_RCNX0998.JPG
LU3,LU3_41_24,-111.16662,55.46191,489464.3620956653,6146206.88338582,2025-05-27T09:19:05Z,Black bear,1,"2 black, 1 brown YLY. Likely same 3 as before, but coat color is hard to consistently tag in the sun and with undercoat",Z:/3. ACME Projects/1. Alberta/OSM/2024-2025/1. Imagery/LU3/LU3_41_24/102RECNX/RCNX0999.JPG,LU3_41_24_20250527_091905_RCNX0999.JPG
LU3,LU3_41_24,-111.16662,55.46191,489464.3620956653,6146206.88338582,2025-05-27T09:19:09Z,Black bear,2,"2 black, 1 brown YLY. Likely same 3 as before, but coat color is hard to consistently tag in the sun and with undercoat",Z:/3. ACME Projects/1. Alberta/OSM/2024-2025/1. Imagery/LU3/LU3_41_24/102RECNX/RCNX1000.JPG,LU3_41_24_20250527_091909_RCNX1000.JPG
LU3,LU3_41_24,-111.16662,55.46191,489464.3620956653,6146206.88338582,2025-05-27T09:19:10Z,Black bear,2,"2 black, 1 brown YLY. Likely same 3 as before, but coat color is hard to consistently tag in the sun and with undercoat",Z:/3. ACME Projects/1. Alberta/OSM/2024-2025/1. Imagery/LU3/LU3_41_24/102RECNX/RCNX1001.JPG,LU3_41_24_20250527_091910_RCNX1001.JPG
LU3,LU3_41_24,-111.16662,55.46191,489464.3620956653,6146206.88338582,2025-05-27T09:19:11Z,Black bear,2,"2 black, 1 brown YLY. Likely same 3 as before, but coat color is hard to consistently tag in the sun and with undercoat",Z:/3. ACME Projects/1. Alberta/OSM/2024-2025/1. Imagery/LU3/LU3_41_24/102RECNX/RCNX1002.JPG,LU3_41_24_20250527_091911_RCNX1002.JPG
LU3,LU3_41_24,-111.16662,55.46191,489464.3620956653,6146206.88338582,2025-05-27T09:19:12Z,Black bear,2,"2 black, 1 brown YLY. Likely same 3 as before, but coat color is hard to consistently tag in the sun and with undercoat",Z:/3. ACME Projects/1. Alberta/OSM/2024-2025/1. Imagery/LU3/LU3_41_24/102RECNX/RCNX1003.JPG,LU3_41_24_20250527_091912_RCNX1003.JPG
LU3,LU3_41_24,-111.16662,55.46191,489464.3620956653,6146206.88338582,2025-05-27T09:19:13Z,Black bear,1,"2 black, 1 brown YLY. Likely same 3 as before, but coat color is hard to consistently tag in the sun and with undercoat",Z:/3. ACME Projects/1. Alberta/OSM/2024-2025/1. Imagery/LU3/LU3_41_24/102RECNX/RCNX1004.JPG,LU3_41_24_20250527_091913_RCNX1004.JPG
LU3,LU3_41_24,-111.16662,55.46191,489464.3620956653,6146206.88338582,2025-05-27T09:19:15Z,Black bear,1,"2 black, 1 brown YLY. Likely same 3 as before, but coat color is hard to consistently tag in the sun and with undercoat",Z:/3. ACME Projects/1. Alberta/OSM/2024-2025/1. Imagery/LU3/LU3_41_24/102RECNX/RCNX1005.JPG,LU3_41_24_20250527_091915_RCNX1005.JPG
LU3,LU3_41_24,-111.16662,55.46191,489464.3620956653,6146206.88338582,2025-05-27T09:19:26Z,Black bear,2,"2 black, 1 brown YLY. Likely same 3 as before, but coat color is hard to consistently tag in the sun and with undercoat",Z:/3. ACME Projects/1. Alberta/OSM/2024-2025/1. Imagery/LU3/LU3_41_24/102RECNX/RCNX1006.JPG,LU3_41_24_20250527_091926_RCNX1006.JPG
LU3,LU3_41_24,-111.16662,55.46191,489464.3620956653,6146206.88338582,2025-05-27T09:19:27Z,Black bear,1,"2 black, 1 brown YLY. Likely same 3 as before, but coat color is hard to consistently tag in the sun and with undercoat",Z:/3. ACME Projects/1. Alberta/OSM/2024-2025/1. Imagery/LU3/LU3_41_24/102RECNX/RCNX1007.JPG,LU3_41_24_20250527_091927_RCNX1007.JPG
LU3,LU3_41_24,-111.16662,55.46191,489464.3620956653,6146206.88338582,2025-05-27T09:19:29Z,Black bear,1,"2 black, 1 brown YLY. Likely same 3 as before, but coat color is hard to consistently tag in the sun and with undercoat",Z:/3. ACME Projects/1. Alberta/OSM/2024-2025/1. Imagery/LU3/LU3_41_24/102RECNX/RCNX1008.JPG,LU3_41_24_20250527_091929_RCNX1008.JPG
LU3,LU3_41_24,-111.16662,55.46191,489464.3620956653,6146206.88338582,2025-05-27T09:19:38Z,Black bear,1,"2 black, 1 brown YLY. Likely same 3 as before, but coat color is hard to consistently tag in the sun and with undercoat",Z:/3. ACME Projects/1. Alberta/OSM/2024-2025/1. Imagery/LU3/LU3_41_24/102RECNX/RCNX1009.JPG,LU3_41_24_20250527_091938_RCNX1009.JPG
LU3,LU3_41_24,-111.16662,55.46191,489464.3620956653,6146206.88338582,2025-05-27T09:19:39Z,Black bear,1,"2 black, 1 brown YLY. Likely same 3 as before, but coat color is hard to consistently tag in the sun and with undercoat",Z:/3. ACME Projects/1. Alberta/OSM/2024-2025/1. Imagery/LU3/LU3_41_24/102RECNX/RCNX1010.JPG,LU3_41_24_20250527_091939_RCNX1010.JPG
LU3,LU3_41_24,-111.16662,55.46191,489464.3620956653,6146206.88338582,2025-05-27T09:19:40Z,Black bear,1,"2 black, 1 brown YLY. Likely same 3 as before, but coat color is hard to consistently tag in the sun and with undercoat",Z:/3. ACME Projects/1. Alberta/OSM/2024-2025/1. Imagery/LU3/LU3_41_24/102RECNX/RCNX1011.JPG,LU3_41_24_20250527_091940_RCNX1011.JPG
LU3,LU3_41_24,-111.16662,55.46191,489464.3620956653,6146206.88338582,2025-05-27T09:19:44Z,Black bear,1,"2 black, 1 brown YLY. Likely same 3 as before, but coat color is hard to consistently tag in the sun and with undercoat",Z:/3. ACME Projects/1. Alberta/OSM/2024-2025/1. Imagery/LU3/LU3_41_24/102RECNX/RCNX1012.JPG,LU3_41_24_20250527_091944_RCNX1012.JPG
LU3,LU3_41_24,-111.16662,55.46191,489464.3620956653,6146206.88338582,2025-05-27T09:19:45Z,Black bear,1,"2 black, 1 brown YLY. Likely same 3 as before, but coat color is hard to consistently tag in the sun and with undercoat",Z:/3. ACME Projects/1. Alberta/OSM/2024-2025/1. Imagery/LU3/LU3_41_24/102RECNX/RCNX1013.JPG,LU3_41_24_20250527_091945_RCNX1013.JPG
LU3,LU3_41_24,-111.16662,55.46191,489464.3620956653,6146206.88338582,2025-05-27T09:19:48Z,Black bear,1,"2 black, 1 brown YLY. Likely same 3 as before, but coat color is hard to consistently tag in the sun and with undercoat",Z:/3. ACME Projects/1. Alberta/OSM/2024-2025/1. Imagery/LU3/LU3_41_24/102RECNX/RCNX1014.JPG,LU3_41_24_20250527_091948_RCNX1014.JPG
LU3,LU3_41_24,-111.16662,55.46191,489464.3620956653,6146206.88338582,2025-05-27T09:19:50Z,Black bear,1,"2 black, 1 brown YLY. Likely same 3 as before, but coat color is hard to consistently tag in the sun and with undercoat",Z:/3. ACME Projects/1. Alberta/OSM/2024-2025/1. Imagery/LU3/LU3_41_24/102RECNX/RCNX1015.JPG,LU3_41_24_20250527_091950_RCNX1015.JPG
LU3,LU3_41_24,-111.16662,55.46191,489464.3620956653,6146206.88338582,2025-05-27T09:19:54Z,Black bear,1,"2 black, 1 brown YLY. Likely same 3 as before, but coat color is hard to consistently tag in the sun and with undercoat",Z:/3. ACME Projects/1. Alberta/OSM/2024-2025/1. Imagery/LU3/LU3_41_24/102RECNX/RCNX1016.JPG,LU3_41_24_20250527_091954_RCNX1016.JPG
LU3,LU3_41_24,-111.16662,55.46191,489464.3620956653,6146206.88338582,2025-05-27T09:19:55Z,Black bear,1,"2 black, 1 brown YLY. Likely same 3 as before, but coat color is hard to consistently tag in the sun and with undercoat",Z:/3. ACME Projects/1. Alberta/OSM/2024-2025/1. Imagery/LU3/LU3_41_24/102RECNX/RCNX1017.JPG,LU3_41_24_20250527_091955_RCNX1017.JPG
LU3,LU3_41_24,-111.16662,55.46191,489464.3620956653,6146206.88338582,2025-05-27T09:19:57Z,Black bear,1,"2 black, 1 brown YLY. Likely same 3 as before, but coat color is hard to consistently tag in the sun and with undercoat",Z:/3. ACME Projects/1. Alberta/OSM/2024-2025/1. Imagery/LU3/LU3_41_24/102RECNX/RCNX1018.JPG,LU3_41_24_20250527_091957_RCNX1018.JPG
LU3,LU3_41_24,-111.16662,55.46191,489464.3620956653,6146206.88338582,2025-05-27T09:19:58Z,Black bear,1,"2 black, 1 brown YLY. Likely same 3 as before, but coat color is hard to consistently tag in the sun and with undercoat",Z:/3. ACME Projects/1. Alberta/OSM/2024-2025/1. Imagery/LU3/LU3_41_24/102RECNX/RCNX1019.JPG,LU3_41_24_20250527_091958_RCNX1019.JPG
LU3,LU3_41_24,-111.16662,55.46191,489464.3620956653,6146206.88338582,2025-05-27T09:19:59Z,Black bear,1,"2 black, 1 brown YLY. Likely same 3 as before, but coat color is hard to consistently tag in the sun and with undercoat",Z:/3. ACME Projects/1. Alberta/OSM/2024-2025/1. Imagery/LU3/LU3_41_24/102RECNX/RCNX1020.JPG,LU3_41_24_20250527_091959_RCNX1020.JPG
LU3,LU3_41_24,-111.16662,55.46191,489464.3620956653,6146206.88338582,2025-05-27T09:20:00Z,Black bear,1,"2 black, 1 brown YLY. Likely same 3 as before, but coat color is hard to consistently tag in the sun and with undercoat",Z:/3. ACME Projects/1. Alberta/OSM/2024-2025/1. Imagery/LU3/LU3_41_24/102RECNX/RCNX1021.JPG,LU3_41_24_20250527_092000_RCNX1021.JPG
LU3,LU3_41_24,-111.16662,55.46191,489464.3620956653,6146206.88338582,2025-05-27T09:20:01Z,Black bear,1,"2 black, 1 brown YLY. Likely same 3 as before, but coat color is hard to consistently tag in the sun and with undercoat",Z:/3. ACME Projects/1. Alberta/OSM/2024-2025/1. Imagery/LU3/LU3_41_24/102RECNX/RCNX1022.JPG,LU3_41_24_20250527_092001_RCNX1022.JPG
LU3,LU3_41_24,-111.16662,55.46191,489464.3620956653,6146206.88338582,2025-05-27T09:20:03Z,Black bear,1,"2 black, 1 brown YLY. Likely same 3 as before, but coat color is hard to consistently tag in the sun and with undercoat",Z:/3. ACME Projects/1. Alberta/OSM/2024-2025/1. Imagery/LU3/LU3_41_24/102RECNX/RCNX1023.JPG,LU3_41_24_20250527_092003_RCNX1023.JPG
LU3,LU3_41_24,-111.16662,55.46191,489464.3620956653,6146206.88338582,2025-05-27T09:20:05Z,Black bear,1,"2 black, 1 brown YLY. Likely same 3 as before, but coat color is hard to consistently tag in the sun and with undercoat",Z:/3. ACME Projects/1. Alberta/OSM/2024-2025/1. Imagery/LU3/LU3_41_24/102RECNX/RCNX1025.JPG,LU3_41_24_20250527_092005_RCNX1025.JPG
LU3,LU3_41_24,-111.16662,55.46191,489464.3620956653,6146206.88338582,2025-05-27T09:20:06Z,Black bear,1,"2 black, 1 brown YLY. Likely same 3 as before, but coat color is hard to consistently tag in the sun and with undercoat",Z:/3. ACME Projects/1. Alberta/OSM/2024-2025/1. Imagery/LU3/LU3_41_24/102RECNX/RCNX1026.JPG,LU3_41_24_20250527_092006_RCNX1026.JPG
LU3,LU3_41_24,-111.16662,55.46191,489464.3620956653,6146206.88338582,2025-05-27T09:20:07Z,Black bear,1,"2 black, 1 brown YLY. Likely same 3 as before, but coat color is hard to consistently tag in the sun and with undercoat",Z:/3. ACME Projects/1. Alberta/OSM/2024-2025/1. Imagery/LU3/LU3_41_24/102RECNX/RCNX1027.JPG,LU3_41_24_20250527_092007_RCNX1027.JPG
LU8,LU8_T25_24,-111.8767,57.27803000000001,447140.98680703744,6348675.8519070875,2025-06-22T11:11:06Z,Black bear,1,"Possibly the YLY from earlier, too big to discern",Z:/3. ACME Projects/1. Alberta/OSM/2024-2025/1. Imagery/LU8/LU8_T25_24/101RECNX/RCNX1136.JPG,LU8_T25_24_20250622_111106_RCNX1136.JPG
LU8,LU8_T25_24,-111.8767,57.27803000000001,447140.98680703744,6348675.8519070875,2025-06-22T11:11:07Z,Black bear,1,"Possibly the YLY from earlier, too big to discern",Z:/3. ACME Projects/1. Alberta/OSM/2024-2025/1. Imagery/LU8/LU8_T25_24/101RECNX/RCNX1137.JPG,LU8_T25_24_20250622_111107_RCNX1137.JPG
LU8,LU8_T25_24,-111.8767,57.27803000000001,447140.98680703744,6348675.8519070875,2025-06-22T11:11:22Z,Black bear,1,"Possibly the YLY from earlier, too big to discern",Z:/3. ACME Projects/1. Alberta/OSM/2024-2025/1. Imagery/LU8/LU8_T25_24/101RECNX/RCNX1138.JPG,LU8_T25_24_20250622_111122_RCNX1138.JPG
LU8,LU8_T25_24,-111.8767,57.27803000000001,447140.98680703744,6348675.8519070875,2025-06-22T11:11:26Z,Black bear,1,"Possibly the YLY from earlier, too big to discern",Z:/3. ACME Projects/1. Alberta/OSM/2024-2025/1. Imagery/LU8/LU8_T25_24/101RECNX/RCNX1139.JPG,LU8_T25_24_20250622_111126_RCNX1139.JPG
LU8,LU8_T25_24,-111.8767,57.27803000000001,447140.98680703744,6348675.8519070875,2025-06-22T11:11:27Z,Black bear,1,"Possibly the YLY from earlier, too big to discern",Z:/3. ACME Projects/1. Alberta/OSM/2024-2025/1. Imagery/LU8/LU8_T25_24/101RECNX/RCNX1140.JPG,LU8_T25_24_20250622_111127_RCNX1140.JPG
LU8,LU8_T25_24,-111.8767,57.27803000000001,447140.98680703744,6348675.8519070875,2025-06-22T11:11:29Z,Black bear,1,"Possibly the YLY from earlier, too big to discern",Z:/3. ACME Projects/1. Alberta/OSM/2024-2025/1. Imagery/LU8/LU8_T25_24/101RECNX/RCNX1141.JPG,LU8_T25_24_20250622_111129_RCNX1141.JPG
LU8,LU8_T25_24,-111.8767,57.27803000000001,447140.98680703744,6348675.8519070875,2025-06-22T11:11:31Z,Black bear,1,"Possibly the YLY from earlier, too big to discern",Z:/3. ACME Projects/1. Alberta/OSM/2024-2025/1. Imagery/LU8/LU8_T25_24/101RECNX/RCNX1142.JPG,LU8_T25_24_20250622_111131_RCNX1142.JPG
LU8,LU8_T25_24,-111.8767,57.27803000000001,447140.98680703744,6348675.8519070875,2025-06-22T11:11:32Z,Black bear,1,"Possibly the YLY from earlier, too big to discern",Z:/3. ACME Projects/1. Alberta/OSM/2024-2025/1. Imagery/LU8/LU8_T25_24/101RECNX/RCNX1143.JPG,LU8_T25_24_20250622_111132_RCNX1143.JPG
LU8,LU8_T25_24,-111.8767,57.27803000000001,447140.98680703744,6348675.8519070875,2025-06-22T11:11:34Z,Black bear,1,"Possibly the YLY from earlier, too big to discern",Z:/3. ACME Projects/1. Alberta/OSM/2024-2025/1. Imagery/LU8/LU8_T25_24/101RECNX/RCNX1144.JPG,LU8_T25_24_20250622_111134_RCNX1144.JPG
LU8,LU8_T25_24,-111.8767,57.27803000000001,447140.98680703744,6348675.8519070875,2025-06-22T11:11:35Z,Black bear,1,"Possibly the YLY from earlier, too big to discern",Z:/3. ACME Projects/1. Alberta/OSM/2024-2025/1. Imagery/LU8/LU8_T25_24/101RECNX/RCNX1145.JPG,LU8_T25_24_20250622_111135_RCNX1145.JPG
LU8,LU8_T25_24,-111.8767,57.27803000000001,447140.98680703744,6348675.8519070875,2025-06-22T11:11:36Z,Black bear,1,"Possibly the YLY from earlier, too big to discern",Z:/3. ACME Projects/1. Alberta/OSM/2024-2025/1. Imagery/LU8/LU8_T25_24/101RECNX/RCNX1146.JPG,LU8_T25_24_20250622_111136_RCNX1146.JPG
LU8,LU8_T25_24,-111.8767,57.27803000000001,447140.98680703744,6348675.8519070875,2025-06-22T11:11:38Z,Black bear,1,"Possibly the YLY from earlier, too big to discern",Z:/3. ACME Projects/1. Alberta/OSM/2024-2025/1. Imagery/LU8/LU8_T25_24/101RECNX/RCNX1147.JPG,LU8_T25_24_20250622_111138_RCNX1147.JPG
LU8,LU8_T25_24,-111.8767,57.27803000000001,447140.98680703744,6348675.8519070875,2025-06-22T11:11:38Z,Black bear,1,"Possibly the YLY from earlier, too big to discern",Z:/3. ACME Projects/1. Alberta/OSM/2024-2025/1. Imagery/LU8/LU8_T25_24/101RECNX/RCNX1148.JPG,LU8_T25_24_20250622_111138_RCNX1148.JPG
LU8,LU8_T25_24,-111.8767,57.27803000000001,447140.98680703744,6348675.8519070875,2025-06-22T11:11:40Z,Black bear,1,"Possibly the YLY from earlier, too big to discern",Z:/3. ACME Projects/1. Alberta/OSM/2024-2025/1. Imagery/LU8/LU8_T25_24/101RECNX/RCNX1149.JPG,LU8_T25_24_20250622_111140_RCNX1149.JPG
LU8,LU8_T25_24,-111.8767,57.27803000000001,447140.98680703744,6348675.8519070875,2025-06-22T11:11:41Z,Black bear,1,"Possibly the YLY from earlier, too big to discern",Z:/3. ACME Projects/1. Alberta/OSM/2024-2025/1. Imagery/LU8/LU8_T25_24/101RECNX/RCNX1150.JPG,LU8_T25_24_20250622_111141_RCNX1150.JPG
LU8,LU8_T25_24,-111.8767,57.27803000000001,447140.98680703744,6348675.8519070875,2025-06-22T11:11:43Z,Black bear,1,"Possibly the YLY from earlier, too big to discern",Z:/3. ACME Projects/1. Alberta/OSM/2024-2025/1. Imagery/LU8/LU8_T25_24/101RECNX/RCNX1151.JPG,LU8_T25_24_20250622_111143_RCNX1151.JPG
LU8,LU8_T25_24,-111.8767,57.27803000000001,447140.98680703744,6348675.8519070875,2025-06-22T11:11:45Z,Black bear,1,"Possibly the YLY from earlier, too big to discern",Z:/3. ACME Projects/1. Alberta/OSM/2024-2025/1. Imagery/LU8/LU8_T25_24/101RECNX/RCNX1152.JPG,LU8_T25_24_20250622_111145_RCNX1152.JPG
LU8,LU8_T25_24,-111.8767,57.27803000000001,447140.98680703744,6348675.8519070875,2025-06-22T11:11:55Z,Black bear,1,"Possibly the YLY from earlier, too big to discern",Z:/3. ACME Projects/1. Alberta/OSM/2024-2025/1. Imagery/LU8/LU8_T25_24/101RECNX/RCNX1153.JPG,LU8_T25_24_20250622_111155_RCNX1153.JPG
