array,site,buffer_dist,array_visit,ndvi
LU2,LU2_3,50,LU2_2021,0.7650729166666668
LU2,LU2_5,50,LU2_2021,0.7789229166666667
LU2,LU2_100,50,LU2_2021,0.7067395833333333
LU2,LU2_101,50,LU2_2021,0.7796833333333334
LU2,LU2_106,50,LU2_2021,0.7063125
LU2,LU2_110,50,LU2_2021,0.7737770833333334
LU2,LU2_119,50,LU2_2021,0.772821875
LU2,LU2_123,50,LU2_2021,0.77351875
LU2,LU2_13,50,LU2_2021,0.7528250000000001
LU2,LU2_137,50,LU2_2021,0.7557354166666668
LU2,LU2_143,50,LU2_2021,0.7702197916666667
LU2,LU2_15,50,LU2_2021,0.7677114583333333
LU2,LU2_153,50,LU2_2021,0.7720583333333333
LU2,LU2_155,50,LU2_2021,0.7592958333333334
LU2,LU2_17,50,LU2_2021,0.7317
LU2,LU2_18,50,LU2_2021,0.77044375
LU2,LU2_20,50,LU2_2021,0.7719729166666668
LU2,LU2_21,50,LU2_2021,0.7272104166666666
LU2,LU2_24,50,LU2_2021,0.735365625
LU2,LU2_25,50,LU2_2021,0.7741229166666668
LU2,LU2_26,50,LU2_2021,0.7570953125
LU2,LU2_27,50,LU2_2021,0.7397677083333334
LU2,LU2_29,50,LU2_2021,0.7327864583333333
LU2,LU2_30,50,LU2_2021,0.74021875
LU2,LU2_31,50,LU2_2021,0.7712125000000001
LU2,LU2_32,50,LU2_2021,0.7605270833333333
LU2,LU2_33,50,LU2_2021,0.7793083333333334
LU2,LU2_34,50,LU2_2021,0.7777333333333334
LU2,LU2_36,50,LU2_2021,0.7820166666666667
LU2,LU2_38,50,LU2_2021,0.7447489583333333
LU2,LU2_39,50,LU2_2021,0.7824062500000001
LU2,LU2_40,50,LU2_2021,0.74210625
LU2,LU2_42,50,LU2_2021,0.7896302083333333
LU2,LU2_44,50,LU2_2021,0.7550270833333332
LU2,LU2_46,50,LU2_2021,0.7596145833333333
LU2,LU2_47,50,LU2_2021,0.7768229166666667
LU2,LU2_50,50,LU2_2021,0.782709375
LU2,LU2_51,50,LU2_2021,0.7649541666666667
LU2,LU2_52,50,LU2_2021,0.7564239583333334
LU2,LU2_54,50,LU2_2021,0.7729270833333334
LU2,LU2_56,50,LU2_2021,0.7857895833333334
LU2,LU2_57,50,LU2_2021,0.7552791666666667
LU3,LU3_5,50,LU3_2021,0.6791979166666667
LU3,LU3_7,50,LU3_2021,0.67805
LU3,LU3_10,50,LU3_2021,0.7043145833333333
LU3,LU3_102,50,LU3_2021,0.7148770833333333
LU3,LU3_103,50,LU3_2021,0.7273572916666667
LU3,LU3_106,50,LU3_2021,0.6349833333333333
LU3,LU3_111,50,LU3_2021,0.7094333333333334
LU3,LU3_126,50,LU3_2021,0.713825
LU3,LU3_129,50,LU3_2021,0.5939875
LU3,LU3_13,50,LU3_2021,0.6903020833333333
LU3,LU3_131,50,LU3_2021,0.7321479166666668
LU3,LU3_137,50,LU3_2021,0.6520776041666667
LU3,LU3_14,50,LU3_2021,0.6736166666666668
LU3,LU3_147,50,LU3_2021,0.6622645833333334
LU3,LU3_15,50,LU3_2021,0.7247625000000001
LU3,LU3_17,50,LU3_2021,0.6954958333333333
LU3,LU3_18,50,LU3_2021,0.6850083333333334
LU3,LU3_19,50,LU3_2021,0.6033000000000001
LU3,LU3_20,50,LU3_2021,0.6414885416666667
LU3,LU3_21,50,LU3_2021,0.7401208333333333
LU3,LU3_25,50,LU3_2021,0.62613125
LU3,LU3_27,50,LU3_2021,0.672425
LU3,LU3_28,50,LU3_2021,0.6967239583333333
LU3,LU3_32,50,LU3_2021,0.6976479166666667
LU3,LU3_36,50,LU3_2021,0.6991406250000001
LU3,LU3_38,50,LU3_2021,0.7047604166666668
LU3,LU3_39,50,LU3_2021,0.5478901041666666
LU3,LU3_40,50,LU3_2021,0.6239635416666667
LU3,LU3_41,50,LU3_2021,0.6930255208333334
LU3,LU3_44,50,LU3_2021,0.65695625
LU3,LU3_45,50,LU3_2021,0.7156895833333333
LU3,LU3_46,50,LU3_2021,0.7344625
LU3,LU3_48,50,LU3_2021,0.6761479166666667
LU3,LU3_50,50,LU3_2021,0.6419020833333333
LU3,LU3_51,50,LU3_2021,0.6496000000000001
LU3,LU3_52,50,LU3_2021,0.6287041666666667
LU3,LU3_49,50,LU3_2021,0.6950229166666667
LU13,LU13_18,50,LU13_2022,0.6139458333333333
LU13,LU13_15,50,LU13_2022,0.6459625
LU13,LU13_3,50,LU13_2022,0.6917666666666668
LU13,LU13_34,50,LU13_2022,0.52894375
LU13,LU13_57,50,LU13_2022,0.6725229166666667
LU13,LU13_16,50,LU13_2022,0.6626854166666667
LU13,LU13_21,50,LU13_2022,0.46166041666666674
LU13,LU13_37,50,LU13_2022,0.62871875
LU13,LU13_55,50,LU13_2022,0.6439833333333334
LU13,LU13_47,50,LU13_2022,0.7119677083333333
LU13,LU13_51,50,LU13_2022,0.6827645833333333
LU13,LU13_27,50,LU13_2022,0.69418125
LU13,LU13_5,50,LU13_2022,0.7140729166666667
LU13,LU13_26,50,LU13_2022,0.7024333333333334
LU13,LU13_35,50,LU13_2022,0.6510458333333333
LU13,LU13_13,50,LU13_2022,0.7193270833333333
LU13,LU13_128,50,LU13_2022,0.6942354166666668
LU13,LU13_131,50,LU13_2022,0.7028854166666667
LU13,LU13_12,50,LU13_2022,0.6747416666666667
LU13,LU13_33,50,LU13_2022,0.678996875
LU13,LU13_32,50,LU13_2022,0.6733958333333333
LU13,LU13_30,50,LU13_2022,0.65924375
LU13,LU13_53,50,LU13_2022,0.65838125
LU13,LU13_22,50,LU13_2022,0.7217416666666667
LU13,LU13_19,50,LU13_2022,0.7078916666666667
LU13,LU13_45,50,LU13_2022,0.69885
LU13,LU13_8,50,LU13_2022,0.6849791666666667
LU13,LU13_43,50,LU13_2022,0.6756447916666667
LU13,LU13_41,50,LU13_2022,0.6856645833333334
LU13,LU13_59,50,LU13_2022,0.69186875
LU13,LU13_6,50,LU13_2022,0.7192458333333334
LU13,LU13_14,50,LU13_2022,0.6811875000000001
LU13,LU13_52,50,LU13_2022,0.628225
LU13,LU13_36,50,LU13_2022,0.6637895833333334
LU13,LU13_38,50,LU13_2022,0.6281635416666667
LU13,LU13_20,50,LU13_2022,0.5773375000000001
LU13,LU13_17,50,LU13_2022,0.69160625
LU13,LU13_56,50,LU13_2022,0.6206583333333334
LU13,LU13_49,50,LU13_2022,0.6712666666666667
LU13,LU13_70,50,LU13_2022,0.7117187500000001
LU13,LU13_11,50,LU13_2022,0.72126875
LU15,LU15_44,50,LU15_2022,0.6915333333333333
LU15,LU15_11,50,LU15_2022,0.6644265625000001
LU15,LU15_19,50,LU15_2022,0.6810333333333334
LU15,LU15_7,50,LU15_2022,0.7303645833333333
LU15,LU15_34,50,LU15_2022,0.6756552083333334
LU15,LU15_37,50,LU15_2022,0.6534409722222222
LU15,LU15_18,50,LU15_2022,0.6881375000000001
LU15,LU15_43,50,LU15_2022,0.7185770833333334
LU15,LU15_10,50,LU15_2022,0.6853
LU15,LU15_58,50,LU15_2022,0.7160743055555555
LU15,LU15_8,50,LU15_2022,0.6790750000000001
LU15,LU15_12,50,LU15_2022,0.64394375
LU15,LU15_17,50,LU15_2022,0.6910604166666667
LU15,LU15_1,50,LU15_2022,0.6220187500000001
LU15,LU15_26,50,LU15_2022,0.6714458333333333
LU15,LU15_27,50,LU15_2022,0.6754833333333333
LU15,LU15_28,50,LU15_2022,0.6914375
LU15,LU15_2,50,LU15_2022,0.6562666666666667
LU15,LU15_29,50,LU15_2022,0.66495625
LU15,LU15_30,50,LU15_2022,0.6892770833333334
LU15,LU15_31,50,LU15_2022,0.69586875
LU15,LU15_32,50,LU15_2022,0.6863791666666668
LU15,LU15_20,50,LU15_2022,0.7364208333333333
LU15,LU15_21,50,LU15_2022,0.7695614583333334
LU15,LU15_23,50,LU15_2022,0.6960885416666667
LU15,LU15_41,50,LU15_2022,0.6896562500000001
LU15,LU15_25,50,LU15_2022,0.69926875
LU15,LU15_9,50,LU15_2022,0.6972270833333334
LU15,LU15_24,50,LU15_2022,0.7253171875
LU15,LU15_46,50,LU15_2022,0.7382364583333334
LU15,LU15_40,50,LU15_2022,0.7018104166666668
LU15,LU15_16,50,LU15_2022,0.71678125
LU15,LU15_4,50,LU15_2022,0.6169770833333333
LU15,LU15_36,50,LU15_2022,0.6500750000000001
LU15,LU15_3,50,LU15_2022,0.73284375
LU15,LU15_15,50,LU15_2022,0.6301625
LU15,LU15_14,50,LU15_2022,0.7505625
LU15,LU15_22,50,LU15_2022,0.6374041666666668
LU15,LU15_61,50,LU15_2022,0.6903645833333334
LU21,LU21_106,50,LU21_2022,0.7319906250000001
LU21,LU21_10,50,LU21_2022,0.6204875000000001
LU21,LU21_16,50,LU21_2022,0.6694052083333333
LU21,LU21_107,50,LU21_2022,0.6719812500000001
LU21,LU21_41,50,LU21_2022,0.6952145833333334
LU21,LU21_63,50,LU21_2022,0.637275
LU21,LU21_27,50,LU21_2022,0.66805625
LU21,LU21_23,50,LU21_2022,0.6726708333333333
LU21,LU21_21,50,LU21_2022,0.68934375
LU21,LU21_82,50,LU21_2022,0.6771166666666667
LU21,LU21_871,50,LU21_2022,0.76705
LU21,LU21_164,50,LU21_2022,0.5969979166666667
LU21,LU21_36,50,LU21_2022,0.6285208333333333
LU21,LU21_14,50,LU21_2022,0.6859916666666668
LU21,LU21_32,50,LU21_2022,0.6757416666666667
LU21,LU21_126,50,LU21_2022,0.6792354166666668
LU21,LU21_122,50,LU21_2022,0.6784291666666667
LU21,LU21_56,50,LU21_2022,0.7081052083333333
LU21,LU21_57,50,LU21_2022,0.6946281249999999
LU21,LU21_9,50,LU21_2022,0.6760937499999999
LU21,LU21_98,50,LU21_2022,0.7087052083333334
LU21,LU21_119,50,LU21_2022,0.7176854166666667
LU21,LU21_52,50,LU21_2022,0.7071937500000001
LU21,LU21_59,50,LU21_2022,0.6495958333333334
LU21,LU21_68,50,LU21_2022,0.7166927083333334
LU21,LU21_109,50,LU21_2022,0.7274791666666667
LU21,LU21_93,50,LU21_2022,0.713734375
LU21,LU21_114,50,LU21_2022,0.7329187500000001
LU21,LU21_105,50,LU21_2022,0.7154083333333333
LU21,LU21_100,50,LU21_2022,0.7248145833333334
LU21,LU21_74,50,LU21_2022,0.6852041666666667
LU21,LU21_78,50,LU21_2022,0.6752687500000001
LU21,LU21_153,50,LU21_2022,0.7044260416666668
LU21,LU21_6,50,LU21_2022,0.7487333333333334
LU21,LU21_116,50,LU21_2022,0.6803302083333334
LU21,LU21_97,50,LU21_2022,0.6746020833333333
LU1,LU1_13,50,LU1_2022,0.73251875
LU1,LU1_30,50,LU1_2022,0.6821770833333334
LU1,LU1_85,50,LU1_2022,0.7403583333333333
LU1,LU1_66,50,LU1_2022,0.6988947916666668
LU1,LU1_76,50,LU1_2022,0.6629666666666667
LU1,LU1_73,50,LU1_2022,0.6750645833333333
LU1,LU1_75,50,LU1_2022,0.70784375
LU1,LU1_47,50,LU1_2022,0.6077114583333334
LU1,LU1_74,50,LU1_2022,0.74514375
LU1,LU1_44,50,LU1_2022,0.5927479166666667
LU1,LU1_41,50,LU1_2022,0.7339291666666667
LU1,LU1_64,50,LU1_2022,0.6748000000000001
LU1,LU1_86,50,LU1_2022,0.6756645833333333
LU1,LU1_79,50,LU1_2022,0.63546875
LU1,LU1_63,50,LU1_2022,0.6561416666666667
LU1,LU1_72,50,LU1_2022,0.6821645833333333
LU1,LU1_67,50,LU1_2022,0.7238416666666667
LU1,LU1_77,50,LU1_2022,0.53125625
LU1,LU1_32,50,LU1_2022,0.6671
LU1,LU1_36,50,LU1_2022,0.711653125
LU1,LU1_84,50,LU1_2022,0.7167604166666667
LU1,LU1_25,50,LU1_2022,0.6283937500000001
LU1,LU1_83,50,LU1_2022,0.6708437500000001
LU1,LU1_80,50,LU1_2022,0.6432125000000001
LU1,LU1_70,50,LU1_2022,0.7012458333333333
LU1,LU1_48,50,LU1_2022,0.7054854166666666
LU1,LU1_45,50,LU1_2022,0.6863166666666667
LU1,LU1_11,50,LU1_2022,0.561675
LU1,LU1_40,50,LU1_2022,0.7274364583333335
LU1,LU1_6,50,LU1_2022,0.7604770833333333
LU1,LU1_10,50,LU1_2022,0.7489652777777778
LU1,LU1_43,50,LU1_2022,0.6281734375000001
LU1,LU1_71,50,LU1_2022,0.6424729166666667
LU1,LU1_22,50,LU1_2022,0.6289687500000001
LU1,LU1_60,50,LU1_2022,0.6486229166666667
LU1,LU1_78,50,LU1_2022,0.6481229166666668
LU1,LU1_46,50,LU1_2022,0.6328750000000001
LU1,LU1_82,50,LU1_2022,0.7002458333333333
LU1,LU1_27,50,LU1_2022,0.63238125
LU9,LU9_5,50,LU9_2023,0.6016229166666667
LU9,LU9_6,50,LU9_2023,0.75281875
LU9,LU9_7,50,LU9_2023,0.7234947916666667
LU9,LU9_8,50,LU9_2023,0.7651630208333333
LU9,LU9_100,50,LU9_2023,0.6259395833333333
LU9,LU9_102,50,LU9_2023,0.7967666666666667
LU9,LU9_106,50,LU9_2023,0.6704729166666668
LU9,LU9_112,50,LU9_2023,0.6736968750000001
LU9,LU9_113,50,LU9_2023,0.6412916666666667
LU9,LU9_12,50,LU9_2023,0.76055625
LU9,LU9_13,50,LU9_2023,0.6858395833333334
LU9,LU9_18,50,LU9_2023,0.7520104166666667
LU9,LU9_21,50,LU9_2023,0.6983270833333334
LU9,LU9_24,50,LU9_2023,0.7480041666666667
LU9,LU9_28,50,LU9_2023,0.7507572916666667
LU9,LU9_29,50,LU9_2023,0.745325
LU9,LU9_30,50,LU9_2023,0.6653979166666667
LU9,LU9_31,50,LU9_2023,0.7398520833333333
LU9,LU9_32,50,LU9_2023,0.7812250000000001
LU9,LU9_33,50,LU9_2023,0.757021875
LU9,LU9_39,50,LU9_2023,0.6968229166666667
LU9,LU9_41,50,LU9_2023,0.76848125
LU9,LU9_44,50,LU9_2023,0.6952208333333333
LU9,LU9_51,50,LU9_2023,0.7003083333333333
LU9,LU9_55,50,LU9_2023,0.7049854166666667
LU9,LU9_57,50,LU9_2023,0.6890375000000001
LU9,LU9_62,50,LU9_2023,0.7345208333333333
LU9,LU9_63,50,LU9_2023,0.6955041666666667
LU9,LU9_64,50,LU9_2023,0.7214958333333333
LU9,LU9_65,50,LU9_2023,0.7277291666666668
LU9,LU9_67,50,LU9_2023,0.6797125
LU9,LU9_68,50,LU9_2023,0.7076770833333333
LU9,LU9_72,50,LU9_2023,0.7430901041666667
LU9,LU9_73,50,LU9_2023,0.7040864583333334
LU9,LU9_75,50,LU9_2023,0.6923083333333333
LU9,LU9_76,50,LU9_2023,0.7190000000000001
LU9,LU9_77,50,LU9_2023,0.6951708333333333
LU9,LU9_79,50,LU9_2023,0.7257833333333333
LU9,LU9_80,50,LU9_2023,0.72126875
LU9,LU9_81,50,LU9_2023,0.6908416666666667
LU9,LU9_82,50,LU9_2023,0.6953572916666666
LU9,LU9_85,50,LU9_2023,0.7004625
LU9,LU9_86,50,LU9_2023,0.6978052083333335
LU9,LU9_87,50,LU9_2023,0.7049145833333333
LU9,LU9_90,50,LU9_2023,0.6916270833333333
LU9,LU9_93,50,LU9_2023,0.7924416666666667
LU9,LU9_94,50,LU9_2023,0.792875
LU9,LU9_96,50,LU9_2023,0.6711729166666667
LU9,LU9_98,50,LU9_2023,0.676425
LU9,LU9_27,50,LU9_2023,0.7150135416666668
LU14,LU14_3,50,LU14_2023,0.7407
LU14,LU14_7,50,LU14_2023,0.7634489583333334
LU14,LU14_8,50,LU14_2023,0.7006458333333333
LU14,LU14_9,50,LU14_2023,0.7045739583333335
LU14,LU14_100,50,LU14_2023,0.69673125
LU14,LU14_102,50,LU14_2023,0.7245916666666667
LU14,LU14_105,50,LU14_2023,0.7585895833333334
LU14,LU14_110,50,LU14_2023,0.6775375
LU14,LU14_114,50,LU14_2023,0.7140802083333333
LU14,LU14_115,50,LU14_2023,0.7007770833333333
LU14,LU14_120,50,LU14_2023,0.6914104166666667
LU14,LU14_121,50,LU14_2023,0.7063708333333334
LU14,LU14_131,50,LU14_2023,0.7129333333333333
LU14,LU14_135,50,LU14_2023,0.6450083333333333
LU14,LU14_16,50,LU14_2023,0.7428614583333334
LU14,LU14_17,50,LU14_2023,0.7345479166666667
LU14,LU14_19,50,LU14_2023,0.6719760416666667
LU14,LU14_20,50,LU14_2023,0.6901260416666667
LU14,LU14_250,50,LU14_2023,0.7207510416666667
LU14,LU14_30,50,LU14_2023,0.687596875
LU14,LU14_31,50,LU14_2023,0.7098135416666667
LU14,LU14_33,50,LU14_2023,0.7213416666666668
LU14,LU14_37,50,LU14_2023,0.7273020833333333
LU14,LU14_47,50,LU14_2023,0.7505937500000001
LU14,LU14_48,50,LU14_2023,0.7276541666666667
LU14,LU14_49,50,LU14_2023,0.727075
LU14,LU14_51,50,LU14_2023,0.73408125
LU14,LU14_54,50,LU14_2023,0.6912416666666668
LU14,LU14_56,50,LU14_2023,0.7274729166666667
LU14,LU14_57,50,LU14_2023,0.7157010416666667
LU14,LU14_61,50,LU14_2023,0.6675229166666667
LU14,LU14_62,50,LU14_2023,0.6825020833333333
LU14,LU14_63,50,LU14_2023,0.7282000000000001
LU14,LU14_66,50,LU14_2023,0.6767791666666667
LU14,LU14_70,50,LU14_2023,0.7156958333333333
LU14,LU14_71,50,LU14_2023,0.735075
LU14,LU14_72,50,LU14_2023,0.7127020833333333
LU14,LU14_74,50,LU14_2023,0.732225
LU14,LU14_76,50,LU14_2023,0.6793291666666668
LU14,LU14_78,50,LU14_2023,0.7602479166666667
LU14,LU14_80,50,LU14_2023,0.7009895833333334
LU14,LU14_84,50,LU14_2023,0.694590625
LU14,LU14_85,50,LU14_2023,0.6785541666666667
LU14,LU14_86,50,LU14_2023,0.7454020833333334
LU14,LU14_88,50,LU14_2023,0.72543125
LU14,LU14_91,50,LU14_2023,0.6918083333333334
LU14,LU14_92,50,LU14_2023,0.7023739583333333
LU14,LU14_96,50,LU14_2023,0.7379187500000001
LU14,LU14_97,50,LU14_2023,0.7093281250000001
LU14,LU14_75,50,LU14_2023,0.7253395833333334
LU16,LU16_2,50,LU16_2023,0.7104572916666667
LU16,LU16_3,50,LU16_2023,0.68338020833333335
LU16,LU16_15,50,LU16_2023,0.6934458333333333
LU16,LU16_20,50,LU16_2023,0.6964
LU16,LU16_200,50,LU16_2023,0.723409375
LU16,LU16_201,50,LU16_2023,0.6487520833333333
LU16,LU16_202,50,LU16_2023,0.7325541666666666
LU16,LU16_203,50,LU16_2023,0.7733541666666668
LU16,LU16_22,50,LU16_2023,0.6921
LU16,LU16_23,50,LU16_2023,0.7003375000000001
LU16,LU16_24,50,LU16_2023,0.5559659722222223
LU16,LU16_25,50,LU16_2023,0.7193833333333334
LU16,LU16_26,50,LU16_2023,0.6546666666666666
LU16,LU16_270,50,LU16_2023,0.6847708333333333
LU16,LU16_28,50,LU16_2023,0.7418854166666666
LU16,LU16_300,50,LU16_2023,0.6608666666666667
LU16,LU16_301,50,LU16_2023,0.34215625000000005
LU16,LU16_302,50,LU16_2023,0.6562770833333333
LU16,LU16_303,50,LU16_2023,0.6705072916666667
LU16,LU16_313,50,LU16_2023,0.6710541666666667
LU16,LU16_314,50,LU16_2023,0.674190625
LU16,LU16_36,50,LU16_2023,0.6749395833333334
LU16,LU16_37,50,LU16_2023,0.7424958333333334
LU16,LU16_49,50,LU16_2023,0.6107458333333333
LU16,LU16_52,50,LU16_2023,0.5846395833333333
LU16,LU16_54,50,LU16_2023,0.5936604166666667
LU16,LU16_55,50,LU16_2023,0.58611875
LU16,LU16_57,50,LU16_2023,0.5626854166666667
LU16,LU16_58,50,LU16_2023,0.5740645833333333
LU16,LU16_60,50,LU16_2023,0.6231635416666668
LU16,LU16_62,50,LU16_2023,0.5714125
LU16,LU16_63,50,LU16_2023,0.612825
LU16,LU16_64,50,LU16_2023,0.6429916666666667
LU16,LU16_67,50,LU16_2023,0.5786354166666667
LU16,LU16_68,50,LU16_2023,0.5012208333333333
LU16,LU16_69,50,LU16_2023,0.6353333333333333
LU16,LU16_70,50,LU16_2023,0.5748427083333334
LU16,LU16_71,50,LU16_2023,0.5387020833333334
LU16,LU16_72,50,LU16_2023,0.644715625
LU16,LU16_73,50,LU16_2023,0.5615187500000001
LU16,LU16_74,50,LU16_2023,0.6300656250000001
LU16,LU16_75,50,LU16_2023,0.4454041666666667
LU16,LU16_77,50,LU16_2023,0.5421708333333334
LU16,LU16_80,50,LU16_2023,0.5719333333333333
LU16,LU16_81,50,LU16_2023,0.5053135416666668
LU16,LU16_83,50,LU16_2023,0.6000833333333334
LU16,LU16_84,50,LU16_2023,0.6257343750000001
LU16,LU16_85,50,LU16_2023,0.57665625
LU16,LU16_88,50,LU16_2023,0.5607072916666667
LU22,LU22_110,50,LU22_2023,0.7480145833333334
LU22,LU22_48,50,LU22_2023,0.7612916666666667
LU22,LU22_107,50,LU22_2023,0.77361875
LU22,LU22_49,50,LU22_2023,0.7668729166666667
LU22,LU22_103,50,LU22_2023,0.7241270833333333
LU22,LU22_44,50,LU22_2023,0.7563447916666668
LU22,LU22_21,50,LU22_2023,0.7952375
LU22,LU22_15,50,LU22_2023,0.7739057291666667
LU22,LU22_50,50,LU22_2023,0.7570302083333333
LU22,LU22_38,50,LU22_2023,0.7626385416666667
LU22,LU22_22,50,LU22_2023,0.75785
LU22,LU22_85,50,LU22_2023,0.7062447916666668
LU22,LU22_33,50,LU22_2023,0.7412708333333333
LU22,LU22_34,50,LU22_2023,0.7035083333333333
LU22,LU22_11,50,LU22_2023,0.7124854166666668
LU22,LU22_29,50,LU22_2023,0.7991354166666667
LU22,LU22_86,50,LU22_2023,0.74690625
LU22,LU22_80,50,LU22_2023,0.7296416666666667
LU22,LU22_17,50,LU22_2023,0.7817833333333334
LU22,LU22_35,50,LU22_2023,0.7676625
LU22,LU22_63,50,LU22_2023,0.6726208333333333
LU22,LU22_30,50,LU22_2023,0.79710625
LU22,LU22_4,50,LU22_2023,0.7515833333333334
LU22,LU22_36,50,LU22_2023,0.741025
LU22,LU22_76,50,LU22_2023,0.6968125000000001
LU22,LU22_5,50,LU22_2023,0.7514520833333334
LU22,LU22_87,50,LU22_2023,0.7273833333333333
LU22,LU22_25,50,LU22_2023,0.7805208333333333
LU22,LU22_89,50,LU22_2023,0.6818833333333333
LU22,LU22_18,50,LU22_2023,0.7753229166666668
LU22,LU22_32,50,LU22_2023,0.74975
LU22,LU22_8,50,LU22_2023,0.7580760416666668
LU22,LU22_6,50,LU22_2023,0.7461270833333333
LU22,LU22_81,50,LU22_2023,0.7112541666666667
LU22,LU22_7,50,LU22_2023,0.7696479166666668
LU22,LU22_69,50,LU22_2023,0.7609916666666667
LU22,LU22_70,50,LU22_2023,0.7255458333333333
LU22,LU22_82,50,LU22_2023,0.7472645833333333
LU22,LU22_94,50,LU22_2023,0.7184677083333334
LU22,LU22_101,50,LU22_2023,0.7629666666666667
LU22,LU22_71,50,LU22_2023,0.74903125
LU22,LU22_77,50,LU22_2023,0.76679375
LU22,LU22_72,50,LU22_2023,0.757684375
LU22,LU22_65,50,LU22_2023,0.7609739583333335
LU22,LU22_60,50,LU22_2023,0.7117958333333334
LU22,LU22_61,50,LU22_2023,0.762625
LU22,LU22_53,50,LU22_2023,0.7846968750000001
LU22,LU22_46,50,LU22_2023,0.765275
LU22,LU22_40,50,LU22_2023,0.684596875
LU22,LU22_47,50,LU22_2023,0.7794041666666667
LU4,LU4_N15_24,50,LU4_2024,0.6933708333333334
LU4,LU4_M14_24,50,LU4_2024,0.7037375
LU4,LU4_J14_24,50,LU4_2024,0.6871114583333333
LU4,LU4_J15_24,50,LU4_2024,0.6724854166666667
LU4,LU4_I12_24,50,LU4_2024,0.6764354166666667
LU4,LU4_I13_24,50,LU4_2024,0.64994375
LU4,LU4_Q10_24,50,LU4_2024,0.7122979166666668
LU4,LU4_O10_24,50,LU4_2024,0.71498125
LU4,LU4_R7_24,50,LU4_2024,0.73775
LU4,LU4_R9_24,50,LU4_2024,0.7110666666666667
LU4,LU4_T8_24,50,LU4_2024,0.758425
LU4,LU4_O16_24,50,LU4_2024,0.6848083333333334
LU4,LU4_J26_24,50,LU4_2024,0.672025
LU4,LU4_K25_24,50,LU4_2024,0.6782953125
LU4,LU4_L23_24,50,LU4_2024,0.69093125
LU4,LU4_H26_24,50,LU4_2024,0.6666125
LU4,LU4_K23_24,50,LU4_2024,0.6866447916666667
LU4,LU4_J21_24,50,LU4_2024,0.7220020833333334
LU4,LU4_I21_24,50,LU4_2024,0.7174854166666668
LU4,LU4_N30_24,50,LU4_2024,0.6855979166666667
LU4,LU4_O23_24,50,LU4_2024,0.6772958333333333
LU4,LU4_O22_24,50,LU4_2024,0.7020979166666668
LU4,LU4_L18_24,50,LU4_2024,0.6749791666666667
LU4,LU4_L17_24,50,LU4_2024,0.6674562500000001
LU4,LU4_K17_24,50,LU4_2024,0.6780656250000001
LU4,LU4_K19_24,50,LU4_2024,0.7359687500000001
LU4,LU4_I22_24,50,LU4_2024,0.6946270833333333
LU4,LU4_Q20_24,50,LU4_2024,0.6917479166666667
LU4,LU4_V25_24,50,LU4_2024,0.6810708333333334
LU4,LU4_P22_24,50,LU4_2024,0.7132375000000001
LU4,LU4_O21_24,50,LU4_2024,0.7517114583333333
LU4,LU4_P17_24,50,LU4_2024,0.6828541666666668
LU4,LU4_Q16_24,50,LU4_2024,0.6614
LU4,LU4_V19_24,50,LU4_2024,0.7196875
LU4,LU4_O17_24,50,LU4_2024,0.6641125
LU4,LU4_W19_24,50,LU4_2024,0.7083020833333333
LU4,LU4_Y25_24,50,LU4_2024,0.698790625
LU4,LU4_S17_24,50,LU4_2024,0.7064750000000001
LU4,LU4_S18_24,50,LU4_2024,0.6863854166666667
LU4,LU4_R14_24,50,LU4_2024,0.69273125
LU4,LU4_V17_24,50,LU4_2024,0.6375333333333333
LU4,LU4_U15_24,50,LU4_2024,0.7174416666666668
LU4,LU4_M12_24,50,LU4_2024,0.7091125
LU4,LU4_O13_24,50,LU4_2024,0.7369562500000001
LU4,LU4_P15_24,50,LU4_2024,0.6766958333333334
LU4,LU4_E15_24,50,LU4_2024,0.6844833333333333
LU4,LU4_G17_24,50,LU4_2024,0.7415895833333334
LU4,LU4_G13_24,50,LU4_2024,0.6631958333333333
LU4,LU4_G12_24,50,LU4_2024,0.6824979166666667
LU4,LU4_F14_24,50,LU4_2024,0.6851947916666667
LU3,LU3_102_24,50,LU3_2024,0.7148770833333333
LU3,LU3_5_24,50,LU3_2024,0.6791979166666667
LU3,LU3_103_24,50,LU3_2024,0.7273572916666667
LU3,LU3_131_24,50,LU3_2024,0.7321479166666668
LU3,LU3_39_24,50,LU3_2024,0.5772541666666667
LU3,LU3_18_24,50,LU3_2024,0.68591875
LU3,LU3_20_24,50,LU3_2024,0.63771875
LU3,LU3_19_24,50,LU3_2024,0.6033000000000001
LU3,LU3_111_24,50,LU3_2024,0.7049239583333333
LU3,LU3_AB21_24,50,LU3_2024,0.6925895833333333
LU3,LU3_27_24,50,LU3_2024,0.672425
LU3,LU3_36_24,50,LU3_2024,0.6991406250000001
LU3,LU3_40_24,50,LU3_2024,0.6239635416666667
LU3,LU3_41_24,50,LU3_2024,0.6930255208333334
LU3,LU3_52_24,50,LU3_2024,0.6287041666666667
LU3,LU3_15_24,50,LU3_2024,0.7247625000000001
LU3,LU3_44_24,50,LU3_2024,0.65695625
LU3,LU3_17_24,50,LU3_2024,0.6954958333333333
LU3,LU3_147_24,50,LU3_2024,0.6720611111111111
LU3,LU3_51_24,50,LU3_2024,0.6496000000000001
LU3,LU3_AH7_24,50,LU3_2024,0.7358916666666667
LU3,LU3_126_24,50,LU3_2024,0.713825
LU3,LU3_129_24,50,LU3_2024,0.5939875
LU3,LU3_28_24,50,LU3_2024,0.6967239583333333
LU3,LU3_AH14_24,50,LU3_2024,0.7113833333333334
LU3,LU3_38_24,50,LU3_2024,0.7047604166666668
LU3,LU3_13_24,50,LU3_2024,0.6903020833333333
LU3,LU3_25_24,50,LU3_2024,0.62613125
LU3,LU3_21_24,50,LU3_2024,0.7401208333333333
LU3,LU3_AC10_24,50,LU3_2024,0.745525
LU3,LU3_46_24,50,LU3_2024,0.7344625
LU3,LU3_10_24,50,LU3_2024,0.7043145833333333
LU3,LU3_AE12_24,50,LU3_2024,0.7230520833333334
LU3,LU3_7_24,50,LU3_2024,0.67805
LU3,LU3_14_24,50,LU3_2024,0.6736166666666668
LU3,LU3_137_24,50,LU3_2024,0.638409375
LU3,LU3_M20_24,50,LU3_2024,0.7152729166666667
LU3,LU3_L22_24,50,LU3_2024,0.6657104166666667
LU3,LU3_J23_24,50,LU3_2024,0.7199270833333333
LU3,LU3_U6_24,50,LU3_2024,0.7224145833333333
LU3,LU3_L16_24,50,LU3_2024,0.6909406250000001
LU3,LU3_N18_24,50,LU3_2024,0.7122343750000001
LU3,LU3_L15_24,50,LU3_2024,0.64636875
LU3,LU3_32_24,50,LU3_2024,0.6976479166666667
LU3,LU3_W7_24,50,LU3_2024,0.7199395833333333
LU3,LU3_45_24,50,LU3_2024,0.7345583333333333
LU3,LU3_50_24,50,LU3_2024,0.6419020833333333
LU3,LU3_49_24,50,LU3_2024,0.6950229166666667
LU3,LU3_Y8_24,50,LU3_2024,0.6924744791666668
LU3,LU3_48_24,50,LU3_2024,0.6761479166666667
LU2,LU2_21_24,50,LU2_2024,0.7272104166666666
LU2,LU2_34_24,50,LU2_2024,0.7777333333333334
LU2,LU2_O25_24,50,LU2_2024,0.7784604166666668
LU2,LU2_W21_24,50,LU2_2024,0.7736375
LU2,LU2_36_24,50,LU2_2024,0.7820166666666667
LU2,LU2_15_24,50,LU2_2024,0.7677114583333333
LU2,LU2_13_24,50,LU2_2024,0.7528250000000001
LU2,LU2_5_24,50,LU2_2024,0.7789229166666667
LU2,LU2_101_24,50,LU2_2024,0.7794083333333334
LU2,LU2_32_24,50,LU2_2024,0.7605270833333333
LU2,LU2_Q24_24,50,LU2_2024,0.7687
LU2,LU2_56_24,50,LU2_2024,0.7857895833333334
LU2,LU2_I15_24,50,LU2_2024,0.768959375
LU2,LU2_L20_24,50,LU2_2024,0.7537395833333334
LU2,LU2_L46_24,50,LU2_2024,0.7596145833333333
LU2,LU2_110_24,50,LU2_2024,0.7737770833333334
LU2,LU2_39_24,50,LU2_2024,0.7824062500000001
LU2,LU2_17_24,50,LU2_2024,0.7317
LU2,LU2_155_24,50,LU2_2024,0.7592958333333334
LU2,LU2_50_24,50,LU2_2024,0.782709375
LU2,LU2_O16_24,50,LU2_2024,0.7754833333333333
LU2,LU2_U13_24,50,LU2_2024,0.7801572916666666
LU2,LU2_44_24,50,LU2_2024,0.7550270833333332
LU2,LU2_143_24,50,LU2_2024,0.7702197916666667
LU2,LU2_18_24,50,LU2_2024,0.77044375
LU2,LU2_52_24,50,LU2_2024,0.7564239583333334
LU2,LU2_123_24,50,LU2_2024,0.77351875
LU2,LU2_H16_24,50,LU2_2024,0.7643645833333333
LU2,LU2_27_24,50,LU2_2024,0.7397677083333334
LU2,LU2_31_24,50,LU2_2024,0.7712125000000001
LU2,LU2_3_24,50,LU2_2024,0.7650729166666668
LU2,LU2_J27_24,50,LU2_2024,0.7787458333333334
LU2,LU2_E27_24,50,LU2_2024,0.7697298611111112
LU2,LU2_G25_24,50,LU2_2024,0.7504739583333334
LU2,LU2_G26_24,50,LU2_2024,0.7556958333333332
LU2,LU2_106_24,50,LU2_2024,0.7063125
LU2,LU2_20_24,50,LU2_2024,0.7719729166666668
LU2,LU2_25_24,50,LU2_2024,0.7741229166666668
LU2,LU2_40_24,50,LU2_2024,0.74210625
LU2,LU2_38_24,50,LU2_2024,0.7447489583333333
LU2,LU2_137_24,50,LU2_2024,0.7557354166666668
LU2,LU2_47_24,50,LU2_2024,0.7698034722222222
LU2,LU2_26_24,50,LU2_2024,0.7570953125
LU2,LU2_H26_24,50,LU2_2024,0.7782260416666668
LU2,LU2_29_24,50,LU2_2024,0.7327864583333333
LU2,LU2_K26_24,50,LU2_2024,0.7594166666666667
LU2,LU2_100_24,50,LU2_2024,0.7067395833333333
LU2,LU2_30_24,50,LU2_2024,0.74021875
LU2,LU2_33_24,50,LU2_2024,0.7793083333333334
LU2,LU2_M25_24,50,LU2_2024,0.7547270833333334
LU8,LU8_N19_24,50,LU8_2024,0.7733
LU8,LU8_M19_24,50,LU8_2024,0.7595270833333333
LU8,LU8_N20_24,50,LU8_2024,0.7289541666666668
LU8,LU8_O20_24,50,LU8_2024,0.71496875
LU8,LU8_N18_24,50,LU8_2024,0.7605885416666667
LU8,LU8_S25_24,50,LU8_2024,0.7238833333333333
LU8,LU8_AC29_24,50,LU8_2024,0.66115625
LU8,LU8_AC28_24,50,LU8_2024,0.6615020833333334
LU8,LU8_AB29_24,50,LU8_2024,0.6451677083333334
LU8,LU8_AC30_24,50,LU8_2024,0.6772041666666667
LU8,LU8_T25_24,50,LU8_2024,0.7077052083333334
LU8,LU8_S24_24,50,LU8_2024,0.6474041666666667
LU8,LU8_AE29_24,50,LU8_2024,0.7148541666666667
LU8,LU8_AD29_24,50,LU8_2024,0.6744145833333334
LU8,LU8_AD28_24,50,LU8_2024,0.6867489583333334
LU8,LU8_AD27_24,50,LU8_2024,0.70086875
LU8,LU8_AC24_24,50,LU8_2024,0.6615104166666668
LU8,LU8_AC25_24,50,LU8_2024,0.6224500000000001
LU8,LU8_AC31_24,50,LU8_2024,0.6639645833333333
LU8,LU8_AB31_24,50,LU8_2024,0.6906645833333334
LU2,LU2_3,100,LU2_2021,0.762225
LU2,LU2_5,100,LU2_2021,0.7777111111111111
LU2,LU2_100,100,LU2_2021,0.7075736111111112
LU2,LU2_101,100,LU2_2021,0.7796833333333334
LU2,LU2_106,100,LU2_2021,0.7063125
LU2,LU2_110,100,LU2_2021,0.7621218750000001
LU2,LU2_119,100,LU2_2021,0.772821875
LU2,LU2_123,100,LU2_2021,0.77351875
LU2,LU2_13,100,LU2_2021,0.7528250000000001
LU2,LU2_137,100,LU2_2021,0.7557354166666668
LU2,LU2_143,100,LU2_2021,0.7702197916666667
LU2,LU2_15,100,LU2_2021,0.7677114583333333
LU2,LU2_153,100,LU2_2021,0.7712083333333333
LU2,LU2_155,100,LU2_2021,0.7592958333333334
LU2,LU2_17,100,LU2_2021,0.7317
LU2,LU2_18,100,LU2_2021,0.77044375
LU2,LU2_20,100,LU2_2021,0.7719729166666668
LU2,LU2_21,100,LU2_2021,0.7272104166666666
LU2,LU2_24,100,LU2_2021,0.735365625
LU2,LU2_25,100,LU2_2021,0.7741229166666668
LU2,LU2_26,100,LU2_2021,0.7570953125
LU2,LU2_27,100,LU2_2021,0.7397677083333334
LU2,LU2_29,100,LU2_2021,0.7327864583333333
LU2,LU2_30,100,LU2_2021,0.74021875
LU2,LU2_31,100,LU2_2021,0.7712125000000001
LU2,LU2_32,100,LU2_2021,0.7605270833333333
LU2,LU2_33,100,LU2_2021,0.7793083333333334
LU2,LU2_34,100,LU2_2021,0.7777333333333334
LU2,LU2_36,100,LU2_2021,0.7820166666666667
LU2,LU2_38,100,LU2_2021,0.7447489583333333
LU2,LU2_39,100,LU2_2021,0.7714854166666667
LU2,LU2_40,100,LU2_2021,0.7537041666666666
LU2,LU2_42,100,LU2_2021,0.7896302083333333
LU2,LU2_44,100,LU2_2021,0.7548755208333333
LU2,LU2_46,100,LU2_2021,0.7367458333333333
LU2,LU2_47,100,LU2_2021,0.7661505208333333
LU2,LU2_50,100,LU2_2021,0.782709375
LU2,LU2_51,100,LU2_2021,0.7649541666666667
LU2,LU2_52,100,LU2_2021,0.7564239583333334
LU2,LU2_54,100,LU2_2021,0.7729197916666667
LU2,LU2_56,100,LU2_2021,0.7796000000000001
LU2,LU2_57,100,LU2_2021,0.7552791666666667
LU3,LU3_5,100,LU3_2021,0.6791979166666667
LU3,LU3_7,100,LU3_2021,0.67805
LU3,LU3_10,100,LU3_2021,0.7043145833333333
LU3,LU3_102,100,LU3_2021,0.7148770833333333
LU3,LU3_103,100,LU3_2021,0.7273572916666667
LU3,LU3_106,100,LU3_2021,0.6349833333333333
LU3,LU3_111,100,LU3_2021,0.7049239583333333
LU3,LU3_126,100,LU3_2021,0.7289291666666666
LU3,LU3_129,100,LU3_2021,0.6326020833333333
LU3,LU3_13,100,LU3_2021,0.6903020833333333
LU3,LU3_131,100,LU3_2021,0.7277569444444446
LU3,LU3_137,100,LU3_2021,0.6520776041666667
LU3,LU3_14,100,LU3_2021,0.6736166666666668
LU3,LU3_147,100,LU3_2021,0.6721578125
LU3,LU3_15,100,LU3_2021,0.7247625000000001
LU3,LU3_17,100,LU3_2021,0.6809479166666667
LU3,LU3_18,100,LU3_2021,0.6850083333333334
LU3,LU3_19,100,LU3_2021,0.6442177083333334
LU3,LU3_20,100,LU3_2021,0.6414885416666667
LU3,LU3_21,100,LU3_2021,0.7401208333333333
LU3,LU3_25,100,LU3_2021,0.62613125
LU3,LU3_27,100,LU3_2021,0.6677677083333333
LU3,LU3_28,100,LU3_2021,0.6967239583333333
LU3,LU3_32,100,LU3_2021,0.6976479166666667
LU3,LU3_36,100,LU3_2021,0.7010984375000001
LU3,LU3_38,100,LU3_2021,0.7047604166666668
LU3,LU3_39,100,LU3_2021,0.5478901041666666
LU3,LU3_40,100,LU3_2021,0.6239635416666667
LU3,LU3_41,100,LU3_2021,0.6930255208333334
LU3,LU3_44,100,LU3_2021,0.6723270833333334
LU3,LU3_45,100,LU3_2021,0.7156895833333333
LU3,LU3_46,100,LU3_2021,0.7344625
LU3,LU3_48,100,LU3_2021,0.6761479166666667
LU3,LU3_50,100,LU3_2021,0.6419020833333333
LU3,LU3_51,100,LU3_2021,0.6496000000000001
LU3,LU3_52,100,LU3_2021,0.6287041666666667
LU3,LU3_49,100,LU3_2021,0.670421875
LU13,LU13_18,100,LU13_2022,0.6139458333333333
LU13,LU13_15,100,LU13_2022,0.6459625
LU13,LU13_3,100,LU13_2022,0.6795166666666667
LU13,LU13_34,100,LU13_2022,0.5533881944444444
LU13,LU13_57,100,LU13_2022,0.6725229166666667
LU13,LU13_16,100,LU13_2022,0.6848302083333333
LU13,LU13_21,100,LU13_2022,0.46166041666666674
LU13,LU13_37,100,LU13_2022,0.62871875
LU13,LU13_55,100,LU13_2022,0.6439833333333334
LU13,LU13_47,100,LU13_2022,0.6877072916666667
LU13,LU13_51,100,LU13_2022,0.70025
LU13,LU13_27,100,LU13_2022,0.69418125
LU13,LU13_5,100,LU13_2022,0.7140729166666667
LU13,LU13_26,100,LU13_2022,0.7024333333333334
LU13,LU13_35,100,LU13_2022,0.6391756944444444
LU13,LU13_13,100,LU13_2022,0.7193270833333333
LU13,LU13_128,100,LU13_2022,0.6942354166666668
LU13,LU13_131,100,LU13_2022,0.7032739583333334
LU13,LU13_12,100,LU13_2022,0.6747416666666667
LU13,LU13_33,100,LU13_2022,0.678996875
LU13,LU13_32,100,LU13_2022,0.6733958333333333
LU13,LU13_30,100,LU13_2022,0.6622291666666666
LU13,LU13_53,100,LU13_2022,0.65838125
LU13,LU13_22,100,LU13_2022,0.7217416666666667
LU13,LU13_19,100,LU13_2022,0.7078916666666667
LU13,LU13_45,100,LU13_2022,0.69885
LU13,LU13_8,100,LU13_2022,0.6849791666666667
LU13,LU13_43,100,LU13_2022,0.6756447916666667
LU13,LU13_41,100,LU13_2022,0.6856645833333334
LU13,LU13_59,100,LU13_2022,0.69186875
LU13,LU13_6,100,LU13_2022,0.7192458333333334
LU13,LU13_14,100,LU13_2022,0.6833034722222223
LU13,LU13_52,100,LU13_2022,0.628225
LU13,LU13_36,100,LU13_2022,0.6637895833333334
LU13,LU13_38,100,LU13_2022,0.6281635416666667
LU13,LU13_20,100,LU13_2022,0.5773375000000001
LU13,LU13_17,100,LU13_2022,0.7099708333333333
LU13,LU13_56,100,LU13_2022,0.6206583333333334
LU13,LU13_49,100,LU13_2022,0.6712666666666667
LU13,LU13_70,100,LU13_2022,0.7117187500000001
LU13,LU13_11,100,LU13_2022,0.706546875
LU15,LU15_44,100,LU15_2022,0.6909427083333333
LU15,LU15_11,100,LU15_2022,0.6644265625000001
LU15,LU15_19,100,LU15_2022,0.6743166666666668
LU15,LU15_7,100,LU15_2022,0.7303645833333333
LU15,LU15_34,100,LU15_2022,0.6756552083333334
LU15,LU15_37,100,LU15_2022,0.6625749999999999
LU15,LU15_18,100,LU15_2022,0.6802864583333335
LU15,LU15_43,100,LU15_2022,0.7185770833333334
LU15,LU15_10,100,LU15_2022,0.6950375000000001
LU15,LU15_58,100,LU15_2022,0.7156838541666667
LU15,LU15_8,100,LU15_2022,0.6790750000000001
LU15,LU15_12,100,LU15_2022,0.64394375
LU15,LU15_17,100,LU15_2022,0.6910604166666667
LU15,LU15_1,100,LU15_2022,0.6220187500000001
LU15,LU15_26,100,LU15_2022,0.6714458333333333
LU15,LU15_27,100,LU15_2022,0.6754833333333333
LU15,LU15_28,100,LU15_2022,0.6777541666666667
LU15,LU15_2,100,LU15_2022,0.6562666666666667
LU15,LU15_29,100,LU15_2022,0.66495625
LU15,LU15_30,100,LU15_2022,0.6892770833333334
LU15,LU15_31,100,LU15_2022,0.69586875
LU15,LU15_32,100,LU15_2022,0.6863791666666668
LU15,LU15_20,100,LU15_2022,0.7364208333333333
LU15,LU15_21,100,LU15_2022,0.750809375
LU15,LU15_23,100,LU15_2022,0.7081661458333334
LU15,LU15_41,100,LU15_2022,0.6896562500000001
LU15,LU15_25,100,LU15_2022,0.7044902777777778
LU15,LU15_9,100,LU15_2022,0.7115156250000001
LU15,LU15_24,100,LU15_2022,0.7253171875
LU15,LU15_46,100,LU15_2022,0.7382364583333334
LU15,LU15_40,100,LU15_2022,0.7073614583333334
LU15,LU15_16,100,LU15_2022,0.71678125
LU15,LU15_4,100,LU15_2022,0.6398322916666667
LU15,LU15_36,100,LU15_2022,0.6500750000000001
LU15,LU15_3,100,LU15_2022,0.73284375
LU15,LU15_15,100,LU15_2022,0.6301625
LU15,LU15_14,100,LU15_2022,0.7505625
LU15,LU15_22,100,LU15_2022,0.6374041666666668
LU15,LU15_61,100,LU15_2022,0.6903645833333334
LU21,LU21_106,100,LU21_2022,0.7319906250000001
LU21,LU21_10,100,LU21_2022,0.6204875000000001
LU21,LU21_16,100,LU21_2022,0.6694052083333333
LU21,LU21_107,100,LU21_2022,0.6818145833333333
LU21,LU21_41,100,LU21_2022,0.6952145833333334
LU21,LU21_63,100,LU21_2022,0.637275
LU21,LU21_27,100,LU21_2022,0.6594239583333334
LU21,LU21_23,100,LU21_2022,0.6737302083333334
LU21,LU21_21,100,LU21_2022,0.689834375
LU21,LU21_82,100,LU21_2022,0.6771166666666667
LU21,LU21_871,100,LU21_2022,0.76705
LU21,LU21_164,100,LU21_2022,0.5969979166666667
LU21,LU21_36,100,LU21_2022,0.6246265625
LU21,LU21_14,100,LU21_2022,0.6859916666666668
LU21,LU21_32,100,LU21_2022,0.6757416666666667
LU21,LU21_126,100,LU21_2022,0.6792354166666668
LU21,LU21_122,100,LU21_2022,0.6784291666666667
LU21,LU21_56,100,LU21_2022,0.7071260416666667
LU21,LU21_57,100,LU21_2022,0.6946281249999999
LU21,LU21_9,100,LU21_2022,0.6760937499999999
LU21,LU21_98,100,LU21_2022,0.7000854166666668
LU21,LU21_119,100,LU21_2022,0.7176854166666667
LU21,LU21_52,100,LU21_2022,0.705128125
LU21,LU21_59,100,LU21_2022,0.6495958333333334
LU21,LU21_68,100,LU21_2022,0.7166927083333334
LU21,LU21_109,100,LU21_2022,0.7204833333333335
LU21,LU21_93,100,LU21_2022,0.7315973958333334
LU21,LU21_114,100,LU21_2022,0.7329187500000001
LU21,LU21_105,100,LU21_2022,0.7154083333333333
LU21,LU21_100,100,LU21_2022,0.7248145833333334
LU21,LU21_74,100,LU21_2022,0.69573125
LU21,LU21_78,100,LU21_2022,0.6752687500000001
LU21,LU21_153,100,LU21_2022,0.7044260416666668
LU21,LU21_6,100,LU21_2022,0.7487333333333334
LU21,LU21_116,100,LU21_2022,0.6980708333333333
LU21,LU21_97,100,LU21_2022,0.6758036458333333
LU1,LU1_13,100,LU1_2022,0.73251875
LU1,LU1_30,100,LU1_2022,0.6821770833333334
LU1,LU1_85,100,LU1_2022,0.7130812500000001
LU1,LU1_66,100,LU1_2022,0.6988947916666668
LU1,LU1_76,100,LU1_2022,0.6629666666666667
LU1,LU1_73,100,LU1_2022,0.6750645833333333
LU1,LU1_75,100,LU1_2022,0.714790625
LU1,LU1_47,100,LU1_2022,0.6190578125000001
LU1,LU1_74,100,LU1_2022,0.7450111111111112
LU1,LU1_44,100,LU1_2022,0.5927479166666667
LU1,LU1_41,100,LU1_2022,0.7339291666666667
LU1,LU1_64,100,LU1_2022,0.6748000000000001
LU1,LU1_86,100,LU1_2022,0.6756645833333333
LU1,LU1_79,100,LU1_2022,0.6527750000000001
LU1,LU1_63,100,LU1_2022,0.6561416666666667
LU1,LU1_72,100,LU1_2022,0.689159375
LU1,LU1_67,100,LU1_2022,0.7238416666666667
LU1,LU1_77,100,LU1_2022,0.53125625
LU1,LU1_32,100,LU1_2022,0.6925625000000001
LU1,LU1_36,100,LU1_2022,0.711653125
LU1,LU1_84,100,LU1_2022,0.7167604166666667
LU1,LU1_25,100,LU1_2022,0.6283937500000001
LU1,LU1_83,100,LU1_2022,0.6708437500000001
LU1,LU1_80,100,LU1_2022,0.649425
LU1,LU1_70,100,LU1_2022,0.7012458333333333
LU1,LU1_48,100,LU1_2022,0.6842854166666668
LU1,LU1_45,100,LU1_2022,0.6863166666666667
LU1,LU1_11,100,LU1_2022,0.561675
LU1,LU1_40,100,LU1_2022,0.7189125000000001
LU1,LU1_6,100,LU1_2022,0.7604770833333333
LU1,LU1_10,100,LU1_2022,0.7467291666666668
LU1,LU1_43,100,LU1_2022,0.6281734375000001
LU1,LU1_71,100,LU1_2022,0.6424729166666667
LU1,LU1_22,100,LU1_2022,0.6289687500000001
LU1,LU1_60,100,LU1_2022,0.6753145833333334
LU1,LU1_78,100,LU1_2022,0.6610597222222223
LU1,LU1_46,100,LU1_2022,0.6299062500000001
LU1,LU1_82,100,LU1_2022,0.7002458333333333
LU1,LU1_27,100,LU1_2022,0.63238125
LU9,LU9_5,100,LU9_2023,0.5083722813238771
LU9,LU9_6,100,LU9_2023,0.75281875
LU9,LU9_7,100,LU9_2023,0.7234947916666667
LU9,LU9_8,100,LU9_2023,0.7651630208333333
LU9,LU9_100,100,LU9_2023,0.6259395833333333
LU9,LU9_102,100,LU9_2023,0.7967666666666667
LU9,LU9_106,100,LU9_2023,0.6704729166666668
LU9,LU9_112,100,LU9_2023,0.6736968750000001
LU9,LU9_113,100,LU9_2023,0.6412916666666667
LU9,LU9_12,100,LU9_2023,0.7582729166666666
LU9,LU9_13,100,LU9_2023,0.6999906250000001
LU9,LU9_18,100,LU9_2023,0.7547423611111111
LU9,LU9_21,100,LU9_2023,0.6983270833333334
LU9,LU9_24,100,LU9_2023,0.7480041666666667
LU9,LU9_28,100,LU9_2023,0.7477791666666667
LU9,LU9_29,100,LU9_2023,0.745325
LU9,LU9_30,100,LU9_2023,0.6653979166666667
LU9,LU9_31,100,LU9_2023,0.7501958333333334
LU9,LU9_32,100,LU9_2023,0.7782729166666666
LU9,LU9_33,100,LU9_2023,0.7654385416666667
LU9,LU9_39,100,LU9_2023,0.6968229166666667
LU9,LU9_41,100,LU9_2023,0.7629444444444444
LU9,LU9_44,100,LU9_2023,0.6952208333333333
LU9,LU9_51,100,LU9_2023,0.7003083333333333
LU9,LU9_55,100,LU9_2023,0.7034859375
LU9,LU9_57,100,LU9_2023,0.7062010416666666
LU9,LU9_62,100,LU9_2023,0.7345208333333333
LU9,LU9_63,100,LU9_2023,0.6955041666666667
LU9,LU9_64,100,LU9_2023,0.7214958333333333
LU9,LU9_65,100,LU9_2023,0.7007041666666667
LU9,LU9_67,100,LU9_2023,0.6797125
LU9,LU9_68,100,LU9_2023,0.6887645833333332
LU9,LU9_72,100,LU9_2023,0.7430901041666667
LU9,LU9_73,100,LU9_2023,0.7008427083333333
LU9,LU9_75,100,LU9_2023,0.6933453125
LU9,LU9_76,100,LU9_2023,0.7190000000000001
LU9,LU9_77,100,LU9_2023,0.6951708333333333
LU9,LU9_79,100,LU9_2023,0.7132798611111112
LU9,LU9_80,100,LU9_2023,0.72126875
LU9,LU9_81,100,LU9_2023,0.6908416666666667
LU9,LU9_82,100,LU9_2023,0.6953572916666666
LU9,LU9_85,100,LU9_2023,0.7045708333333334
LU9,LU9_86,100,LU9_2023,0.7090817708333335
LU9,LU9_87,100,LU9_2023,0.7049145833333333
LU9,LU9_90,100,LU9_2023,0.6916270833333333
LU9,LU9_93,100,LU9_2023,0.7924416666666667
LU9,LU9_94,100,LU9_2023,0.7957520833333334
LU9,LU9_96,100,LU9_2023,0.67486875
LU9,LU9_98,100,LU9_2023,0.676425
LU9,LU9_27,100,LU9_2023,0.7063083333333334
LU14,LU14_3,100,LU14_2023,0.7407
LU14,LU14_7,100,LU14_2023,0.7388723958333334
LU14,LU14_8,100,LU14_2023,0.7006458333333333
LU14,LU14_9,100,LU14_2023,0.7045739583333335
LU14,LU14_100,100,LU14_2023,0.7021131944444444
LU14,LU14_102,100,LU14_2023,0.7245916666666667
LU14,LU14_105,100,LU14_2023,0.75963125
LU14,LU14_110,100,LU14_2023,0.6771604166666667
LU14,LU14_114,100,LU14_2023,0.7140802083333333
LU14,LU14_115,100,LU14_2023,0.7007770833333333
LU14,LU14_120,100,LU14_2023,0.6956729166666666
LU14,LU14_121,100,LU14_2023,0.7063708333333334
LU14,LU14_131,100,LU14_2023,0.7129333333333333
LU14,LU14_135,100,LU14_2023,0.6654791666666666
LU14,LU14_16,100,LU14_2023,0.7428614583333334
LU14,LU14_17,100,LU14_2023,0.7345479166666667
LU14,LU14_19,100,LU14_2023,0.6719760416666667
LU14,LU14_20,100,LU14_2023,0.6901260416666667
LU14,LU14_250,100,LU14_2023,0.7152562499999999
LU14,LU14_30,100,LU14_2023,0.687596875
LU14,LU14_31,100,LU14_2023,0.7075552083333333
LU14,LU14_33,100,LU14_2023,0.7213416666666668
LU14,LU14_37,100,LU14_2023,0.7365614583333334
LU14,LU14_47,100,LU14_2023,0.7378302083333335
LU14,LU14_48,100,LU14_2023,0.7276541666666667
LU14,LU14_49,100,LU14_2023,0.727075
LU14,LU14_51,100,LU14_2023,0.73408125
LU14,LU14_54,100,LU14_2023,0.6980895833333334
LU14,LU14_56,100,LU14_2023,0.7323569444444445
LU14,LU14_57,100,LU14_2023,0.7127166666666668
LU14,LU14_61,100,LU14_2023,0.6720590277777778
LU14,LU14_62,100,LU14_2023,0.68595625
LU14,LU14_63,100,LU14_2023,0.7282000000000001
LU14,LU14_66,100,LU14_2023,0.6767791666666667
LU14,LU14_70,100,LU14_2023,0.7156958333333333
LU14,LU14_71,100,LU14_2023,0.735075
LU14,LU14_72,100,LU14_2023,0.7127020833333333
LU14,LU14_74,100,LU14_2023,0.732225
LU14,LU14_76,100,LU14_2023,0.6793291666666668
LU14,LU14_78,100,LU14_2023,0.7602479166666667
LU14,LU14_80,100,LU14_2023,0.7009895833333334
LU14,LU14_84,100,LU14_2023,0.6887286458333334
LU14,LU14_85,100,LU14_2023,0.6785541666666667
LU14,LU14_86,100,LU14_2023,0.7454020833333334
LU14,LU14_88,100,LU14_2023,0.7273468750000001
LU14,LU14_91,100,LU14_2023,0.6918083333333334
LU14,LU14_92,100,LU14_2023,0.7023739583333333
LU14,LU14_96,100,LU14_2023,0.7379187500000001
LU14,LU14_97,100,LU14_2023,0.7093281250000001
LU14,LU14_75,100,LU14_2023,0.7253395833333334
LU16,LU16_2,100,LU16_2023,0.7104572916666667
LU16,LU16_3,100,LU16_2023,0.68338020833333335
LU16,LU16_15,100,LU16_2023,0.6934458333333333
LU16,LU16_20,100,LU16_2023,0.6964
LU16,LU16_200,100,LU16_2023,0.723409375
LU16,LU16_201,100,LU16_2023,0.6592828125000001
LU16,LU16_202,100,LU16_2023,0.7325541666666666
LU16,LU16_203,100,LU16_2023,0.7733541666666668
LU16,LU16_22,100,LU16_2023,0.68695625
LU16,LU16_23,100,LU16_2023,0.7003375000000001
LU16,LU16_24,100,LU16_2023,0.5366072916666668
LU16,LU16_25,100,LU16_2023,0.7193833333333334
LU16,LU16_26,100,LU16_2023,0.6546666666666666
LU16,LU16_270,100,LU16_2023,0.6847708333333333
LU16,LU16_28,100,LU16_2023,0.7321953125
LU16,LU16_300,100,LU16_2023,0.6615031250000001
LU16,LU16_301,100,LU16_2023,0.34215625000000005
LU16,LU16_302,100,LU16_2023,0.6562770833333333
LU16,LU16_303,100,LU16_2023,0.6806347222222223
LU16,LU16_313,100,LU16_2023,0.6831041666666667
LU16,LU16_314,100,LU16_2023,0.674190625
LU16,LU16_36,100,LU16_2023,0.6749395833333334
LU16,LU16_37,100,LU16_2023,0.7399645833333334
LU16,LU16_49,100,LU16_2023,0.6107458333333333
LU16,LU16_52,100,LU16_2023,0.5846395833333333
LU16,LU16_54,100,LU16_2023,0.5936604166666667
LU16,LU16_55,100,LU16_2023,0.58611875
LU16,LU16_57,100,LU16_2023,0.5626854166666667
LU16,LU16_58,100,LU16_2023,0.5824343750000001
LU16,LU16_60,100,LU16_2023,0.6259166666666667
LU16,LU16_62,100,LU16_2023,0.5714125
LU16,LU16_63,100,LU16_2023,0.6194473958333333
LU16,LU16_64,100,LU16_2023,0.6429916666666667
LU16,LU16_67,100,LU16_2023,0.5750145833333333
LU16,LU16_68,100,LU16_2023,0.5012208333333333
LU16,LU16_69,100,LU16_2023,0.6353333333333333
LU16,LU16_70,100,LU16_2023,0.5748427083333334
LU16,LU16_71,100,LU16_2023,0.52153125
LU16,LU16_72,100,LU16_2023,0.644715625
LU16,LU16_73,100,LU16_2023,0.5615187500000001
LU16,LU16_74,100,LU16_2023,0.6300656250000001
LU16,LU16_75,100,LU16_2023,0.4454041666666667
LU16,LU16_77,100,LU16_2023,0.5421708333333334
LU16,LU16_80,100,LU16_2023,0.5719333333333333
LU16,LU16_81,100,LU16_2023,0.5053135416666668
LU16,LU16_83,100,LU16_2023,0.6039838541666667
LU16,LU16_84,100,LU16_2023,0.5987411458333334
LU16,LU16_85,100,LU16_2023,0.604828125
LU16,LU16_88,100,LU16_2023,0.5465046875
LU22,LU22_110,100,LU22_2023,0.7480145833333334
LU22,LU22_48,100,LU22_2023,0.7612916666666667
LU22,LU22_107,100,LU22_2023,0.77361875
LU22,LU22_49,100,LU22_2023,0.7668729166666667
LU22,LU22_103,100,LU22_2023,0.7241270833333333
LU22,LU22_44,100,LU22_2023,0.7563447916666668
LU22,LU22_21,100,LU22_2023,0.7848843750000001
LU22,LU22_15,100,LU22_2023,0.7739057291666667
LU22,LU22_50,100,LU22_2023,0.7566494791666667
LU22,LU22_38,100,LU22_2023,0.7626385416666667
LU22,LU22_22,100,LU22_2023,0.75785
LU22,LU22_85,100,LU22_2023,0.7028197916666666
LU22,LU22_33,100,LU22_2023,0.7412708333333333
LU22,LU22_34,100,LU22_2023,0.7035083333333333
LU22,LU22_11,100,LU22_2023,0.7124854166666668
LU22,LU22_29,100,LU22_2023,0.788370138888889
LU22,LU22_86,100,LU22_2023,0.74690625
LU22,LU22_80,100,LU22_2023,0.7312057291666667
LU22,LU22_17,100,LU22_2023,0.7817833333333334
LU22,LU22_35,100,LU22_2023,0.7676625
LU22,LU22_63,100,LU22_2023,0.6726208333333333
LU22,LU22_30,100,LU22_2023,0.8010921875000001
LU22,LU22_4,100,LU22_2023,0.7515833333333334
LU22,LU22_36,100,LU22_2023,0.7455
LU22,LU22_76,100,LU22_2023,0.6968125000000001
LU22,LU22_5,100,LU22_2023,0.755209375
LU22,LU22_87,100,LU22_2023,0.7273833333333333
LU22,LU22_25,100,LU22_2023,0.7805208333333333
LU22,LU22_89,100,LU22_2023,0.6982203124999999
LU22,LU22_18,100,LU22_2023,0.7753229166666668
LU22,LU22_32,100,LU22_2023,0.74975
LU22,LU22_8,100,LU22_2023,0.767459375
LU22,LU22_6,100,LU22_2023,0.7461270833333333
LU22,LU22_81,100,LU22_2023,0.7112541666666667
LU22,LU22_7,100,LU22_2023,0.7696479166666668
LU22,LU22_69,100,LU22_2023,0.7609916666666667
LU22,LU22_70,100,LU22_2023,0.7255458333333333
LU22,LU22_82,100,LU22_2023,0.7472645833333333
LU22,LU22_94,100,LU22_2023,0.7184677083333334
LU22,LU22_101,100,LU22_2023,0.7545088541666667
LU22,LU22_71,100,LU22_2023,0.7469369791666667
LU22,LU22_77,100,LU22_2023,0.76679375
LU22,LU22_72,100,LU22_2023,0.757684375
LU22,LU22_65,100,LU22_2023,0.7609739583333335
LU22,LU22_60,100,LU22_2023,0.7117958333333334
LU22,LU22_61,100,LU22_2023,0.762625
LU22,LU22_53,100,LU22_2023,0.7846968750000001
LU22,LU22_46,100,LU22_2023,0.7649590277777779
LU22,LU22_40,100,LU22_2023,0.6924111111111112
LU22,LU22_47,100,LU22_2023,0.7794041666666667
LU4,LU4_N15_24,100,LU4_2024,0.7092552083333334
LU4,LU4_M14_24,100,LU4_2024,0.7037375
LU4,LU4_J14_24,100,LU4_2024,0.6808562499999999
LU4,LU4_J15_24,100,LU4_2024,0.68083125
LU4,LU4_I12_24,100,LU4_2024,0.6764354166666667
LU4,LU4_I13_24,100,LU4_2024,0.6688427083333334
LU4,LU4_Q10_24,100,LU4_2024,0.7167534722222223
LU4,LU4_O10_24,100,LU4_2024,0.7210583333333332
LU4,LU4_R7_24,100,LU4_2024,0.725884375
LU4,LU4_R9_24,100,LU4_2024,0.7110666666666667
LU4,LU4_T8_24,100,LU4_2024,0.758425
LU4,LU4_O16_24,100,LU4_2024,0.67925
LU4,LU4_J26_24,100,LU4_2024,0.672025
LU4,LU4_K25_24,100,LU4_2024,0.6782953125
LU4,LU4_L23_24,100,LU4_2024,0.69093125
LU4,LU4_H26_24,100,LU4_2024,0.6666125
LU4,LU4_K23_24,100,LU4_2024,0.6892354166666667
LU4,LU4_J21_24,100,LU4_2024,0.7237965277777779
LU4,LU4_I21_24,100,LU4_2024,0.7119145833333334
LU4,LU4_N30_24,100,LU4_2024,0.6850479166666668
LU4,LU4_O23_24,100,LU4_2024,0.6772958333333333
LU4,LU4_O22_24,100,LU4_2024,0.7020979166666668
LU4,LU4_L18_24,100,LU4_2024,0.669259375
LU4,LU4_L17_24,100,LU4_2024,0.6674562500000001
LU4,LU4_K17_24,100,LU4_2024,0.682
LU4,LU4_K19_24,100,LU4_2024,0.7359687500000001
LU4,LU4_I22_24,100,LU4_2024,0.6946270833333333
LU4,LU4_Q20_24,100,LU4_2024,0.6917479166666667
LU4,LU4_V25_24,100,LU4_2024,0.6758645833333333
LU4,LU4_P22_24,100,LU4_2024,0.7132375000000001
LU4,LU4_O21_24,100,LU4_2024,0.7567312500000001
LU4,LU4_P17_24,100,LU4_2024,0.6832364583333335
LU4,LU4_Q16_24,100,LU4_2024,0.6614
LU4,LU4_V19_24,100,LU4_2024,0.7263260416666667
LU4,LU4_O17_24,100,LU4_2024,0.6641125
LU4,LU4_W19_24,100,LU4_2024,0.7083020833333333
LU4,LU4_Y25_24,100,LU4_2024,0.698790625
LU4,LU4_S17_24,100,LU4_2024,0.7064750000000001
LU4,LU4_S18_24,100,LU4_2024,0.6974296875000001
LU4,LU4_R14_24,100,LU4_2024,0.69273125
LU4,LU4_V17_24,100,LU4_2024,0.6375333333333333
LU4,LU4_U15_24,100,LU4_2024,0.7174416666666668
LU4,LU4_M12_24,100,LU4_2024,0.7057625000000001
LU4,LU4_O13_24,100,LU4_2024,0.7369562500000001
LU4,LU4_P15_24,100,LU4_2024,0.6766958333333334
LU4,LU4_E15_24,100,LU4_2024,0.6844833333333333
LU4,LU4_G17_24,100,LU4_2024,0.7248916666666667
LU4,LU4_G13_24,100,LU4_2024,0.6631958333333333
LU4,LU4_G12_24,100,LU4_2024,0.6824979166666667
LU4,LU4_F14_24,100,LU4_2024,0.6710864583333334
LU3,LU3_102_24,100,LU3_2024,0.7148770833333333
LU3,LU3_5_24,100,LU3_2024,0.6791979166666667
LU3,LU3_103_24,100,LU3_2024,0.7273572916666667
LU3,LU3_131_24,100,LU3_2024,0.7277569444444446
LU3,LU3_39_24,100,LU3_2024,0.6119534722222223
LU3,LU3_18_24,100,LU3_2024,0.6850083333333334
LU3,LU3_20_24,100,LU3_2024,0.63771875
LU3,LU3_19_24,100,LU3_2024,0.6442177083333334
LU3,LU3_111_24,100,LU3_2024,0.7049239583333333
LU3,LU3_AB21_24,100,LU3_2024,0.6889638888888889
LU3,LU3_27_24,100,LU3_2024,0.6677677083333333
LU3,LU3_36_24,100,LU3_2024,0.7010984375000001
LU3,LU3_40_24,100,LU3_2024,0.6239635416666667
LU3,LU3_41_24,100,LU3_2024,0.6930255208333334
LU3,LU3_52_24,100,LU3_2024,0.6287041666666667
LU3,LU3_15_24,100,LU3_2024,0.7207270833333334
LU3,LU3_44_24,100,LU3_2024,0.6723270833333334
LU3,LU3_17_24,100,LU3_2024,0.6807298611111111
LU3,LU3_147_24,100,LU3_2024,0.6721578125
LU3,LU3_51_24,100,LU3_2024,0.6496000000000001
LU3,LU3_AH7_24,100,LU3_2024,0.7358916666666667
LU3,LU3_126_24,100,LU3_2024,0.7289291666666666
LU3,LU3_129_24,100,LU3_2024,0.6326020833333333
LU3,LU3_28_24,100,LU3_2024,0.6967239583333333
LU3,LU3_AH14_24,100,LU3_2024,0.7268104166666667
LU3,LU3_38_24,100,LU3_2024,0.6904302083333334
LU3,LU3_13_24,100,LU3_2024,0.6903020833333333
LU3,LU3_25_24,100,LU3_2024,0.62613125
LU3,LU3_21_24,100,LU3_2024,0.7401208333333333
LU3,LU3_AC10_24,100,LU3_2024,0.745525
LU3,LU3_46_24,100,LU3_2024,0.7344625
LU3,LU3_10_24,100,LU3_2024,0.7043145833333333
LU3,LU3_AE12_24,100,LU3_2024,0.7002072916666666
LU3,LU3_7_24,100,LU3_2024,0.67805
LU3,LU3_14_24,100,LU3_2024,0.6756020833333334
LU3,LU3_137_24,100,LU3_2024,0.6520776041666667
LU3,LU3_M20_24,100,LU3_2024,0.7053364583333334
LU3,LU3_L22_24,100,LU3_2024,0.6670104166666667
LU3,LU3_J23_24,100,LU3_2024,0.7199270833333333
LU3,LU3_U6_24,100,LU3_2024,0.7224145833333333
LU3,LU3_L16_24,100,LU3_2024,0.6909406250000001
LU3,LU3_N18_24,100,LU3_2024,0.7122343750000001
LU3,LU3_L15_24,100,LU3_2024,0.6557552083333333
LU3,LU3_32_24,100,LU3_2024,0.6976479166666667
LU3,LU3_W7_24,100,LU3_2024,0.7199395833333333
LU3,LU3_45_24,100,LU3_2024,0.7156895833333333
LU3,LU3_50_24,100,LU3_2024,0.6419020833333333
LU3,LU3_49_24,100,LU3_2024,0.670421875
LU3,LU3_Y8_24,100,LU3_2024,0.6924744791666668
LU3,LU3_48_24,100,LU3_2024,0.6761479166666667
LU2,LU2_21_24,100,LU2_2024,0.7272104166666666
LU2,LU2_34_24,100,LU2_2024,0.7777333333333334
LU2,LU2_O25_24,100,LU2_2024,0.7794430555555557
LU2,LU2_W21_24,100,LU2_2024,0.7736375
LU2,LU2_36_24,100,LU2_2024,0.7820166666666667
LU2,LU2_15_24,100,LU2_2024,0.7677114583333333
LU2,LU2_13_24,100,LU2_2024,0.7528250000000001
LU2,LU2_5_24,100,LU2_2024,0.7777111111111111
LU2,LU2_101_24,100,LU2_2024,0.7794083333333334
LU2,LU2_32_24,100,LU2_2024,0.7605270833333333
LU2,LU2_Q24_24,100,LU2_2024,0.7613875000000001
LU2,LU2_56_24,100,LU2_2024,0.7796000000000001
LU2,LU2_I15_24,100,LU2_2024,0.768959375
LU2,LU2_L20_24,100,LU2_2024,0.737965625
LU2,LU2_L46_24,100,LU2_2024,0.7367458333333333
LU2,LU2_110_24,100,LU2_2024,0.7621218750000001
LU2,LU2_39_24,100,LU2_2024,0.7714854166666667
LU2,LU2_17_24,100,LU2_2024,0.7317
LU2,LU2_155_24,100,LU2_2024,0.7592958333333334
LU2,LU2_50_24,100,LU2_2024,0.782709375
LU2,LU2_O16_24,100,LU2_2024,0.7754833333333333
LU2,LU2_U13_24,100,LU2_2024,0.7801572916666666
LU2,LU2_44_24,100,LU2_2024,0.7548755208333333
LU2,LU2_143_24,100,LU2_2024,0.7702197916666667
LU2,LU2_18_24,100,LU2_2024,0.77044375
LU2,LU2_52_24,100,LU2_2024,0.7564239583333334
LU2,LU2_123_24,100,LU2_2024,0.77351875
LU2,LU2_H16_24,100,LU2_2024,0.7643645833333333
LU2,LU2_27_24,100,LU2_2024,0.7397677083333334
LU2,LU2_31_24,100,LU2_2024,0.7712125000000001
LU2,LU2_3_24,100,LU2_2024,0.7650729166666668
LU2,LU2_J27_24,100,LU2_2024,0.7787458333333334
LU2,LU2_E27_24,100,LU2_2024,0.7685625
LU2,LU2_G25_24,100,LU2_2024,0.7504739583333334
LU2,LU2_G26_24,100,LU2_2024,0.7556958333333332
LU2,LU2_106_24,100,LU2_2024,0.7063125
LU2,LU2_20_24,100,LU2_2024,0.7719729166666668
LU2,LU2_25_24,100,LU2_2024,0.7741229166666668
LU2,LU2_40_24,100,LU2_2024,0.74210625
LU2,LU2_38_24,100,LU2_2024,0.7447489583333333
LU2,LU2_137_24,100,LU2_2024,0.7557354166666668
LU2,LU2_47_24,100,LU2_2024,0.7661505208333333
LU2,LU2_26_24,100,LU2_2024,0.7570953125
LU2,LU2_H26_24,100,LU2_2024,0.7782260416666668
LU2,LU2_29_24,100,LU2_2024,0.7327864583333333
LU2,LU2_K26_24,100,LU2_2024,0.7594166666666667
LU2,LU2_100_24,100,LU2_2024,0.7067395833333333
LU2,LU2_30_24,100,LU2_2024,0.74021875
LU2,LU2_33_24,100,LU2_2024,0.7793083333333334
LU2,LU2_M25_24,100,LU2_2024,0.7547270833333334
LU8,LU8_N19_24,100,LU8_2024,0.7733
LU8,LU8_M19_24,100,LU8_2024,0.7595270833333333
LU8,LU8_N20_24,100,LU8_2024,0.7289541666666668
LU8,LU8_O20_24,100,LU8_2024,0.7273375
LU8,LU8_N18_24,100,LU8_2024,0.7605885416666667
LU8,LU8_S25_24,100,LU8_2024,0.7238833333333333
LU8,LU8_AC29_24,100,LU8_2024,0.6647244791666668
LU8,LU8_AC28_24,100,LU8_2024,0.6615020833333334
LU8,LU8_AB29_24,100,LU8_2024,0.6451677083333334
LU8,LU8_AC30_24,100,LU8_2024,0.6772041666666667
LU8,LU8_T25_24,100,LU8_2024,0.7077052083333334
LU8,LU8_S24_24,100,LU8_2024,0.6474041666666667
LU8,LU8_AE29_24,100,LU8_2024,0.7123145833333333
LU8,LU8_AD29_24,100,LU8_2024,0.6744145833333334
LU8,LU8_AD28_24,100,LU8_2024,0.6867489583333334
LU8,LU8_AD27_24,100,LU8_2024,0.6909298611111111
LU8,LU8_AC24_24,100,LU8_2024,0.6615104166666668
LU8,LU8_AC25_24,100,LU8_2024,0.6224500000000001
LU8,LU8_AC31_24,100,LU8_2024,0.673690625
LU8,LU8_AB31_24,100,LU8_2024,0.6906645833333334
LU2,LU2_3,200,LU2_2021,0.7650729166666668
LU2,LU2_5,200,LU2_2021,0.7789229166666667
LU2,LU2_100,200,LU2_2021,0.7067395833333333
LU2,LU2_101,200,LU2_2021,0.7796833333333334
LU2,LU2_106,200,LU2_2021,0.7063125
LU2,LU2_110,200,LU2_2021,0.7737770833333334
LU2,LU2_119,200,LU2_2021,0.772821875
LU2,LU2_123,200,LU2_2021,0.77351875
LU2,LU2_13,200,LU2_2021,0.7528250000000001
LU2,LU2_137,200,LU2_2021,0.7557354166666668
LU2,LU2_143,200,LU2_2021,0.7610687500000001
LU2,LU2_15,200,LU2_2021,0.7709666666666667
LU2,LU2_153,200,LU2_2021,0.7720583333333333
LU2,LU2_155,200,LU2_2021,0.7592958333333334
LU2,LU2_17,200,LU2_2021,0.7317
LU2,LU2_18,200,LU2_2021,0.77044375
LU2,LU2_20,200,LU2_2021,0.7719729166666668
LU2,LU2_21,200,LU2_2021,0.7272104166666666
LU2,LU2_24,200,LU2_2021,0.71725
LU2,LU2_25,200,LU2_2021,0.7741229166666668
LU2,LU2_26,200,LU2_2021,0.7570953125
LU2,LU2_27,200,LU2_2021,0.7397677083333334
LU2,LU2_29,200,LU2_2021,0.7327864583333333
LU2,LU2_30,200,LU2_2021,0.74021875
LU2,LU2_31,200,LU2_2021,0.7705916666666667
LU2,LU2_32,200,LU2_2021,0.7605270833333333
LU2,LU2_33,200,LU2_2021,0.7793083333333334
LU2,LU2_34,200,LU2_2021,0.7777333333333334
LU2,LU2_36,200,LU2_2021,0.7820166666666667
LU2,LU2_38,200,LU2_2021,0.75329375
LU2,LU2_39,200,LU2_2021,0.7824062500000001
LU2,LU2_40,200,LU2_2021,0.7537041666666666
LU2,LU2_42,200,LU2_2021,0.7896302083333333
LU2,LU2_44,200,LU2_2021,0.7548755208333333
LU2,LU2_46,200,LU2_2021,0.7596145833333333
LU2,LU2_47,200,LU2_2021,0.7661505208333333
LU2,LU2_50,200,LU2_2021,0.7802347222222221
LU2,LU2_51,200,LU2_2021,0.7649541666666667
LU2,LU2_52,200,LU2_2021,0.7617510416666667
LU2,LU2_54,200,LU2_2021,0.7729270833333334
LU2,LU2_56,200,LU2_2021,0.7857895833333334
LU2,LU2_57,200,LU2_2021,0.7552791666666667
LU3,LU3_5,200,LU3_2021,0.6791979166666667
LU3,LU3_7,200,LU3_2021,0.67805
LU3,LU3_10,200,LU3_2021,0.7043145833333333
LU3,LU3_102,200,LU3_2021,0.70541875
LU3,LU3_103,200,LU3_2021,0.7273572916666667
LU3,LU3_106,200,LU3_2021,0.6349833333333333
LU3,LU3_111,200,LU3_2021,0.7094333333333334
LU3,LU3_126,200,LU3_2021,0.713825
LU3,LU3_129,200,LU3_2021,0.5939875
LU3,LU3_13,200,LU3_2021,0.6925045138888889
LU3,LU3_131,200,LU3_2021,0.7321479166666668
LU3,LU3_137,200,LU3_2021,0.6520776041666667
LU3,LU3_14,200,LU3_2021,0.6736166666666668
LU3,LU3_147,200,LU3_2021,0.6721578125
LU3,LU3_15,200,LU3_2021,0.7247625000000001
LU3,LU3_17,200,LU3_2021,0.6954958333333333
LU3,LU3_18,200,LU3_2021,0.68591875
LU3,LU3_19,200,LU3_2021,0.6033000000000001
LU3,LU3_20,200,LU3_2021,0.6414885416666667
LU3,LU3_21,200,LU3_2021,0.7401208333333333
LU3,LU3_25,200,LU3_2021,0.62613125
LU3,LU3_27,200,LU3_2021,0.672425
LU3,LU3_28,200,LU3_2021,0.6967239583333333
LU3,LU3_32,200,LU3_2021,0.6976479166666667
LU3,LU3_36,200,LU3_2021,0.7010984375000001
LU3,LU3_38,200,LU3_2021,0.7047604166666668
LU3,LU3_39,200,LU3_2021,0.5478901041666666
LU3,LU3_40,200,LU3_2021,0.6239635416666667
LU3,LU3_41,200,LU3_2021,0.6930255208333334
LU3,LU3_44,200,LU3_2021,0.65695625
LU3,LU3_45,200,LU3_2021,0.7156895833333333
LU3,LU3_46,200,LU3_2021,0.7344625
LU3,LU3_48,200,LU3_2021,0.6761479166666667
LU3,LU3_50,200,LU3_2021,0.6643986111111111
LU3,LU3_51,200,LU3_2021,0.6496000000000001
LU3,LU3_52,200,LU3_2021,0.6287041666666667
LU3,LU3_49,200,LU3_2021,0.6950229166666667
LU13,LU13_18,200,LU13_2022,0.6139458333333333
LU13,LU13_15,200,LU13_2022,0.6459625
LU13,LU13_3,200,LU13_2022,0.6917666666666668
LU13,LU13_34,200,LU13_2022,0.4834833333333333
LU13,LU13_57,200,LU13_2022,0.6725229166666667
LU13,LU13_16,200,LU13_2022,0.6626854166666667
LU13,LU13_21,200,LU13_2022,0.46166041666666674
LU13,LU13_37,200,LU13_2022,0.62871875
LU13,LU13_55,200,LU13_2022,0.6439833333333334
LU13,LU13_47,200,LU13_2022,0.6877072916666667
LU13,LU13_51,200,LU13_2022,0.6827645833333333
LU13,LU13_27,200,LU13_2022,0.69418125
LU13,LU13_5,200,LU13_2022,0.7140729166666667
LU13,LU13_26,200,LU13_2022,0.7024333333333334
LU13,LU13_35,200,LU13_2022,0.6510458333333333
LU13,LU13_13,200,LU13_2022,0.7193270833333333
LU13,LU13_128,200,LU13_2022,0.6942354166666668
LU13,LU13_131,200,LU13_2022,0.7007888888888889
LU13,LU13_12,200,LU13_2022,0.6806208333333333
LU13,LU13_33,200,LU13_2022,0.6833409722222222
LU13,LU13_32,200,LU13_2022,0.6733958333333333
LU13,LU13_30,200,LU13_2022,0.65924375
LU13,LU13_53,200,LU13_2022,0.653759375
LU13,LU13_22,200,LU13_2022,0.7217416666666667
LU13,LU13_19,200,LU13_2022,0.7255312500000001
LU13,LU13_45,200,LU13_2022,0.7075590277777777
LU13,LU13_8,200,LU13_2022,0.6850625
LU13,LU13_43,200,LU13_2022,0.6756447916666667
LU13,LU13_41,200,LU13_2022,0.6856645833333334
LU13,LU13_59,200,LU13_2022,0.69186875
LU13,LU13_6,200,LU13_2022,0.7192458333333334
LU13,LU13_14,200,LU13_2022,0.6811875000000001
LU13,LU13_52,200,LU13_2022,0.628225
LU13,LU13_36,200,LU13_2022,0.6637895833333334
LU13,LU13_38,200,LU13_2022,0.6281635416666667
LU13,LU13_20,200,LU13_2022,0.5773375000000001
LU13,LU13_17,200,LU13_2022,0.7099708333333333
LU13,LU13_56,200,LU13_2022,0.6206583333333334
LU13,LU13_49,200,LU13_2022,0.6712666666666667
LU13,LU13_70,200,LU13_2022,0.7117187500000001
LU13,LU13_11,200,LU13_2022,0.706546875
LU15,LU15_44,200,LU15_2022,0.6915333333333333
LU15,LU15_11,200,LU15_2022,0.6644265625000001
LU15,LU15_19,200,LU15_2022,0.6810906250000001
LU15,LU15_7,200,LU15_2022,0.7259680555555555
LU15,LU15_34,200,LU15_2022,0.6756552083333334
LU15,LU15_37,200,LU15_2022,0.6625749999999999
LU15,LU15_18,200,LU15_2022,0.6881375000000001
LU15,LU15_43,200,LU15_2022,0.7185770833333334
LU15,LU15_10,200,LU15_2022,0.6853
LU15,LU15_58,200,LU15_2022,0.7156838541666667
LU15,LU15_8,200,LU15_2022,0.6790750000000001
LU15,LU15_12,200,LU15_2022,0.64394375
LU15,LU15_17,200,LU15_2022,0.6910604166666667
LU15,LU15_1,200,LU15_2022,0.6220187500000001
LU15,LU15_26,200,LU15_2022,0.6714458333333333
LU15,LU15_27,200,LU15_2022,0.6754833333333333
LU15,LU15_28,200,LU15_2022,0.6914375
LU15,LU15_2,200,LU15_2022,0.65441875
LU15,LU15_29,200,LU15_2022,0.66495625
LU15,LU15_30,200,LU15_2022,0.6892770833333334
LU15,LU15_31,200,LU15_2022,0.69586875
LU15,LU15_32,200,LU15_2022,0.6863791666666668
LU15,LU15_20,200,LU15_2022,0.7364208333333333
LU15,LU15_21,200,LU15_2022,0.750809375
LU15,LU15_23,200,LU15_2022,0.7081661458333334
LU15,LU15_41,200,LU15_2022,0.6896562500000001
LU15,LU15_25,200,LU15_2022,0.69926875
LU15,LU15_9,200,LU15_2022,0.6972270833333334
LU15,LU15_24,200,LU15_2022,0.7253171875
LU15,LU15_46,200,LU15_2022,0.7382364583333334
LU15,LU15_40,200,LU15_2022,0.7073614583333334
LU15,LU15_16,200,LU15_2022,0.71678125
LU15,LU15_4,200,LU15_2022,0.6169770833333333
LU15,LU15_36,200,LU15_2022,0.6500750000000001
LU15,LU15_3,200,LU15_2022,0.73284375
LU15,LU15_15,200,LU15_2022,0.6301625
LU15,LU15_14,200,LU15_2022,0.7505625
LU15,LU15_22,200,LU15_2022,0.6374041666666668
LU15,LU15_61,200,LU15_2022,0.6903645833333334
LU21,LU21_106,200,LU21_2022,0.7319906250000001
LU21,LU21_10,200,LU21_2022,0.6204875000000001
LU21,LU21_16,200,LU21_2022,0.6680725694444445
LU21,LU21_107,200,LU21_2022,0.6818145833333333
LU21,LU21_41,200,LU21_2022,0.6952145833333334
LU21,LU21_63,200,LU21_2022,0.637275
LU21,LU21_27,200,LU21_2022,0.66805625
LU21,LU21_23,200,LU21_2022,0.6726708333333333
LU21,LU21_21,200,LU21_2022,0.689834375
LU21,LU21_82,200,LU21_2022,0.6771166666666667
LU21,LU21_871,200,LU21_2022,0.76705
LU21,LU21_164,200,LU21_2022,0.5969979166666667
LU21,LU21_36,200,LU21_2022,0.6246265625
LU21,LU21_14,200,LU21_2022,0.6859916666666668
LU21,LU21_32,200,LU21_2022,0.6757416666666667
LU21,LU21_126,200,LU21_2022,0.6792354166666668
LU21,LU21_122,200,LU21_2022,0.6784291666666667
LU21,LU21_56,200,LU21_2022,0.7071260416666667
LU21,LU21_57,200,LU21_2022,0.6946281249999999
LU21,LU21_9,200,LU21_2022,0.6776916666666667
LU21,LU21_98,200,LU21_2022,0.7000854166666668
LU21,LU21_119,200,LU21_2022,0.7176854166666667
LU21,LU21_52,200,LU21_2022,0.705128125
LU21,LU21_59,200,LU21_2022,0.6495958333333334
LU21,LU21_68,200,LU21_2022,0.7166927083333334
LU21,LU21_109,200,LU21_2022,0.7167333333333333
LU21,LU21_93,200,LU21_2022,0.7315973958333334
LU21,LU21_114,200,LU21_2022,0.7329187500000001
LU21,LU21_105,200,LU21_2022,0.7154083333333333
LU21,LU21_100,200,LU21_2022,0.7248145833333334
LU21,LU21_74,200,LU21_2022,0.6852041666666667
LU21,LU21_78,200,LU21_2022,0.6752687500000001
LU21,LU21_153,200,LU21_2022,0.7025604166666667
LU21,LU21_6,200,LU21_2022,0.7487333333333334
LU21,LU21_116,200,LU21_2022,0.6803302083333334
LU21,LU21_97,200,LU21_2022,0.6758036458333333
LU1,LU1_13,200,LU1_2022,0.73251875
LU1,LU1_30,200,LU1_2022,0.6886690972222222
LU1,LU1_85,200,LU1_2022,0.7403583333333333
LU1,LU1_66,200,LU1_2022,0.7005986111111112
LU1,LU1_76,200,LU1_2022,0.6629666666666667
LU1,LU1_73,200,LU1_2022,0.6750645833333333
LU1,LU1_75,200,LU1_2022,0.70784375
LU1,LU1_47,200,LU1_2022,0.6190578125000001
LU1,LU1_74,200,LU1_2022,0.74418875
LU1,LU1_44,200,LU1_2022,0.5909690972222222
LU1,LU1_41,200,LU1_2022,0.7339291666666667
LU1,LU1_64,200,LU1_2022,0.6748000000000001
LU1,LU1_86,200,LU1_2022,0.6756645833333333
LU1,LU1_79,200,LU1_2022,0.63546875
LU1,LU1_63,200,LU1_2022,0.6561416666666667
LU1,LU1_72,200,LU1_2022,0.6821645833333333
LU1,LU1_67,200,LU1_2022,0.7186020833333334
LU1,LU1_77,200,LU1_2022,0.53125625
LU1,LU1_32,200,LU1_2022,0.6671
LU1,LU1_36,200,LU1_2022,0.7027979166666667
LU1,LU1_84,200,LU1_2022,0.7167604166666667
LU1,LU1_25,200,LU1_2022,0.6283937500000001
LU1,LU1_83,200,LU1_2022,0.6708437500000001
LU1,LU1_80,200,LU1_2022,0.6432125000000001
LU1,LU1_70,200,LU1_2022,0.7012458333333333
LU1,LU1_48,200,LU1_2022,0.6842854166666668
LU1,LU1_45,200,LU1_2022,0.6863166666666667
LU1,LU1_11,200,LU1_2022,0.561675
LU1,LU1_40,200,LU1_2022,0.7216489583333333
LU1,LU1_6,200,LU1_2022,0.7604770833333333
LU1,LU1_10,200,LU1_2022,0.7467291666666668
LU1,LU1_43,200,LU1_2022,0.6281734375000001
LU1,LU1_71,200,LU1_2022,0.6424729166666667
LU1,LU1_22,200,LU1_2022,0.6289687500000001
LU1,LU1_60,200,LU1_2022,0.6486229166666667
LU1,LU1_78,200,LU1_2022,0.6481229166666668
LU1,LU1_46,200,LU1_2022,0.6328750000000001
LU1,LU1_82,200,LU1_2022,0.7080145833333333
LU1,LU1_27,200,LU1_2022,0.63238125
LU9,LU9_5,200,LU9_2023,0.6016229166666667
LU9,LU9_6,200,LU9_2023,0.75281875
LU9,LU9_7,200,LU9_2023,0.7234947916666667
LU9,LU9_8,200,LU9_2023,0.7651630208333333
LU9,LU9_100,200,LU9_2023,0.6259395833333333
LU9,LU9_102,200,LU9_2023,0.7967666666666667
LU9,LU9_106,200,LU9_2023,0.6704729166666668
LU9,LU9_112,200,LU9_2023,0.6786086805555556
LU9,LU9_113,200,LU9_2023,0.6412916666666667
LU9,LU9_12,200,LU9_2023,0.76055625
LU9,LU9_13,200,LU9_2023,0.6858395833333334
LU9,LU9_18,200,LU9_2023,0.7520104166666667
LU9,LU9_21,200,LU9_2023,0.6983270833333334
LU9,LU9_24,200,LU9_2023,0.7480041666666667
LU9,LU9_28,200,LU9_2023,0.7477791666666667
LU9,LU9_29,200,LU9_2023,0.745325
LU9,LU9_30,200,LU9_2023,0.6653979166666667
LU9,LU9_31,200,LU9_2023,0.7398520833333333
LU9,LU9_32,200,LU9_2023,0.7812250000000001
LU9,LU9_33,200,LU9_2023,0.7654385416666667
LU9,LU9_39,200,LU9_2023,0.6968229166666667
LU9,LU9_41,200,LU9_2023,0.76848125
LU9,LU9_44,200,LU9_2023,0.6952208333333333
LU9,LU9_51,200,LU9_2023,0.7003083333333333
LU9,LU9_55,200,LU9_2023,0.7034859375
LU9,LU9_57,200,LU9_2023,0.6890375000000001
LU9,LU9_62,200,LU9_2023,0.7345208333333333
LU9,LU9_63,200,LU9_2023,0.6955041666666667
LU9,LU9_64,200,LU9_2023,0.7214958333333333
LU9,LU9_65,200,LU9_2023,0.7277291666666668
LU9,LU9_67,200,LU9_2023,0.6797125
LU9,LU9_68,200,LU9_2023,0.7076770833333333
LU9,LU9_72,200,LU9_2023,0.7430901041666667
LU9,LU9_73,200,LU9_2023,0.7008427083333333
LU9,LU9_75,200,LU9_2023,0.6933453125
LU9,LU9_76,200,LU9_2023,0.7190000000000001
LU9,LU9_77,200,LU9_2023,0.6951708333333333
LU9,LU9_79,200,LU9_2023,0.7257833333333333
LU9,LU9_80,200,LU9_2023,0.72126875
LU9,LU9_81,200,LU9_2023,0.6908416666666667
LU9,LU9_82,200,LU9_2023,0.6948847222222222
LU9,LU9_85,200,LU9_2023,0.7004625
LU9,LU9_86,200,LU9_2023,0.7090817708333335
LU9,LU9_87,200,LU9_2023,0.7049145833333333
LU9,LU9_90,200,LU9_2023,0.6916270833333333
LU9,LU9_93,200,LU9_2023,0.7924416666666667
LU9,LU9_94,200,LU9_2023,0.792875
LU9,LU9_96,200,LU9_2023,0.6703336805555556
LU9,LU9_98,200,LU9_2023,0.68015625
LU9,LU9_27,200,LU9_2023,0.7063083333333334
LU14,LU14_3,200,LU14_2023,0.7407
LU14,LU14_7,200,LU14_2023,0.7388723958333334
LU14,LU14_8,200,LU14_2023,0.7006458333333333
LU14,LU14_9,200,LU14_2023,0.7045739583333335
LU14,LU14_100,200,LU14_2023,0.7023496527777778
LU14,LU14_102,200,LU14_2023,0.7245916666666667
LU14,LU14_105,200,LU14_2023,0.7585895833333334
LU14,LU14_110,200,LU14_2023,0.6775375
LU14,LU14_114,200,LU14_2023,0.7140802083333333
LU14,LU14_115,200,LU14_2023,0.7007770833333333
LU14,LU14_120,200,LU14_2023,0.6914104166666667
LU14,LU14_121,200,LU14_2023,0.7063708333333334
LU14,LU14_131,200,LU14_2023,0.7129333333333333
LU14,LU14_135,200,LU14_2023,0.6450083333333333
LU14,LU14_16,200,LU14_2023,0.7428614583333334
LU14,LU14_17,200,LU14_2023,0.7345479166666667
LU14,LU14_19,200,LU14_2023,0.6719760416666667
LU14,LU14_20,200,LU14_2023,0.6950774305555556
LU14,LU14_250,200,LU14_2023,0.7205927083333333
LU14,LU14_30,200,LU14_2023,0.6890635416666667
LU14,LU14_31,200,LU14_2023,0.7075552083333333
LU14,LU14_33,200,LU14_2023,0.7213416666666668
LU14,LU14_37,200,LU14_2023,0.7273020833333333
LU14,LU14_47,200,LU14_2023,0.7505937500000001
LU14,LU14_48,200,LU14_2023,0.7276541666666667
LU14,LU14_49,200,LU14_2023,0.727075
LU14,LU14_51,200,LU14_2023,0.73408125
LU14,LU14_54,200,LU14_2023,0.6912416666666668
LU14,LU14_56,200,LU14_2023,0.7274729166666667
LU14,LU14_57,200,LU14_2023,0.7157010416666667
LU14,LU14_61,200,LU14_2023,0.6675229166666667
LU14,LU14_62,200,LU14_2023,0.6825020833333333
LU14,LU14_63,200,LU14_2023,0.7282000000000001
LU14,LU14_66,200,LU14_2023,0.6767791666666667
LU14,LU14_70,200,LU14_2023,0.7156958333333333
LU14,LU14_71,200,LU14_2023,0.735075
LU14,LU14_72,200,LU14_2023,0.7127020833333333
LU14,LU14_74,200,LU14_2023,0.732225
LU14,LU14_76,200,LU14_2023,0.6793291666666668
LU14,LU14_78,200,LU14_2023,0.7602479166666667
LU14,LU14_80,200,LU14_2023,0.7009895833333334
LU14,LU14_84,200,LU14_2023,0.6939437500000001
LU14,LU14_85,200,LU14_2023,0.6785541666666667
LU14,LU14_86,200,LU14_2023,0.7454020833333334
LU14,LU14_88,200,LU14_2023,0.7273468750000001
LU14,LU14_91,200,LU14_2023,0.6918083333333334
LU14,LU14_92,200,LU14_2023,0.6999868055555556
LU14,LU14_96,200,LU14_2023,0.7379187500000001
LU14,LU14_97,200,LU14_2023,0.7128940972222223
LU14,LU14_75,200,LU14_2023,0.7253395833333334
LU16,LU16_2,200,LU16_2023,0.7124725694444445
LU16,LU16_3,200,LU16_2023,0.6836638888888888
LU16,LU16_15,200,LU16_2023,0.6934458333333333
LU16,LU16_20,200,LU16_2023,0.6964
LU16,LU16_200,200,LU16_2023,0.7198913194444444
LU16,LU16_201,200,LU16_2023,0.6592828125000001
LU16,LU16_202,200,LU16_2023,0.7325541666666666
LU16,LU16_203,200,LU16_2023,0.7733541666666668
LU16,LU16_22,200,LU16_2023,0.6858541666666668
LU16,LU16_23,200,LU16_2023,0.7003375000000001
LU16,LU16_24,200,LU16_2023,0.5366072916666668
LU16,LU16_25,200,LU16_2023,0.7193833333333334
LU16,LU16_26,200,LU16_2023,0.6546666666666666
LU16,LU16_270,200,LU16_2023,0.6847708333333333
LU16,LU16_28,200,LU16_2023,0.7377958333333333
LU16,LU16_300,200,LU16_2023,0.6608666666666667
LU16,LU16_301,200,LU16_2023,0.34215625000000005
LU16,LU16_302,200,LU16_2023,0.6562770833333333
LU16,LU16_303,200,LU16_2023,0.6741059027777778
LU16,LU16_313,200,LU16_2023,0.6710541666666667
LU16,LU16_314,200,LU16_2023,0.674190625
LU16,LU16_36,200,LU16_2023,0.6749395833333334
LU16,LU16_37,200,LU16_2023,0.7424958333333334
LU16,LU16_49,200,LU16_2023,0.6107458333333333
LU16,LU16_52,200,LU16_2023,0.5846395833333333
LU16,LU16_54,200,LU16_2023,0.5936604166666667
LU16,LU16_55,200,LU16_2023,0.58611875
LU16,LU16_57,200,LU16_2023,0.5626854166666667
LU16,LU16_58,200,LU16_2023,0.5824343750000001
LU16,LU16_60,200,LU16_2023,0.6264652777777777
LU16,LU16_62,200,LU16_2023,0.5835666666666667
LU16,LU16_63,200,LU16_2023,0.6194473958333333
LU16,LU16_64,200,LU16_2023,0.6429916666666667
LU16,LU16_67,200,LU16_2023,0.5786354166666667
LU16,LU16_68,200,LU16_2023,0.5012208333333333
LU16,LU16_69,200,LU16_2023,0.6353333333333333
LU16,LU16_70,200,LU16_2023,0.5748427083333334
LU16,LU16_71,200,LU16_2023,0.5387020833333334
LU16,LU16_72,200,LU16_2023,0.644715625
LU16,LU16_73,200,LU16_2023,0.5615187500000001
LU16,LU16_74,200,LU16_2023,0.6300656250000001
LU16,LU16_75,200,LU16_2023,0.4454041666666667
LU16,LU16_77,200,LU16_2023,0.5421708333333334
LU16,LU16_80,200,LU16_2023,0.5719333333333333
LU16,LU16_81,200,LU16_2023,0.5053135416666668
LU16,LU16_83,200,LU16_2023,0.6012079861111111
LU16,LU16_84,200,LU16_2023,0.6077388888888889
LU16,LU16_85,200,LU16_2023,0.57665625
LU16,LU16_88,200,LU16_2023,0.5465046875
LU22,LU22_110,200,LU22_2023,0.7480145833333334
LU22,LU22_48,200,LU22_2023,0.7612916666666667
LU22,LU22_107,200,LU22_2023,0.77361875
LU22,LU22_49,200,LU22_2023,0.7668729166666667
LU22,LU22_103,200,LU22_2023,0.7241270833333333
LU22,LU22_44,200,LU22_2023,0.7563447916666668
LU22,LU22_21,200,LU22_2023,0.7952375
LU22,LU22_15,200,LU22_2023,0.7739057291666667
LU22,LU22_50,200,LU22_2023,0.7566494791666667
LU22,LU22_38,200,LU22_2023,0.7540239583333334
LU22,LU22_22,200,LU22_2023,0.75785
LU22,LU22_85,200,LU22_2023,0.7028197916666666
LU22,LU22_33,200,LU22_2023,0.7412708333333333
LU22,LU22_34,200,LU22_2023,0.7035083333333333
LU22,LU22_11,200,LU22_2023,0.7124854166666668
LU22,LU22_29,200,LU22_2023,0.7936385416666667
LU22,LU22_86,200,LU22_2023,0.74690625
LU22,LU22_80,200,LU22_2023,0.7312057291666667
LU22,LU22_17,200,LU22_2023,0.7817833333333334
LU22,LU22_35,200,LU22_2023,0.7676625
LU22,LU22_63,200,LU22_2023,0.6726208333333333
LU22,LU22_30,200,LU22_2023,0.8010921875000001
LU22,LU22_4,200,LU22_2023,0.7515833333333334
LU22,LU22_36,200,LU22_2023,0.741025
LU22,LU22_76,200,LU22_2023,0.6968125000000001
LU22,LU22_5,200,LU22_2023,0.7514520833333334
LU22,LU22_87,200,LU22_2023,0.7273833333333333
LU22,LU22_25,200,LU22_2023,0.7805208333333333
LU22,LU22_89,200,LU22_2023,0.6982203124999999
LU22,LU22_18,200,LU22_2023,0.7753229166666668
LU22,LU22_32,200,LU22_2023,0.74975
LU22,LU22_8,200,LU22_2023,0.7716791666666667
LU22,LU22_6,200,LU22_2023,0.7461270833333333
LU22,LU22_81,200,LU22_2023,0.7112541666666667
LU22,LU22_7,200,LU22_2023,0.7696479166666668
LU22,LU22_69,200,LU22_2023,0.7609916666666667
LU22,LU22_70,200,LU22_2023,0.7255458333333333
LU22,LU22_82,200,LU22_2023,0.7484052083333333
LU22,LU22_94,200,LU22_2023,0.7184677083333334
LU22,LU22_101,200,LU22_2023,0.7545088541666667
LU22,LU22_71,200,LU22_2023,0.7469369791666667
LU22,LU22_77,200,LU22_2023,0.76679375
LU22,LU22_72,200,LU22_2023,0.7398354166666667
LU22,LU22_65,200,LU22_2023,0.7609739583333335
LU22,LU22_60,200,LU22_2023,0.7117958333333334
LU22,LU22_61,200,LU22_2023,0.762625
LU22,LU22_53,200,LU22_2023,0.7833645833333334
LU22,LU22_46,200,LU22_2023,0.7647843750000001
LU22,LU22_40,200,LU22_2023,0.6878333333333334
LU22,LU22_47,200,LU22_2023,0.7794041666666667
LU4,LU4_N15_24,200,LU4_2024,0.6933708333333334
LU4,LU4_M14_24,200,LU4_2024,0.7037375
LU4,LU4_J14_24,200,LU4_2024,0.6808562499999999
LU4,LU4_J15_24,200,LU4_2024,0.6724854166666667
LU4,LU4_I12_24,200,LU4_2024,0.6764354166666667
LU4,LU4_I13_24,200,LU4_2024,0.6688427083333334
LU4,LU4_Q10_24,200,LU4_2024,0.7122979166666668
LU4,LU4_O10_24,200,LU4_2024,0.71498125
LU4,LU4_R7_24,200,LU4_2024,0.73775
LU4,LU4_R9_24,200,LU4_2024,0.7110666666666667
LU4,LU4_T8_24,200,LU4_2024,0.758425
LU4,LU4_O16_24,200,LU4_2024,0.6848083333333334
LU4,LU4_J26_24,200,LU4_2024,0.672025
LU4,LU4_K25_24,200,LU4_2024,0.6782953125
LU4,LU4_L23_24,200,LU4_2024,0.69093125
LU4,LU4_H26_24,200,LU4_2024,0.6666125
LU4,LU4_K23_24,200,LU4_2024,0.6794229166666668
LU4,LU4_J21_24,200,LU4_2024,0.7220020833333334
LU4,LU4_I21_24,200,LU4_2024,0.7174854166666668
LU4,LU4_N30_24,200,LU4_2024,0.6855979166666667
LU4,LU4_O23_24,200,LU4_2024,0.6772958333333333
LU4,LU4_O22_24,200,LU4_2024,0.7020979166666668
LU4,LU4_L18_24,200,LU4_2024,0.669259375
LU4,LU4_L17_24,200,LU4_2024,0.6674562500000001
LU4,LU4_K17_24,200,LU4_2024,0.682
LU4,LU4_K19_24,200,LU4_2024,0.7359687500000001
LU4,LU4_I22_24,200,LU4_2024,0.6946270833333333
LU4,LU4_Q20_24,200,LU4_2024,0.6917479166666667
LU4,LU4_V25_24,200,LU4_2024,0.6758645833333333
LU4,LU4_P22_24,200,LU4_2024,0.7132375000000001
LU4,LU4_O21_24,200,LU4_2024,0.7554191666666668
LU4,LU4_P17_24,200,LU4_2024,0.6828541666666668
LU4,LU4_Q16_24,200,LU4_2024,0.6614
LU4,LU4_V19_24,200,LU4_2024,0.7196875
LU4,LU4_O17_24,200,LU4_2024,0.6641125
LU4,LU4_W19_24,200,LU4_2024,0.7083020833333333
LU4,LU4_Y25_24,200,LU4_2024,0.6994645833333334
LU4,LU4_S17_24,200,LU4_2024,0.7064750000000001
LU4,LU4_S18_24,200,LU4_2024,0.6974296875000001
LU4,LU4_R14_24,200,LU4_2024,0.69273125
LU4,LU4_V17_24,200,LU4_2024,0.6375333333333333
LU4,LU4_U15_24,200,LU4_2024,0.7174416666666668
LU4,LU4_M12_24,200,LU4_2024,0.7125316666666667
LU4,LU4_O13_24,200,LU4_2024,0.7369562500000001
LU4,LU4_P15_24,200,LU4_2024,0.6766958333333334
LU4,LU4_E15_24,200,LU4_2024,0.6844833333333333
LU4,LU4_G17_24,200,LU4_2024,0.7248916666666667
LU4,LU4_G13_24,200,LU4_2024,0.6631958333333333
LU4,LU4_G12_24,200,LU4_2024,0.6824979166666667
LU4,LU4_F14_24,200,LU4_2024,0.6710864583333334
LU3,LU3_102_24,200,LU3_2024,0.6994401041666667
LU3,LU3_5_24,200,LU3_2024,0.6791979166666667
LU3,LU3_103_24,200,LU3_2024,0.7273572916666667
LU3,LU3_131_24,200,LU3_2024,0.7321479166666668
LU3,LU3_39_24,200,LU3_2024,0.5772541666666667
LU3,LU3_18_24,200,LU3_2024,0.68591875
LU3,LU3_20_24,200,LU3_2024,0.63771875
LU3,LU3_19_24,200,LU3_2024,0.6033000000000001
LU3,LU3_111_24,200,LU3_2024,0.6970534722222221
LU3,LU3_AB21_24,200,LU3_2024,0.6919670138888888
LU3,LU3_27_24,200,LU3_2024,0.672425
LU3,LU3_36_24,200,LU3_2024,0.7010984375000001
LU3,LU3_40_24,200,LU3_2024,0.6239635416666667
LU3,LU3_41_24,200,LU3_2024,0.6930255208333334
LU3,LU3_52_24,200,LU3_2024,0.6287041666666667
LU3,LU3_15_24,200,LU3_2024,0.7247625000000001
LU3,LU3_44_24,200,LU3_2024,0.65695625
LU3,LU3_17_24,200,LU3_2024,0.6954958333333333
LU3,LU3_147_24,200,LU3_2024,0.6721578125
LU3,LU3_51_24,200,LU3_2024,0.6496000000000001
LU3,LU3_AH7_24,200,LU3_2024,0.7358916666666667
LU3,LU3_126_24,200,LU3_2024,0.713825
LU3,LU3_129_24,200,LU3_2024,0.5939875
LU3,LU3_28_24,200,LU3_2024,0.6967239583333333
LU3,LU3_AH14_24,200,LU3_2024,0.7113833333333334
LU3,LU3_38_24,200,LU3_2024,0.7047604166666668
LU3,LU3_13_24,200,LU3_2024,0.6925045138888889
LU3,LU3_25_24,200,LU3_2024,0.62613125
LU3,LU3_21_24,200,LU3_2024,0.7401208333333333
LU3,LU3_AC10_24,200,LU3_2024,0.7402916666666667
LU3,LU3_46_24,200,LU3_2024,0.7344625
LU3,LU3_10_24,200,LU3_2024,0.7043145833333333
LU3,LU3_AE12_24,200,LU3_2024,0.7230520833333334
LU3,LU3_7_24,200,LU3_2024,0.67805
LU3,LU3_14_24,200,LU3_2024,0.6736166666666668
LU3,LU3_137_24,200,LU3_2024,0.6520776041666667
LU3,LU3_M20_24,200,LU3_2024,0.7152729166666667
LU3,LU3_L22_24,200,LU3_2024,0.6657104166666667
LU3,LU3_J23_24,200,LU3_2024,0.7199270833333333
LU3,LU3_U6_24,200,LU3_2024,0.7224145833333333
LU3,LU3_L16_24,200,LU3_2024,0.6888916666666667
LU3,LU3_N18_24,200,LU3_2024,0.7122343750000001
LU3,LU3_L15_24,200,LU3_2024,0.6557552083333333
LU3,LU3_32_24,200,LU3_2024,0.6976479166666667
LU3,LU3_W7_24,200,LU3_2024,0.7199395833333333
LU3,LU3_45_24,200,LU3_2024,0.7345583333333333
LU3,LU3_50_24,200,LU3_2024,0.6643986111111111
LU3,LU3_49_24,200,LU3_2024,0.6950229166666667
LU3,LU3_Y8_24,200,LU3_2024,0.6924744791666668
LU3,LU3_48_24,200,LU3_2024,0.6761479166666667
LU2,LU2_21_24,200,LU2_2024,0.70515625
LU2,LU2_34_24,200,LU2_2024,0.7777333333333334
LU2,LU2_O25_24,200,LU2_2024,0.7784604166666668
LU2,LU2_W21_24,200,LU2_2024,0.7755017361111111
LU2,LU2_36_24,200,LU2_2024,0.7820166666666667
LU2,LU2_15_24,200,LU2_2024,0.7677114583333333
LU2,LU2_13_24,200,LU2_2024,0.7528250000000001
LU2,LU2_5_24,200,LU2_2024,0.7789229166666667
LU2,LU2_101_24,200,LU2_2024,0.7794083333333334
LU2,LU2_32_24,200,LU2_2024,0.7605270833333333
LU2,LU2_Q24_24,200,LU2_2024,0.7687
LU2,LU2_56_24,200,LU2_2024,0.7857895833333334
LU2,LU2_I15_24,200,LU2_2024,0.768959375
LU2,LU2_L20_24,200,LU2_2024,0.7537395833333334
LU2,LU2_L46_24,200,LU2_2024,0.7596145833333333
LU2,LU2_110_24,200,LU2_2024,0.7737770833333334
LU2,LU2_39_24,200,LU2_2024,0.7824062500000001
LU2,LU2_17_24,200,LU2_2024,0.7317
LU2,LU2_155_24,200,LU2_2024,0.7592958333333334
LU2,LU2_50_24,200,LU2_2024,0.7802347222222221
LU2,LU2_O16_24,200,LU2_2024,0.7754833333333333
LU2,LU2_U13_24,200,LU2_2024,0.7801572916666666
LU2,LU2_44_24,200,LU2_2024,0.7548755208333333
LU2,LU2_143_24,200,LU2_2024,0.7610687500000001
LU2,LU2_18_24,200,LU2_2024,0.77044375
LU2,LU2_52_24,200,LU2_2024,0.7617510416666667
LU2,LU2_123_24,200,LU2_2024,0.77351875
LU2,LU2_H16_24,200,LU2_2024,0.7643645833333333
LU2,LU2_27_24,200,LU2_2024,0.7397677083333334
LU2,LU2_31_24,200,LU2_2024,0.7705916666666667
LU2,LU2_3_24,200,LU2_2024,0.7650729166666668
LU2,LU2_J27_24,200,LU2_2024,0.7787458333333334
LU2,LU2_E27_24,200,LU2_2024,0.7685625
LU2,LU2_G25_24,200,LU2_2024,0.7525489583333332
LU2,LU2_G26_24,200,LU2_2024,0.7556958333333332
LU2,LU2_106_24,200,LU2_2024,0.7063125
LU2,LU2_20_24,200,LU2_2024,0.7719729166666668
LU2,LU2_25_24,200,LU2_2024,0.7741229166666668
LU2,LU2_40_24,200,LU2_2024,0.7442666666666667
LU2,LU2_38_24,200,LU2_2024,0.75329375
LU2,LU2_137_24,200,LU2_2024,0.7678239583333334
LU2,LU2_47_24,200,LU2_2024,0.7661505208333333
LU2,LU2_26_24,200,LU2_2024,0.7570953125
LU2,LU2_H26_24,200,LU2_2024,0.7782260416666668
LU2,LU2_29_24,200,LU2_2024,0.7327864583333333
LU2,LU2_K26_24,200,LU2_2024,0.7594166666666667
LU2,LU2_100_24,200,LU2_2024,0.7067395833333333
LU2,LU2_30_24,200,LU2_2024,0.74021875
LU2,LU2_33_24,200,LU2_2024,0.7793083333333334
LU2,LU2_M25_24,200,LU2_2024,0.7547270833333334
LU8,LU8_N19_24,200,LU8_2024,0.7733
LU8,LU8_M19_24,200,LU8_2024,0.7595270833333333
LU8,LU8_N20_24,200,LU8_2024,0.7289541666666668
LU8,LU8_O20_24,200,LU8_2024,0.71496875
LU8,LU8_N18_24,200,LU8_2024,0.7605885416666667
LU8,LU8_S25_24,200,LU8_2024,0.7238833333333333
LU8,LU8_AC29_24,200,LU8_2024,0.6731520833333334
LU8,LU8_AC28_24,200,LU8_2024,0.6615020833333334
LU8,LU8_AB29_24,200,LU8_2024,0.6451677083333334
LU8,LU8_AC30_24,200,LU8_2024,0.6772041666666667
LU8,LU8_T25_24,200,LU8_2024,0.7077052083333334
LU8,LU8_S24_24,200,LU8_2024,0.6474041666666667
LU8,LU8_AE29_24,200,LU8_2024,0.7148541666666667
LU8,LU8_AD29_24,200,LU8_2024,0.6744145833333334
LU8,LU8_AD28_24,200,LU8_2024,0.6867489583333334
LU8,LU8_AD27_24,200,LU8_2024,0.70086875
LU8,LU8_AC24_24,200,LU8_2024,0.6615104166666668
LU8,LU8_AC25_24,200,LU8_2024,0.6224500000000001
LU8,LU8_AC31_24,200,LU8_2024,0.6639645833333333
LU8,LU8_AB31_24,200,LU8_2024,0.6906645833333334
LU2,LU2_3,250,LU2_2021,0.762225
LU2,LU2_5,250,LU2_2021,0.7789229166666667
LU2,LU2_100,250,LU2_2021,0.7067395833333333
LU2,LU2_101,250,LU2_2021,0.7795458333333334
LU2,LU2_106,250,LU2_2021,0.7063125
LU2,LU2_110,250,LU2_2021,0.7737770833333334
LU2,LU2_119,250,LU2_2021,0.772821875
LU2,LU2_123,250,LU2_2021,0.7794489583333334
LU2,LU2_13,250,LU2_2021,0.7409177083333334
LU2,LU2_137,250,LU2_2021,0.7678239583333334
LU2,LU2_143,250,LU2_2021,0.7702197916666667
LU2,LU2_15,250,LU2_2021,0.7677114583333333
LU2,LU2_153,250,LU2_2021,0.7712083333333333
LU2,LU2_155,250,LU2_2021,0.7623718750000001
LU2,LU2_17,250,LU2_2021,0.7317
LU2,LU2_18,250,LU2_2021,0.77044375
LU2,LU2_20,250,LU2_2021,0.7719729166666668
LU2,LU2_21,250,LU2_2021,0.7272104166666666
LU2,LU2_24,250,LU2_2021,0.735365625
LU2,LU2_25,250,LU2_2021,0.7741229166666668
LU2,LU2_26,250,LU2_2021,0.7570953125
LU2,LU2_27,250,LU2_2021,0.7397677083333334
LU2,LU2_29,250,LU2_2021,0.7327864583333333
LU2,LU2_30,250,LU2_2021,0.74021875
LU2,LU2_31,250,LU2_2021,0.7759645833333333
LU2,LU2_32,250,LU2_2021,0.7377916666666666
LU2,LU2_33,250,LU2_2021,0.78370729166666675
LU2,LU2_34,250,LU2_2021,0.7777333333333334
LU2,LU2_36,250,LU2_2021,0.7820166666666667
LU2,LU2_38,250,LU2_2021,0.7447489583333333
LU2,LU2_39,250,LU2_2021,0.7824062500000001
LU2,LU2_40,250,LU2_2021,0.74210625
LU2,LU2_42,250,LU2_2021,0.7896302083333333
LU2,LU2_44,250,LU2_2021,0.7544333333333333
LU2,LU2_46,250,LU2_2021,0.7596145833333333
LU2,LU2_47,250,LU2_2021,0.77799375
LU2,LU2_50,250,LU2_2021,0.7852166666666668
LU2,LU2_51,250,LU2_2021,0.7649541666666667
LU2,LU2_52,250,LU2_2021,0.76624375
LU2,LU2_54,250,LU2_2021,0.7729270833333334
LU2,LU2_56,250,LU2_2021,0.7857895833333334
LU2,LU2_57,250,LU2_2021,0.7552791666666667
LU3,LU3_5,250,LU3_2021,0.6791979166666667
LU3,LU3_7,250,LU3_2021,0.67805
LU3,LU3_10,250,LU3_2021,0.7043145833333333
LU3,LU3_102,250,LU3_2021,0.7148770833333333
LU3,LU3_103,250,LU3_2021,0.7273572916666667
LU3,LU3_106,250,LU3_2021,0.6275385416666667
LU3,LU3_111,250,LU3_2021,0.7094333333333334
LU3,LU3_126,250,LU3_2021,0.7289291666666666
LU3,LU3_129,250,LU3_2021,0.5939875
LU3,LU3_13,250,LU3_2021,0.6826166666666668
LU3,LU3_131,250,LU3_2021,0.7321479166666668
LU3,LU3_137,250,LU3_2021,0.638409375
LU3,LU3_14,250,LU3_2021,0.6756020833333334
LU3,LU3_147,250,LU3_2021,0.6719437500000001
LU3,LU3_15,250,LU3_2021,0.7247625000000001
LU3,LU3_17,250,LU3_2021,0.6954958333333333
LU3,LU3_18,250,LU3_2021,0.6850083333333334
LU3,LU3_19,250,LU3_2021,0.6033000000000001
LU3,LU3_20,250,LU3_2021,0.6414885416666667
LU3,LU3_21,250,LU3_2021,0.7401208333333333
LU3,LU3_25,250,LU3_2021,0.62613125
LU3,LU3_27,250,LU3_2021,0.672425
LU3,LU3_28,250,LU3_2021,0.6967239583333333
LU3,LU3_32,250,LU3_2021,0.6976479166666667
LU3,LU3_36,250,LU3_2021,0.6985125
LU3,LU3_38,250,LU3_2021,0.7047604166666668
LU3,LU3_39,250,LU3_2021,0.5478901041666666
LU3,LU3_40,250,LU3_2021,0.6239635416666667
LU3,LU3_41,250,LU3_2021,0.6930255208333334
LU3,LU3_44,250,LU3_2021,0.6723270833333334
LU3,LU3_45,250,LU3_2021,0.7156895833333333
LU3,LU3_46,250,LU3_2021,0.7344625
LU3,LU3_48,250,LU3_2021,0.6761479166666667
LU3,LU3_50,250,LU3_2021,0.5376166666666667
LU3,LU3_51,250,LU3_2021,0.6496000000000001
LU3,LU3_52,250,LU3_2021,0.6287041666666667
LU3,LU3_49,250,LU3_2021,0.6950229166666667
LU13,LU13_18,250,LU13_2022,0.6139458333333333
LU13,LU13_15,250,LU13_2022,0.6459625
LU13,LU13_3,250,LU13_2022,0.6917666666666668
LU13,LU13_34,250,LU13_2022,0.52894375
LU13,LU13_57,250,LU13_2022,0.6983312500000001
LU13,LU13_16,250,LU13_2022,0.6848302083333333
LU13,LU13_21,250,LU13_2022,0.46166041666666674
LU13,LU13_37,250,LU13_2022,0.62871875
LU13,LU13_55,250,LU13_2022,0.6439833333333334
LU13,LU13_47,250,LU13_2022,0.7221458333333334
LU13,LU13_51,250,LU13_2022,0.6827645833333333
LU13,LU13_27,250,LU13_2022,0.69418125
LU13,LU13_5,250,LU13_2022,0.7140729166666667
LU13,LU13_26,250,LU13_2022,0.7024333333333334
LU13,LU13_35,250,LU13_2022,0.6510458333333333
LU13,LU13_13,250,LU13_2022,0.7193270833333333
LU13,LU13_128,250,LU13_2022,0.6942354166666668
LU13,LU13_131,250,LU13_2022,0.6987416666666667
LU13,LU13_12,250,LU13_2022,0.6747416666666667
LU13,LU13_33,250,LU13_2022,0.6781
LU13,LU13_32,250,LU13_2022,0.6759125
LU13,LU13_30,250,LU13_2022,0.65924375
LU13,LU13_53,250,LU13_2022,0.653759375
LU13,LU13_22,250,LU13_2022,0.7217416666666667
LU13,LU13_19,250,LU13_2022,0.7078916666666667
LU13,LU13_45,250,LU13_2022,0.7023583333333333
LU13,LU13_8,250,LU13_2022,0.6849791666666667
LU13,LU13_43,250,LU13_2022,0.6756447916666667
LU13,LU13_41,250,LU13_2022,0.6856645833333334
LU13,LU13_59,250,LU13_2022,0.69186875
LU13,LU13_6,250,LU13_2022,0.7192458333333334
LU13,LU13_14,250,LU13_2022,0.683828125
LU13,LU13_52,250,LU13_2022,0.6158041666666667
LU13,LU13_36,250,LU13_2022,0.6637895833333334
LU13,LU13_38,250,LU13_2022,0.6281635416666667
LU13,LU13_20,250,LU13_2022,0.5773375000000001
LU13,LU13_17,250,LU13_2022,0.6887895833333333
LU13,LU13_56,250,LU13_2022,0.6206583333333334
LU13,LU13_49,250,LU13_2022,0.6712666666666667
LU13,LU13_70,250,LU13_2022,0.7117187500000001
LU13,LU13_11,250,LU13_2022,0.72126875
LU15,LU15_44,250,LU15_2022,0.6915333333333333
LU15,LU15_11,250,LU15_2022,0.6644265625000001
LU15,LU15_19,250,LU15_2022,0.6841291666666667
LU15,LU15_7,250,LU15_2022,0.7492770833333333
LU15,LU15_34,250,LU15_2022,0.6756552083333334
LU15,LU15_37,250,LU15_2022,0.6456895833333334
LU15,LU15_18,250,LU15_2022,0.6881375000000001
LU15,LU15_43,250,LU15_2022,0.7185770833333334
LU15,LU15_10,250,LU15_2022,0.6853
LU15,LU15_58,250,LU15_2022,0.706996875
LU15,LU15_8,250,LU15_2022,0.6790750000000001
LU15,LU15_12,250,LU15_2022,0.64394375
LU15,LU15_17,250,LU15_2022,0.6910604166666667
LU15,LU15_1,250,LU15_2022,0.6345947916666668
LU15,LU15_26,250,LU15_2022,0.6714458333333333
LU15,LU15_27,250,LU15_2022,0.6754833333333333
LU15,LU15_28,250,LU15_2022,0.6914375
LU15,LU15_2,250,LU15_2022,0.6562666666666667
LU15,LU15_29,250,LU15_2022,0.66495625
LU15,LU15_30,250,LU15_2022,0.6892770833333334
LU15,LU15_31,250,LU15_2022,0.69586875
LU15,LU15_32,250,LU15_2022,0.6863791666666668
LU15,LU15_20,250,LU15_2022,0.7364208333333333
LU15,LU15_21,250,LU15_2022,0.7695614583333334
LU15,LU15_23,250,LU15_2022,0.6960885416666667
LU15,LU15_41,250,LU15_2022,0.6896562500000001
LU15,LU15_25,250,LU15_2022,0.69926875
LU15,LU15_9,250,LU15_2022,0.6972270833333334
LU15,LU15_24,250,LU15_2022,0.7253171875
LU15,LU15_46,250,LU15_2022,0.7347888888888888
LU15,LU15_40,250,LU15_2022,0.6882395833333333
LU15,LU15_16,250,LU15_2022,0.71678125
LU15,LU15_4,250,LU15_2022,0.6169770833333333
LU15,LU15_36,250,LU15_2022,0.6500750000000001
LU15,LU15_3,250,LU15_2022,0.73284375
LU15,LU15_15,250,LU15_2022,0.6301625
LU15,LU15_14,250,LU15_2022,0.7414645833333333
LU15,LU15_22,250,LU15_2022,0.6374041666666668
LU15,LU15_61,250,LU15_2022,0.6903645833333334
LU21,LU21_106,250,LU21_2022,0.7319906250000001
LU21,LU21_10,250,LU21_2022,0.6204875000000001
LU21,LU21_16,250,LU21_2022,0.6611708333333334
LU21,LU21_107,250,LU21_2022,0.6719812500000001
LU21,LU21_41,250,LU21_2022,0.6952145833333334
LU21,LU21_63,250,LU21_2022,0.637275
LU21,LU21_27,250,LU21_2022,0.66805625
LU21,LU21_23,250,LU21_2022,0.6737302083333334
LU21,LU21_21,250,LU21_2022,0.68934375
LU21,LU21_82,250,LU21_2022,0.6771166666666667
LU21,LU21_871,250,LU21_2022,0.7637604166666667
LU21,LU21_164,250,LU21_2022,0.6001864583333334
LU21,LU21_36,250,LU21_2022,0.6285208333333333
LU21,LU21_14,250,LU21_2022,0.6836177083333335
LU21,LU21_32,250,LU21_2022,0.6758006944444445
LU21,LU21_126,250,LU21_2022,0.6792354166666668
LU21,LU21_122,250,LU21_2022,0.6784291666666667
LU21,LU21_56,250,LU21_2022,0.6925
LU21,LU21_57,250,LU21_2022,0.6946281249999999
LU21,LU21_9,250,LU21_2022,0.6760937499999999
LU21,LU21_98,250,LU21_2022,0.7029586805555557
LU21,LU21_119,250,LU21_2022,0.7176854166666667
LU21,LU21_52,250,LU21_2022,0.7104826388888889
LU21,LU21_59,250,LU21_2022,0.6522416666666667
LU21,LU21_68,250,LU21_2022,0.7166927083333334
LU21,LU21_109,250,LU21_2022,0.7274791666666667
LU21,LU21_93,250,LU21_2022,0.713734375
LU21,LU21_114,250,LU21_2022,0.7329187500000001
LU21,LU21_105,250,LU21_2022,0.7154083333333333
LU21,LU21_100,250,LU21_2022,0.7248145833333334
LU21,LU21_74,250,LU21_2022,0.6852041666666667
LU21,LU21_78,250,LU21_2022,0.6752687500000001
LU21,LU21_153,250,LU21_2022,0.7044260416666668
LU21,LU21_6,250,LU21_2022,0.7215843750000001
LU21,LU21_116,250,LU21_2022,0.6803302083333334
LU21,LU21_97,250,LU21_2022,0.6788083333333333
LU1,LU1_13,250,LU1_2022,0.73251875
LU1,LU1_30,250,LU1_2022,0.6635145833333334
LU1,LU1_85,250,LU1_2022,0.7403583333333333
LU1,LU1_66,250,LU1_2022,0.7166791666666668
LU1,LU1_76,250,LU1_2022,0.6629666666666667
LU1,LU1_73,250,LU1_2022,0.6750645833333333
LU1,LU1_75,250,LU1_2022,0.70784375
LU1,LU1_47,250,LU1_2022,0.6333979166666668
LU1,LU1_74,250,LU1_2022,0.74514375
LU1,LU1_44,250,LU1_2022,0.6079270833333333
LU1,LU1_41,250,LU1_2022,0.7339291666666667
LU1,LU1_64,250,LU1_2022,0.6769437500000001
LU1,LU1_86,250,LU1_2022,0.6756645833333333
LU1,LU1_79,250,LU1_2022,0.63546875
LU1,LU1_63,250,LU1_2022,0.6561416666666667
LU1,LU1_72,250,LU1_2022,0.6821645833333333
LU1,LU1_67,250,LU1_2022,0.7353770833333333
LU1,LU1_77,250,LU1_2022,0.5797010416666666
LU1,LU1_32,250,LU1_2022,0.6671
LU1,LU1_36,250,LU1_2022,0.711653125
LU1,LU1_84,250,LU1_2022,0.7167604166666667
LU1,LU1_25,250,LU1_2022,0.6283937500000001
LU1,LU1_83,250,LU1_2022,0.6708437500000001
LU1,LU1_80,250,LU1_2022,0.6432125000000001
LU1,LU1_70,250,LU1_2022,0.7012458333333333
LU1,LU1_48,250,LU1_2022,0.7054854166666666
LU1,LU1_45,250,LU1_2022,0.6863166666666667
LU1,LU1_11,250,LU1_2022,0.561675
LU1,LU1_40,250,LU1_2022,0.7315312500000001
LU1,LU1_6,250,LU1_2022,0.7604770833333333
LU1,LU1_10,250,LU1_2022,0.7484895833333334
LU1,LU1_43,250,LU1_2022,0.6281734375000001
LU1,LU1_71,250,LU1_2022,0.6424729166666667
LU1,LU1_22,250,LU1_2022,0.6289687500000001
LU1,LU1_60,250,LU1_2022,0.6486229166666667
LU1,LU1_78,250,LU1_2022,0.6481229166666668
LU1,LU1_46,250,LU1_2022,0.6328750000000001
LU1,LU1_82,250,LU1_2022,0.7002458333333333
LU1,LU1_27,250,LU1_2022,0.63238125
LU9,LU9_5,250,LU9_2023,0.6016229166666667
LU9,LU9_6,250,LU9_2023,0.75281875
LU9,LU9_7,250,LU9_2023,0.7234947916666667
LU9,LU9_8,250,LU9_2023,0.7651630208333333
LU9,LU9_100,250,LU9_2023,0.6259395833333333
LU9,LU9_102,250,LU9_2023,0.7967666666666667
LU9,LU9_106,250,LU9_2023,0.6704729166666668
LU9,LU9_112,250,LU9_2023,0.6779354166666667
LU9,LU9_113,250,LU9_2023,0.6412916666666667
LU9,LU9_12,250,LU9_2023,0.76055625
LU9,LU9_13,250,LU9_2023,0.6858395833333334
LU9,LU9_18,250,LU9_2023,0.7520104166666667
LU9,LU9_21,250,LU9_2023,0.6983270833333334
LU9,LU9_24,250,LU9_2023,0.7480041666666667
LU9,LU9_28,250,LU9_2023,0.7404145833333333
LU9,LU9_29,250,LU9_2023,0.745325
LU9,LU9_30,250,LU9_2023,0.6653979166666667
LU9,LU9_31,250,LU9_2023,0.7398520833333333
LU9,LU9_32,250,LU9_2023,0.7812250000000001
LU9,LU9_33,250,LU9_2023,0.7626329861111111
LU9,LU9_39,250,LU9_2023,0.6968229166666667
LU9,LU9_41,250,LU9_2023,0.76848125
LU9,LU9_44,250,LU9_2023,0.6952208333333333
LU9,LU9_51,250,LU9_2023,0.6897885416666667
LU9,LU9_55,250,LU9_2023,0.7077958333333333
LU9,LU9_57,250,LU9_2023,0.6890375000000001
LU9,LU9_62,250,LU9_2023,0.7345208333333333
LU9,LU9_63,250,LU9_2023,0.7098927083333333
LU9,LU9_64,250,LU9_2023,0.7214958333333333
LU9,LU9_65,250,LU9_2023,0.7277291666666668
LU9,LU9_67,250,LU9_2023,0.6797125
LU9,LU9_68,250,LU9_2023,0.7076770833333333
LU9,LU9_72,250,LU9_2023,0.7430901041666667
LU9,LU9_73,250,LU9_2023,0.69174375
LU9,LU9_75,250,LU9_2023,0.6682375
LU9,LU9_76,250,LU9_2023,0.7190000000000001
LU9,LU9_77,250,LU9_2023,0.6951708333333333
LU9,LU9_79,250,LU9_2023,0.7257833333333333
LU9,LU9_80,250,LU9_2023,0.72126875
LU9,LU9_81,250,LU9_2023,0.6908416666666667
LU9,LU9_82,250,LU9_2023,0.6927895833333333
LU9,LU9_85,250,LU9_2023,0.7004625
LU9,LU9_86,250,LU9_2023,0.6978052083333335
LU9,LU9_87,250,LU9_2023,0.7049145833333333
LU9,LU9_90,250,LU9_2023,0.6916270833333333
LU9,LU9_93,250,LU9_2023,0.7924416666666667
LU9,LU9_94,250,LU9_2023,0.7957520833333334
LU9,LU9_96,250,LU9_2023,0.6711729166666667
LU9,LU9_98,250,LU9_2023,0.676425
LU9,LU9_27,250,LU9_2023,0.70455
LU14,LU14_3,250,LU14_2023,0.7407
LU14,LU14_7,250,LU14_2023,0.7624104166666668
LU14,LU14_8,250,LU14_2023,0.7110979166666667
LU14,LU14_9,250,LU14_2023,0.7045739583333335
LU14,LU14_100,250,LU14_2023,0.6971291666666667
LU14,LU14_102,250,LU14_2023,0.7245916666666667
LU14,LU14_105,250,LU14_2023,0.7585895833333334
LU14,LU14_110,250,LU14_2023,0.6775375
LU14,LU14_114,250,LU14_2023,0.7140802083333333
LU14,LU14_115,250,LU14_2023,0.69244375
LU14,LU14_120,250,LU14_2023,0.6914104166666667
LU14,LU14_121,250,LU14_2023,0.7063708333333334
LU14,LU14_131,250,LU14_2023,0.7129333333333333
LU14,LU14_135,250,LU14_2023,0.6450083333333333
LU14,LU14_16,250,LU14_2023,0.7428614583333334
LU14,LU14_17,250,LU14_2023,0.731740625
LU14,LU14_19,250,LU14_2023,0.6719760416666667
LU14,LU14_20,250,LU14_2023,0.7092833333333334
LU14,LU14_250,250,LU14_2023,0.7205927083333333
LU14,LU14_30,250,LU14_2023,0.6848833333333333
LU14,LU14_31,250,LU14_2023,0.7129031250000001
LU14,LU14_33,250,LU14_2023,0.7213416666666668
LU14,LU14_37,250,LU14_2023,0.7273020833333333
LU14,LU14_47,250,LU14_2023,0.7505937500000001
LU14,LU14_48,250,LU14_2023,0.7276541666666667
LU14,LU14_49,250,LU14_2023,0.727075
LU14,LU14_51,250,LU14_2023,0.7416479166666667
LU14,LU14_54,250,LU14_2023,0.6912416666666668
LU14,LU14_56,250,LU14_2023,0.7274729166666667
LU14,LU14_57,250,LU14_2023,0.7157010416666667
LU14,LU14_61,250,LU14_2023,0.6675229166666667
LU14,LU14_62,250,LU14_2023,0.6825020833333333
LU14,LU14_63,250,LU14_2023,0.7282000000000001
LU14,LU14_66,250,LU14_2023,0.6767791666666667
LU14,LU14_70,250,LU14_2023,0.7156958333333333
LU14,LU14_71,250,LU14_2023,0.739784375
LU14,LU14_72,250,LU14_2023,0.7127020833333333
LU14,LU14_74,250,LU14_2023,0.732225
LU14,LU14_76,250,LU14_2023,0.6793291666666668
LU14,LU14_78,250,LU14_2023,0.7602479166666667
LU14,LU14_80,250,LU14_2023,0.7009895833333334
LU14,LU14_84,250,LU14_2023,0.7124708333333334
LU14,LU14_85,250,LU14_2023,0.6863395833333333
LU14,LU14_86,250,LU14_2023,0.7454020833333334
LU14,LU14_88,250,LU14_2023,0.7226354166666668
LU14,LU14_91,250,LU14_2023,0.6996
LU14,LU14_92,250,LU14_2023,0.7072645833333333
LU14,LU14_96,250,LU14_2023,0.7379187500000001
LU14,LU14_97,250,LU14_2023,0.7064583333333333
LU14,LU14_75,250,LU14_2023,0.7253395833333334
LU16,LU16_2,250,LU16_2023,0.7072395833333334
LU16,LU16_3,250,LU16_2023,0.72050625
LU16,LU16_15,250,LU16_2023,0.6934458333333333
LU16,LU16_20,250,LU16_2023,0.6964
LU16,LU16_200,250,LU16_2023,0.7266125
LU16,LU16_201,250,LU16_2023,0.6487520833333333
LU16,LU16_202,250,LU16_2023,0.7325541666666666
LU16,LU16_203,250,LU16_2023,0.7733541666666668
LU16,LU16_22,250,LU16_2023,0.6921
LU16,LU16_23,250,LU16_2023,0.7003375000000001
LU16,LU16_24,250,LU16_2023,0.5389604166666667
LU16,LU16_25,250,LU16_2023,0.7193833333333334
LU16,LU16_26,250,LU16_2023,0.645721875
LU16,LU16_270,250,LU16_2023,0.6847708333333333
LU16,LU16_28,250,LU16_2023,0.7418854166666666
LU16,LU16_300,250,LU16_2023,0.6608666666666667
LU16,LU16_301,250,LU16_2023,0.34215625000000005
LU16,LU16_302,250,LU16_2023,0.6562770833333333
LU16,LU16_303,250,LU16_2023,0.6912875
LU16,LU16_313,250,LU16_2023,0.6710541666666667
LU16,LU16_314,250,LU16_2023,0.674190625
LU16,LU16_36,250,LU16_2023,0.6821440972222222
LU16,LU16_37,250,LU16_2023,0.7424958333333334
LU16,LU16_49,250,LU16_2023,0.6249791666666666
LU16,LU16_52,250,LU16_2023,0.5917114583333334
LU16,LU16_54,250,LU16_2023,0.5936604166666667
LU16,LU16_55,250,LU16_2023,0.58611875
LU16,LU16_57,250,LU16_2023,0.5626854166666667
LU16,LU16_58,250,LU16_2023,0.5744104166666667
LU16,LU16_60,250,LU16_2023,0.6444500000000001
LU16,LU16_62,250,LU16_2023,0.5714125
LU16,LU16_63,250,LU16_2023,0.6298583333333333
LU16,LU16_64,250,LU16_2023,0.6046875
LU16,LU16_67,250,LU16_2023,0.5750145833333333
LU16,LU16_68,250,LU16_2023,0.5012208333333333
LU16,LU16_69,250,LU16_2023,0.6308416666666667
LU16,LU16_70,250,LU16_2023,0.5748427083333334
LU16,LU16_71,250,LU16_2023,0.5387020833333334
LU16,LU16_72,250,LU16_2023,0.644715625
LU16,LU16_73,250,LU16_2023,0.5615187500000001
LU16,LU16_74,250,LU16_2023,0.6300656250000001
LU16,LU16_75,250,LU16_2023,0.4454041666666667
LU16,LU16_77,250,LU16_2023,0.5421708333333334
LU16,LU16_80,250,LU16_2023,0.5719333333333333
LU16,LU16_81,250,LU16_2023,0.5053135416666668
LU16,LU16_83,250,LU16_2023,0.5743750000000001
LU16,LU16_84,250,LU16_2023,0.6077388888888889
LU16,LU16_85,250,LU16_2023,0.57665625
LU16,LU16_88,250,LU16_2023,0.5607072916666667
LU22,LU22_110,250,LU22_2023,0.7480145833333334
LU22,LU22_48,250,LU22_2023,0.7612916666666667
LU22,LU22_107,250,LU22_2023,0.77361875
LU22,LU22_49,250,LU22_2023,0.7668729166666667
LU22,LU22_103,250,LU22_2023,0.7241270833333333
LU22,LU22_44,250,LU22_2023,0.7563447916666668
LU22,LU22_21,250,LU22_2023,0.7952375
LU22,LU22_15,250,LU22_2023,0.779817013888889
LU22,LU22_50,250,LU22_2023,0.7650041666666667
LU22,LU22_38,250,LU22_2023,0.7591833333333333
LU22,LU22_22,250,LU22_2023,0.75785
LU22,LU22_85,250,LU22_2023,0.7062447916666668
LU22,LU22_33,250,LU22_2023,0.7412708333333333
LU22,LU22_34,250,LU22_2023,0.7035083333333333
LU22,LU22_11,250,LU22_2023,0.7124854166666668
LU22,LU22_29,250,LU22_2023,0.7871104166666667
LU22,LU22_86,250,LU22_2023,0.74690625
LU22,LU22_80,250,LU22_2023,0.7284583333333333
LU22,LU22_17,250,LU22_2023,0.7817833333333334
LU22,LU22_35,250,LU22_2023,0.7676625
LU22,LU22_63,250,LU22_2023,0.6828770833333333
LU22,LU22_30,250,LU22_2023,0.7998625
LU22,LU22_4,250,LU22_2023,0.7515833333333334
LU22,LU22_36,250,LU22_2023,0.741025
LU22,LU22_76,250,LU22_2023,0.6968125000000001
LU22,LU22_5,250,LU22_2023,0.7514520833333334
LU22,LU22_87,250,LU22_2023,0.7273833333333333
LU22,LU22_25,250,LU22_2023,0.7860208333333334
LU22,LU22_89,250,LU22_2023,0.6818833333333333
LU22,LU22_18,250,LU22_2023,0.7753229166666668
LU22,LU22_32,250,LU22_2023,0.7494020833333334
LU22,LU22_8,250,LU22_2023,0.7580760416666668
LU22,LU22_6,250,LU22_2023,0.7461270833333333
LU22,LU22_81,250,LU22_2023,0.7234604166666667
LU22,LU22_7,250,LU22_2023,0.774375
LU22,LU22_69,250,LU22_2023,0.7609916666666667
LU22,LU22_70,250,LU22_2023,0.7255458333333333
LU22,LU22_82,250,LU22_2023,0.75415
LU22,LU22_94,250,LU22_2023,0.7184677083333334
LU22,LU22_101,250,LU22_2023,0.7629666666666667
LU22,LU22_71,250,LU22_2023,0.7634541666666668
LU22,LU22_77,250,LU22_2023,0.76679375
LU22,LU22_72,250,LU22_2023,0.757684375
LU22,LU22_65,250,LU22_2023,0.7609739583333335
LU22,LU22_60,250,LU22_2023,0.7170461805555556
LU22,LU22_61,250,LU22_2023,0.762625
LU22,LU22_53,250,LU22_2023,0.7820666666666667
LU22,LU22_46,250,LU22_2023,0.7643270833333333
LU22,LU22_40,250,LU22_2023,0.679475
LU22,LU22_47,250,LU22_2023,0.7794041666666667
LU4,LU4_N15_24,250,LU4_2024,0.6933708333333334
LU4,LU4_M14_24,250,LU4_2024,0.7037375
LU4,LU4_J14_24,250,LU4_2024,0.6829413194444444
LU4,LU4_J15_24,250,LU4_2024,0.68083125
LU4,LU4_I12_24,250,LU4_2024,0.6764354166666667
LU4,LU4_I13_24,250,LU4_2024,0.64994375
LU4,LU4_Q10_24,250,LU4_2024,0.7122979166666668
LU4,LU4_O10_24,250,LU4_2024,0.71498125
LU4,LU4_R7_24,250,LU4_2024,0.73775
LU4,LU4_R9_24,250,LU4_2024,0.7110666666666667
LU4,LU4_T8_24,250,LU4_2024,0.758425
LU4,LU4_O16_24,250,LU4_2024,0.6848083333333334
LU4,LU4_J26_24,250,LU4_2024,0.672025
LU4,LU4_K25_24,250,LU4_2024,0.6782953125
LU4,LU4_L23_24,250,LU4_2024,0.69093125
LU4,LU4_H26_24,250,LU4_2024,0.6666125
LU4,LU4_K23_24,250,LU4_2024,0.6866447916666667
LU4,LU4_J21_24,250,LU4_2024,0.7220020833333334
LU4,LU4_I21_24,250,LU4_2024,0.7174854166666668
LU4,LU4_N30_24,250,LU4_2024,0.6850479166666668
LU4,LU4_O23_24,250,LU4_2024,0.6772958333333333
LU4,LU4_O22_24,250,LU4_2024,0.7020979166666668
LU4,LU4_L18_24,250,LU4_2024,0.6749791666666667
LU4,LU4_L17_24,250,LU4_2024,0.6674562500000001
LU4,LU4_K17_24,250,LU4_2024,0.6815166666666668
LU4,LU4_K19_24,250,LU4_2024,0.7290177083333333
LU4,LU4_I22_24,250,LU4_2024,0.6946270833333333
LU4,LU4_Q20_24,250,LU4_2024,0.6917479166666667
LU4,LU4_V25_24,250,LU4_2024,0.6847625
LU4,LU4_P22_24,250,LU4_2024,0.7132375000000001
LU4,LU4_O21_24,250,LU4_2024,0.7724416666666667
LU4,LU4_P17_24,250,LU4_2024,0.6832364583333335
LU4,LU4_Q16_24,250,LU4_2024,0.6614
LU4,LU4_V19_24,250,LU4_2024,0.7263260416666667
LU4,LU4_O17_24,250,LU4_2024,0.6641125
LU4,LU4_W19_24,250,LU4_2024,0.7083020833333333
LU4,LU4_Y25_24,250,LU4_2024,0.698790625
LU4,LU4_S17_24,250,LU4_2024,0.7064750000000001
LU4,LU4_S18_24,250,LU4_2024,0.6889875000000001
LU4,LU4_R14_24,250,LU4_2024,0.69273125
LU4,LU4_V17_24,250,LU4_2024,0.669309375
LU4,LU4_U15_24,250,LU4_2024,0.7174416666666668
LU4,LU4_M12_24,250,LU4_2024,0.6990625
LU4,LU4_O13_24,250,LU4_2024,0.7246208333333335
LU4,LU4_P15_24,250,LU4_2024,0.6766958333333334
LU4,LU4_E15_24,250,LU4_2024,0.6844833333333333
LU4,LU4_G17_24,250,LU4_2024,0.7393375
LU4,LU4_G13_24,250,LU4_2024,0.6714697916666666
LU4,LU4_G12_24,250,LU4_2024,0.6824979166666667
LU4,LU4_F14_24,250,LU4_2024,0.6851947916666667
LU3,LU3_102_24,250,LU3_2024,0.7148770833333333
LU3,LU3_5_24,250,LU3_2024,0.6791979166666667
LU3,LU3_103_24,250,LU3_2024,0.7273572916666667
LU3,LU3_131_24,250,LU3_2024,0.7321479166666668
LU3,LU3_39_24,250,LU3_2024,0.5772541666666667
LU3,LU3_18_24,250,LU3_2024,0.6850083333333334
LU3,LU3_20_24,250,LU3_2024,0.6414885416666667
LU3,LU3_19_24,250,LU3_2024,0.6033000000000001
LU3,LU3_111_24,250,LU3_2024,0.7094333333333334
LU3,LU3_AB21_24,250,LU3_2024,0.6817895833333333
LU3,LU3_27_24,250,LU3_2024,0.672425
LU3,LU3_36_24,250,LU3_2024,0.6985125
LU3,LU3_40_24,250,LU3_2024,0.6239635416666667
LU3,LU3_41_24,250,LU3_2024,0.6930255208333334
LU3,LU3_52_24,250,LU3_2024,0.6287041666666667
LU3,LU3_15_24,250,LU3_2024,0.7247625000000001
LU3,LU3_44_24,250,LU3_2024,0.6723270833333334
LU3,LU3_17_24,250,LU3_2024,0.6954958333333333
LU3,LU3_147_24,250,LU3_2024,0.6610666666666667
LU3,LU3_51_24,250,LU3_2024,0.6496000000000001
LU3,LU3_AH7_24,250,LU3_2024,0.7358916666666667
LU3,LU3_126_24,250,LU3_2024,0.7289291666666666
LU3,LU3_129_24,250,LU3_2024,0.5939875
LU3,LU3_28_24,250,LU3_2024,0.6967239583333333
LU3,LU3_AH14_24,250,LU3_2024,0.7113833333333334
LU3,LU3_38_24,250,LU3_2024,0.6904302083333334
LU3,LU3_13_24,250,LU3_2024,0.6826166666666668
LU3,LU3_25_24,250,LU3_2024,0.62613125
LU3,LU3_21_24,250,LU3_2024,0.7401208333333333
LU3,LU3_AC10_24,250,LU3_2024,0.7592958333333334
LU3,LU3_46_24,250,LU3_2024,0.7344625
LU3,LU3_10_24,250,LU3_2024,0.7043145833333333
LU3,LU3_AE12_24,250,LU3_2024,0.7002072916666666
LU3,LU3_7_24,250,LU3_2024,0.67805
LU3,LU3_14_24,250,LU3_2024,0.6756020833333334
LU3,LU3_137_24,250,LU3_2024,0.638409375
LU3,LU3_M20_24,250,LU3_2024,0.7053364583333334
LU3,LU3_L22_24,250,LU3_2024,0.6657104166666667
LU3,LU3_J23_24,250,LU3_2024,0.7199270833333333
LU3,LU3_U6_24,250,LU3_2024,0.7134604166666667
LU3,LU3_L16_24,250,LU3_2024,0.6909406250000001
LU3,LU3_N18_24,250,LU3_2024,0.7122343750000001
LU3,LU3_L15_24,250,LU3_2024,0.6787479166666668
LU3,LU3_32_24,250,LU3_2024,0.6976479166666667
LU3,LU3_W7_24,250,LU3_2024,0.7199395833333333
LU3,LU3_45_24,250,LU3_2024,0.7156895833333333
LU3,LU3_50_24,250,LU3_2024,0.5376166666666667
LU3,LU3_49_24,250,LU3_2024,0.6950229166666667
LU3,LU3_Y8_24,250,LU3_2024,0.6924744791666668
LU3,LU3_48_24,250,LU3_2024,0.6761479166666667
LU2,LU2_21_24,250,LU2_2024,0.7272104166666666
LU2,LU2_34_24,250,LU2_2024,0.7777333333333334
LU2,LU2_O25_24,250,LU2_2024,0.7784604166666668
LU2,LU2_W21_24,250,LU2_2024,0.7555229166666667
LU2,LU2_36_24,250,LU2_2024,0.7820166666666667
LU2,LU2_15_24,250,LU2_2024,0.7677114583333333
LU2,LU2_13_24,250,LU2_2024,0.7409177083333334
LU2,LU2_5_24,250,LU2_2024,0.7789229166666667
LU2,LU2_101_24,250,LU2_2024,0.7794083333333334
LU2,LU2_32_24,250,LU2_2024,0.7377916666666666
LU2,LU2_Q24_24,250,LU2_2024,0.7687
LU2,LU2_56_24,250,LU2_2024,0.7857895833333334
LU2,LU2_I15_24,250,LU2_2024,0.76318125
LU2,LU2_L20_24,250,LU2_2024,0.737965625
LU2,LU2_L46_24,250,LU2_2024,0.7596145833333333
LU2,LU2_110_24,250,LU2_2024,0.7737770833333334
LU2,LU2_39_24,250,LU2_2024,0.7824062500000001
LU2,LU2_17_24,250,LU2_2024,0.7317
LU2,LU2_155_24,250,LU2_2024,0.7623718750000001
LU2,LU2_50_24,250,LU2_2024,0.7852166666666668
LU2,LU2_O16_24,250,LU2_2024,0.7754833333333333
LU2,LU2_U13_24,250,LU2_2024,0.7801572916666666
LU2,LU2_44_24,250,LU2_2024,0.7544333333333333
LU2,LU2_143_24,250,LU2_2024,0.7702197916666667
LU2,LU2_18_24,250,LU2_2024,0.77044375
LU2,LU2_52_24,250,LU2_2024,0.76624375
LU2,LU2_123_24,250,LU2_2024,0.7794489583333334
LU2,LU2_H16_24,250,LU2_2024,0.7643645833333333
LU2,LU2_27_24,250,LU2_2024,0.7397677083333334
LU2,LU2_31_24,250,LU2_2024,0.7759645833333333
LU2,LU2_3_24,250,LU2_2024,0.762225
LU2,LU2_J27_24,250,LU2_2024,0.7787458333333334
LU2,LU2_E27_24,250,LU2_2024,0.7720645833333334
LU2,LU2_G25_24,250,LU2_2024,0.7445541666666667
LU2,LU2_G26_24,250,LU2_2024,0.7621520833333333
LU2,LU2_106_24,250,LU2_2024,0.7063125
LU2,LU2_20_24,250,LU2_2024,0.7719729166666668
LU2,LU2_25_24,250,LU2_2024,0.7741229166666668
LU2,LU2_40_24,250,LU2_2024,0.74210625
LU2,LU2_38_24,250,LU2_2024,0.7447489583333333
LU2,LU2_137_24,250,LU2_2024,0.7678239583333334
LU2,LU2_47_24,250,LU2_2024,0.77799375
LU2,LU2_26_24,250,LU2_2024,0.7570953125
LU2,LU2_H26_24,250,LU2_2024,0.7782260416666668
LU2,LU2_29_24,250,LU2_2024,0.7327864583333333
LU2,LU2_K26_24,250,LU2_2024,0.7594166666666667
LU2,LU2_100_24,250,LU2_2024,0.7067395833333333
LU2,LU2_30_24,250,LU2_2024,0.74021875
LU2,LU2_33_24,250,LU2_2024,0.78370729166666675
LU2,LU2_M25_24,250,LU2_2024,0.7547270833333334
LU8,LU8_N19_24,250,LU8_2024,0.7733
LU8,LU8_M19_24,250,LU8_2024,0.7595270833333333
LU8,LU8_N20_24,250,LU8_2024,0.7289541666666668
LU8,LU8_O20_24,250,LU8_2024,0.71496875
LU8,LU8_N18_24,250,LU8_2024,0.7640225694444446
LU8,LU8_S25_24,250,LU8_2024,0.7238833333333333
LU8,LU8_AC29_24,250,LU8_2024,0.6701125
LU8,LU8_AC28_24,250,LU8_2024,0.6615020833333334
LU8,LU8_AB29_24,250,LU8_2024,0.6451677083333334
LU8,LU8_AC30_24,250,LU8_2024,0.6840312500000001
LU8,LU8_T25_24,250,LU8_2024,0.7077052083333334
LU8,LU8_S24_24,250,LU8_2024,0.6474041666666667
LU8,LU8_AE29_24,250,LU8_2024,0.7148541666666667
LU8,LU8_AD29_24,250,LU8_2024,0.6744145833333334
LU8,LU8_AD28_24,250,LU8_2024,0.6867489583333334
LU8,LU8_AD27_24,250,LU8_2024,0.70086875
LU8,LU8_AC24_24,250,LU8_2024,0.6615104166666668
LU8,LU8_AC25_24,250,LU8_2024,0.6224500000000001
LU8,LU8_AC31_24,250,LU8_2024,0.6639645833333333
LU8,LU8_AB31_24,250,LU8_2024,0.7073770833333333
LU2,LU2_3,300,LU2_2021,0.762225
LU2,LU2_5,300,LU2_2021,0.7789229166666667
LU2,LU2_100,300,LU2_2021,0.7067395833333333
LU2,LU2_101,300,LU2_2021,0.7795458333333334
LU2,LU2_106,300,LU2_2021,0.7063125
LU2,LU2_110,300,LU2_2021,0.7737770833333334
LU2,LU2_119,300,LU2_2021,0.772821875
LU2,LU2_123,300,LU2_2021,0.7794489583333334
LU2,LU2_13,300,LU2_2021,0.7409177083333334
LU2,LU2_137,300,LU2_2021,0.7678239583333334
LU2,LU2_143,300,LU2_2021,0.7702197916666667
LU2,LU2_15,300,LU2_2021,0.7677114583333333
LU2,LU2_153,300,LU2_2021,0.7712083333333333
LU2,LU2_155,300,LU2_2021,0.7623718750000001
LU2,LU2_17,300,LU2_2021,0.7317
LU2,LU2_18,300,LU2_2021,0.77044375
LU2,LU2_20,300,LU2_2021,0.7719729166666668
LU2,LU2_21,300,LU2_2021,0.7272104166666666
LU2,LU2_24,300,LU2_2021,0.735365625
LU2,LU2_25,300,LU2_2021,0.7741229166666668
LU2,LU2_26,300,LU2_2021,0.7586343750000001
LU2,LU2_27,300,LU2_2021,0.7397677083333334
LU2,LU2_29,300,LU2_2021,0.744475
LU2,LU2_30,300,LU2_2021,0.74021875
LU2,LU2_31,300,LU2_2021,0.7759645833333333
LU2,LU2_32,300,LU2_2021,0.7377916666666666
LU2,LU2_33,300,LU2_2021,0.78370729166666675
LU2,LU2_34,300,LU2_2021,0.7777333333333334
LU2,LU2_36,300,LU2_2021,0.782546875
LU2,LU2_38,300,LU2_2021,0.7447489583333333
LU2,LU2_39,300,LU2_2021,0.7824062500000001
LU2,LU2_40,300,LU2_2021,0.74210625
LU2,LU2_42,300,LU2_2021,0.7896302083333333
LU2,LU2_44,300,LU2_2021,0.7550270833333332
LU2,LU2_46,300,LU2_2021,0.7596145833333333
LU2,LU2_47,300,LU2_2021,0.7768229166666667
LU2,LU2_50,300,LU2_2021,0.782709375
LU2,LU2_51,300,LU2_2021,0.7649541666666667
LU2,LU2_52,300,LU2_2021,0.7564239583333334
LU2,LU2_54,300,LU2_2021,0.7729270833333334
LU2,LU2_56,300,LU2_2021,0.7857895833333334
LU2,LU2_57,300,LU2_2021,0.7552791666666667
LU3,LU3_5,300,LU3_2021,0.6653027777777778
LU3,LU3_7,300,LU3_2021,0.6637020833333334
LU3,LU3_10,300,LU3_2021,0.7043145833333333
LU3,LU3_102,300,LU3_2021,0.7148770833333333
LU3,LU3_103,300,LU3_2021,0.7194604166666667
LU3,LU3_106,300,LU3_2021,0.6275385416666667
LU3,LU3_111,300,LU3_2021,0.7094333333333334
LU3,LU3_126,300,LU3_2021,0.7289291666666666
LU3,LU3_129,300,LU3_2021,0.6108635416666667
LU3,LU3_13,300,LU3_2021,0.6903020833333333
LU3,LU3_131,300,LU3_2021,0.7321479166666668
LU3,LU3_137,300,LU3_2021,0.638409375
LU3,LU3_14,300,LU3_2021,0.6756020833333334
LU3,LU3_147,300,LU3_2021,0.6622645833333334
LU3,LU3_15,300,LU3_2021,0.7247625000000001
LU3,LU3_17,300,LU3_2021,0.68029375
LU3,LU3_18,300,LU3_2021,0.6850083333333334
LU3,LU3_19,300,LU3_2021,0.6033000000000001
LU3,LU3_20,300,LU3_2021,0.6414885416666667
LU3,LU3_21,300,LU3_2021,0.7355010416666667
LU3,LU3_25,300,LU3_2021,0.6124104166666666
LU3,LU3_27,300,LU3_2021,0.672425
LU3,LU3_28,300,LU3_2021,0.6595927083333334
LU3,LU3_32,300,LU3_2021,0.6846520833333334
LU3,LU3_36,300,LU3_2021,0.6991406250000001
LU3,LU3_38,300,LU3_2021,0.6904302083333334
LU3,LU3_39,300,LU3_2021,0.5381020833333333
LU3,LU3_40,300,LU3_2021,0.6239635416666667
LU3,LU3_41,300,LU3_2021,0.691163888888889
LU3,LU3_44,300,LU3_2021,0.6723270833333334
LU3,LU3_45,300,LU3_2021,0.7156895833333333
LU3,LU3_46,300,LU3_2021,0.7344625
LU3,LU3_48,300,LU3_2021,0.6761479166666667
LU3,LU3_50,300,LU3_2021,0.6419020833333333
LU3,LU3_51,300,LU3_2021,0.6496000000000001
LU3,LU3_52,300,LU3_2021,0.6287041666666667
LU3,LU3_49,300,LU3_2021,0.6950229166666667
LU13,LU13_18,300,LU13_2022,0.6139458333333333
LU13,LU13_15,300,LU13_2022,0.6189180555555556
LU13,LU13_3,300,LU13_2022,0.6809177083333333
LU13,LU13_34,300,LU13_2022,0.52894375
LU13,LU13_57,300,LU13_2022,0.6983312500000001
LU13,LU13_16,300,LU13_2022,0.6848302083333333
LU13,LU13_21,300,LU13_2022,0.493725
LU13,LU13_37,300,LU13_2022,0.62871875
LU13,LU13_55,300,LU13_2022,0.6439833333333334
LU13,LU13_47,300,LU13_2022,0.6955979166666667
LU13,LU13_51,300,LU13_2022,0.6827645833333333
LU13,LU13_27,300,LU13_2022,0.7003333333333334
LU13,LU13_5,300,LU13_2022,0.7019989583333334
LU13,LU13_26,300,LU13_2022,0.7092385416666667
LU13,LU13_35,300,LU13_2022,0.6510458333333333
LU13,LU13_13,300,LU13_2022,0.7193270833333333
LU13,LU13_128,300,LU13_2022,0.6942354166666668
LU13,LU13_131,300,LU13_2022,0.7028854166666667
LU13,LU13_12,300,LU13_2022,0.6747416666666667
LU13,LU13_33,300,LU13_2022,0.678996875
LU13,LU13_32,300,LU13_2022,0.6759125
LU13,LU13_30,300,LU13_2022,0.65924375
LU13,LU13_53,300,LU13_2022,0.653759375
LU13,LU13_22,300,LU13_2022,0.7217416666666667
LU13,LU13_19,300,LU13_2022,0.7078916666666667
LU13,LU13_45,300,LU13_2022,0.69885
LU13,LU13_8,300,LU13_2022,0.6849791666666667
LU13,LU13_43,300,LU13_2022,0.6756447916666667
LU13,LU13_41,300,LU13_2022,0.6877520833333333
LU13,LU13_59,300,LU13_2022,0.6932979166666667
LU13,LU13_6,300,LU13_2022,0.7192458333333334
LU13,LU13_14,300,LU13_2022,0.683828125
LU13,LU13_52,300,LU13_2022,0.6158041666666667
LU13,LU13_36,300,LU13_2022,0.6637895833333334
LU13,LU13_38,300,LU13_2022,0.6281635416666667
LU13,LU13_20,300,LU13_2022,0.5773375000000001
LU13,LU13_17,300,LU13_2022,0.6996243055555555
LU13,LU13_56,300,LU13_2022,0.6206583333333334
LU13,LU13_49,300,LU13_2022,0.6712666666666667
LU13,LU13_70,300,LU13_2022,0.711201388888889
LU13,LU13_11,300,LU13_2022,0.7104447916666667
LU15,LU15_44,300,LU15_2022,0.6915333333333333
LU15,LU15_11,300,LU15_2022,0.65934375
LU15,LU15_19,300,LU15_2022,0.6810333333333334
LU15,LU15_7,300,LU15_2022,0.7303645833333333
LU15,LU15_34,300,LU15_2022,0.6756552083333334
LU15,LU15_37,300,LU15_2022,0.6482802083333333
LU15,LU15_18,300,LU15_2022,0.6881375000000001
LU15,LU15_43,300,LU15_2022,0.7185770833333334
LU15,LU15_10,300,LU15_2022,0.6853
LU15,LU15_58,300,LU15_2022,0.706996875
LU15,LU15_8,300,LU15_2022,0.6790750000000001
LU15,LU15_12,300,LU15_2022,0.6467343750000001
LU15,LU15_17,300,LU15_2022,0.6928097222222224
LU15,LU15_1,300,LU15_2022,0.6345947916666668
LU15,LU15_26,300,LU15_2022,0.6714458333333333
LU15,LU15_27,300,LU15_2022,0.6818625
LU15,LU15_28,300,LU15_2022,0.6777541666666667
LU15,LU15_2,300,LU15_2022,0.6562666666666667
LU15,LU15_29,300,LU15_2022,0.668561111111111
LU15,LU15_30,300,LU15_2022,0.6892770833333334
LU15,LU15_31,300,LU15_2022,0.69586875
LU15,LU15_32,300,LU15_2022,0.6863791666666668
LU15,LU15_20,300,LU15_2022,0.7364208333333333
LU15,LU15_21,300,LU15_2022,0.7695614583333334
LU15,LU15_23,300,LU15_2022,0.6960885416666667
LU15,LU15_41,300,LU15_2022,0.6896562500000001
LU15,LU15_25,300,LU15_2022,0.705440625
LU15,LU15_9,300,LU15_2022,0.6972270833333334
LU15,LU15_24,300,LU15_2022,0.7253171875
LU15,LU15_46,300,LU15_2022,0.7405826388888889
LU15,LU15_40,300,LU15_2022,0.6993416666666668
LU15,LU15_16,300,LU15_2022,0.71678125
LU15,LU15_4,300,LU15_2022,0.6169770833333333
LU15,LU15_36,300,LU15_2022,0.6500750000000001
LU15,LU15_3,300,LU15_2022,0.73284375
LU15,LU15_15,300,LU15_2022,0.6301625
LU15,LU15_14,300,LU15_2022,0.7414645833333333
LU15,LU15_22,300,LU15_2022,0.6374041666666668
LU15,LU15_61,300,LU15_2022,0.6903645833333334
LU21,LU21_106,300,LU21_2022,0.7319906250000001
LU21,LU21_10,300,LU21_2022,0.6204875000000001
LU21,LU21_16,300,LU21_2022,0.6694052083333333
LU21,LU21_107,300,LU21_2022,0.6719812500000001
LU21,LU21_41,300,LU21_2022,0.6952145833333334
LU21,LU21_63,300,LU21_2022,0.637275
LU21,LU21_27,300,LU21_2022,0.66805625
LU21,LU21_23,300,LU21_2022,0.6737302083333334
LU21,LU21_21,300,LU21_2022,0.68934375
LU21,LU21_82,300,LU21_2022,0.6771166666666667
LU21,LU21_871,300,LU21_2022,0.7637604166666667
LU21,LU21_164,300,LU21_2022,0.6001864583333334
LU21,LU21_36,300,LU21_2022,0.6285208333333333
LU21,LU21_14,300,LU21_2022,0.6836177083333335
LU21,LU21_32,300,LU21_2022,0.6759468750000001
LU21,LU21_126,300,LU21_2022,0.6812048611111111
LU21,LU21_122,300,LU21_2022,0.6772197916666667
LU21,LU21_56,300,LU21_2022,0.6996534722222223
LU21,LU21_57,300,LU21_2022,0.6900645833333333
LU21,LU21_9,300,LU21_2022,0.6760937499999999
LU21,LU21_98,300,LU21_2022,0.7087052083333334
LU21,LU21_119,300,LU21_2022,0.7176854166666667
LU21,LU21_52,300,LU21_2022,0.7071937500000001
LU21,LU21_59,300,LU21_2022,0.6522416666666667
LU21,LU21_68,300,LU21_2022,0.7166927083333334
LU21,LU21_109,300,LU21_2022,0.7266302083333334
LU21,LU21_93,300,LU21_2022,0.713734375
LU21,LU21_114,300,LU21_2022,0.7329187500000001
LU21,LU21_105,300,LU21_2022,0.7154083333333333
LU21,LU21_100,300,LU21_2022,0.7248145833333334
LU21,LU21_74,300,LU21_2022,0.6852041666666667
LU21,LU21_78,300,LU21_2022,0.6752687500000001
LU21,LU21_153,300,LU21_2022,0.7044260416666668
LU21,LU21_6,300,LU21_2022,0.7215843750000001
LU21,LU21_116,300,LU21_2022,0.6803302083333334
LU21,LU21_97,300,LU21_2022,0.6721989583333333
LU1,LU1_13,300,LU1_2022,0.7367
LU1,LU1_30,300,LU1_2022,0.6821770833333334
LU1,LU1_85,300,LU1_2022,0.7403583333333333
LU1,LU1_66,300,LU1_2022,0.6988947916666668
LU1,LU1_76,300,LU1_2022,0.6629666666666667
LU1,LU1_73,300,LU1_2022,0.6750645833333333
LU1,LU1_75,300,LU1_2022,0.714790625
LU1,LU1_47,300,LU1_2022,0.6077114583333334
LU1,LU1_74,300,LU1_2022,0.74514375
LU1,LU1_44,300,LU1_2022,0.5927479166666667
LU1,LU1_41,300,LU1_2022,0.689971875
LU1,LU1_64,300,LU1_2022,0.6769437500000001
LU1,LU1_86,300,LU1_2022,0.6756645833333333
LU1,LU1_79,300,LU1_2022,0.6527750000000001
LU1,LU1_63,300,LU1_2022,0.6561416666666667
LU1,LU1_72,300,LU1_2022,0.689159375
LU1,LU1_67,300,LU1_2022,0.7238416666666667
LU1,LU1_77,300,LU1_2022,0.5797010416666666
LU1,LU1_32,300,LU1_2022,0.7106489583333333
LU1,LU1_36,300,LU1_2022,0.711653125
LU1,LU1_84,300,LU1_2022,0.7167604166666667
LU1,LU1_25,300,LU1_2022,0.6396364583333334
LU1,LU1_83,300,LU1_2022,0.689484375
LU1,LU1_80,300,LU1_2022,0.6570760416666668
LU1,LU1_70,300,LU1_2022,0.7012458333333333
LU1,LU1_48,300,LU1_2022,0.7054854166666666
LU1,LU1_45,300,LU1_2022,0.6863166666666667
LU1,LU1_11,300,LU1_2022,0.561675
LU1,LU1_40,300,LU1_2022,0.7274364583333335
LU1,LU1_6,300,LU1_2022,0.7604770833333333
LU1,LU1_10,300,LU1_2022,0.7489652777777778
LU1,LU1_43,300,LU1_2022,0.6238486111111111
LU1,LU1_71,300,LU1_2022,0.6571822916666668
LU1,LU1_22,300,LU1_2022,0.6289687500000001
LU1,LU1_60,300,LU1_2022,0.6753145833333334
LU1,LU1_78,300,LU1_2022,0.6481229166666668
LU1,LU1_46,300,LU1_2022,0.6328750000000001
LU1,LU1_82,300,LU1_2022,0.7002458333333333
LU1,LU1_27,300,LU1_2022,0.63238125
LU9,LU9_5,300,LU9_2023,0.4151657136524823
LU9,LU9_6,300,LU9_2023,0.7493072916666667
LU9,LU9_7,300,LU9_2023,0.7244847222222223
LU9,LU9_8,300,LU9_2023,0.7651630208333333
LU9,LU9_100,300,LU9_2023,0.6259395833333333
LU9,LU9_102,300,LU9_2023,0.7876895833333334
LU9,LU9_106,300,LU9_2023,0.6731812500000002
LU9,LU9_112,300,LU9_2023,0.6736968750000001
LU9,LU9_113,300,LU9_2023,0.6412916666666667
LU9,LU9_12,300,LU9_2023,0.7582729166666666
LU9,LU9_13,300,LU9_2023,0.6999906250000001
LU9,LU9_18,300,LU9_2023,0.7595635416666667
LU9,LU9_21,300,LU9_2023,0.7083111111111111
LU9,LU9_24,300,LU9_2023,0.7245614583333333
LU9,LU9_28,300,LU9_2023,0.7507572916666667
LU9,LU9_29,300,LU9_2023,0.745325
LU9,LU9_30,300,LU9_2023,0.6736875
LU9,LU9_31,300,LU9_2023,0.7463791666666666
LU9,LU9_32,300,LU9_2023,0.7812250000000001
LU9,LU9_33,300,LU9_2023,0.757021875
LU9,LU9_39,300,LU9_2023,0.6968229166666667
LU9,LU9_41,300,LU9_2023,0.76848125
LU9,LU9_44,300,LU9_2023,0.6952208333333333
LU9,LU9_51,300,LU9_2023,0.6897885416666667
LU9,LU9_55,300,LU9_2023,0.6989743055555556
LU9,LU9_57,300,LU9_2023,0.6808625
LU9,LU9_62,300,LU9_2023,0.7345208333333333
LU9,LU9_63,300,LU9_2023,0.7098927083333333
LU9,LU9_64,300,LU9_2023,0.7214958333333333
LU9,LU9_65,300,LU9_2023,0.7277291666666668
LU9,LU9_67,300,LU9_2023,0.6797125
LU9,LU9_68,300,LU9_2023,0.7076770833333333
LU9,LU9_72,300,LU9_2023,0.7474520833333334
LU9,LU9_73,300,LU9_2023,0.7040864583333334
LU9,LU9_75,300,LU9_2023,0.6856673611111112
LU9,LU9_76,300,LU9_2023,0.7190000000000001
LU9,LU9_77,300,LU9_2023,0.6951708333333333
LU9,LU9_79,300,LU9_2023,0.7257833333333333
LU9,LU9_80,300,LU9_2023,0.72126875
LU9,LU9_81,300,LU9_2023,0.6908416666666667
LU9,LU9_82,300,LU9_2023,0.6953572916666666
LU9,LU9_85,300,LU9_2023,0.7015864583333333
LU9,LU9_86,300,LU9_2023,0.6978052083333335
LU9,LU9_87,300,LU9_2023,0.7007604166666667
LU9,LU9_90,300,LU9_2023,0.6846770833333333
LU9,LU9_93,300,LU9_2023,0.7826611111111111
LU9,LU9_94,300,LU9_2023,0.7957520833333334
LU9,LU9_96,300,LU9_2023,0.6711729166666667
LU9,LU9_98,300,LU9_2023,0.676425
LU9,LU9_27,300,LU9_2023,0.7150135416666668
LU14,LU14_3,300,LU14_2023,0.72679375
LU14,LU14_7,300,LU14_2023,0.7634489583333334
LU14,LU14_8,300,LU14_2023,0.7110979166666667
LU14,LU14_9,300,LU14_2023,0.7045739583333335
LU14,LU14_100,300,LU14_2023,0.69673125
LU14,LU14_102,300,LU14_2023,0.7245916666666667
LU14,LU14_105,300,LU14_2023,0.7585895833333334
LU14,LU14_110,300,LU14_2023,0.6775375
LU14,LU14_114,300,LU14_2023,0.7140802083333333
LU14,LU14_115,300,LU14_2023,0.69244375
LU14,LU14_120,300,LU14_2023,0.6956729166666666
LU14,LU14_121,300,LU14_2023,0.7063708333333334
LU14,LU14_131,300,LU14_2023,0.7129333333333333
LU14,LU14_135,300,LU14_2023,0.6563010416666666
LU14,LU14_16,300,LU14_2023,0.7428614583333334
LU14,LU14_17,300,LU14_2023,0.731740625
LU14,LU14_19,300,LU14_2023,0.6719760416666667
LU14,LU14_20,300,LU14_2023,0.6901260416666667
LU14,LU14_250,300,LU14_2023,0.7207510416666667
LU14,LU14_30,300,LU14_2023,0.687596875
LU14,LU14_31,300,LU14_2023,0.7098135416666667
LU14,LU14_33,300,LU14_2023,0.7213416666666668
LU14,LU14_37,300,LU14_2023,0.7273020833333333
LU14,LU14_47,300,LU14_2023,0.7505937500000001
LU14,LU14_48,300,LU14_2023,0.7276541666666667
LU14,LU14_49,300,LU14_2023,0.7157177083333334
LU14,LU14_51,300,LU14_2023,0.7416479166666667
LU14,LU14_54,300,LU14_2023,0.6912416666666668
LU14,LU14_56,300,LU14_2023,0.7274729166666667
LU14,LU14_57,300,LU14_2023,0.7157010416666667
LU14,LU14_61,300,LU14_2023,0.6675229166666667
LU14,LU14_62,300,LU14_2023,0.68595625
LU14,LU14_63,300,LU14_2023,0.7154715277777779
LU14,LU14_66,300,LU14_2023,0.6767791666666667
LU14,LU14_70,300,LU14_2023,0.7156958333333333
LU14,LU14_71,300,LU14_2023,0.739784375
LU14,LU14_72,300,LU14_2023,0.7127020833333333
LU14,LU14_74,300,LU14_2023,0.732225
LU14,LU14_76,300,LU14_2023,0.6834114583333334
LU14,LU14_78,300,LU14_2023,0.7602479166666667
LU14,LU14_80,300,LU14_2023,0.7036861111111112
LU14,LU14_84,300,LU14_2023,0.7007468750000001
LU14,LU14_85,300,LU14_2023,0.6863395833333333
LU14,LU14_86,300,LU14_2023,0.7512395833333334
LU14,LU14_88,300,LU14_2023,0.72543125
LU14,LU14_91,300,LU14_2023,0.6996
LU14,LU14_92,300,LU14_2023,0.7023739583333333
LU14,LU14_96,300,LU14_2023,0.7379187500000001
LU14,LU14_97,300,LU14_2023,0.7093281250000001
LU14,LU14_75,300,LU14_2023,0.7253395833333334
LU16,LU16_2,300,LU16_2023,0.7104572916666667
LU16,LU16_3,300,LU16_2023,0.68338020833333335
LU16,LU16_15,300,LU16_2023,0.6934458333333333
LU16,LU16_20,300,LU16_2023,0.6964
LU16,LU16_200,300,LU16_2023,0.723409375
LU16,LU16_201,300,LU16_2023,0.6487520833333333
LU16,LU16_202,300,LU16_2023,0.7325541666666666
LU16,LU16_203,300,LU16_2023,0.7683843750000001
LU16,LU16_22,300,LU16_2023,0.6921
LU16,LU16_23,300,LU16_2023,0.7003375000000001
LU16,LU16_24,300,LU16_2023,0.5389604166666667
LU16,LU16_25,300,LU16_2023,0.7012541666666667
LU16,LU16_26,300,LU16_2023,0.6513743055555555
LU16,LU16_270,300,LU16_2023,0.6847708333333333
LU16,LU16_28,300,LU16_2023,0.7418854166666666
LU16,LU16_300,300,LU16_2023,0.6615031250000001
LU16,LU16_301,300,LU16_2023,0.34215625000000005
LU16,LU16_302,300,LU16_2023,0.6562770833333333
LU16,LU16_303,300,LU16_2023,0.6705072916666667
LU16,LU16_313,300,LU16_2023,0.6710541666666667
LU16,LU16_314,300,LU16_2023,0.674190625
LU16,LU16_36,300,LU16_2023,0.6749395833333334
LU16,LU16_37,300,LU16_2023,0.7424958333333334
LU16,LU16_49,300,LU16_2023,0.6202347222222223
LU16,LU16_52,300,LU16_2023,0.5917114583333334
LU16,LU16_54,300,LU16_2023,0.5936604166666667
LU16,LU16_55,300,LU16_2023,0.58611875
LU16,LU16_57,300,LU16_2023,0.5626854166666667
LU16,LU16_58,300,LU16_2023,0.5787305555555556
LU16,LU16_60,300,LU16_2023,0.6231635416666668
LU16,LU16_62,300,LU16_2023,0.5714125
LU16,LU16_63,300,LU16_2023,0.6298583333333333
LU16,LU16_64,300,LU16_2023,0.6046875
LU16,LU16_67,300,LU16_2023,0.5750145833333333
LU16,LU16_68,300,LU16_2023,0.5012208333333333
LU16,LU16_69,300,LU16_2023,0.6308416666666667
LU16,LU16_70,300,LU16_2023,0.5748427083333334
LU16,LU16_71,300,LU16_2023,0.5387020833333334
LU16,LU16_72,300,LU16_2023,0.644715625
LU16,LU16_73,300,LU16_2023,0.5615187500000001
LU16,LU16_74,300,LU16_2023,0.6300656250000001
LU16,LU16_75,300,LU16_2023,0.4616395833333334
LU16,LU16_77,300,LU16_2023,0.5421708333333334
LU16,LU16_80,300,LU16_2023,0.5719333333333333
LU16,LU16_81,300,LU16_2023,0.5053135416666668
LU16,LU16_83,300,LU16_2023,0.6000833333333334
LU16,LU16_84,300,LU16_2023,0.6257343750000001
LU16,LU16_85,300,LU16_2023,0.604828125
LU16,LU16_88,300,LU16_2023,0.5607072916666667
LU22,LU22_110,300,LU22_2023,0.7480145833333334
LU22,LU22_48,300,LU22_2023,0.7612916666666667
LU22,LU22_107,300,LU22_2023,0.7678923611111111
LU22,LU22_49,300,LU22_2023,0.7668729166666667
LU22,LU22_103,300,LU22_2023,0.7307666666666667
LU22,LU22_44,300,LU22_2023,0.7563447916666668
LU22,LU22_21,300,LU22_2023,0.7952375
LU22,LU22_15,300,LU22_2023,0.7738597222222223
LU22,LU22_50,300,LU22_2023,0.7591805555555555
LU22,LU22_38,300,LU22_2023,0.7626385416666667
LU22,LU22_22,300,LU22_2023,0.76239375
LU22,LU22_85,300,LU22_2023,0.7062447916666668
LU22,LU22_33,300,LU22_2023,0.7412708333333333
LU22,LU22_34,300,LU22_2023,0.7098756944444444
LU22,LU22_11,300,LU22_2023,0.7124854166666668
LU22,LU22_29,300,LU22_2023,0.7871104166666667
LU22,LU22_86,300,LU22_2023,0.74690625
LU22,LU22_80,300,LU22_2023,0.7296416666666667
LU22,LU22_17,300,LU22_2023,0.7830385416666668
LU22,LU22_35,300,LU22_2023,0.7676625
LU22,LU22_63,300,LU22_2023,0.6760395833333334
LU22,LU22_30,300,LU22_2023,0.7998625
LU22,LU22_4,300,LU22_2023,0.7515833333333334
LU22,LU22_36,300,LU22_2023,0.7455
LU22,LU22_76,300,LU22_2023,0.6935989583333334
LU22,LU22_5,300,LU22_2023,0.7514520833333334
LU22,LU22_87,300,LU22_2023,0.7273833333333333
LU22,LU22_25,300,LU22_2023,0.7860208333333334
LU22,LU22_89,300,LU22_2023,0.684328125
LU22,LU22_18,300,LU22_2023,0.7668458333333334
LU22,LU22_32,300,LU22_2023,0.7494020833333334
LU22,LU22_8,300,LU22_2023,0.7580760416666668
LU22,LU22_6,300,LU22_2023,0.7355083333333333
LU22,LU22_81,300,LU22_2023,0.7234604166666667
LU22,LU22_7,300,LU22_2023,0.774375
LU22,LU22_69,300,LU22_2023,0.7609916666666667
LU22,LU22_70,300,LU22_2023,0.7255458333333333
LU22,LU22_82,300,LU22_2023,0.7472645833333333
LU22,LU22_94,300,LU22_2023,0.7184677083333334
LU22,LU22_101,300,LU22_2023,0.7629666666666667
LU22,LU22_71,300,LU22_2023,0.74903125
LU22,LU22_77,300,LU22_2023,0.76679375
LU22,LU22_72,300,LU22_2023,0.757684375
LU22,LU22_65,300,LU22_2023,0.7609739583333335
LU22,LU22_60,300,LU22_2023,0.7124097222222222
LU22,LU22_61,300,LU22_2023,0.7711458333333334
LU22,LU22_53,300,LU22_2023,0.7846968750000001
LU22,LU22_46,300,LU22_2023,0.765275
LU22,LU22_40,300,LU22_2023,0.684596875
LU22,LU22_47,300,LU22_2023,0.7794041666666667
LU4,LU4_N15_24,300,LU4_2024,0.7092552083333334
LU4,LU4_M14_24,300,LU4_2024,0.7037375
LU4,LU4_J14_24,300,LU4_2024,0.6871114583333333
LU4,LU4_J15_24,300,LU4_2024,0.68083125
LU4,LU4_I12_24,300,LU4_2024,0.6731715277777778
LU4,LU4_I13_24,300,LU4_2024,0.64994375
LU4,LU4_Q10_24,300,LU4_2024,0.7122979166666668
LU4,LU4_O10_24,300,LU4_2024,0.724475
LU4,LU4_R7_24,300,LU4_2024,0.73775
LU4,LU4_R9_24,300,LU4_2024,0.7110666666666667
LU4,LU4_T8_24,300,LU4_2024,0.758425
LU4,LU4_O16_24,300,LU4_2024,0.6848083333333334
LU4,LU4_J26_24,300,LU4_2024,0.6739076388888888
LU4,LU4_K25_24,300,LU4_2024,0.6782953125
LU4,LU4_L23_24,300,LU4_2024,0.69093125
LU4,LU4_H26_24,300,LU4_2024,0.6666125
LU4,LU4_K23_24,300,LU4_2024,0.6866447916666667
LU4,LU4_J21_24,300,LU4_2024,0.7220020833333334
LU4,LU4_I21_24,300,LU4_2024,0.7174854166666668
LU4,LU4_N30_24,300,LU4_2024,0.6850479166666668
LU4,LU4_O23_24,300,LU4_2024,0.6772958333333333
LU4,LU4_O22_24,300,LU4_2024,0.7020979166666668
LU4,LU4_L18_24,300,LU4_2024,0.6749791666666667
LU4,LU4_L17_24,300,LU4_2024,0.6644777777777778
LU4,LU4_K17_24,300,LU4_2024,0.6780656250000001
LU4,LU4_K19_24,300,LU4_2024,0.7290177083333333
LU4,LU4_I22_24,300,LU4_2024,0.6973020833333333
LU4,LU4_Q20_24,300,LU4_2024,0.6917479166666667
LU4,LU4_V25_24,300,LU4_2024,0.67735625
LU4,LU4_P22_24,300,LU4_2024,0.7132375000000001
LU4,LU4_O21_24,300,LU4_2024,0.7517114583333333
LU4,LU4_P17_24,300,LU4_2024,0.6832364583333335
LU4,LU4_Q16_24,300,LU4_2024,0.6378715277777778
LU4,LU4_V19_24,300,LU4_2024,0.7263260416666667
LU4,LU4_O17_24,300,LU4_2024,0.6665680555555555
LU4,LU4_W19_24,300,LU4_2024,0.7083020833333333
LU4,LU4_Y25_24,300,LU4_2024,0.698790625
LU4,LU4_S17_24,300,LU4_2024,0.7014833333333335
LU4,LU4_S18_24,300,LU4_2024,0.6863854166666667
LU4,LU4_R14_24,300,LU4_2024,0.6969666666666666
LU4,LU4_V17_24,300,LU4_2024,0.669309375
LU4,LU4_U15_24,300,LU4_2024,0.7174416666666668
LU4,LU4_M12_24,300,LU4_2024,0.6990625
LU4,LU4_O13_24,300,LU4_2024,0.7246208333333335
LU4,LU4_P15_24,300,LU4_2024,0.6766958333333334
LU4,LU4_E15_24,300,LU4_2024,0.6870072916666667
LU4,LU4_G17_24,300,LU4_2024,0.7415895833333334
LU4,LU4_G13_24,300,LU4_2024,0.6714697916666666
LU4,LU4_G12_24,300,LU4_2024,0.6824979166666667
LU4,LU4_F14_24,300,LU4_2024,0.6851947916666667
LU3,LU3_102_24,300,LU3_2024,0.7148770833333333
LU3,LU3_5_24,300,LU3_2024,0.6512156250000001
LU3,LU3_103_24,300,LU3_2024,0.7265361111111112
LU3,LU3_131_24,300,LU3_2024,0.7321479166666668
LU3,LU3_39_24,300,LU3_2024,0.5772541666666667
LU3,LU3_18_24,300,LU3_2024,0.6850083333333334
LU3,LU3_20_24,300,LU3_2024,0.6414885416666667
LU3,LU3_19_24,300,LU3_2024,0.6033000000000001
LU3,LU3_111_24,300,LU3_2024,0.7049239583333333
LU3,LU3_AB21_24,300,LU3_2024,0.6817895833333333
LU3,LU3_27_24,300,LU3_2024,0.672425
LU3,LU3_36_24,300,LU3_2024,0.6991406250000001
LU3,LU3_40_24,300,LU3_2024,0.6239635416666667
LU3,LU3_41_24,300,LU3_2024,0.6930255208333334
LU3,LU3_52_24,300,LU3_2024,0.6287041666666667
LU3,LU3_15_24,300,LU3_2024,0.7247625000000001
LU3,LU3_44_24,300,LU3_2024,0.6723270833333334
LU3,LU3_17_24,300,LU3_2024,0.68029375
LU3,LU3_147_24,300,LU3_2024,0.6720611111111111
LU3,LU3_51_24,300,LU3_2024,0.6496000000000001
LU3,LU3_AH7_24,300,LU3_2024,0.7358916666666667
LU3,LU3_126_24,300,LU3_2024,0.7289291666666666
LU3,LU3_129_24,300,LU3_2024,0.6108635416666667
LU3,LU3_28_24,300,LU3_2024,0.6852916666666667
LU3,LU3_AH14_24,300,LU3_2024,0.7113833333333334
LU3,LU3_38_24,300,LU3_2024,0.6904302083333334
LU3,LU3_13_24,300,LU3_2024,0.6903020833333333
LU3,LU3_25_24,300,LU3_2024,0.6124104166666666
LU3,LU3_21_24,300,LU3_2024,0.7355010416666667
LU3,LU3_AC10_24,300,LU3_2024,0.745525
LU3,LU3_46_24,300,LU3_2024,0.7344625
LU3,LU3_10_24,300,LU3_2024,0.7043145833333333
LU3,LU3_AE12_24,300,LU3_2024,0.7002072916666666
LU3,LU3_7_24,300,LU3_2024,0.6637020833333334
LU3,LU3_14_24,300,LU3_2024,0.6756020833333334
LU3,LU3_137_24,300,LU3_2024,0.638409375
LU3,LU3_M20_24,300,LU3_2024,0.7053364583333334
LU3,LU3_L22_24,300,LU3_2024,0.661575
LU3,LU3_J23_24,300,LU3_2024,0.7199270833333333
LU3,LU3_U6_24,300,LU3_2024,0.7134604166666667
LU3,LU3_L16_24,300,LU3_2024,0.6909406250000001
LU3,LU3_N18_24,300,LU3_2024,0.7122343750000001
LU3,LU3_L15_24,300,LU3_2024,0.6975208333333334
LU3,LU3_32_24,300,LU3_2024,0.6846520833333334
LU3,LU3_W7_24,300,LU3_2024,0.7141506944444446
LU3,LU3_45_24,300,LU3_2024,0.7156895833333333
LU3,LU3_50_24,300,LU3_2024,0.6419020833333333
LU3,LU3_49_24,300,LU3_2024,0.6950229166666667
LU3,LU3_Y8_24,300,LU3_2024,0.6455000000000001
LU3,LU3_48_24,300,LU3_2024,0.6761479166666667
LU2,LU2_21_24,300,LU2_2024,0.7272104166666666
LU2,LU2_34_24,300,LU2_2024,0.7777333333333334
LU2,LU2_O25_24,300,LU2_2024,0.7784604166666668
LU2,LU2_W21_24,300,LU2_2024,0.7736375
LU2,LU2_36_24,300,LU2_2024,0.782546875
LU2,LU2_15_24,300,LU2_2024,0.7677114583333333
LU2,LU2_13_24,300,LU2_2024,0.7409177083333334
LU2,LU2_5_24,300,LU2_2024,0.7789229166666667
LU2,LU2_101_24,300,LU2_2024,0.7794083333333334
LU2,LU2_32_24,300,LU2_2024,0.7377916666666666
LU2,LU2_Q24_24,300,LU2_2024,0.7687
LU2,LU2_56_24,300,LU2_2024,0.7857895833333334
LU2,LU2_I15_24,300,LU2_2024,0.76318125
LU2,LU2_L20_24,300,LU2_2024,0.737965625
LU2,LU2_L46_24,300,LU2_2024,0.7596145833333333
LU2,LU2_110_24,300,LU2_2024,0.7737770833333334
LU2,LU2_39_24,300,LU2_2024,0.7824062500000001
LU2,LU2_17_24,300,LU2_2024,0.7317
LU2,LU2_155_24,300,LU2_2024,0.7623718750000001
LU2,LU2_50_24,300,LU2_2024,0.782709375
LU2,LU2_O16_24,300,LU2_2024,0.7754833333333333
LU2,LU2_U13_24,300,LU2_2024,0.7813826388888888
LU2,LU2_44_24,300,LU2_2024,0.7550270833333332
LU2,LU2_143_24,300,LU2_2024,0.7702197916666667
LU2,LU2_18_24,300,LU2_2024,0.77044375
LU2,LU2_52_24,300,LU2_2024,0.7564239583333334
LU2,LU2_123_24,300,LU2_2024,0.7794489583333334
LU2,LU2_H16_24,300,LU2_2024,0.7684802083333333
LU2,LU2_27_24,300,LU2_2024,0.7397677083333334
LU2,LU2_31_24,300,LU2_2024,0.7712125000000001
LU2,LU2_3_24,300,LU2_2024,0.762225
LU2,LU2_J27_24,300,LU2_2024,0.7787458333333334
LU2,LU2_E27_24,300,LU2_2024,0.7720645833333334
LU2,LU2_G25_24,300,LU2_2024,0.7504739583333334
LU2,LU2_G26_24,300,LU2_2024,0.7621520833333333
LU2,LU2_106_24,300,LU2_2024,0.7063125
LU2,LU2_20_24,300,LU2_2024,0.7719729166666668
LU2,LU2_25_24,300,LU2_2024,0.7741229166666668
LU2,LU2_40_24,300,LU2_2024,0.74210625
LU2,LU2_38_24,300,LU2_2024,0.7447489583333333
LU2,LU2_137_24,300,LU2_2024,0.7678239583333334
LU2,LU2_47_24,300,LU2_2024,0.7698034722222222
LU2,LU2_26_24,300,LU2_2024,0.7586343750000001
LU2,LU2_H26_24,300,LU2_2024,0.7764986111111112
LU2,LU2_29_24,300,LU2_2024,0.744475
LU2,LU2_K26_24,300,LU2_2024,0.7594166666666667
LU2,LU2_100_24,300,LU2_2024,0.7067395833333333
LU2,LU2_30_24,300,LU2_2024,0.74021875
LU2,LU2_33_24,300,LU2_2024,0.78370729166666675
LU2,LU2_M25_24,300,LU2_2024,0.7547270833333334
LU8,LU8_N19_24,300,LU8_2024,0.775276388888889
LU8,LU8_M19_24,300,LU8_2024,0.7595270833333333
LU8,LU8_N20_24,300,LU8_2024,0.7289541666666668
LU8,LU8_O20_24,300,LU8_2024,0.71905
LU8,LU8_N18_24,300,LU8_2024,0.7657145833333333
LU8,LU8_S25_24,300,LU8_2024,0.725790625
LU8,LU8_AC29_24,300,LU8_2024,0.66115625
LU8,LU8_AC28_24,300,LU8_2024,0.6647909722222223
LU8,LU8_AB29_24,300,LU8_2024,0.6451677083333334
LU8,LU8_AC30_24,300,LU8_2024,0.6840312500000001
LU8,LU8_T25_24,300,LU8_2024,0.7077052083333334
LU8,LU8_S24_24,300,LU8_2024,0.6474041666666667
LU8,LU8_AE29_24,300,LU8_2024,0.7148541666666667
LU8,LU8_AD29_24,300,LU8_2024,0.6873444444444444
LU8,LU8_AD28_24,300,LU8_2024,0.6867489583333334
LU8,LU8_AD27_24,300,LU8_2024,0.6960802083333334
LU8,LU8_AC24_24,300,LU8_2024,0.6435041666666667
LU8,LU8_AC25_24,300,LU8_2024,0.6224500000000001
LU8,LU8_AC31_24,300,LU8_2024,0.6639645833333333
LU8,LU8_AB31_24,300,LU8_2024,0.7073770833333333
LU2,LU2_3,400,LU2_2021,0.76480625
LU2,LU2_5,400,LU2_2021,0.7694906250000001
LU2,LU2_100,400,LU2_2021,0.7043718750000001
LU2,LU2_101,400,LU2_2021,0.7697791666666668
LU2,LU2_106,400,LU2_2021,0.7095114583333334
LU2,LU2_110,400,LU2_2021,0.7696947916666668
LU2,LU2_119,400,LU2_2021,0.772821875
LU2,LU2_123,400,LU2_2021,0.7700736111111112
LU2,LU2_13,400,LU2_2021,0.7448868055555556
LU2,LU2_137,400,LU2_2021,0.7501020833333333
LU2,LU2_143,400,LU2_2021,0.7627055555555556
LU2,LU2_15,400,LU2_2021,0.773163888888889
LU2,LU2_153,400,LU2_2021,0.7714916666666666
LU2,LU2_155,400,LU2_2021,0.7613465277777779
LU2,LU2_17,400,LU2_2021,0.7325166666666667
LU2,LU2_18,400,LU2_2021,0.77044375
LU2,LU2_20,400,LU2_2021,0.7606786458333334
LU2,LU2_21,400,LU2_2021,0.7198590277777778
LU2,LU2_24,400,LU2_2021,0.7389661458333333
LU2,LU2_25,400,LU2_2021,0.7728236111111112
LU2,LU2_26,400,LU2_2021,0.7570953125
LU2,LU2_27,400,LU2_2021,0.7397677083333334
LU2,LU2_29,400,LU2_2021,0.7327864583333333
LU2,LU2_30,400,LU2_2021,0.7424145833333333
LU2,LU2_31,400,LU2_2021,0.7714179166666667
LU2,LU2_32,400,LU2_2021,0.7453701388888888
LU2,LU2_33,400,LU2_2021,0.7821465277777779
LU2,LU2_34,400,LU2_2021,0.7777333333333334
LU2,LU2_36,400,LU2_2021,0.7780020833333333
LU2,LU2_38,400,LU2_2021,0.7475972222222222
LU2,LU2_39,400,LU2_2021,0.7782125000000001
LU2,LU2_40,400,LU2_2021,0.7537041666666666
LU2,LU2_42,400,LU2_2021,0.7896302083333333
LU2,LU2_44,400,LU2_2021,0.7548755208333333
LU2,LU2_46,400,LU2_2021,0.7474041666666666
LU2,LU2_47,400,LU2_2021,0.7661505208333333
LU2,LU2_50,400,LU2_2021,0.7798670833333332
LU2,LU2_51,400,LU2_2021,0.7642784722222222
LU2,LU2_52,400,LU2_2021,0.7616154166666668
LU2,LU2_54,400,LU2_2021,0.7676979166666668
LU2,LU2_56,400,LU2_2021,0.7776093750000002
LU2,LU2_57,400,LU2_2021,0.7552791666666667
LU3,LU3_5,400,LU3_2021,0.6791979166666667
LU3,LU3_7,400,LU3_2021,0.6684847222222222
LU3,LU3_10,400,LU3_2021,0.7012833333333334
LU3,LU3_102,400,LU3_2021,0.7148770833333333
LU3,LU3_103,400,LU3_2021,0.7273572916666667
LU3,LU3_106,400,LU3_2021,0.6300201388888889
LU3,LU3_111,400,LU3_2021,0.6912218749999999
LU3,LU3_126,400,LU3_2021,0.7031388888888889
LU3,LU3_129,400,LU3_2021,0.6229484375000001
LU3,LU3_13,400,LU3_2021,0.6896333333333333
LU3,LU3_131,400,LU3_2021,0.7264041666666667
LU3,LU3_137,400,LU3_2021,0.6520776041666667
LU3,LU3_14,400,LU3_2021,0.6831548611111112
LU3,LU3_147,400,LU3_2021,0.6721578125
LU3,LU3_15,400,LU3_2021,0.7175078125000001
LU3,LU3_17,400,LU3_2021,0.6809479166666667
LU3,LU3_18,400,LU3_2021,0.6781536458333334
LU3,LU3_19,400,LU3_2021,0.6427942708333334
LU3,LU3_20,400,LU3_2021,0.6414885416666667
LU3,LU3_21,400,LU3_2021,0.7231187499999999
LU3,LU3_25,400,LU3_2021,0.6169840277777778
LU3,LU3_27,400,LU3_2021,0.6687114583333333
LU3,LU3_28,400,LU3_2021,0.6967239583333333
LU3,LU3_32,400,LU3_2021,0.6889840277777779
LU3,LU3_36,400,LU3_2021,0.7010984375000001
LU3,LU3_38,400,LU3_2021,0.7161006944444445
LU3,LU3_39,400,LU3_2021,0.5478901041666666
LU3,LU3_40,400,LU3_2021,0.6239635416666667
LU3,LU3_41,400,LU3_2021,0.6930255208333334
LU3,LU3_44,400,LU3_2021,0.6732682291666666
LU3,LU3_45,400,LU3_2021,0.7134666666666667
LU3,LU3_46,400,LU3_2021,0.7322180555555556
LU3,LU3_48,400,LU3_2021,0.6810715277777778
LU3,LU3_50,400,LU3_2021,0.6419020833333333
LU3,LU3_51,400,LU3_2021,0.6434671875
LU3,LU3_52,400,LU3_2021,0.6478381944444446
LU3,LU3_49,400,LU3_2021,0.6868421874999999
LU13,LU13_18,400,LU13_2022,0.6106493055555555
LU13,LU13_15,400,LU13_2022,0.6189180555555556
LU13,LU13_3,400,LU13_2022,0.6825791666666667
LU13,LU13_34,400,LU13_2022,0.5846151041666666
LU13,LU13_57,400,LU13_2022,0.6897284722222223
LU13,LU13_16,400,LU13_2022,0.6774486111111111
LU13,LU13_21,400,LU13_2022,0.493725
LU13,LU13_37,400,LU13_2022,0.6382036458333333
LU13,LU13_55,400,LU13_2022,0.6421493055555555
LU13,LU13_47,400,LU13_2022,0.6877072916666667
LU13,LU13_51,400,LU13_2022,0.6955833333333333
LU13,LU13_27,400,LU13_2022,0.69418125
LU13,LU13_5,400,LU13_2022,0.7118307291666667
LU13,LU13_26,400,LU13_2022,0.7006776041666667
LU13,LU13_35,400,LU13_2022,0.63911875
LU13,LU13_13,400,LU13_2022,0.7176791666666666
LU13,LU13_128,400,LU13_2022,0.691026388888889
LU13,LU13_131,400,LU13_2022,0.6995408333333334
LU13,LU13_12,400,LU13_2022,0.676701388888889
LU13,LU13_33,400,LU13_2022,0.6840304166666668
LU13,LU13_32,400,LU13_2022,0.6750736111111112
LU13,LU13_30,400,LU13_2022,0.6642529166666666
LU13,LU13_53,400,LU13_2022,0.6553
LU13,LU13_22,400,LU13_2022,0.7286416666666667
LU13,LU13_19,400,LU13_2022,0.7092924999999999
LU13,LU13_45,400,LU13_2022,0.7075590277777777
LU13,LU13_8,400,LU13_2022,0.6905151041666667
LU13,LU13_43,400,LU13_2022,0.6793652777777778
LU13,LU13_41,400,LU13_2022,0.701090625
LU13,LU13_59,400,LU13_2022,0.6932979166666667
LU13,LU13_6,400,LU13_2022,0.7144312500000001
LU13,LU13_14,400,LU13_2022,0.6861575
LU13,LU13_52,400,LU13_2022,0.6199444444444445
LU13,LU13_36,400,LU13_2022,0.6658972222222223
LU13,LU13_38,400,LU13_2022,0.6315375
LU13,LU13_20,400,LU13_2022,0.5624743055555556
LU13,LU13_17,400,LU13_2022,0.7099708333333333
LU13,LU13_56,400,LU13_2022,0.6206583333333334
LU13,LU13_49,400,LU13_2022,0.682048611111111
LU13,LU13_70,400,LU13_2022,0.711201388888889
LU13,LU13_11,400,LU13_2022,0.70949125
LU15,LU15_44,400,LU15_2022,0.6902595833333334
LU15,LU15_11,400,LU15_2022,0.6644265625000001
LU15,LU15_19,400,LU15_2022,0.6762791666666667
LU15,LU15_7,400,LU15_2022,0.7317162500000001
LU15,LU15_34,400,LU15_2022,0.6756552083333334
LU15,LU15_37,400,LU15_2022,0.6625749999999999
LU15,LU15_18,400,LU15_2022,0.6883885416666669
LU15,LU15_43,400,LU15_2022,0.7161958333333334
LU15,LU15_10,400,LU15_2022,0.7010829166666667
LU15,LU15_58,400,LU15_2022,0.7156838541666667
LU15,LU15_8,400,LU15_2022,0.6764652777777779
LU15,LU15_12,400,LU15_2022,0.6606026041666667
LU15,LU15_17,400,LU15_2022,0.6928097222222224
LU15,LU15_1,400,LU15_2022,0.6304027777777779
LU15,LU15_26,400,LU15_2022,0.6679244791666666
LU15,LU15_27,400,LU15_2022,0.6797361111111111
LU15,LU15_28,400,LU15_2022,0.6823152777777778
LU15,LU15_2,400,LU15_2022,0.66268125
LU15,LU15_29,400,LU15_2022,0.668561111111111
LU15,LU15_30,400,LU15_2022,0.6917597222222223
LU15,LU15_31,400,LU15_2022,0.6961541666666667
LU15,LU15_32,400,LU15_2022,0.6854180555555556
LU15,LU15_20,400,LU15_2022,0.7311104166666667
LU15,LU15_21,400,LU15_2022,0.750809375
LU15,LU15_23,400,LU15_2022,0.7081661458333334
LU15,LU15_41,400,LU15_2022,0.6966692708333334
LU15,LU15_25,400,LU15_2022,0.7031848958333333
LU15,LU15_9,400,LU15_2022,0.6998239583333334
LU15,LU15_24,400,LU15_2022,0.7253171875
LU15,LU15_46,400,LU15_2022,0.7382364583333334
LU15,LU15_40,400,LU15_2022,0.7073614583333334
LU15,LU15_16,400,LU15_2022,0.6946444444444445
LU15,LU15_4,400,LU15_2022,0.629384375
LU15,LU15_36,400,LU15_2022,0.6505187500000001
LU15,LU15_3,400,LU15_2022,0.73284375
LU15,LU15_15,400,LU15_2022,0.6594118055555556
LU15,LU15_14,400,LU15_2022,0.7532777777777778
LU15,LU15_22,400,LU15_2022,0.6369006944444445
LU15,LU15_61,400,LU15_2022,0.6886715277777778
LU21,LU21_106,400,LU21_2022,0.7429715277777778
LU21,LU21_10,400,LU21_2022,0.6586881944444445
LU21,LU21_16,400,LU21_2022,0.6680725694444445
LU21,LU21_107,400,LU21_2022,0.6818145833333333
LU21,LU21_41,400,LU21_2022,0.6952145833333334
LU21,LU21_63,400,LU21_2022,0.637275
LU21,LU21_27,400,LU21_2022,0.6686776041666667
LU21,LU21_23,400,LU21_2022,0.6733770833333335
LU21,LU21_21,400,LU21_2022,0.689834375
LU21,LU21_82,400,LU21_2022,0.6831291666666667
LU21,LU21_871,400,LU21_2022,0.7648569444444444
LU21,LU21_164,400,LU21_2022,0.5991236111111111
LU21,LU21_36,400,LU21_2022,0.6246265625
LU21,LU21_14,400,LU21_2022,0.6845881944444446
LU21,LU21_32,400,LU21_2022,0.6757416666666667
LU21,LU21_126,400,LU21_2022,0.6812048611111111
LU21,LU21_122,400,LU21_2022,0.6776229166666669
LU21,LU21_56,400,LU21_2022,0.7071260416666667
LU21,LU21_57,400,LU21_2022,0.6946281249999999
LU21,LU21_9,400,LU21_2022,0.6766263888888888
LU21,LU21_98,400,LU21_2022,0.7000854166666668
LU21,LU21_119,400,LU21_2022,0.7103473958333334
LU21,LU21_52,400,LU21_2022,0.705128125
LU21,LU21_59,400,LU21_2022,0.6530069444444445
LU21,LU21_68,400,LU21_2022,0.7171756944444444
LU21,LU21_109,400,LU21_2022,0.7173975
LU21,LU21_93,400,LU21_2022,0.7315973958333334
LU21,LU21_114,400,LU21_2022,0.7418875
LU21,LU21_105,400,LU21_2022,0.712025
LU21,LU21_100,400,LU21_2022,0.7196666666666668
LU21,LU21_74,400,LU21_2022,0.6842541666666667
LU21,LU21_78,400,LU21_2022,0.6805333333333333
LU21,LU21_153,400,LU21_2022,0.7087041666666668
LU21,LU21_6,400,LU21_2022,0.7306340277777778
LU21,LU21_116,400,LU21_2022,0.6971194444444445
LU21,LU21_97,400,LU21_2022,0.6758036458333333
LU1,LU1_13,400,LU1_2022,0.7353062499999999
LU1,LU1_30,400,LU1_2022,0.68565
LU1,LU1_85,400,LU1_2022,0.7204104166666667
LU1,LU1_66,400,LU1_2022,0.7024312500000001
LU1,LU1_76,400,LU1_2022,0.6629666666666667
LU1,LU1_73,400,LU1_2022,0.6631381944444444
LU1,LU1_75,400,LU1_2022,0.7129296875
LU1,LU1_47,400,LU1_2022,0.6190578125000001
LU1,LU1_74,400,LU1_2022,0.74418875
LU1,LU1_44,400,LU1_2022,0.5893692708333333
LU1,LU1_41,400,LU1_2022,0.7085614583333334
LU1,LU1_64,400,LU1_2022,0.6762291666666668
LU1,LU1_86,400,LU1_2022,0.6759152777777778
LU1,LU1_79,400,LU1_2022,0.6510479166666667
LU1,LU1_63,400,LU1_2022,0.6508963541666668
LU1,LU1_72,400,LU1_2022,0.6847755208333334
LU1,LU1_67,400,LU1_2022,0.7237953125000001
LU1,LU1_77,400,LU1_2022,0.5856930555555556
LU1,LU1_32,400,LU1_2022,0.686196875
LU1,LU1_36,400,LU1_2022,0.7079749999999999
LU1,LU1_84,400,LU1_2022,0.7024500000000001
LU1,LU1_25,400,LU1_2022,0.635888888888889
LU1,LU1_83,400,LU1_2022,0.6905067708333333
LU1,LU1_80,400,LU1_2022,0.6524591666666668
LU1,LU1_70,400,LU1_2022,0.7012458333333333
LU1,LU1_48,400,LU1_2022,0.6842854166666668
LU1,LU1_45,400,LU1_2022,0.7045763888888888
LU1,LU1_11,400,LU1_2022,0.548136111111111
LU1,LU1_40,400,LU1_2022,0.7189125000000001
LU1,LU1_6,400,LU1_2022,0.7659989583333333
LU1,LU1_10,400,LU1_2022,0.7467291666666668
LU1,LU1_43,400,LU1_2022,0.6281734375000001
LU1,LU1_71,400,LU1_2022,0.6543020833333334
LU1,LU1_22,400,LU1_2022,0.6460104166666668
LU1,LU1_60,400,LU1_2022,0.6616161458333334
LU1,LU1_78,400,LU1_2022,0.6589411458333334
LU1,LU1_46,400,LU1_2022,0.6305578125
LU1,LU1_82,400,LU1_2022,0.7029848958333333
LU1,LU1_27,400,LU1_2022,0.63238125
LU9,LU9_5,400,LU9_2023,0.5316849401595745
LU9,LU9_6,400,LU9_2023,0.7477534722222222
LU9,LU9_7,400,LU9_2023,0.7234947916666667
LU9,LU9_8,400,LU9_2023,0.7651630208333333
LU9,LU9_100,400,LU9_2023,0.6333222222222222
LU9,LU9_102,400,LU9_2023,0.7907152777777778
LU9,LU9_106,400,LU9_2023,0.6731812500000002
LU9,LU9_112,400,LU9_2023,0.6736968750000001
LU9,LU9_113,400,LU9_2023,0.6509958333333333
LU9,LU9_12,400,LU9_2023,0.76236875
LU9,LU9_13,400,LU9_2023,0.7049203125000001
LU9,LU9_18,400,LU9_2023,0.754059375
LU9,LU9_21,400,LU9_2023,0.7083111111111111
LU9,LU9_24,400,LU9_2023,0.7323756944444444
LU9,LU9_28,400,LU9_2023,0.7477791666666667
LU9,LU9_29,400,LU9_2023,0.7442859374999999
LU9,LU9_30,400,LU9_2023,0.6653979166666667
LU9,LU9_31,400,LU9_2023,0.7501958333333334
LU9,LU9_32,400,LU9_2023,0.7802557291666666
LU9,LU9_33,400,LU9_2023,0.7654385416666667
LU9,LU9_39,400,LU9_2023,0.6968229166666667
LU9,LU9_41,400,LU9_2023,0.7629858333333333
LU9,LU9_44,400,LU9_2023,0.6952208333333333
LU9,LU9_51,400,LU9_2023,0.6886583333333333
LU9,LU9_55,400,LU9_2023,0.7034859375
LU9,LU9_57,400,LU9_2023,0.6935317708333334
LU9,LU9_62,400,LU9_2023,0.7345208333333333
LU9,LU9_63,400,LU9_2023,0.7050965277777778
LU9,LU9_64,400,LU9_2023,0.72653125
LU9,LU9_65,400,LU9_2023,0.7109046875
LU9,LU9_67,400,LU9_2023,0.6797125
LU9,LU9_68,400,LU9_2023,0.6789016666666667
LU9,LU9_72,400,LU9_2023,0.7430901041666667
LU9,LU9_73,400,LU9_2023,0.7008427083333333
LU9,LU9_75,400,LU9_2023,0.6933453125
LU9,LU9_76,400,LU9_2023,0.7054072916666667
LU9,LU9_77,400,LU9_2023,0.6951708333333333
LU9,LU9_79,400,LU9_2023,0.7239161458333333
LU9,LU9_80,400,LU9_2023,0.7282201388888888
LU9,LU9_81,400,LU9_2023,0.6945465277777778
LU9,LU9_82,400,LU9_2023,0.6915704166666666
LU9,LU9_85,400,LU9_2023,0.7037491666666666
LU9,LU9_86,400,LU9_2023,0.7090817708333335
LU9,LU9_87,400,LU9_2023,0.702145138888889
LU9,LU9_90,400,LU9_2023,0.6869937500000001
LU9,LU9_93,400,LU9_2023,0.7826611111111111
LU9,LU9_94,400,LU9_2023,0.7880472222222222
LU9,LU9_96,400,LU9_2023,0.6705033333333335
LU9,LU9_98,400,LU9_2023,0.67766875
LU9,LU9_27,400,LU9_2023,0.7063083333333334
LU14,LU14_3,400,LU14_2023,0.72679375
LU14,LU14_7,400,LU14_2023,0.7388723958333334
LU14,LU14_8,400,LU14_2023,0.7076138888888889
LU14,LU14_9,400,LU14_2023,0.7105131944444446
LU14,LU14_100,400,LU14_2023,0.7035529166666666
LU14,LU14_102,400,LU14_2023,0.722592361111111
LU14,LU14_105,400,LU14_2023,0.7579879166666667
LU14,LU14_110,400,LU14_2023,0.6835244791666667
LU14,LU14_114,400,LU14_2023,0.7140802083333333
LU14,LU14_115,400,LU14_2023,0.6952215277777777
LU14,LU14_120,400,LU14_2023,0.6951708333333333
LU14,LU14_121,400,LU14_2023,0.6986833333333333
LU14,LU14_131,400,LU14_2023,0.7073557291666667
LU14,LU14_135,400,LU14_2023,0.6630341666666666
LU14,LU14_16,400,LU14_2023,0.7290638888888891
LU14,LU14_17,400,LU14_2023,0.7326763888888889
LU14,LU14_19,400,LU14_2023,0.6846305555555556
LU14,LU14_20,400,LU14_2023,0.6998991666666667
LU14,LU14_250,400,LU14_2023,0.7152562499999999
LU14,LU14_30,400,LU14_2023,0.6890635416666667
LU14,LU14_31,400,LU14_2023,0.7075552083333333
LU14,LU14_33,400,LU14_2023,0.7233437500000001
LU14,LU14_37,400,LU14_2023,0.7342433333333334
LU14,LU14_47,400,LU14_2023,0.7417088541666668
LU14,LU14_48,400,LU14_2023,0.7255479166666667
LU14,LU14_49,400,LU14_2023,0.7213118055555556
LU14,LU14_51,400,LU14_2023,0.7391256944444445
LU14,LU14_54,400,LU14_2023,0.7008281250000001
LU14,LU14_56,400,LU14_2023,0.7307066666666667
LU14,LU14_57,400,LU14_2023,0.7147062500000002
LU14,LU14_61,400,LU14_2023,0.6681325000000001
LU14,LU14_62,400,LU14_2023,0.6874390625
LU14,LU14_63,400,LU14_2023,0.7154715277777779
LU14,LU14_66,400,LU14_2023,0.6767791666666667
LU14,LU14_70,400,LU14_2023,0.7191493055555555
LU14,LU14_71,400,LU14_2023,0.7382145833333333
LU14,LU14_72,400,LU14_2023,0.7127020833333333
LU14,LU14_74,400,LU14_2023,0.7243965277777779
LU14,LU14_76,400,LU14_2023,0.6915234375
LU14,LU14_78,400,LU14_2023,0.7601048611111111
LU14,LU14_80,400,LU14_2023,0.7036861111111112
LU14,LU14_84,400,LU14_2023,0.6939437500000001
LU14,LU14_85,400,LU14_2023,0.6837444444444444
LU14,LU14_86,400,LU14_2023,0.7444963541666667
LU14,LU14_88,400,LU14_2023,0.7273468750000001
LU14,LU14_91,400,LU14_2023,0.6970027777777777
LU14,LU14_92,400,LU14_2023,0.6999868055555556
LU14,LU14_96,400,LU14_2023,0.7366635416666667
LU14,LU14_97,400,LU14_2023,0.7107891666666667
LU14,LU14_75,400,LU14_2023,0.7328972222222223
LU16,LU16_2,400,LU16_2023,0.7109991666666667
LU16,LU16_3,400,LU16_2023,0.6836638888888888
LU16,LU16_15,400,LU16_2023,0.7051281250000001
LU16,LU16_20,400,LU16_2023,0.6799458333333334
LU16,LU16_200,400,LU16_2023,0.7198283333333333
LU16,LU16_201,400,LU16_2023,0.6592828125000001
LU16,LU16_202,400,LU16_2023,0.7316340277777776
LU16,LU16_203,400,LU16_2023,0.7700409722222222
LU16,LU16_22,400,LU16_2023,0.6915116666666667
LU16,LU16_23,400,LU16_2023,0.6625555555555556
LU16,LU16_24,400,LU16_2023,0.5366072916666668
LU16,LU16_25,400,LU16_2023,0.6873526041666667
LU16,LU16_26,400,LU16_2023,0.6546666666666666
LU16,LU16_270,400,LU16_2023,0.6798760416666667
LU16,LU16_28,400,LU16_2023,0.7321953125
LU16,LU16_300,400,LU16_2023,0.6657182291666667
LU16,LU16_301,400,LU16_2023,0.34215625000000005
LU16,LU16_302,400,LU16_2023,0.6739979166666666
LU16,LU16_303,400,LU16_2023,0.6789816666666667
LU16,LU16_313,400,LU16_2023,0.669859375
LU16,LU16_314,400,LU16_2023,0.6781618055555555
LU16,LU16_36,400,LU16_2023,0.6749395833333334
LU16,LU16_37,400,LU16_2023,0.7416520833333333
LU16,LU16_49,400,LU16_2023,0.6202347222222223
LU16,LU16_52,400,LU16_2023,0.5893541666666667
LU16,LU16_54,400,LU16_2023,0.607971875
LU16,LU16_55,400,LU16_2023,0.58611875
LU16,LU16_57,400,LU16_2023,0.5696458333333334
LU16,LU16_58,400,LU16_2023,0.5824343750000001
LU16,LU16_60,400,LU16_2023,0.6313829166666667
LU16,LU16_62,400,LU16_2023,0.57835
LU16,LU16_63,400,LU16_2023,0.6194473958333333
LU16,LU16_64,400,LU16_2023,0.6282944444444446
LU16,LU16_67,400,LU16_2023,0.5816541666666667
LU16,LU16_68,400,LU16_2023,0.5012208333333333
LU16,LU16_69,400,LU16_2023,0.6323388888888889
LU16,LU16_70,400,LU16_2023,0.5741597222222222
LU16,LU16_71,400,LU16_2023,0.526059375
LU16,LU16_72,400,LU16_2023,0.6433020833333334
LU16,LU16_73,400,LU16_2023,0.5737260416666666
LU16,LU16_74,400,LU16_2023,0.6197659722222223
LU16,LU16_75,400,LU16_2023,0.4616395833333334
LU16,LU16_77,400,LU16_2023,0.54654375
LU16,LU16_80,400,LU16_2023,0.5661534722222222
LU16,LU16_81,400,LU16_2023,0.5190890625
LU16,LU16_83,400,LU16_2023,0.5970383333333333
LU16,LU16_84,400,LU16_2023,0.5987411458333334
LU16,LU16_85,400,LU16_2023,0.5954375
LU16,LU16_88,400,LU16_2023,0.5465046875
LU22,LU22_110,400,LU22_2023,0.7498118055555555
LU22,LU22_48,400,LU22_2023,0.7627645833333334
LU22,LU22_107,400,LU22_2023,0.7678923611111111
LU22,LU22_49,400,LU22_2023,0.7684052083333333
LU22,LU22_103,400,LU22_2023,0.7390192708333334
LU22,LU22_44,400,LU22_2023,0.7530437500000001
LU22,LU22_21,400,LU22_2023,0.781090625
LU22,LU22_15,400,LU22_2023,0.7739057291666667
LU22,LU22_50,400,LU22_2023,0.7566494791666667
LU22,LU22_38,400,LU22_2023,0.7591354166666667
LU22,LU22_22,400,LU22_2023,0.7623364583333333
LU22,LU22_85,400,LU22_2023,0.7028197916666666
LU22,LU22_33,400,LU22_2023,0.7446354166666667
LU22,LU22_34,400,LU22_2023,0.7098756944444444
LU22,LU22_11,400,LU22_2023,0.6883715277777779
LU22,LU22_29,400,LU22_2023,0.7901341666666666
LU22,LU22_86,400,LU22_2023,0.7415822916666667
LU22,LU22_80,400,LU22_2023,0.7312057291666667
LU22,LU22_17,400,LU22_2023,0.7837611111111111
LU22,LU22_35,400,LU22_2023,0.7699713541666666
LU22,LU22_63,400,LU22_2023,0.6726208333333333
LU22,LU22_30,400,LU22_2023,0.8010921875000001
LU22,LU22_4,400,LU22_2023,0.7384229166666668
LU22,LU22_36,400,LU22_2023,0.7405979166666667
LU22,LU22_76,400,LU22_2023,0.6947822916666667
LU22,LU22_5,400,LU22_2023,0.7503203125
LU22,LU22_87,400,LU22_2023,0.7273833333333333
LU22,LU22_25,400,LU22_2023,0.7841874999999999
LU22,LU22_89,400,LU22_2023,0.6959933333333334
LU22,LU22_18,400,LU22_2023,0.7696715277777778
LU22,LU22_32,400,LU22_2023,0.7495180555555555
LU22,LU22_8,400,LU22_2023,0.767459375
LU22,LU22_6,400,LU22_2023,0.7381729166666666
LU22,LU22_81,400,LU22_2023,0.7193916666666667
LU22,LU22_7,400,LU22_2023,0.7775319444444445
LU22,LU22_69,400,LU22_2023,0.7514798611111111
LU22,LU22_70,400,LU22_2023,0.7335729166666667
LU22,LU22_82,400,LU22_2023,0.7484052083333333
LU22,LU22_94,400,LU22_2023,0.7211430555555557
LU22,LU22_101,400,LU22_2023,0.7545088541666667
LU22,LU22_71,400,LU22_2023,0.7469369791666667
LU22,LU22_77,400,LU22_2023,0.7631618055555557
LU22,LU22_72,400,LU22_2023,0.7532369791666667
LU22,LU22_65,400,LU22_2023,0.7609739583333335
LU22,LU22_60,400,LU22_2023,0.7117958333333334
LU22,LU22_61,400,LU22_2023,0.7741312499999999
LU22,LU22_53,400,LU22_2023,0.7833645833333334
LU22,LU22_46,400,LU22_2023,0.7672450000000002
LU22,LU22_40,400,LU22_2023,0.6874562500000001
LU22,LU22_47,400,LU22_2023,0.7799006944444445
LU4,LU4_N15_24,400,LU4_2024,0.7085375
LU4,LU4_M14_24,400,LU4_2024,0.701651388888889
LU4,LU4_J14_24,400,LU4_2024,0.6808562499999999
LU4,LU4_J15_24,400,LU4_2024,0.6820972222222222
LU4,LU4_I12_24,400,LU4_2024,0.6731715277777778
LU4,LU4_I13_24,400,LU4_2024,0.6688427083333334
LU4,LU4_Q10_24,400,LU4_2024,0.7189812500000001
LU4,LU4_O10_24,400,LU4_2024,0.7160031250000001
LU4,LU4_R7_24,400,LU4_2024,0.7264557291666667
LU4,LU4_R9_24,400,LU4_2024,0.71785
LU4,LU4_T8_24,400,LU4_2024,0.758425
LU4,LU4_O16_24,400,LU4_2024,0.6814182291666666
LU4,LU4_J26_24,400,LU4_2024,0.6739076388888888
LU4,LU4_K25_24,400,LU4_2024,0.6782953125
LU4,LU4_L23_24,400,LU4_2024,0.6932652777777778
LU4,LU4_H26_24,400,LU4_2024,0.6707701388888889
LU4,LU4_K23_24,400,LU4_2024,0.6867760416666667
LU4,LU4_J21_24,400,LU4_2024,0.7235041666666667
LU4,LU4_I21_24,400,LU4_2024,0.7175791666666667
LU4,LU4_N30_24,400,LU4_2024,0.6852312500000001
LU4,LU4_O23_24,400,LU4_2024,0.6821875
LU4,LU4_O22_24,400,LU4_2024,0.7071652777777778
LU4,LU4_L18_24,400,LU4_2024,0.669259375
LU4,LU4_L17_24,400,LU4_2024,0.6674562500000001
LU4,LU4_K17_24,400,LU4_2024,0.682
LU4,LU4_K19_24,400,LU4_2024,0.7313347222222223
LU4,LU4_I22_24,400,LU4_2024,0.6964104166666667
LU4,LU4_Q20_24,400,LU4_2024,0.6855041666666667
LU4,LU4_V25_24,400,LU4_2024,0.6758645833333333
LU4,LU4_P22_24,400,LU4_2024,0.7174723958333333
LU4,LU4_O21_24,400,LU4_2024,0.7567312500000001
LU4,LU4_P17_24,400,LU4_2024,0.6821151041666667
LU4,LU4_Q16_24,400,LU4_2024,0.6378715277777778
LU4,LU4_V19_24,400,LU4_2024,0.7241131944444446
LU4,LU4_O17_24,400,LU4_2024,0.6665680555555555
LU4,LU4_W19_24,400,LU4_2024,0.7023536458333334
LU4,LU4_Y25_24,400,LU4_2024,0.6982159722222224
LU4,LU4_S17_24,400,LU4_2024,0.7014833333333335
LU4,LU4_S18_24,400,LU4_2024,0.6974296875000001
LU4,LU4_R14_24,400,LU4_2024,0.6969666666666666
LU4,LU4_V17_24,400,LU4_2024,0.6587173611111111
LU4,LU4_U15_24,400,LU4_2024,0.71706875
LU4,LU4_M12_24,400,LU4_2024,0.7125316666666667
LU4,LU4_O13_24,400,LU4_2024,0.728732638888889
LU4,LU4_P15_24,400,LU4_2024,0.6760236111111112
LU4,LU4_E15_24,400,LU4_2024,0.6861659722222223
LU4,LU4_G17_24,400,LU4_2024,0.7248916666666667
LU4,LU4_G13_24,400,LU4_2024,0.6526881944444445
LU4,LU4_G12_24,400,LU4_2024,0.6689796875
LU4,LU4_F14_24,400,LU4_2024,0.6710864583333334
LU3,LU3_102_24,400,LU3_2024,0.6994401041666667
LU3,LU3_5_24,400,LU3_2024,0.6791979166666667
LU3,LU3_103_24,400,LU3_2024,0.7273572916666667
LU3,LU3_131_24,400,LU3_2024,0.7264041666666667
LU3,LU3_39_24,400,LU3_2024,0.6147279166666666
LU3,LU3_18_24,400,LU3_2024,0.6853118055555556
LU3,LU3_20_24,400,LU3_2024,0.6135381944444446
LU3,LU3_19_24,400,LU3_2024,0.6427942708333334
LU3,LU3_111_24,400,LU3_2024,0.6912218749999999
LU3,LU3_AB21_24,400,LU3_2024,0.6896825000000001
LU3,LU3_27_24,400,LU3_2024,0.66759125
LU3,LU3_36_24,400,LU3_2024,0.7010984375000001
LU3,LU3_40_24,400,LU3_2024,0.6239635416666667
LU3,LU3_41_24,400,LU3_2024,0.6930255208333334
LU3,LU3_52_24,400,LU3_2024,0.6478381944444446
LU3,LU3_15_24,400,LU3_2024,0.7175078125000001
LU3,LU3_44_24,400,LU3_2024,0.6732682291666666
LU3,LU3_17_24,400,LU3_2024,0.6838575
LU3,LU3_147_24,400,LU3_2024,0.6721578125
LU3,LU3_51_24,400,LU3_2024,0.6434671875
LU3,LU3_AH7_24,400,LU3_2024,0.7298520833333334
LU3,LU3_126_24,400,LU3_2024,0.7031388888888889
LU3,LU3_129_24,400,LU3_2024,0.6229484375000001
LU3,LU3_28_24,400,LU3_2024,0.6967239583333333
LU3,LU3_AH14_24,400,LU3_2024,0.7143927083333333
LU3,LU3_38_24,400,LU3_2024,0.7161006944444445
LU3,LU3_13_24,400,LU3_2024,0.6875447916666667
LU3,LU3_25_24,400,LU3_2024,0.6169840277777778
LU3,LU3_21_24,400,LU3_2024,0.7231187499999999
LU3,LU3_AC10_24,400,LU3_2024,0.74261625
LU3,LU3_46_24,400,LU3_2024,0.7322180555555556
LU3,LU3_10_24,400,LU3_2024,0.7012833333333334
LU3,LU3_AE12_24,400,LU3_2024,0.7078222222222221
LU3,LU3_7_24,400,LU3_2024,0.6684847222222222
LU3,LU3_14_24,400,LU3_2024,0.6831548611111112
LU3,LU3_137_24,400,LU3_2024,0.6520776041666667
LU3,LU3_M20_24,400,LU3_2024,0.7086486111111112
LU3,LU3_L22_24,400,LU3_2024,0.6666854166666667
LU3,LU3_J23_24,400,LU3_2024,0.7199270833333333
LU3,LU3_U6_24,400,LU3_2024,0.7181555555555557
LU3,LU3_L16_24,400,LU3_2024,0.6918555555555557
LU3,LU3_N18_24,400,LU3_2024,0.7122343750000001
LU3,LU3_L15_24,400,LU3_2024,0.6557552083333333
LU3,LU3_32_24,400,LU3_2024,0.6889840277777779
LU3,LU3_W7_24,400,LU3_2024,0.7141506944444446
LU3,LU3_45_24,400,LU3_2024,0.7134666666666667
LU3,LU3_50_24,400,LU3_2024,0.6419020833333333
LU3,LU3_49_24,400,LU3_2024,0.6868421874999999
LU3,LU3_Y8_24,400,LU3_2024,0.6924744791666668
LU3,LU3_48_24,400,LU3_2024,0.6810715277777778
LU2,LU2_21_24,400,LU2_2024,0.7272104166666666
LU2,LU2_34_24,400,LU2_2024,0.7854479166666667
LU2,LU2_O25_24,400,LU2_2024,0.7790229166666668
LU2,LU2_W21_24,400,LU2_2024,0.7755017361111111
LU2,LU2_36_24,400,LU2_2024,0.7780020833333333
LU2,LU2_15_24,400,LU2_2024,0.773163888888889
LU2,LU2_13_24,400,LU2_2024,0.7448868055555556
LU2,LU2_5_24,400,LU2_2024,0.7729937500000001
LU2,LU2_101_24,400,LU2_2024,0.7790194444444446
LU2,LU2_32_24,400,LU2_2024,0.7453701388888888
LU2,LU2_Q24_24,400,LU2_2024,0.7598927083333333
LU2,LU2_56_24,400,LU2_2024,0.7776093750000002
LU2,LU2_I15_24,400,LU2_2024,0.768959375
LU2,LU2_L20_24,400,LU2_2024,0.7432236111111111
LU2,LU2_L46_24,400,LU2_2024,0.7474041666666666
LU2,LU2_110_24,400,LU2_2024,0.7696947916666668
LU2,LU2_39_24,400,LU2_2024,0.7782125000000001
LU2,LU2_17_24,400,LU2_2024,0.7325166666666667
LU2,LU2_155_24,400,LU2_2024,0.7613465277777779
LU2,LU2_50_24,400,LU2_2024,0.7798670833333332
LU2,LU2_O16_24,400,LU2_2024,0.7754833333333333
LU2,LU2_U13_24,400,LU2_2024,0.7801572916666666
LU2,LU2_44_24,400,LU2_2024,0.7548755208333333
LU2,LU2_143_24,400,LU2_2024,0.7627055555555556
LU2,LU2_18_24,400,LU2_2024,0.77044375
LU2,LU2_52_24,400,LU2_2024,0.7616154166666668
LU2,LU2_123_24,400,LU2_2024,0.7700736111111112
LU2,LU2_H16_24,400,LU2_2024,0.7671083333333333
LU2,LU2_27_24,400,LU2_2024,0.7397677083333334
LU2,LU2_31_24,400,LU2_2024,0.7733640625
LU2,LU2_3_24,400,LU2_2024,0.76480625
LU2,LU2_J27_24,400,LU2_2024,0.779
LU2,LU2_E27_24,400,LU2_2024,0.7685625
LU2,LU2_G25_24,400,LU2_2024,0.7463973958333334
LU2,LU2_G26_24,400,LU2_2024,0.7556958333333332
LU2,LU2_106_24,400,LU2_2024,0.7095114583333334
LU2,LU2_20_24,400,LU2_2024,0.7606786458333334
LU2,LU2_25_24,400,LU2_2024,0.7728236111111112
LU2,LU2_40_24,400,LU2_2024,0.7498381944444444
LU2,LU2_38_24,400,LU2_2024,0.7447489583333333
LU2,LU2_137_24,400,LU2_2024,0.7501020833333333
LU2,LU2_47_24,400,LU2_2024,0.7661505208333333
LU2,LU2_26_24,400,LU2_2024,0.7570953125
LU2,LU2_H26_24,400,LU2_2024,0.7782260416666668
LU2,LU2_29_24,400,LU2_2024,0.7327864583333333
LU2,LU2_K26_24,400,LU2_2024,0.7564687500000001
LU2,LU2_100_24,400,LU2_2024,0.7043718750000001
LU2,LU2_30_24,400,LU2_2024,0.7424145833333333
LU2,LU2_33_24,400,LU2_2024,0.7821465277777779
LU2,LU2_M25_24,400,LU2_2024,0.7609048611111112
LU8,LU8_N19_24,400,LU8_2024,0.775276388888889
LU8,LU8_M19_24,400,LU8_2024,0.7648527777777777
LU8,LU8_N20_24,400,LU8_2024,0.7289541666666668
LU8,LU8_O20_24,400,LU8_2024,0.7231937500000001
LU8,LU8_N18_24,400,LU8_2024,0.7605885416666667
LU8,LU8_S25_24,400,LU8_2024,0.720846875
LU8,LU8_AC29_24,400,LU8_2024,0.6698725000000001
LU8,LU8_AC28_24,400,LU8_2024,0.6647909722222223
LU8,LU8_AB29_24,400,LU8_2024,0.6600277777777778
LU8,LU8_AC30_24,400,LU8_2024,0.6817555555555557
LU8,LU8_T25_24,400,LU8_2024,0.704645138888889
LU8,LU8_S24_24,400,LU8_2024,0.6683826388888888
LU8,LU8_AE29_24,400,LU8_2024,0.7107557291666666
LU8,LU8_AD29_24,400,LU8_2024,0.6873444444444444
LU8,LU8_AD28_24,400,LU8_2024,0.6788631944444444
LU8,LU8_AD27_24,400,LU8_2024,0.6889463541666667
LU8,LU8_AC24_24,400,LU8_2024,0.6435041666666667
LU8,LU8_AC25_24,400,LU8_2024,0.6286104166666667
LU8,LU8_AC31_24,400,LU8_2024,0.673690625
LU8,LU8_AB31_24,400,LU8_2024,0.7018062500000001
LU2,LU2_3,500,LU2_2021,0.7640395833333334
LU2,LU2_5,500,LU2_2021,0.7687420138888889
LU2,LU2_100,500,LU2_2021,0.7042288194444445
LU2,LU2_101,500,LU2_2021,0.7720651041666667
LU2,LU2_106,500,LU2_2021,0.7039470833333333
LU2,LU2_110,500,LU2_2021,0.7611250000000002
LU2,LU2_119,500,LU2_2021,0.7736371527777779
LU2,LU2_123,500,LU2_2021,0.7679254166666667
LU2,LU2_13,500,LU2_2021,0.7522171875000001
LU2,LU2_137,500,LU2_2021,0.75353125
LU2,LU2_143,500,LU2_2021,0.7636781250000001
LU2,LU2_15,500,LU2_2021,0.7725520833333334
LU2,LU2_153,500,LU2_2021,0.7669694444444445
LU2,LU2_155,500,LU2_2021,0.7605458333333334
LU2,LU2_17,500,LU2_2021,0.7479140625
LU2,LU2_18,500,LU2_2021,0.7656345833333333
LU2,LU2_20,500,LU2_2021,0.7594052083333334
LU2,LU2_21,500,LU2_2021,0.7206277777777778
LU2,LU2_24,500,LU2_2021,0.7377659722222223
LU2,LU2_25,500,LU2_2021,0.7730608333333333
LU2,LU2_26,500,LU2_2021,0.7603722222222222
LU2,LU2_27,500,LU2_2021,0.7440929166666667
LU2,LU2_29,500,LU2_2021,0.7337524305555556
LU2,LU2_30,500,LU2_2021,0.7423229166666667
LU2,LU2_31,500,LU2_2021,0.7705916666666667
LU2,LU2_32,500,LU2_2021,0.7453701388888888
LU2,LU2_33,500,LU2_2021,0.7821465277777779
LU2,LU2_34,500,LU2_2021,0.7809135416666667
LU2,LU2_36,500,LU2_2021,0.7798989583333333
LU2,LU2_38,500,LU2_2021,0.7516027777777778
LU2,LU2_39,500,LU2_2021,0.7744750000000001
LU2,LU2_40,500,LU2_2021,0.7498381944444446
LU2,LU2_42,500,LU2_2021,0.7870129166666667
LU2,LU2_44,500,LU2_2021,0.7523350694444444
LU2,LU2_46,500,LU2_2021,0.7422142361111111
LU2,LU2_47,500,LU2_2021,0.7728208333333333
LU2,LU2_50,500,LU2_2021,0.7802347222222221
LU2,LU2_51,500,LU2_2021,0.7632970833333333
LU2,LU2_52,500,LU2_2021,0.7617510416666667
LU2,LU2_54,500,LU2_2021,0.7698631944444444
LU2,LU2_56,500,LU2_2021,0.7765986111111113
LU2,LU2_57,500,LU2_2021,0.7589538194444444
LU3,LU3_5,500,LU3_2021,0.6734190476190477
LU3,LU3_7,500,LU3_2021,0.6827489583333335
LU3,LU3_10,500,LU3_2021,0.702615625
LU3,LU3_102,500,LU3_2021,0.6994715277777779
LU3,LU3_103,500,LU3_2021,0.7252011904761905
LU3,LU3_106,500,LU3_2021,0.64991125
LU3,LU3_111,500,LU3_2021,0.6970534722222221
LU3,LU3_126,500,LU3_2021,0.70727125
LU3,LU3_129,500,LU3_2021,0.6432152777777779
LU3,LU3_13,500,LU3_2021,0.6925045138888889
LU3,LU3_131,500,LU3_2021,0.7241027777777779
LU3,LU3_137,500,LU3_2021,0.6549045138888888
LU3,LU3_14,500,LU3_2021,0.6856184027777777
LU3,LU3_147,500,LU3_2021,0.6719437500000001
LU3,LU3_15,500,LU3_2021,0.7132767361111112
LU3,LU3_17,500,LU3_2021,0.6880975694444444
LU3,LU3_18,500,LU3_2021,0.6743211805555555
LU3,LU3_19,500,LU3_2021,0.6482041666666666
LU3,LU3_20,500,LU3_2021,0.6230065972222223
LU3,LU3_21,500,LU3_2021,0.7201474999999999
LU3,LU3_25,500,LU3_2021,0.59282875
LU3,LU3_27,500,LU3_2021,0.6679076388888889
LU3,LU3_28,500,LU3_2021,0.6887247023809524
LU3,LU3_32,500,LU3_2021,0.7000187500000001
LU3,LU3_36,500,LU3_2021,0.695778125
LU3,LU3_38,500,LU3_2021,0.69846125
LU3,LU3_39,500,LU3_2021,0.5324135416666668
LU3,LU3_40,500,LU3_2021,0.6403125000000002
LU3,LU3_41,500,LU3_2021,0.690068154761905
LU3,LU3_44,500,LU3_2021,0.67399625
LU3,LU3_45,500,LU3_2021,0.70745625
LU3,LU3_46,500,LU3_2021,0.7244958333333333
LU3,LU3_48,500,LU3_2021,0.6763291666666668
LU3,LU3_50,500,LU3_2021,0.6643986111111111
LU3,LU3_51,500,LU3_2021,0.6358118055555555
LU3,LU3_52,500,LU3_2021,0.6158880208333334
LU3,LU3_49,500,LU3_2021,0.6757284722222222
LU13,LU13_18,500,LU13_2022,0.5828508333333333
LU13,LU13_15,500,LU13_2022,0.6339645833333334
LU13,LU13_3,500,LU13_2022,0.6809121527777778
LU13,LU13_34,500,LU13_2022,0.5768659722222222
LU13,LU13_57,500,LU13_2022,0.6933862500000001
LU13,LU13_16,500,LU13_2022,0.6725180555555555
LU13,LU13_21,500,LU13_2022,0.48073333333333335
LU13,LU13_37,500,LU13_2022,0.6445854166666667
LU13,LU13_55,500,LU13_2022,0.6584048611111111
LU13,LU13_47,500,LU13_2022,0.69925625
LU13,LU13_51,500,LU13_2022,0.6988315972222222
LU13,LU13_27,500,LU13_2022,0.6974285714285714
LU13,LU13_5,500,LU13_2022,0.7150854166666667
LU13,LU13_26,500,LU13_2022,0.6992354166666667
LU13,LU13_35,500,LU13_2022,0.6208673611111112
LU13,LU13_13,500,LU13_2022,0.7033027777777777
LU13,LU13_128,500,LU13_2022,0.6950463541666667
LU13,LU13_131,500,LU13_2022,0.7007888888888889
LU13,LU13_12,500,LU13_2022,0.6789534722222222
LU13,LU13_33,500,LU13_2022,0.6833409722222222
LU13,LU13_32,500,LU13_2022,0.6737145833333333
LU13,LU13_30,500,LU13_2022,0.66409375
LU13,LU13_53,500,LU13_2022,0.6677829166666667
LU13,LU13_22,500,LU13_2022,0.7354045138888888
LU13,LU13_19,500,LU13_2022,0.7061190972222221
LU13,LU13_45,500,LU13_2022,0.7075590277777777
LU13,LU13_8,500,LU13_2022,0.6876590277777778
LU13,LU13_43,500,LU13_2022,0.6815829861111111
LU13,LU13_41,500,LU13_2022,0.7071121527777778
LU13,LU13_59,500,LU13_2022,0.6828458333333334
LU13,LU13_6,500,LU13_2022,0.6953809027777779
LU13,LU13_14,500,LU13_2022,0.6856443452380953
LU13,LU13_52,500,LU13_2022,0.6259466666666668
LU13,LU13_36,500,LU13_2022,0.6570736111111112
LU13,LU13_38,500,LU13_2022,0.6525208333333333
LU13,LU13_20,500,LU13_2022,0.6271267361111111
LU13,LU13_17,500,LU13_2022,0.7078145833333332
LU13,LU13_56,500,LU13_2022,0.6286527777777778
LU13,LU13_49,500,LU13_2022,0.68046875
LU13,LU13_70,500,LU13_2022,0.7144796875
LU13,LU13_11,500,LU13_2022,0.7096552083333334
LU15,LU15_44,500,LU15_2022,0.6926611111111112
LU15,LU15_11,500,LU15_2022,0.6667277777777777
LU15,LU15_19,500,LU15_2022,0.6810906250000001
LU15,LU15_7,500,LU15_2022,0.7259680555555555
LU15,LU15_34,500,LU15_2022,0.6896107638888888
LU15,LU15_37,500,LU15_2022,0.6594988095238097
LU15,LU15_18,500,LU15_2022,0.6858347222222223
LU15,LU15_43,500,LU15_2022,0.7104277777777778
LU15,LU15_10,500,LU15_2022,0.7004638888888888
LU15,LU15_58,500,LU15_2022,0.7127881944444444
LU15,LU15_8,500,LU15_2022,0.6943427083333334
LU15,LU15_12,500,LU15_2022,0.6685656249999999
LU15,LU15_17,500,LU15_2022,0.6997739583333334
LU15,LU15_1,500,LU15_2022,0.6535805555555556
LU15,LU15_26,500,LU15_2022,0.6641611111111111
LU15,LU15_27,500,LU15_2022,0.6739052083333333
LU15,LU15_28,500,LU15_2022,0.6691458333333334
LU15,LU15_2,500,LU15_2022,0.6617194444444445
LU15,LU15_29,500,LU15_2022,0.6651364583333333
LU15,LU15_30,500,LU15_2022,0.6928317708333334
LU15,LU15_31,500,LU15_2022,0.6995233333333334
LU15,LU15_32,500,LU15_2022,0.6833558333333334
LU15,LU15_20,500,LU15_2022,0.7420370833333334
LU15,LU15_21,500,LU15_2022,0.7570600694444445
LU15,LU15_23,500,LU15_2022,0.7041402777777778
LU15,LU15_41,500,LU15_2022,0.6924366666666668
LU15,LU15_25,500,LU15_2022,0.7014409722222221
LU15,LU15_9,500,LU15_2022,0.7090447916666666
LU15,LU15_24,500,LU15_2022,0.7238432291666667
LU15,LU15_46,500,LU15_2022,0.7347888888888888
LU15,LU15_40,500,LU15_2022,0.7043638888888889
LU15,LU15_16,500,LU15_2022,0.7090864583333335
LU15,LU15_4,500,LU15_2022,0.6410788194444444
LU15,LU15_36,500,LU15_2022,0.6722891666666667
LU15,LU15_3,500,LU15_2022,0.7398319444444444
LU15,LU15_15,500,LU15_2022,0.6685440972222222
LU15,LU15_14,500,LU15_2022,0.7532958333333333
LU15,LU15_22,500,LU15_2022,0.6727770833333334
LU15,LU15_61,500,LU15_2022,0.6769145833333334
LU21,LU21_106,500,LU21_2022,0.7461836805555556
LU21,LU21_10,500,LU21_2022,0.6846868055555556
LU21,LU21_16,500,LU21_2022,0.6680725694444445
LU21,LU21_107,500,LU21_2022,0.6785368055555555
LU21,LU21_41,500,LU21_2022,0.70188125
LU21,LU21_63,500,LU21_2022,0.6351020833333334
LU21,LU21_27,500,LU21_2022,0.6593652777777778
LU21,LU21_23,500,LU21_2022,0.6722190972222223
LU21,LU21_21,500,LU21_2022,0.6878190972222223
LU21,LU21_82,500,LU21_2022,0.6940138888888888
LU21,LU21_871,500,LU21_2022,0.7580237500000001
LU21,LU21_164,500,LU21_2022,0.6008362500000001
LU21,LU21_36,500,LU21_2022,0.6310628472222222
LU21,LU21_14,500,LU21_2022,0.6850890625000001
LU21,LU21_32,500,LU21_2022,0.6758006944444445
LU21,LU21_126,500,LU21_2022,0.6815135416666667
LU21,LU21_122,500,LU21_2022,0.6730845833333333
LU21,LU21_56,500,LU21_2022,0.7114159722222223
LU21,LU21_57,500,LU21_2022,0.686476488095238
LU21,LU21_9,500,LU21_2022,0.6894965277777777
LU21,LU21_98,500,LU21_2022,0.7029586805555557
LU21,LU21_119,500,LU21_2022,0.7094680555555556
LU21,LU21_52,500,LU21_2022,0.7104826388888889
LU21,LU21_59,500,LU21_2022,0.6521875
LU21,LU21_68,500,LU21_2022,0.7027097222222222
LU21,LU21_109,500,LU21_2022,0.7167333333333333
LU21,LU21_93,500,LU21_2022,0.7263774305555556
LU21,LU21_114,500,LU21_2022,0.7430854166666667
LU21,LU21_105,500,LU21_2022,0.7212820833333332
LU21,LU21_100,500,LU21_2022,0.7213250000000001
LU21,LU21_74,500,LU21_2022,0.6879215277777778
LU21,LU21_78,500,LU21_2022,0.7018433333333333
LU21,LU21_153,500,LU21_2022,0.7051861111111112
LU21,LU21_6,500,LU21_2022,0.7223816666666667
LU21,LU21_116,500,LU21_2022,0.6877166666666666
LU21,LU21_97,500,LU21_2022,0.6739398809523809
LU1,LU1_13,500,LU1_2022,0.7353062499999999
LU1,LU1_30,500,LU1_2022,0.6886690972222222
LU1,LU1_85,500,LU1_2022,0.7119583333333335
LU1,LU1_66,500,LU1_2022,0.7005986111111112
LU1,LU1_76,500,LU1_2022,0.6446975694444445
LU1,LU1_73,500,LU1_2022,0.6668625
LU1,LU1_75,500,LU1_2022,0.7165604166666666
LU1,LU1_47,500,LU1_2022,0.6143930555555556
LU1,LU1_74,500,LU1_2022,0.747804513888889
LU1,LU1_44,500,LU1_2022,0.5909690972222222
LU1,LU1_41,500,LU1_2022,0.6722989583333333
LU1,LU1_64,500,LU1_2022,0.6666005208333334
LU1,LU1_86,500,LU1_2022,0.6830162500000001
LU1,LU1_79,500,LU1_2022,0.6460891666666668
LU1,LU1_63,500,LU1_2022,0.6491166666666668
LU1,LU1_72,500,LU1_2022,0.6856904166666667
LU1,LU1_67,500,LU1_2022,0.7186020833333334
LU1,LU1_77,500,LU1_2022,0.598809375
LU1,LU1_32,500,LU1_2022,0.6869739583333333
LU1,LU1_36,500,LU1_2022,0.7017934027777777
LU1,LU1_84,500,LU1_2022,0.6981142361111111
LU1,LU1_25,500,LU1_2022,0.6503093750000001
LU1,LU1_83,500,LU1_2022,0.686517013888889
LU1,LU1_80,500,LU1_2022,0.6494031250000001
LU1,LU1_70,500,LU1_2022,0.690427777777778
LU1,LU1_48,500,LU1_2022,0.6857059027777779
LU1,LU1_45,500,LU1_2022,0.7168559027777778
LU1,LU1_11,500,LU1_2022,0.5583776041666667
LU1,LU1_40,500,LU1_2022,0.7216489583333333
LU1,LU1_6,500,LU1_2022,0.7668920833333333
LU1,LU1_10,500,LU1_2022,0.7448333333333333
LU1,LU1_43,500,LU1_2022,0.6324649305555555
LU1,LU1_71,500,LU1_2022,0.6533020833333334
LU1,LU1_22,500,LU1_2022,0.641207638888889
LU1,LU1_60,500,LU1_2022,0.6770725000000001
LU1,LU1_78,500,LU1_2022,0.6671012500000001
LU1,LU1_46,500,LU1_2022,0.6292642361111112
LU1,LU1_82,500,LU1_2022,0.7048694444444444
LU1,LU1_27,500,LU1_2022,0.6594354166666667
LU9,LU9_5,500,LU9_2023,0.5733246823286052
LU9,LU9_6,500,LU9_2023,0.7548817708333333
LU9,LU9_7,500,LU9_2023,0.7239190476190477
LU9,LU9_8,500,LU9_2023,0.76138203125
LU9,LU9_100,500,LU9_2023,0.6406462500000001
LU9,LU9_102,500,LU9_2023,0.7906296875000001
LU9,LU9_106,500,LU9_2023,0.6716437500000001
LU9,LU9_112,500,LU9_2023,0.6786086805555556
LU9,LU9_113,500,LU9_2023,0.660648263888889
LU9,LU9_12,500,LU9_2023,0.764079861111111
LU9,LU9_13,500,LU9_2023,0.7162679166666667
LU9,LU9_18,500,LU9_2023,0.7527791666666666
LU9,LU9_21,500,LU9_2023,0.7157451388888889
LU9,LU9_24,500,LU9_2023,0.7308218750000001
LU9,LU9_28,500,LU9_2023,0.7471260416666666
LU9,LU9_29,500,LU9_2023,0.7374409722222223
LU9,LU9_30,500,LU9_2023,0.6789970238095238
LU9,LU9_31,500,LU9_2023,0.7446020833333332
LU9,LU9_32,500,LU9_2023,0.7753840277777778
LU9,LU9_33,500,LU9_2023,0.7626329861111111
LU9,LU9_39,500,LU9_2023,0.6936927083333333
LU9,LU9_41,500,LU9_2023,0.7611333333333333
LU9,LU9_44,500,LU9_2023,0.6998357638888889
LU9,LU9_51,500,LU9_2023,0.6884841666666668
LU9,LU9_55,500,LU9_2023,0.7032781250000001
LU9,LU9_57,500,LU9_2023,0.7004902777777778
LU9,LU9_62,500,LU9_2023,0.735948263888889
LU9,LU9_63,500,LU9_2023,0.7063880208333333
LU9,LU9_64,500,LU9_2023,0.7212670833333334
LU9,LU9_65,500,LU9_2023,0.6951930555555556
LU9,LU9_67,500,LU9_2023,0.6846072916666667
LU9,LU9_68,500,LU9_2023,0.6760454861111111
LU9,LU9_72,500,LU9_2023,0.7416544642857144
LU9,LU9_73,500,LU9_2023,0.7072965277777779
LU9,LU9_75,500,LU9_2023,0.6855038194444445
LU9,LU9_76,500,LU9_2023,0.6973760416666667
LU9,LU9_77,500,LU9_2023,0.6951708333333333
LU9,LU9_79,500,LU9_2023,0.7145604166666667
LU9,LU9_80,500,LU9_2023,0.7242395833333334
LU9,LU9_81,500,LU9_2023,0.6911866666666666
LU9,LU9_82,500,LU9_2023,0.6948847222222222
LU9,LU9_85,500,LU9_2023,0.7070427083333334
LU9,LU9_86,500,LU9_2023,0.7028274305555557
LU9,LU9_87,500,LU9_2023,0.7033220833333335
LU9,LU9_90,500,LU9_2023,0.6845454166666667
LU9,LU9_93,500,LU9_2023,0.7814276041666667
LU9,LU9_94,500,LU9_2023,0.7899256944444444
LU9,LU9_96,500,LU9_2023,0.6703336805555556
LU9,LU9_98,500,LU9_2023,0.6896548611111112
LU9,LU9_27,500,LU9_2023,0.7163989583333334
LU14,LU14_3,500,LU14_2023,0.7196119791666666
LU14,LU14_7,500,LU14_2023,0.7449184523809524
LU14,LU14_8,500,LU14_2023,0.7115468750000001
LU14,LU14_9,500,LU14_2023,0.7088951388888889
LU14,LU14_100,500,LU14_2023,0.7023496527777778
LU14,LU14_102,500,LU14_2023,0.7258368055555556
LU14,LU14_105,500,LU14_2023,0.7569258928571428
LU14,LU14_110,500,LU14_2023,0.687382986111111
LU14,LU14_114,500,LU14_2023,0.721188888888889
LU14,LU14_115,500,LU14_2023,0.6987304166666666
LU14,LU14_120,500,LU14_2023,0.6922059027777777
LU14,LU14_121,500,LU14_2023,0.7012954166666667
LU14,LU14_131,500,LU14_2023,0.7050214285714286
LU14,LU14_135,500,LU14_2023,0.6666571428571428
LU14,LU14_16,500,LU14_2023,0.7351027777777778
LU14,LU14_17,500,LU14_2023,0.728075
LU14,LU14_19,500,LU14_2023,0.6726513888888889
LU14,LU14_20,500,LU14_2023,0.6950774305555556
LU14,LU14_250,500,LU14_2023,0.7205927083333333
LU14,LU14_30,500,LU14_2023,0.6890635416666667
LU14,LU14_31,500,LU14_2023,0.7129031250000001
LU14,LU14_33,500,LU14_2023,0.7242875000000002
LU14,LU14_37,500,LU14_2023,0.7386616071428571
LU14,LU14_47,500,LU14_2023,0.7405458333333335
LU14,LU14_48,500,LU14_2023,0.7291083333333334
LU14,LU14_49,500,LU14_2023,0.7278286458333334
LU14,LU14_51,500,LU14_2023,0.7416479166666667
LU14,LU14_54,500,LU14_2023,0.7012111111111112
LU14,LU14_56,500,LU14_2023,0.7339427083333333
LU14,LU14_57,500,LU14_2023,0.7160241666666668
LU14,LU14_61,500,LU14_2023,0.6684743055555556
LU14,LU14_62,500,LU14_2023,0.6906572916666667
LU14,LU14_63,500,LU14_2023,0.7104317708333334
LU14,LU14_66,500,LU14_2023,0.6803743055555556
LU14,LU14_70,500,LU14_2023,0.7232875
LU14,LU14_71,500,LU14_2023,0.7311107638888888
LU14,LU14_72,500,LU14_2023,0.7178038194444444
LU14,LU14_74,500,LU14_2023,0.7246635416666667
LU14,LU14_76,500,LU14_2023,0.6971927083333332
LU14,LU14_78,500,LU14_2023,0.7610045833333333
LU14,LU14_80,500,LU14_2023,0.7003755208333334
LU14,LU14_84,500,LU14_2023,0.6919239583333333
LU14,LU14_85,500,LU14_2023,0.6994708333333334
LU14,LU14_86,500,LU14_2023,0.7414781250000001
LU14,LU14_88,500,LU14_2023,0.7263238095238096
LU14,LU14_91,500,LU14_2023,0.705295
LU14,LU14_92,500,LU14_2023,0.6999868055555556
LU14,LU14_96,500,LU14_2023,0.7339402777777778
LU14,LU14_97,500,LU14_2023,0.7128940972222223
LU14,LU14_75,500,LU14_2023,0.7324795138888889
LU16,LU16_2,500,LU16_2023,0.7124725694444445
LU16,LU16_3,500,LU16_2023,0.6836638888888888
LU16,LU16_15,500,LU16_2023,0.7064979166666667
LU16,LU16_20,500,LU16_2023,0.6743760416666668
LU16,LU16_200,500,LU16_2023,0.7198913194444444
LU16,LU16_201,500,LU16_2023,0.6525114583333335
LU16,LU16_202,500,LU16_2023,0.7337739583333333
LU16,LU16_203,500,LU16_2023,0.7798112500000001
LU16,LU16_22,500,LU16_2023,0.6954725694444445
LU16,LU16_23,500,LU16_2023,0.6899510416666668
LU16,LU16_24,500,LU16_2023,0.573771875
LU16,LU16_25,500,LU16_2023,0.667234375
LU16,LU16_26,500,LU16_2023,0.6532556547619048
LU16,LU16_270,500,LU16_2023,0.6779565972222223
LU16,LU16_28,500,LU16_2023,0.7354253472222223
LU16,LU16_300,500,LU16_2023,0.658410763888889
LU16,LU16_301,500,LU16_2023,0.3935920138888889
LU16,LU16_302,500,LU16_2023,0.6321423611111112
LU16,LU16_303,500,LU16_2023,0.6741059027777778
LU16,LU16_313,500,LU16_2023,0.6649375000000001
LU16,LU16_314,500,LU16_2023,0.6767104166666666
LU16,LU16_36,500,LU16_2023,0.6821440972222222
LU16,LU16_37,500,LU16_2023,0.7381274999999999
LU16,LU16_49,500,LU16_2023,0.6206369791666667
LU16,LU16_52,500,LU16_2023,0.6039266666666667
LU16,LU16_54,500,LU16_2023,0.6062149305555556
LU16,LU16_55,500,LU16_2023,0.5908722222222224
LU16,LU16_57,500,LU16_2023,0.5685697916666667
LU16,LU16_58,500,LU16_2023,0.5711673611111111
LU16,LU16_60,500,LU16_2023,0.6264652777777777
LU16,LU16_62,500,LU16_2023,0.5794677083333334
LU16,LU16_63,500,LU16_2023,0.6056592261904763
LU16,LU16_64,500,LU16_2023,0.6233569444444446
LU16,LU16_67,500,LU16_2023,0.5948450000000001
LU16,LU16_68,500,LU16_2023,0.5012208333333333
LU16,LU16_69,500,LU16_2023,0.6105182291666666
LU16,LU16_70,500,LU16_2023,0.5622746527777777
LU16,LU16_71,500,LU16_2023,0.5164253472222222
LU16,LU16_72,500,LU16_2023,0.6443767361111111
LU16,LU16_73,500,LU16_2023,0.5750631944444444
LU16,LU16_74,500,LU16_2023,0.6300656250000001
LU16,LU16_75,500,LU16_2023,0.47176197916666673
LU16,LU16_77,500,LU16_2023,0.5483958333333334
LU16,LU16_80,500,LU16_2023,0.5761854166666668
LU16,LU16_81,500,LU16_2023,0.5144972222222222
LU16,LU16_83,500,LU16_2023,0.6012079861111111
LU16,LU16_84,500,LU16_2023,0.6077388888888889
LU16,LU16_85,500,LU16_2023,0.5929775
LU16,LU16_88,500,LU16_2023,0.551238888888889
LU22,LU22_110,500,LU22_2023,0.7549388888888889
LU22,LU22_48,500,LU22_2023,0.7684718750000001
LU22,LU22_107,500,LU22_2023,0.7703041666666668
LU22,LU22_49,500,LU22_2023,0.7677767361111111
LU22,LU22_103,500,LU22_2023,0.7463534722222223
LU22,LU22_44,500,LU22_2023,0.7563447916666667
LU22,LU22_21,500,LU22_2023,0.7822715277777778
LU22,LU22_15,500,LU22_2023,0.779817013888889
LU22,LU22_50,500,LU22_2023,0.763113888888889
LU22,LU22_38,500,LU22_2023,0.7540239583333334
LU22,LU22_22,500,LU22_2023,0.768121875
LU22,LU22_85,500,LU22_2023,0.7039614583333332
LU22,LU22_33,500,LU22_2023,0.733239236111111
LU22,LU22_34,500,LU22_2023,0.7075875
LU22,LU22_11,500,LU22_2023,0.7193552083333333
LU22,LU22_29,500,LU22_2023,0.7936385416666667
LU22,LU22_86,500,LU22_2023,0.73504375
LU22,LU22_80,500,LU22_2023,0.7348409722222223
LU22,LU22_17,500,LU22_2023,0.78474
LU22,LU22_35,500,LU22_2023,0.7764947916666666
LU22,LU22_63,500,LU22_2023,0.6781989583333333
LU22,LU22_30,500,LU22_2023,0.7982017857142856
LU22,LU22_4,500,LU22_2023,0.7417817708333334
LU22,LU22_36,500,LU22_2023,0.7455312500000001
LU22,LU22_76,500,LU22_2023,0.694121875
LU22,LU22_5,500,LU22_2023,0.7496704861111113
LU22,LU22_87,500,LU22_2023,0.729782638888889
LU22,LU22_25,500,LU22_2023,0.7874475000000001
LU22,LU22_89,500,LU22_2023,0.6997180555555556
LU22,LU22_18,500,LU22_2023,0.7654695833333334
LU22,LU22_32,500,LU22_2023,0.7629836805555557
LU22,LU22_8,500,LU22_2023,0.7643315972222222
LU22,LU22_6,500,LU22_2023,0.7405208333333334
LU22,LU22_81,500,LU22_2023,0.7223333333333335
LU22,LU22_7,500,LU22_2023,0.7769316666666667
LU22,LU22_69,500,LU22_2023,0.75903875
LU22,LU22_70,500,LU22_2023,0.7431958333333334
LU22,LU22_82,500,LU22_2023,0.7484052083333333
LU22,LU22_94,500,LU22_2023,0.7277774305555557
LU22,LU22_101,500,LU22_2023,0.7550659722222223
LU22,LU22_71,500,LU22_2023,0.7460229166666666
LU22,LU22_77,500,LU22_2023,0.7647432291666667
LU22,LU22_72,500,LU22_2023,0.7558993055555555
LU22,LU22_65,500,LU22_2023,0.7625534722222223
LU22,LU22_60,500,LU22_2023,0.7178116071428571
LU22,LU22_61,500,LU22_2023,0.7740187499999999
LU22,LU22_53,500,LU22_2023,0.7833645833333334
LU22,LU22_46,500,LU22_2023,0.7647843750000001
LU22,LU22_40,500,LU22_2023,0.6878333333333334
LU22,LU22_47,500,LU22_2023,0.7789385416666667
LU4,LU4_N15_24,500,LU4_2024,0.7059604166666668
LU4,LU4_M14_24,500,LU4_2024,0.7052307291666666
LU4,LU4_J14_24,500,LU4_2024,0.6829413194444444
LU4,LU4_J15_24,500,LU4_2024,0.6864470833333335
LU4,LU4_I12_24,500,LU4_2024,0.6752677083333334
LU4,LU4_I13_24,500,LU4_2024,0.6635621527777779
LU4,LU4_Q10_24,500,LU4_2024,0.7207663194444445
LU4,LU4_O10_24,500,LU4_2024,0.7140357638888889
LU4,LU4_R7_24,500,LU4_2024,0.723282638888889
LU4,LU4_R9_24,500,LU4_2024,0.7151453125
LU4,LU4_T8_24,500,LU4_2024,0.7470357638888889
LU4,LU4_O16_24,500,LU4_2024,0.6735739583333333
LU4,LU4_J26_24,500,LU4_2024,0.6715015625
LU4,LU4_K25_24,500,LU4_2024,0.6801642361111111
LU4,LU4_L23_24,500,LU4_2024,0.6919296875000001
LU4,LU4_H26_24,500,LU4_2024,0.6629642361111112
LU4,LU4_K23_24,500,LU4_2024,0.6881277777777778
LU4,LU4_J21_24,500,LU4_2024,0.7219666666666668
LU4,LU4_I21_24,500,LU4_2024,0.7163197916666667
LU4,LU4_N30_24,500,LU4_2024,0.6900861111111113
LU4,LU4_O23_24,500,LU4_2024,0.6789191666666667
LU4,LU4_O22_24,500,LU4_2024,0.69845625
LU4,LU4_L18_24,500,LU4_2024,0.6732336805555557
LU4,LU4_L17_24,500,LU4_2024,0.6671281250000001
LU4,LU4_K17_24,500,LU4_2024,0.6806885416666667
LU4,LU4_K19_24,500,LU4_2024,0.7284822916666668
LU4,LU4_I22_24,500,LU4_2024,0.6986140624999999
LU4,LU4_Q20_24,500,LU4_2024,0.6185958333333335
LU4,LU4_V25_24,500,LU4_2024,0.6770302083333335
LU4,LU4_P22_24,500,LU4_2024,0.7157927083333333
LU4,LU4_O21_24,500,LU4_2024,0.7513461805555557
LU4,LU4_P17_24,500,LU4_2024,0.6815361111111112
LU4,LU4_Q16_24,500,LU4_2024,0.656603125
LU4,LU4_V19_24,500,LU4_2024,0.732160763888889
LU4,LU4_O17_24,500,LU4_2024,0.6709723958333333
LU4,LU4_W19_24,500,LU4_2024,0.7011158333333334
LU4,LU4_Y25_24,500,LU4_2024,0.6971204861111112
LU4,LU4_S17_24,500,LU4_2024,0.7024515625000001
LU4,LU4_S18_24,500,LU4_2024,0.69305625
LU4,LU4_R14_24,500,LU4_2024,0.6966848958333334
LU4,LU4_V17_24,500,LU4_2024,0.6849961805555554
LU4,LU4_U15_24,500,LU4_2024,0.7178041666666667
LU4,LU4_M12_24,500,LU4_2024,0.7170048611111112
LU4,LU4_O13_24,500,LU4_2024,0.73630625
LU4,LU4_P15_24,500,LU4_2024,0.6755546875
LU4,LU4_E15_24,500,LU4_2024,0.6854700000000001
LU4,LU4_G17_24,500,LU4_2024,0.7253035714285715
LU4,LU4_G13_24,500,LU4_2024,0.6462083333333334
LU4,LU4_G12_24,500,LU4_2024,0.6661843749999999
LU4,LU4_F14_24,500,LU4_2024,0.6770163194444444
LU3,LU3_102_24,500,LU3_2024,0.6994715277777779
LU3,LU3_5_24,500,LU3_2024,0.6698704861111112
LU3,LU3_103_24,500,LU3_2024,0.7252011904761905
LU3,LU3_131_24,500,LU3_2024,0.7241027777777779
LU3,LU3_39_24,500,LU3_2024,0.582782986111111
LU3,LU3_18_24,500,LU3_2024,0.6738587500000001
LU3,LU3_20_24,500,LU3_2024,0.6227208333333334
LU3,LU3_19_24,500,LU3_2024,0.6482041666666666
LU3,LU3_111_24,500,LU3_2024,0.6970534722222221
LU3,LU3_AB21_24,500,LU3_2024,0.6919670138888888
LU3,LU3_27_24,500,LU3_2024,0.6679076388888889
LU3,LU3_36_24,500,LU3_2024,0.6910777777777778
LU3,LU3_40_24,500,LU3_2024,0.6403125000000002
LU3,LU3_41_24,500,LU3_2024,0.690068154761905
LU3,LU3_52_24,500,LU3_2024,0.6158880208333334
LU3,LU3_15_24,500,LU3_2024,0.7132767361111112
LU3,LU3_44_24,500,LU3_2024,0.67399625
LU3,LU3_17_24,500,LU3_2024,0.6880975694444444
LU3,LU3_147_24,500,LU3_2024,0.6719437500000001
LU3,LU3_51_24,500,LU3_2024,0.6358118055555555
LU3,LU3_AH7_24,500,LU3_2024,0.7114008333333335
LU3,LU3_126_24,500,LU3_2024,0.7133982638888888
LU3,LU3_129_24,500,LU3_2024,0.6432152777777779
LU3,LU3_28_24,500,LU3_2024,0.6832800595238097
LU3,LU3_AH14_24,500,LU3_2024,0.7184697916666667
LU3,LU3_38_24,500,LU3_2024,0.694734375
LU3,LU3_13_24,500,LU3_2024,0.6925045138888889
LU3,LU3_25_24,500,LU3_2024,0.59282875
LU3,LU3_21_24,500,LU3_2024,0.7201474999999999
LU3,LU3_AC10_24,500,LU3_2024,0.7402916666666667
LU3,LU3_46_24,500,LU3_2024,0.7244958333333333
LU3,LU3_10_24,500,LU3_2024,0.7028058333333334
LU3,LU3_AE12_24,500,LU3_2024,0.7176833333333333
LU3,LU3_7_24,500,LU3_2024,0.6827489583333335
LU3,LU3_14_24,500,LU3_2024,0.6856184027777777
LU3,LU3_137_24,500,LU3_2024,0.6549045138888888
LU3,LU3_M20_24,500,LU3_2024,0.7034180555555557
LU3,LU3_L22_24,500,LU3_2024,0.6741128472222223
LU3,LU3_J23_24,500,LU3_2024,0.7159322916666667
LU3,LU3_U6_24,500,LU3_2024,0.7147432291666667
LU3,LU3_L16_24,500,LU3_2024,0.6944649305555557
LU3,LU3_N18_24,500,LU3_2024,0.7158650000000001
LU3,LU3_L15_24,500,LU3_2024,0.6741458333333333
LU3,LU3_32_24,500,LU3_2024,0.7000187500000001
LU3,LU3_W7_24,500,LU3_2024,0.7057088541666667
LU3,LU3_45_24,500,LU3_2024,0.70745625
LU3,LU3_50_24,500,LU3_2024,0.6643986111111111
LU3,LU3_49_24,500,LU3_2024,0.6757284722222222
LU3,LU3_Y8_24,500,LU3_2024,0.6617302083333335
LU3,LU3_48_24,500,LU3_2024,0.6763291666666668
LU2,LU2_21_24,500,LU2_2024,0.7206277777777778
LU2,LU2_34_24,500,LU2_2024,0.7809135416666667
LU2,LU2_O25_24,500,LU2_2024,0.7773256944444445
LU2,LU2_W21_24,500,LU2_2024,0.7755017361111111
LU2,LU2_36_24,500,LU2_2024,0.7798989583333333
LU2,LU2_15_24,500,LU2_2024,0.7725520833333334
LU2,LU2_13_24,500,LU2_2024,0.7522171875000001
LU2,LU2_5_24,500,LU2_2024,0.7687420138888889
LU2,LU2_101_24,500,LU2_2024,0.6665691666666668
LU2,LU2_32_24,500,LU2_2024,0.7436802083333334
LU2,LU2_Q24_24,500,LU2_2024,0.76018125
LU2,LU2_56_24,500,LU2_2024,0.7765986111111113
LU2,LU2_I15_24,500,LU2_2024,0.765542013888889
LU2,LU2_L20_24,500,LU2_2024,0.7414066666666665
LU2,LU2_L46_24,500,LU2_2024,0.7422142361111111
LU2,LU2_110_24,500,LU2_2024,0.7611250000000002
LU2,LU2_39_24,500,LU2_2024,0.7744750000000001
LU2,LU2_17_24,500,LU2_2024,0.7479140625
LU2,LU2_155_24,500,LU2_2024,0.7605458333333334
LU2,LU2_50_24,500,LU2_2024,0.7802347222222221
LU2,LU2_O16_24,500,LU2_2024,0.7706319444444444
LU2,LU2_U13_24,500,LU2_2024,0.7829722222222223
LU2,LU2_44_24,500,LU2_2024,0.7523350694444444
LU2,LU2_143_24,500,LU2_2024,0.7636781250000001
LU2,LU2_18_24,500,LU2_2024,0.7656345833333333
LU2,LU2_52_24,500,LU2_2024,0.7617510416666667
LU2,LU2_123_24,500,LU2_2024,0.7702317708333334
LU2,LU2_H16_24,500,LU2_2024,0.7681984374999999
LU2,LU2_27_24,500,LU2_2024,0.7478765625
LU2,LU2_31_24,500,LU2_2024,0.7705916666666667
LU2,LU2_3_24,500,LU2_2024,0.7649720833333336
LU2,LU2_J27_24,500,LU2_2024,0.7792333333333334
LU2,LU2_E27_24,500,LU2_2024,0.7744479166666668
LU2,LU2_G25_24,500,LU2_2024,0.7525489583333332
LU2,LU2_G26_24,500,LU2_2024,0.7511138888888889
LU2,LU2_106_24,500,LU2_2024,0.7036607638888889
LU2,LU2_20_24,500,LU2_2024,0.7594052083333334
LU2,LU2_25_24,500,LU2_2024,0.7728236111111112
LU2,LU2_40_24,500,LU2_2024,0.7518166666666667
LU2,LU2_38_24,500,LU2_2024,0.7516027777777778
LU2,LU2_137_24,500,LU2_2024,0.7575546875
LU2,LU2_47_24,500,LU2_2024,0.7728208333333333
LU2,LU2_26_24,500,LU2_2024,0.7603722222222222
LU2,LU2_H26_24,500,LU2_2024,0.774596875
LU2,LU2_29_24,500,LU2_2024,0.736078125
LU2,LU2_K26_24,500,LU2_2024,0.7601953125
LU2,LU2_100_24,500,LU2_2024,0.7042288194444445
LU2,LU2_30_24,500,LU2_2024,0.7423229166666667
LU2,LU2_33_24,500,LU2_2024,0.7798036458333333
LU2,LU2_M25_24,500,LU2_2024,0.7582979166666668
LU8,LU8_N19_24,500,LU8_2024,0.7702265625
LU8,LU8_M19_24,500,LU8_2024,0.7647569444444445
LU8,LU8_N20_24,500,LU8_2024,0.7431625000000001
LU8,LU8_O20_24,500,LU8_2024,0.7273718750000001
LU8,LU8_N18_24,500,LU8_2024,0.7645752976190476
LU8,LU8_S25_24,500,LU8_2024,0.7163663194444445
LU8,LU8_AC29_24,500,LU8_2024,0.6731520833333334
LU8,LU8_AC28_24,500,LU8_2024,0.6595729166666667
LU8,LU8_AB29_24,500,LU8_2024,0.6343229166666667
LU8,LU8_AC30_24,500,LU8_2024,0.6824208333333334
LU8,LU8_T25_24,500,LU8_2024,0.716592013888889
LU8,LU8_S24_24,500,LU8_2024,0.6692222222222223
LU8,LU8_AE29_24,500,LU8_2024,0.7007364583333334
LU8,LU8_AD29_24,500,LU8_2024,0.6884385416666667
LU8,LU8_AD28_24,500,LU8_2024,0.68948125
LU8,LU8_AD27_24,500,LU8_2024,0.6841069444444444
LU8,LU8_AC24_24,500,LU8_2024,0.6596250000000001
LU8,LU8_AC25_24,500,LU8_2024,0.6298538194444445
LU8,LU8_AC31_24,500,LU8_2024,0.6740431547619049
LU8,LU8_AB31_24,500,LU8_2024,0.7048875
LU2,LU2_3,750,LU2_2021,0.7677003205128207
LU2,LU2_5,750,LU2_2021,0.7661048611111111
LU2,LU2_100,750,LU2_2021,0.7130801282051282
LU2,LU2_101,750,LU2_2021,0.6835026041666669
LU2,LU2_106,750,LU2_2021,0.7043852564102564
LU2,LU2_110,750,LU2_2021,0.7662388888888888
LU2,LU2_119,750,LU2_2021,0.7731552083333334
LU2,LU2_123,750,LU2_2021,0.7704355902777779
LU2,LU2_13,750,LU2_2021,0.7542825320512822
LU2,LU2_137,750,LU2_2021,0.7548253205128206
LU2,LU2_143,750,LU2_2021,0.7616208333333333
LU2,LU2_15,750,LU2_2021,0.7708314102564102
LU2,LU2_153,750,LU2_2021,0.7711596153846153
LU2,LU2_155,750,LU2_2021,0.7581745192307694
LU2,LU2_17,750,LU2_2021,0.752451388888889
LU2,LU2_18,750,LU2_2021,0.7675590773809523
LU2,LU2_20,750,LU2_2021,0.7590807692307694
LU2,LU2_21,750,LU2_2021,0.7234375000000001
LU2,LU2_24,750,LU2_2021,0.7430371212121213
LU2,LU2_25,750,LU2_2021,0.7734910256410257
LU2,LU2_26,750,LU2_2021,0.7599145833333333
LU2,LU2_27,750,LU2_2021,0.7562816964285716
LU2,LU2_29,750,LU2_2021,0.7371861742424243
LU2,LU2_30,750,LU2_2021,0.7417886217948718
LU2,LU2_31,750,LU2_2021,0.773415277777778
LU2,LU2_32,750,LU2_2021,0.7409863782051284
LU2,LU2_33,750,LU2_2021,0.7821831730769232
LU2,LU2_34,750,LU2_2021,0.7799113095238095
LU2,LU2_36,750,LU2_2021,0.7819475961538462
LU2,LU2_38,750,LU2_2021,0.7433779513888888
LU2,LU2_39,750,LU2_2021,0.7754189102564104
LU2,LU2_40,750,LU2_2021,0.7615767045454547
LU2,LU2_42,750,LU2_2021,0.7875061011904763
LU2,LU2_44,750,LU2_2021,0.7563810606060606
LU2,LU2_46,750,LU2_2021,0.7484951923076923
LU2,LU2_47,750,LU2_2021,0.7734882575757578
LU2,LU2_50,750,LU2_2021,0.7770613636363636
LU2,LU2_51,750,LU2_2021,0.7609663194444445
LU2,LU2_52,750,LU2_2021,0.7642034090909092
LU2,LU2_54,750,LU2_2021,0.7712984375
LU2,LU2_56,750,LU2_2021,0.7789490384615385
LU2,LU2_57,750,LU2_2021,0.7671659226190476
LU3,LU3_5,750,LU3_2021,0.6857916666666669
LU3,LU3_7,750,LU3_2021,0.6772955128205128
LU3,LU3_10,750,LU3_2021,0.7117358974358974
LU3,LU3_102,750,LU3_2021,0.6946020833333334
LU3,LU3_103,750,LU3_2021,0.7276673611111111
LU3,LU3_106,750,LU3_2021,0.6575961805555556
LU3,LU3_111,750,LU3_2021,0.6872604166666667
LU3,LU3_126,750,LU3_2021,0.6913253205128205
LU3,LU3_129,750,LU3_2021,0.6377653846153848
LU3,LU3_13,750,LU3_2021,0.6963418560606062
LU3,LU3_131,750,LU3_2021,0.7255317708333334
LU3,LU3_137,750,LU3_2021,0.660809201388889
LU3,LU3_14,750,LU3_2021,0.6872437500000002
LU3,LU3_147,750,LU3_2021,0.6783032196969697
LU3,LU3_15,750,LU3_2021,0.7135161858974359
LU3,LU3_17,750,LU3_2021,0.6823887152777778
LU3,LU3_18,750,LU3_2021,0.6761703125
LU3,LU3_19,750,LU3_2021,0.6482177884615385
LU3,LU3_20,750,LU3_2021,0.6375669642857144
LU3,LU3_21,750,LU3_2021,0.7342032051282052
LU3,LU3_25,750,LU3_2021,0.5996530448717949
LU3,LU3_27,750,LU3_2021,0.6733421875
LU3,LU3_28,750,LU3_2021,0.6764598958333335
LU3,LU3_32,750,LU3_2021,0.7039096153846155
LU3,LU3_36,750,LU3_2021,0.6863842013888889
LU3,LU3_38,750,LU3_2021,0.7168184294871796
LU3,LU3_39,750,LU3_2021,0.5529564583333333
LU3,LU3_40,750,LU3_2021,0.6624209821428572
LU3,LU3_41,750,LU3_2021,0.6965134469696971
LU3,LU3_44,750,LU3_2021,0.6643825320512822
LU3,LU3_45,750,LU3_2021,0.7252903846153844
LU3,LU3_46,750,LU3_2021,0.7282217948717948
LU3,LU3_48,750,LU3_2021,0.6764244791666667
LU3,LU3_50,750,LU3_2021,0.6784274621212121
LU3,LU3_51,750,LU3_2021,0.6646508012820515
LU3,LU3_52,750,LU3_2021,0.6330150297619047
LU3,LU3_49,750,LU3_2021,0.6834982371794873
LU13,LU13_18,750,LU13_2022,0.585690544871795
LU13,LU13_15,750,LU13_2022,0.635054967948718
LU13,LU13_3,750,LU13_2022,0.6600139423076924
LU13,LU13_34,750,LU13_2022,0.5599772569444443
LU13,LU13_57,750,LU13_2022,0.693474255952381
LU13,LU13_16,750,LU13_2022,0.6388238782051281
LU13,LU13_21,750,LU13_2022,0.5302299107142857
LU13,LU13_37,750,LU13_2022,0.6581669871794873
LU13,LU13_55,750,LU13_2022,0.6691319940476191
LU13,LU13_47,750,LU13_2022,0.7015090277777779
LU13,LU13_51,750,LU13_2022,0.6980280448717948
LU13,LU13_27,750,LU13_2022,0.700728125
LU13,LU13_5,750,LU13_2022,0.7013559294871796
LU13,LU13_26,750,LU13_2022,0.702786858974359
LU13,LU13_35,750,LU13_2022,0.6166096153846155
LU13,LU13_13,750,LU13_2022,0.7023889423076924
LU13,LU13_128,750,LU13_2022,0.6939626488095237
LU13,LU13_131,750,LU13_2022,0.6949700757575759
LU13,LU13_12,750,LU13_2022,0.6864493589743591
LU13,LU13_33,750,LU13_2022,0.6835827651515152
LU13,LU13_32,750,LU13_2022,0.678183653846154
LU13,LU13_30,750,LU13_2022,0.667209201388889
LU13,LU13_53,750,LU13_2022,0.6848578869047618
LU13,LU13_22,750,LU13_2022,0.720039880952381
LU13,LU13_19,750,LU13_2022,0.716991517857143
LU13,LU13_45,750,LU13_2022,0.7097874999999999
LU13,LU13_8,750,LU13_2022,0.700372767857143
LU13,LU13_43,750,LU13_2022,0.6924688988095238
LU13,LU13_41,750,LU13_2022,0.7037418269230769
LU13,LU13_59,750,LU13_2022,0.682995673076923
LU13,LU13_6,750,LU13_2022,0.6923839285714287
LU13,LU13_14,750,LU13_2022,0.7010863095238097
LU13,LU13_52,750,LU13_2022,0.6293004807692307
LU13,LU13_36,750,LU13_2022,0.666070386904762
LU13,LU13_38,750,LU13_2022,0.6648005952380954
LU13,LU13_20,750,LU13_2022,0.6486066964285714
LU13,LU13_17,750,LU13_2022,0.7156426136363637
LU13,LU13_56,750,LU13_2022,0.6583413690476192
LU13,LU13_49,750,LU13_2022,0.6887334935897437
LU13,LU13_70,750,LU13_2022,0.7022429166666667
LU13,LU13_11,750,LU13_2022,0.7058848958333334
LU15,LU15_44,750,LU15_2022,0.6998421874999999
LU15,LU15_11,750,LU15_2022,0.6678835416666666
LU15,LU15_19,750,LU15_2022,0.6840320075757577
LU15,LU15_7,750,LU15_2022,0.7259990530303031
LU15,LU15_34,750,LU15_2022,0.6937663690476191
LU15,LU15_37,750,LU15_2022,0.6679288194444446
LU15,LU15_18,750,LU15_2022,0.6897489583333334
LU15,LU15_43,750,LU15_2022,0.7108199404761905
LU15,LU15_10,750,LU15_2022,0.7003513888888887
LU15,LU15_58,750,LU15_2022,0.717659935897436
LU15,LU15_8,750,LU15_2022,0.6982681547619048
LU15,LU15_12,750,LU15_2022,0.6772653846153845
LU15,LU15_17,750,LU15_2022,0.7039278846153846
LU15,LU15_1,750,LU15_2022,0.6604953525641025
LU15,LU15_26,750,LU15_2022,0.6671685897435898
LU15,LU15_27,750,LU15_2022,0.6812096153846153
LU15,LU15_28,750,LU15_2022,0.6789442307692308
LU15,LU15_2,750,LU15_2022,0.6687924679487179
LU15,LU15_29,750,LU15_2022,0.6725432692307691
LU15,LU15_30,750,LU15_2022,0.6895709935897436
LU15,LU15_31,750,LU15_2022,0.6960927083333333
LU15,LU15_32,750,LU15_2022,0.6844950892857142
LU15,LU15_20,750,LU15_2022,0.7361993589743588
LU15,LU15_21,750,LU15_2022,0.7555204861111112
LU15,LU15_23,750,LU15_2022,0.7151277243589743
LU15,LU15_41,750,LU15_2022,0.6987032051282053
LU15,LU15_25,750,LU15_2022,0.7058581730769231
LU15,LU15_9,750,LU15_2022,0.7103236111111112
LU15,LU15_24,750,LU15_2022,0.7221191287878788
LU15,LU15_46,750,LU15_2022,0.7323253787878788
LU15,LU15_40,750,LU15_2022,0.7056840277777777
LU15,LU15_16,750,LU15_2022,0.709183035714286
LU15,LU15_4,750,LU15_2022,0.6539134615384614
LU15,LU15_36,750,LU15_2022,0.6793411858974358
LU15,LU15_3,750,LU15_2022,0.736804761904762
LU15,LU15_15,750,LU15_2022,0.680056994047619
LU15,LU15_14,750,LU15_2022,0.7399953525641025
LU15,LU15_22,750,LU15_2022,0.6975804487179487
LU15,LU15_61,750,LU15_2022,0.6850340773809523
LU21,LU21_106,750,LU21_2022,0.7459392857142857
LU21,LU21_10,750,LU21_2022,0.6798796130952381
LU21,LU21_16,750,LU21_2022,0.6666356060606061
LU21,LU21_107,750,LU21_2022,0.6824944444444445
LU21,LU21_41,750,LU21_2022,0.6897206845238096
LU21,LU21_63,750,LU21_2022,0.6363769345238094
LU21,LU21_27,750,LU21_2022,0.6657708333333333
LU21,LU21_23,750,LU21_2022,0.6736434294871795
LU21,LU21_21,750,LU21_2022,0.6869536858974358
LU21,LU21_82,750,LU21_2022,0.6910376602564102
LU21,LU21_871,750,LU21_2022,0.758332371794872
LU21,LU21_164,750,LU21_2022,0.6042124999999999
LU21,LU21_36,750,LU21_2022,0.6355850961538463
LU21,LU21_14,750,LU21_2022,0.6766573717948717
LU21,LU21_32,750,LU21_2022,0.6728772916666668
LU21,LU21_126,750,LU21_2022,0.6816026785714284
LU21,LU21_122,750,LU21_2022,0.6746950320512821
LU21,LU21_56,750,LU21_2022,0.7091532986111112
LU21,LU21_57,750,LU21_2022,0.676603044871795
LU21,LU21_9,750,LU21_2022,0.6903373511904762
LU21,LU21_98,750,LU21_2022,0.7051770833333335
LU21,LU21_119,750,LU21_2022,0.7112246794871796
LU21,LU21_52,750,LU21_2022,0.7090162878787879
LU21,LU21_59,750,LU21_2022,0.6532153846153848
LU21,LU21_68,750,LU21_2022,0.7038732142857144
LU21,LU21_109,750,LU21_2022,0.7222395833333334
LU21,LU21_93,750,LU21_2022,0.7220902777777778
LU21,LU21_114,750,LU21_2022,0.7376035256410257
LU21,LU21_105,750,LU21_2022,0.729090029761905
LU21,LU21_100,750,LU21_2022,0.7240120535714285
LU21,LU21_74,750,LU21_2022,0.689302951388889
LU21,LU21_78,750,LU21_2022,0.7059679487179488
LU21,LU21_153,750,LU21_2022,0.7122482142857143
LU21,LU21_6,750,LU21_2022,0.7333701923076923
LU21,LU21_116,750,LU21_2022,0.6926160714285714
LU21,LU21_97,750,LU21_2022,0.6710369791666665
LU1,LU1_13,750,LU1_2022,0.7283831730769231
LU1,LU1_30,750,LU1_2022,0.6949265151515152
LU1,LU1_85,750,LU1_2022,0.7225193910256412
LU1,LU1_66,750,LU1_2022,0.7023344696969697
LU1,LU1_76,750,LU1_2022,0.6337690705128206
LU1,LU1_73,750,LU1_2022,0.6784344551282051
LU1,LU1_75,750,LU1_2022,0.6936059294871796
LU1,LU1_47,750,LU1_2022,0.6087517045454546
LU1,LU1_74,750,LU1_2022,0.7483602430555556
LU1,LU1_44,750,LU1_2022,0.5919943181818182
LU1,LU1_41,750,LU1_2022,0.6835895833333334
LU1,LU1_64,750,LU1_2022,0.6561576923076924
LU1,LU1_86,750,LU1_2022,0.6615221153846154
LU1,LU1_79,750,LU1_2022,0.6487649038461538
LU1,LU1_63,750,LU1_2022,0.6611824652777779
LU1,LU1_72,750,LU1_2022,0.6871959935897436
LU1,LU1_67,750,LU1_2022,0.7179748106060607
LU1,LU1_77,750,LU1_2022,0.6250866987179488
LU1,LU1_32,750,LU1_2022,0.6940369791666665
LU1,LU1_36,750,LU1_2022,0.6917557291666666
LU1,LU1_84,750,LU1_2022,0.7047801282051283
LU1,LU1_25,750,LU1_2022,0.6185641025641024
LU1,LU1_83,750,LU1_2022,0.6847798076923077
LU1,LU1_80,750,LU1_2022,0.6615446180555556
LU1,LU1_70,750,LU1_2022,0.7047083333333333
LU1,LU1_48,750,LU1_2022,0.6910244318181819
LU1,LU1_45,750,LU1_2022,0.7168288194444444
LU1,LU1_11,750,LU1_2022,0.5623168402777777
LU1,LU1_40,750,LU1_2022,0.7153992424242424
LU1,LU1_6,750,LU1_2022,0.759825641025641
LU1,LU1_10,750,LU1_2022,0.7415640151515152
LU1,LU1_43,750,LU1_2022,0.6294365740740742
LU1,LU1_71,750,LU1_2022,0.6464807692307694
LU1,LU1_22,750,LU1_2022,0.6462736742424243
LU1,LU1_60,750,LU1_2022,0.6726294871794872
LU1,LU1_78,750,LU1_2022,0.6704221153846154
LU1,LU1_46,750,LU1_2022,0.6271022435897435
LU1,LU1_82,750,LU1_2022,0.7062840277777779
LU1,LU1_27,750,LU1_2022,0.6370469551282051
LU9,LU9_5,750,LU9_2023,0.4753357603832339
LU9,LU9_6,750,LU9_2023,0.6280937255120767
LU9,LU9_7,750,LU9_2023,0.7281536458333333
LU9,LU9_8,750,LU9_2023,0.7586278846153848
LU9,LU9_100,750,LU9_2023,0.6629964743589744
LU9,LU9_102,750,LU9_2023,0.78492483974359
LU9,LU9_106,750,LU9_2023,0.6758195512820513
LU9,LU9_112,750,LU9_2023,0.6812462121212122
LU9,LU9_113,750,LU9_2023,0.6662320512820513
LU9,LU9_12,750,LU9_2023,0.7531572115384617
LU9,LU9_13,750,LU9_2023,0.722085576923077
LU9,LU9_18,750,LU9_2023,0.7516857371794873
LU9,LU9_21,750,LU9_2023,0.7290254807692307
LU9,LU9_24,750,LU9_2023,0.7251684294871795
LU9,LU9_28,750,LU9_2023,0.7443899621212121
LU9,LU9_29,750,LU9_2023,0.7414442307692308
LU9,LU9_30,750,LU9_2023,0.6777740384615385
LU9,LU9_31,750,LU9_2023,0.7435472222222222
LU9,LU9_32,750,LU9_2023,0.7751134615384616
LU9,LU9_33,750,LU9_2023,0.7640837500000001
LU9,LU9_39,750,LU9_2023,0.6908983630952381
LU9,LU9_41,750,LU9_2023,0.7621927083333334
LU9,LU9_44,750,LU9_2023,0.6965502976190475
LU9,LU9_51,750,LU9_2023,0.6898158653846154
LU9,LU9_55,750,LU9_2023,0.6949503472222224
LU9,LU9_57,750,LU9_2023,0.6899358974358976
LU9,LU9_62,750,LU9_2023,0.7427842948717949
LU9,LU9_63,750,LU9_2023,0.7249107371794874
LU9,LU9_64,750,LU9_2023,0.7270977430555555
LU9,LU9_65,750,LU9_2023,0.6987123263888889
LU9,LU9_67,750,LU9_2023,0.6965761904761905
LU9,LU9_68,750,LU9_2023,0.6805637152777777
LU9,LU9_72,750,LU9_2023,0.7432552884615385
LU9,LU9_73,750,LU9_2023,0.7070032196969698
LU9,LU9_75,750,LU9_2023,0.6810100694444445
LU9,LU9_76,750,LU9_2023,0.7016751602564102
LU9,LU9_77,750,LU9_2023,0.6743934523809524
LU9,LU9_79,750,LU9_2023,0.7249355769230769
LU9,LU9_80,750,LU9_2023,0.7291379464285714
LU9,LU9_81,750,LU9_2023,0.6993522435897435
LU9,LU9_82,750,LU9_2023,0.6904094696969696
LU9,LU9_85,750,LU9_2023,0.720295138888889
LU9,LU9_86,750,LU9_2023,0.7061578125
LU9,LU9_87,750,LU9_2023,0.6963645833333333
LU9,LU9_90,750,LU9_2023,0.6847046474358974
LU9,LU9_93,750,LU9_2023,0.7768126602564103
LU9,LU9_94,750,LU9_2023,0.784871701388889
LU9,LU9_96,750,LU9_2023,0.6798001736111111
LU9,LU9_98,750,LU9_2023,0.6998434027777777
LU9,LU9_27,750,LU9_2023,0.7179820075757577
LU14,LU14_3,750,LU14_2023,0.718889423076923
LU14,LU14_7,750,LU14_2023,0.7485514423076922
LU14,LU14_8,750,LU14_2023,0.7173278273809522
LU14,LU14_9,750,LU14_2023,0.7108782738095238
LU14,LU14_100,750,LU14_2023,0.7057367424242424
LU14,LU14_102,750,LU14_2023,0.7283683035714287
LU14,LU14_105,750,LU14_2023,0.7555584935897437
LU14,LU14_110,750,LU14_2023,0.692485737179487
LU14,LU14_114,750,LU14_2023,0.7219302083333334
LU14,LU14_115,750,LU14_2023,0.6951426282051283
LU14,LU14_120,750,LU14_2023,0.6932235576923078
LU14,LU14_121,750,LU14_2023,0.7074823717948718
LU14,LU14_131,750,LU14_2023,0.7025147435897435
LU14,LU14_135,750,LU14_2023,0.6706796875
LU14,LU14_16,750,LU14_2023,0.7297013392857143
LU14,LU14_17,750,LU14_2023,0.7331935897435898
LU14,LU14_19,750,LU14_2023,0.6815215773809522
LU14,LU14_20,750,LU14_2023,0.6984388257575758
LU14,LU14_250,750,LU14_2023,0.7252365530303031
LU14,LU14_30,750,LU14_2023,0.6895356060606062
LU14,LU14_31,750,LU14_2023,0.7146674242424242
LU14,LU14_33,750,LU14_2023,0.7273900297619047
LU14,LU14_37,750,LU14_2023,0.7341309027777777
LU14,LU14_47,750,LU14_2023,0.741316826923077
LU14,LU14_48,750,LU14_2023,0.7368471153846153
LU14,LU14_49,750,LU14_2023,0.7277857371794872
LU14,LU14_51,750,LU14_2023,0.7478533653846153
LU14,LU14_54,750,LU14_2023,0.6967897435897435
LU14,LU14_56,750,LU14_2023,0.7261762152777779
LU14,LU14_57,750,LU14_2023,0.716572619047619
LU14,LU14_61,750,LU14_2023,0.6716892361111113
LU14,LU14_62,750,LU14_2023,0.6902227564102564
LU14,LU14_63,750,LU14_2023,0.7080402243589745
LU14,LU14_66,750,LU14_2023,0.6816985119047619
LU14,LU14_70,750,LU14_2023,0.7231020833333334
LU14,LU14_71,750,LU14_2023,0.7264511904761906
LU14,LU14_72,750,LU14_2023,0.7150220238095238
LU14,LU14_74,750,LU14_2023,0.7328934294871796
LU14,LU14_76,750,LU14_2023,0.6929826923076923
LU14,LU14_78,750,LU14_2023,0.7610656250000002
LU14,LU14_80,750,LU14_2023,0.6972668269230768
LU14,LU14_84,750,LU14_2023,0.697065625
LU14,LU14_85,750,LU14_2023,0.6949048076923076
LU14,LU14_86,750,LU14_2023,0.7477197115384617
LU14,LU14_88,750,LU14_2023,0.7250527777777779
LU14,LU14_91,750,LU14_2023,0.6994201923076923
LU14,LU14_92,750,LU14_2023,0.6970291666666667
LU14,LU14_96,750,LU14_2023,0.7367723214285716
LU14,LU14_97,750,LU14_2023,0.7143557291666668
LU14,LU14_75,750,LU14_2023,0.7420777243589745
LU16,LU16_2,750,LU16_2023,0.7092903409090909
LU16,LU16_3,750,LU16_2023,0.6887242424242422
LU16,LU16_15,750,LU16_2023,0.7095086805555556
LU16,LU16_20,750,LU16_2023,0.6891391025641026
LU16,LU16_200,750,LU16_2023,0.7194196969696971
LU16,LU16_201,750,LU16_2023,0.6370599702380952
LU16,LU16_202,750,LU16_2023,0.7303058035714287
LU16,LU16_203,750,LU16_2023,0.758718108974359
LU16,LU16_22,750,LU16_2023,0.7004564102564103
LU16,LU16_23,750,LU16_2023,0.6843717261904763
LU16,LU16_24,750,LU16_2023,0.6193559027777779
LU16,LU16_25,750,LU16_2023,0.6935998397435897
LU16,LU16_26,750,LU16_2023,0.6681592948717949
LU16,LU16_270,750,LU16_2023,0.6764046474358975
LU16,LU16_28,750,LU16_2023,0.729285576923077
LU16,LU16_300,750,LU16_2023,0.6680641025641024
LU16,LU16_301,750,LU16_2023,0.4447306547619048
LU16,LU16_302,750,LU16_2023,0.6575857371794872
LU16,LU16_303,750,LU16_2023,0.6791592803030304
LU16,LU16_313,750,LU16_2023,0.6632104166666667
LU16,LU16_314,750,LU16_2023,0.6636315476190476
LU16,LU16_36,750,LU16_2023,0.6731541666666668
LU16,LU16_37,750,LU16_2023,0.735278125
LU16,LU16_49,750,LU16_2023,0.6264562500000002
LU16,LU16_52,750,LU16_2023,0.5935222756410256
LU16,LU16_54,750,LU16_2023,0.6024854166666667
LU16,LU16_55,750,LU16_2023,0.6000674107142857
LU16,LU16_57,750,LU16_2023,0.5544471726190477
LU16,LU16_58,750,LU16_2023,0.5831026041666668
LU16,LU16_60,750,LU16_2023,0.6294840277777778
LU16,LU16_62,750,LU16_2023,0.566264880952381
LU16,LU16_63,750,LU16_2023,0.609245512820513
LU16,LU16_64,750,LU16_2023,0.6070983630952381
LU16,LU16_67,750,LU16_2023,0.6041346153846154
LU16,LU16_68,750,LU16_2023,0.509900148809524
LU16,LU16_69,750,LU16_2023,0.605293898809524
LU16,LU16_70,750,LU16_2023,0.5599272321428571
LU16,LU16_71,750,LU16_2023,0.5176910256410256
LU16,LU16_72,750,LU16_2023,0.6500991071428571
LU16,LU16_73,750,LU16_2023,0.5830152777777778
LU16,LU16_74,750,LU16_2023,0.630646875
LU16,LU16_75,750,LU16_2023,0.5005362179487179
LU16,LU16_77,750,LU16_2023,0.5528845238095238
LU16,LU16_80,750,LU16_2023,0.5742568452380953
LU16,LU16_81,750,LU16_2023,0.5299126602564103
LU16,LU16_83,750,LU16_2023,0.5893079545454545
LU16,LU16_84,750,LU16_2023,0.5854253787878789
LU16,LU16_85,750,LU16_2023,0.6008876602564104
LU16,LU16_88,750,LU16_2023,0.5522956730769231
LU22,LU22_110,750,LU22_2023,0.7548468749999999
LU22,LU22_48,750,LU22_2023,0.7692808035714288
LU22,LU22_107,750,LU22_2023,0.7635466346153846
LU22,LU22_49,750,LU22_2023,0.766924358974359
LU22,LU22_103,750,LU22_2023,0.7397665064102564
LU22,LU22_44,750,LU22_2023,0.7560723214285715
LU22,LU22_21,750,LU22_2023,0.7856318910256408
LU22,LU22_15,750,LU22_2023,0.7761321969696972
LU22,LU22_50,750,LU22_2023,0.7608651041666666
LU22,LU22_38,750,LU22_2023,0.7562446969696969
LU22,LU22_22,750,LU22_2023,0.7749910256410255
LU22,LU22_85,750,LU22_2023,0.7012687500000001
LU22,LU22_33,750,LU22_2023,0.7357136904761905
LU22,LU22_34,750,LU22_2023,0.7153333333333335
LU22,LU22_11,750,LU22_2023,0.7029629807692308
LU22,LU22_29,750,LU22_2023,0.7899484375000001
LU22,LU22_86,750,LU22_2023,0.7288834821428573
LU22,LU22_80,750,LU22_2023,0.7387113636363636
LU22,LU22_17,750,LU22_2023,0.7843940705128205
LU22,LU22_35,750,LU22_2023,0.7698185897435899
LU22,LU22_63,750,LU22_2023,0.6755444444444446
LU22,LU22_30,750,LU22_2023,0.7985174679487179
LU22,LU22_4,750,LU22_2023,0.7336001602564104
LU22,LU22_36,750,LU22_2023,0.7381689102564105
LU22,LU22_76,750,LU22_2023,0.690454967948718
LU22,LU22_5,750,LU22_2023,0.7468378205128208
LU22,LU22_87,750,LU22_2023,0.7200257440476191
LU22,LU22_25,750,LU22_2023,0.7883425595238095
LU22,LU22_89,750,LU22_2023,0.6946171875000001
LU22,LU22_18,750,LU22_2023,0.7655780448717949
LU22,LU22_32,750,LU22_2023,0.7458205128205126
LU22,LU22_8,750,LU22_2023,0.7558219551282052
LU22,LU22_6,750,LU22_2023,0.7378272435897435
LU22,LU22_81,750,LU22_2023,0.7129940476190476
LU22,LU22_7,750,LU22_2023,0.7737253205128206
LU22,LU22_69,750,LU22_2023,0.7534934294871796
LU22,LU22_70,750,LU22_2023,0.7433935897435897
LU22,LU22_82,750,LU22_2023,0.750267803030303
LU22,LU22_94,750,LU22_2023,0.7338903273809525
LU22,LU22_101,750,LU22_2023,0.7562850694444444
LU22,LU22_71,750,LU22_2023,0.7520812499999999
LU22,LU22_77,750,LU22_2023,0.7581010416666667
LU22,LU22_72,750,LU22_2023,0.7561346726190477
LU22,LU22_65,750,LU22_2023,0.7610879464285716
LU22,LU22_60,750,LU22_2023,0.7239154513888889
LU22,LU22_61,750,LU22_2023,0.7703463141025642
LU22,LU22_53,750,LU22_2023,0.7797924242424243
LU22,LU22_46,750,LU22_2023,0.7665916666666668
LU22,LU22_40,750,LU22_2023,0.698751893939394
LU22,LU22_47,750,LU22_2023,0.7645815476190476
LU4,LU4_N15_24,750,LU4_2024,0.7102597756410258
LU4,LU4_M14_24,750,LU4_2024,0.7063810897435896
LU4,LU4_J14_24,750,LU4_2024,0.6799164772727273
LU4,LU4_J15_24,750,LU4_2024,0.6853772435897436
LU4,LU4_I12_24,750,LU4_2024,0.6769094551282051
LU4,LU4_I13_24,750,LU4_2024,0.6644522569444444
LU4,LU4_Q10_24,750,LU4_2024,0.7205651041666666
LU4,LU4_O10_24,750,LU4_2024,0.7138421474358976
LU4,LU4_R7_24,750,LU4_2024,0.723215544871795
LU4,LU4_R9_24,750,LU4_2024,0.7290871527777778
LU4,LU4_T8_24,750,LU4_2024,0.7392449404761904
LU4,LU4_O16_24,750,LU4_2024,0.6753314102564103
LU4,LU4_J26_24,750,LU4_2024,0.6762886217948717
LU4,LU4_K25_24,750,LU4_2024,0.6788479166666666
LU4,LU4_L23_24,750,LU4_2024,0.6928647435897436
LU4,LU4_H26_24,750,LU4_2024,0.668385267857143
LU4,LU4_K23_24,750,LU4_2024,0.6881875000000002
LU4,LU4_J21_24,750,LU4_2024,0.7203915064102564
LU4,LU4_I21_24,750,LU4_2024,0.7182008012820515
LU4,LU4_N30_24,750,LU4_2024,0.6888875
LU4,LU4_O23_24,750,LU4_2024,0.683613141025641
LU4,LU4_O22_24,750,LU4_2024,0.7122634615384617
LU4,LU4_L18_24,750,LU4_2024,0.6767901041666667
LU4,LU4_L17_24,750,LU4_2024,0.6684914583333332
LU4,LU4_K17_24,750,LU4_2024,0.6833909090909092
LU4,LU4_K19_24,750,LU4_2024,0.7297733974358975
LU4,LU4_I22_24,750,LU4_2024,0.7013301282051282
LU4,LU4_Q20_24,750,LU4_2024,0.6451474358974358
LU4,LU4_V25_24,750,LU4_2024,0.6770105902777778
LU4,LU4_P22_24,750,LU4_2024,0.7163011217948718
LU4,LU4_O21_24,750,LU4_2024,0.7537746212121212
LU4,LU4_P17_24,750,LU4_2024,0.6833814102564104
LU4,LU4_Q16_24,750,LU4_2024,0.6634572115384615
LU4,LU4_V19_24,750,LU4_2024,0.7304810897435898
LU4,LU4_O17_24,750,LU4_2024,0.6736203525641026
LU4,LU4_W19_24,750,LU4_2024,0.6990583333333333
LU4,LU4_Y25_24,750,LU4_2024,0.7001713141025641
LU4,LU4_S17_24,750,LU4_2024,0.7024663461538462
LU4,LU4_S18_24,750,LU4_2024,0.6924530303030303
LU4,LU4_R14_24,750,LU4_2024,0.6967303819444445
LU4,LU4_V17_24,750,LU4_2024,0.6912538461538461
LU4,LU4_U15_24,750,LU4_2024,0.7100665064102565
LU4,LU4_M12_24,750,LU4_2024,0.7154614583333333
LU4,LU4_O13_24,750,LU4_2024,0.735511217948718
LU4,LU4_P15_24,750,LU4_2024,0.678720486111111
LU4,LU4_E15_24,750,LU4_2024,0.6889950320512821
LU4,LU4_G17_24,750,LU4_2024,0.7214180555555556
LU4,LU4_G13_24,750,LU4_2024,0.6500282986111111
LU4,LU4_G12_24,750,LU4_2024,0.6594863782051283
LU4,LU4_F14_24,750,LU4_2024,0.6733809027777778
LU3,LU3_102_24,750,LU3_2024,0.6947916666666667
LU3,LU3_5_24,750,LU3_2024,0.6857916666666669
LU3,LU3_103_24,750,LU3_2024,0.7276673611111111
LU3,LU3_131_24,750,LU3_2024,0.7255317708333334
LU3,LU3_39_24,750,LU3_2024,0.6016006944444444
LU3,LU3_18_24,750,LU3_2024,0.6761703125
LU3,LU3_20_24,750,LU3_2024,0.6400272435897437
LU3,LU3_19_24,750,LU3_2024,0.6406543560606061
LU3,LU3_111_24,750,LU3_2024,0.684497537878788
LU3,LU3_AB21_24,750,LU3_2024,0.6983298611111111
LU3,LU3_27_24,750,LU3_2024,0.6733421875
LU3,LU3_36_24,750,LU3_2024,0.6863842013888889
LU3,LU3_40_24,750,LU3_2024,0.6604195512820514
LU3,LU3_41_24,750,LU3_2024,0.6919429166666667
LU3,LU3_52_24,750,LU3_2024,0.6330150297619047
LU3,LU3_15_24,750,LU3_2024,0.7135161858974359
LU3,LU3_44_24,750,LU3_2024,0.6643825320512822
LU3,LU3_17_24,750,LU3_2024,0.6823887152777778
LU3,LU3_147_24,750,LU3_2024,0.6778708333333334
LU3,LU3_51_24,750,LU3_2024,0.6646508012820515
LU3,LU3_AH7_24,750,LU3_2024,0.7151274305555556
LU3,LU3_126_24,750,LU3_2024,0.6891213541666666
LU3,LU3_129_24,750,LU3_2024,0.6377653846153848
LU3,LU3_28_24,750,LU3_2024,0.6693703125
LU3,LU3_AH14_24,750,LU3_2024,0.7237506410256411
LU3,LU3_38_24,750,LU3_2024,0.7173387152777777
LU3,LU3_13_24,750,LU3_2024,0.6963418560606062
LU3,LU3_25_24,750,LU3_2024,0.5996530448717949
LU3,LU3_21_24,750,LU3_2024,0.7342032051282052
LU3,LU3_AC10_24,750,LU3_2024,0.7293111742424244
LU3,LU3_46_24,750,LU3_2024,0.7282217948717948
LU3,LU3_10_24,750,LU3_2024,0.7117358974358974
LU3,LU3_AE12_24,750,LU3_2024,0.7168579861111111
LU3,LU3_7_24,750,LU3_2024,0.6772955128205128
LU3,LU3_14_24,750,LU3_2024,0.6875623263888889
LU3,LU3_137_24,750,LU3_2024,0.660809201388889
LU3,LU3_M20_24,750,LU3_2024,0.7093814236111111
LU3,LU3_L22_24,750,LU3_2024,0.6760613782051282
LU3,LU3_J23_24,750,LU3_2024,0.7169708333333334
LU3,LU3_U6_24,750,LU3_2024,0.6973198717948718
LU3,LU3_L16_24,750,LU3_2024,0.6964177083333335
LU3,LU3_N18_24,750,LU3_2024,0.71628125
LU3,LU3_L15_24,750,LU3_2024,0.6694914930555554
LU3,LU3_32_24,750,LU3_2024,0.7039096153846155
LU3,LU3_W7_24,750,LU3_2024,0.6909713141025642
LU3,LU3_45_24,750,LU3_2024,0.7236840277777777
LU3,LU3_50_24,750,LU3_2024,0.6784274621212121
LU3,LU3_49_24,750,LU3_2024,0.6834982371794873
LU3,LU3_Y8_24,750,LU3_2024,0.6574409722222222
LU3,LU3_48_24,750,LU3_2024,0.6775017628205128
LU2,LU2_21_24,750,LU2_2024,0.7196498263888889
LU2,LU2_34_24,750,LU2_2024,0.7803798076923076
LU2,LU2_O25_24,750,LU2_2024,0.7784642361111113
LU2,LU2_W21_24,750,LU2_2024,0.7739308712121212
LU2,LU2_36_24,750,LU2_2024,0.7819475961538462
LU2,LU2_15_24,750,LU2_2024,0.7708314102564102
LU2,LU2_13_24,750,LU2_2024,0.7542825320512822
LU2,LU2_5_24,750,LU2_2024,0.7661048611111111
LU2,LU2_101_24,750,LU2_2024,0.6888293402777778
LU2,LU2_32_24,750,LU2_2024,0.7409863782051284
LU2,LU2_Q24_24,750,LU2_2024,0.7629286858974359
LU2,LU2_56_24,750,LU2_2024,0.7789490384615385
LU2,LU2_I15_24,750,LU2_2024,0.7688416666666668
LU2,LU2_L20_24,750,LU2_2024,0.7507907986111112
LU2,LU2_L46_24,750,LU2_2024,0.7484951923076923
LU2,LU2_110_24,750,LU2_2024,0.7662388888888888
LU2,LU2_39_24,750,LU2_2024,0.7754189102564104
LU2,LU2_17_24,750,LU2_2024,0.752451388888889
LU2,LU2_155_24,750,LU2_2024,0.7581745192307694
LU2,LU2_50_24,750,LU2_2024,0.7770613636363636
LU2,LU2_O16_24,750,LU2_2024,0.7684122023809524
LU2,LU2_U13_24,750,LU2_2024,0.7833
LU2,LU2_44_24,750,LU2_2024,0.7563810606060606
LU2,LU2_143_24,750,LU2_2024,0.7616208333333333
LU2,LU2_18_24,750,LU2_2024,0.7675590773809523
LU2,LU2_52_24,750,LU2_2024,0.7642034090909092
LU2,LU2_123_24,750,LU2_2024,0.7704355902777779
LU2,LU2_H16_24,750,LU2_2024,0.7726091346153846
LU2,LU2_27_24,750,LU2_2024,0.7562816964285716
LU2,LU2_31_24,750,LU2_2024,0.772852840909091
LU2,LU2_3_24,750,LU2_2024,0.7667565972222224
LU2,LU2_J27_24,750,LU2_2024,0.7744193910256413
LU2,LU2_E27_24,750,LU2_2024,0.7752973958333333
LU2,LU2_G25_24,750,LU2_2024,0.7496543560606063
LU2,LU2_G26_24,750,LU2_2024,0.7507446180555557
LU2,LU2_106_24,750,LU2_2024,0.7043852564102564
LU2,LU2_20_24,750,LU2_2024,0.7590807692307694
LU2,LU2_25_24,750,LU2_2024,0.7734910256410257
LU2,LU2_40_24,750,LU2_2024,0.7615767045454547
LU2,LU2_38_24,750,LU2_2024,0.7433779513888888
LU2,LU2_137_24,750,LU2_2024,0.7548253205128206
LU2,LU2_47_24,750,LU2_2024,0.7732163194444447
LU2,LU2_26_24,750,LU2_2024,0.7599145833333333
LU2,LU2_H26_24,750,LU2_2024,0.7723922916666667
LU2,LU2_29_24,750,LU2_2024,0.7371861742424243
LU2,LU2_K26_24,750,LU2_2024,0.756805608974359
LU2,LU2_100_24,750,LU2_2024,0.7130801282051282
LU2,LU2_30_24,750,LU2_2024,0.7417886217948718
LU2,LU2_33_24,750,LU2_2024,0.7821831730769232
LU2,LU2_M25_24,750,LU2_2024,0.754218402777778
LU8,LU8_N19_24,750,LU8_2024,0.7646190277777778
LU8,LU8_M19_24,750,LU8_2024,0.7639623511904764
LU8,LU8_N20_24,750,LU8_2024,0.7392744047619049
LU8,LU8_O20_24,750,LU8_2024,0.7237532051282051
LU8,LU8_N18_24,750,LU8_2024,0.7622725961538462
LU8,LU8_S25_24,750,LU8_2024,0.718565544871795
LU8,LU8_AC29_24,750,LU8_2024,0.6795890151515152
LU8,LU8_AC28_24,750,LU8_2024,0.6577636217948719
LU8,LU8_AB29_24,750,LU8_2024,0.6169537202380952
LU8,LU8_AC30_24,750,LU8_2024,0.693763988095238
LU8,LU8_T25_24,750,LU8_2024,0.7150485119047619
LU8,LU8_S24_24,750,LU8_2024,0.6892477678571429
LU8,LU8_AE29_24,750,LU8_2024,0.7003979166666667
LU8,LU8_AD29_24,750,LU8_2024,0.6863862179487179
LU8,LU8_AD28_24,750,LU8_2024,0.6786528273809525
LU8,LU8_AD27_24,750,LU8_2024,0.6763245192307692
LU8,LU8_AC24_24,750,LU8_2024,0.6510770833333334
LU8,LU8_AC25_24,750,LU8_2024,0.6371648809523809
LU8,LU8_AC31_24,750,LU8_2024,0.6727033653846154
LU8,LU8_AB31_24,750,LU8_2024,0.6922567307692309
LU2,LU2_3,1000,LU2_2021,0.7660788690476193
LU2,LU2_5,1000,LU2_2021,0.7681055253623188
LU2,LU2_100,1000,LU2_2021,0.7220301630434783
LU2,LU2_101,1000,LU2_2021,0.6801271825396824
LU2,LU2_106,1000,LU2_2021,0.7035004734848486
LU2,LU2_110,1000,LU2_2021,0.7698266304347827
LU2,LU2_119,1000,LU2_2021,0.7636385912698412
LU2,LU2_123,1000,LU2_2021,0.768422159090909
LU2,LU2_13,1000,LU2_2021,0.7591750992063494
LU2,LU2_137,1000,LU2_2021,0.7529669642857144
LU2,LU2_143,1000,LU2_2021,0.7606
LU2,LU2_15,1000,LU2_2021,0.7715315476190474
LU2,LU2_153,1000,LU2_2021,0.7674787698412702
LU2,LU2_155,1000,LU2_2021,0.7591355208333332
LU2,LU2_17,1000,LU2_2021,0.7558995833333334
LU2,LU2_18,1000,LU2_2021,0.7688656746031745
LU2,LU2_20,1000,LU2_2021,0.7495021780303031
LU2,LU2_21,1000,LU2_2021,0.7252948412698413
LU2,LU2_24,1000,LU2_2021,0.7510497282608697
LU2,LU2_25,1000,LU2_2021,0.7729745833333332
LU2,LU2_26,1000,LU2_2021,0.7598676041666665
LU2,LU2_27,1000,LU2_2021,0.7568864087301588
LU2,LU2_29,1000,LU2_2021,0.7281690625000001
LU2,LU2_30,1000,LU2_2021,0.7386785714285715
LU2,LU2_31,1000,LU2_2021,0.7745686594202899
LU2,LU2_32,1000,LU2_2021,0.7397524122807019
LU2,LU2_33,1000,LU2_2021,0.7814195833333335
LU2,LU2_34,1000,LU2_2021,0.7810792763157896
LU2,LU2_36,1000,LU2_2021,0.7817423295454546
LU2,LU2_38,1000,LU2_2021,0.7493732007575757
LU2,LU2_39,1000,LU2_2021,0.7744792613636363
LU2,LU2_40,1000,LU2_2021,0.7663318181818183
LU2,LU2_42,1000,LU2_2021,0.7835475198412699
LU2,LU2_44,1000,LU2_2021,0.7594377604166667
LU2,LU2_46,1000,LU2_2021,0.7432238636363636
LU2,LU2_47,1000,LU2_2021,0.7757547101449276
LU2,LU2_50,1000,LU2_2021,0.7707039062500001
LU2,LU2_51,1000,LU2_2021,0.7528894886363635
LU2,LU2_52,1000,LU2_2021,0.7661600694444441
LU2,LU2_54,1000,LU2_2021,0.7746301630434785
LU2,LU2_56,1000,LU2_2021,0.7803622282608697
LU2,LU2_57,1000,LU2_2021,0.7670668650793651
LU3,LU3_5,1000,LU3_2021,0.6930119791666668
LU3,LU3_7,1000,LU3_2021,0.6786259469696971
LU3,LU3_10,1000,LU3_2021,0.7119385416666666
LU3,LU3_102,1000,LU3_2021,0.6887678442028988
LU3,LU3_103,1000,LU3_2021,0.7248154166666667
LU3,LU3_106,1000,LU3_2021,0.6733163690476192
LU3,LU3_111,1000,LU3_2021,0.6802475694444445
LU3,LU3_126,1000,LU3_2021,0.6995023674242422
LU3,LU3_129,1000,LU3_2021,0.6454578804347826
LU3,LU3_13,1000,LU3_2021,0.7018921006944443
LU3,LU3_131,1000,LU3_2021,0.7306702898550725
LU3,LU3_137,1000,LU3_2021,0.6695778769841269
LU3,LU3_14,1000,LU3_2021,0.6907794642857144
LU3,LU3_147,1000,LU3_2021,0.6821716145833333
LU3,LU3_15,1000,LU3_2021,0.7133277462121211
LU3,LU3_17,1000,LU3_2021,0.6796108695652174
LU3,LU3_18,1000,LU3_2021,0.6790778079710148
LU3,LU3_19,1000,LU3_2021,0.6481151041666667
LU3,LU3_20,1000,LU3_2021,0.634362400793651
LU3,LU3_21,1000,LU3_2021,0.724227840909091
LU3,LU3_25,1000,LU3_2021,0.6053239583333334
LU3,LU3_27,1000,LU3_2021,0.6807461956521741
LU3,LU3_28,1000,LU3_2021,0.6766191287878787
LU3,LU3_32,1000,LU3_2021,0.7051302083333335
LU3,LU3_36,1000,LU3_2021,0.6813783514492754
LU3,LU3_38,1000,LU3_2021,0.7158791666666668
LU3,LU3_39,1000,LU3_2021,0.6130325000000001
LU3,LU3_40,1000,LU3_2021,0.6707088293650795
LU3,LU3_41,1000,LU3_2021,0.7046958333333334
LU3,LU3_44,1000,LU3_2021,0.6543301136363635
LU3,LU3_45,1000,LU3_2021,0.7124381944444446
LU3,LU3_46,1000,LU3_2021,0.7308740036231886
LU3,LU3_48,1000,LU3_2021,0.6768087862318839
LU3,LU3_50,1000,LU3_2021,0.6915227430555556
LU3,LU3_51,1000,LU3_2021,0.6753095643939395
LU3,LU3_52,1000,LU3_2021,0.6339067982456141
LU3,LU3_49,1000,LU3_2021,0.6898907608695654
LU13,LU13_18,1000,LU13_2022,0.5960413690476191
LU13,LU13_15,1000,LU13_2022,0.6277674818840578
LU13,LU13_3,1000,LU13_2022,0.6484591485507246
LU13,LU13_34,1000,LU13_2022,0.5743022569444446
LU13,LU13_57,1000,LU13_2022,0.698740579710145
LU13,LU13_16,1000,LU13_2022,0.5944049818840581
LU13,LU13_21,1000,LU13_2022,0.5353836174242425
LU13,LU13_37,1000,LU13_2022,0.666472554347826
LU13,LU13_55,1000,LU13_2022,0.6762179347826087
LU13,LU13_47,1000,LU13_2022,0.6991145833333335
LU13,LU13_51,1000,LU13_2022,0.7014364583333332
LU13,LU13_27,1000,LU13_2022,0.7030199652777777
LU13,LU13_5,1000,LU13_2022,0.7028918560606061
LU13,LU13_26,1000,LU13_2022,0.7051782196969696
LU13,LU13_35,1000,LU13_2022,0.6138863224637683
LU13,LU13_13,1000,LU13_2022,0.6994436553030303
LU13,LU13_128,1000,LU13_2022,0.6950536184210527
LU13,LU13_131,1000,LU13_2022,0.6944946180555557
LU13,LU13_12,1000,LU13_2022,0.6976149166666668
LU13,LU13_33,1000,LU13_2022,0.6862943576388889
LU13,LU13_32,1000,LU13_2022,0.6780040674603176
LU13,LU13_30,1000,LU13_2022,0.671381857638889
LU13,LU13_53,1000,LU13_2022,0.6903218253968253
LU13,LU13_22,1000,LU13_2022,0.7113013586956521
LU13,LU13_19,1000,LU13_2022,0.7218531666666667
LU13,LU13_45,1000,LU13_2022,0.7125876736111113
LU13,LU13_8,1000,LU13_2022,0.7056003472222224
LU13,LU13_43,1000,LU13_2022,0.6980931547619048
LU13,LU13_41,1000,LU13_2022,0.7101644886363635
LU13,LU13_59,1000,LU13_2022,0.6913938368055556
LU13,LU13_6,1000,LU13_2022,0.6952490942028987
LU13,LU13_14,1000,LU13_2022,0.7030286458333334
LU13,LU13_52,1000,LU13_2022,0.6342683531746032
LU13,LU13_36,1000,LU13_2022,0.6694908514492752
LU13,LU13_38,1000,LU13_2022,0.6738490036231886
LU13,LU13_20,1000,LU13_2022,0.6734011363636363
LU13,LU13_17,1000,LU13_2022,0.7162409722222223
LU13,LU13_56,1000,LU13_2022,0.6818047743055554
LU13,LU13_49,1000,LU13_2022,0.6932405753968256
LU13,LU13_70,1000,LU13_2022,0.7024987689393939
LU13,LU13_11,1000,LU13_2022,0.7064562500000001
LU15,LU15_44,1000,LU15_2022,0.7056339673913044
LU15,LU15_11,1000,LU15_2022,0.6782709280303031
LU15,LU15_19,1000,LU15_2022,0.6923282118055555
LU15,LU15_7,1000,LU15_2022,0.7291366319444442
LU15,LU15_34,1000,LU15_2022,0.6964029356060606
LU15,LU15_37,1000,LU15_2022,0.6756832427536232
LU15,LU15_18,1000,LU15_2022,0.7030124131944443
LU15,LU15_43,1000,LU15_2022,0.7059252976190477
LU15,LU15_10,1000,LU15_2022,0.7027141304347827
LU15,LU15_58,1000,LU15_2022,0.7120751811594204
LU15,LU15_8,1000,LU15_2022,0.7012354166666669
LU15,LU15_12,1000,LU15_2022,0.6810160037878789
LU15,LU15_17,1000,LU15_2022,0.7077211174242424
LU15,LU15_1,1000,LU15_2022,0.6644443452380953
LU15,LU15_26,1000,LU15_2022,0.6699722537878788
LU15,LU15_27,1000,LU15_2022,0.6823419642857143
LU15,LU15_28,1000,LU15_2022,0.6826496376811595
LU15,LU15_2,1000,LU15_2022,0.6748411231884058
LU15,LU15_29,1000,LU15_2022,0.6777523674242423
LU15,LU15_30,1000,LU15_2022,0.6922128787878788
LU15,LU15_31,1000,LU15_2022,0.6937101190476189
LU15,LU15_32,1000,LU15_2022,0.6858387896825395
LU15,LU15_20,1000,LU15_2022,0.7409621031746032
LU15,LU15_21,1000,LU15_2022,0.7511263020833333
LU15,LU15_23,1000,LU15_2022,0.7182348731884057
LU15,LU15_41,1000,LU15_2022,0.7042982638888889
LU15,LU15_25,1000,LU15_2022,0.7094864130434781
LU15,LU15_9,1000,LU15_2022,0.7201846014492752
LU15,LU15_24,1000,LU15_2022,0.727480753968254
LU15,LU15_46,1000,LU15_2022,0.7409547101449275
LU15,LU15_40,1000,LU15_2022,0.709436231884058
LU15,LU15_16,1000,LU15_2022,0.7098005681818185
LU15,LU15_4,1000,LU15_2022,0.6636010416666669
LU15,LU15_36,1000,LU15_2022,0.6832382575757575
LU15,LU15_3,1000,LU15_2022,0.7281132246376814
LU15,LU15_15,1000,LU15_2022,0.6934355158730158
LU15,LU15_14,1000,LU15_2022,0.73795248015873
LU15,LU15_22,1000,LU15_2022,0.7057653985507245
LU15,LU15_61,1000,LU15_2022,0.6892675189393938
LU21,LU21_106,1000,LU21_2022,0.7453213293650793
LU21,LU21_10,1000,LU21_2022,0.6936564484126984
LU21,LU21_16,1000,LU21_2022,0.6658721354166667
LU21,LU21_107,1000,LU21_2022,0.6939792534722223
LU21,LU21_41,1000,LU21_2022,0.6835973484848487
LU21,LU21_63,1000,LU21_2022,0.636254861111111
LU21,LU21_27,1000,LU21_2022,0.659921829710145
LU21,LU21_23,1000,LU21_2022,0.6743003623188406
LU21,LU21_21,1000,LU21_2022,0.6841017361111112
LU21,LU21_82,1000,LU21_2022,0.7000649621212119
LU21,LU21_871,1000,LU21_2022,0.7408384963768115
LU21,LU21_164,1000,LU21_2022,0.6078534722222223
LU21,LU21_36,1000,LU21_2022,0.6380821180555556
LU21,LU21_14,1000,LU21_2022,0.6776098484848485
LU21,LU21_32,1000,LU21_2022,0.670867795138889
LU21,LU21_126,1000,LU21_2022,0.6811532196969697
LU21,LU21_122,1000,LU21_2022,0.6714721920289857
LU21,LU21_56,1000,LU21_2022,0.7118484601449274
LU21,LU21_57,1000,LU21_2022,0.6649019999999999
LU21,LU21_9,1000,LU21_2022,0.6834818181818183
LU21,LU21_98,1000,LU21_2022,0.7065278645833334
LU21,LU21_119,1000,LU21_2022,0.7176808876811596
LU21,LU21_52,1000,LU21_2022,0.7066904513888889
LU21,LU21_59,1000,LU21_2022,0.6559917708333334
LU21,LU21_68,1000,LU21_2022,0.6941148674242426
LU21,LU21_109,1000,LU21_2022,0.7186456521739132
LU21,LU21_93,1000,LU21_2022,0.7259671875000001
LU21,LU21_114,1000,LU21_2022,0.7387877717391305
LU21,LU21_105,1000,LU21_2022,0.7369412698412701
LU21,LU21_100,1000,LU21_2022,0.7188056818181819
LU21,LU21_74,1000,LU21_2022,0.6956296195652174
LU21,LU21_78,1000,LU21_2022,0.7157613224637681
LU21,LU21_153,1000,LU21_2022,0.71271553030303
LU21,LU21_6,1000,LU21_2022,0.7322547916666666
LU21,LU21_116,1000,LU21_2022,0.694840376984127
LU21,LU21_97,1000,LU21_2022,0.6667240036231884
LU1,LU1_13,1000,LU1_2022,0.7236982456140351
LU1,LU1_30,1000,LU1_2022,0.6946529513888889
LU1,LU1_85,1000,LU1_2022,0.7198420454545454
LU1,LU1_66,1000,LU1_2022,0.6955383680555555
LU1,LU1_76,1000,LU1_2022,0.6332823412698412
LU1,LU1_73,1000,LU1_2022,0.6757601325757573
LU1,LU1_75,1000,LU1_2022,0.6886553571428571
LU1,LU1_47,1000,LU1_2022,0.6056380434782609
LU1,LU1_74,1000,LU1_2022,0.7507404891304349
LU1,LU1_44,1000,LU1_2022,0.5906026909722223
LU1,LU1_41,1000,LU1_2022,0.626834375
LU1,LU1_64,1000,LU1_2022,0.6588642857142858
LU1,LU1_86,1000,LU1_2022,0.6735414772727272
LU1,LU1_79,1000,LU1_2022,0.6516162878787879
LU1,LU1_63,1000,LU1_2022,0.6706719696969695
LU1,LU1_72,1000,LU1_2022,0.6959054563492062
LU1,LU1_67,1000,LU1_2022,0.7128421006944442
LU1,LU1_77,1000,LU1_2022,0.6408996874999998
LU1,LU1_32,1000,LU1_2022,0.7013742753623188
LU1,LU1_36,1000,LU1_2022,0.6983532608695653
LU1,LU1_84,1000,LU1_2022,0.7052077651515151
LU1,LU1_25,1000,LU1_2022,0.6263010416666668
LU1,LU1_83,1000,LU1_2022,0.6899965909090908
LU1,LU1_80,1000,LU1_2022,0.6689630434782609
LU1,LU1_70,1000,LU1_2022,0.7052464583333333
LU1,LU1_48,1000,LU1_2022,0.6854346590909093
LU1,LU1_45,1000,LU1_2022,0.7189827651515152
LU1,LU1_11,1000,LU1_2022,0.5655011904761904
LU1,LU1_40,1000,LU1_2022,0.7075616319444445
LU1,LU1_6,1000,LU1_2022,0.7553054563492063
LU1,LU1_10,1000,LU1_2022,0.7359910984848483
LU1,LU1_43,1000,LU1_2022,0.6369873958333332
LU1,LU1_71,1000,LU1_2022,0.6454542613636366
LU1,LU1_22,1000,LU1_2022,0.656953713768116
LU1,LU1_60,1000,LU1_2022,0.6801411931818183
LU1,LU1_78,1000,LU1_2022,0.6777043560606061
LU1,LU1_46,1000,LU1_2022,0.626636553030303
LU1,LU1_82,1000,LU1_2022,0.7104073863636363
LU1,LU1_27,1000,LU1_2022,0.6408521825396827
LU9,LU9_5,1000,LU9_2023,0.5069789750485652
LU9,LU9_6,1000,LU9_2023,0.6088222243163096
LU9,LU9_7,1000,LU9_2023,0.7375867753623189
LU9,LU9_8,1000,LU9_2023,0.7526151041666668
LU9,LU9_100,1000,LU9_2023,0.6701552579365081
LU9,LU9_102,1000,LU9_2023,0.78128469202898565
LU9,LU9_106,1000,LU9_2023,0.675899337121212
LU9,LU9_112,1000,LU9_2023,0.6775412326388889
LU9,LU9_113,1000,LU9_2023,0.6702897727272726
LU9,LU9_12,1000,LU9_2023,0.7530423913043481
LU9,LU9_13,1000,LU9_2023,0.7333332386363639
LU9,LU9_18,1000,LU9_2023,0.7512335144927537
LU9,LU9_21,1000,LU9_2023,0.7328077651515151
LU9,LU9_24,1000,LU9_2023,0.7292099206349206
LU9,LU9_28,1000,LU9_2023,0.7503693576388889
LU9,LU9_29,1000,LU9_2023,0.7431499094202898
LU9,LU9_30,1000,LU9_2023,0.6863327380952382
LU9,LU9_31,1000,LU9_2023,0.7479270833333335
LU9,LU9_32,1000,LU9_2023,0.7708147644927535
LU9,LU9_33,1000,LU9_2023,0.7725249131944444
LU9,LU9_39,1000,LU9_2023,0.691616765873016
LU9,LU9_41,1000,LU9_2023,0.7645342391304348
LU9,LU9_44,1000,LU9_2023,0.6973338068181816
LU9,LU9_51,1000,LU9_2023,0.6862379960317461
LU9,LU9_55,1000,LU9_2023,0.6988834239130435
LU9,LU9_57,1000,LU9_2023,0.6898894021739133
LU9,LU9_62,1000,LU9_2023,0.7470373188405798
LU9,LU9_63,1000,LU9_2023,0.729251884920635
LU9,LU9_64,1000,LU9_2023,0.7307943181818182
LU9,LU9_65,1000,LU9_2023,0.6991829861111113
LU9,LU9_67,1000,LU9_2023,0.6973028125
LU9,LU9_68,1000,LU9_2023,0.6741780797101449
LU9,LU9_72,1000,LU9_2023,0.7379631944444444
LU9,LU9_73,1000,LU9_2023,0.7105737318840579
LU9,LU9_75,1000,LU9_2023,0.6950808876811594
LU9,LU9_76,1000,LU9_2023,0.6979455492424242
LU9,LU9_77,1000,LU9_2023,0.6607720238095237
LU9,LU9_79,1000,LU9_2023,0.7280493659420293
LU9,LU9_80,1000,LU9_2023,0.7315117324561404
LU9,LU9_81,1000,LU9_2023,0.7017549603174602
LU9,LU9_82,1000,LU9_2023,0.6937309895833333
LU9,LU9_85,1000,LU9_2023,0.7285732789855074
LU9,LU9_86,1000,LU9_2023,0.7076947916666668
LU9,LU9_87,1000,LU9_2023,0.6972278079710144
LU9,LU9_90,1000,LU9_2023,0.6890954545454546
LU9,LU9_93,1000,LU9_2023,0.7669972537878788
LU9,LU9_94,1000,LU9_2023,0.7820107954545453
LU9,LU9_96,1000,LU9_2023,0.6818626811594204
LU9,LU9_98,1000,LU9_2023,0.7065428977272729
LU9,LU9_27,1000,LU9_2023,0.6997389756944443
LU14,LU14_3,1000,LU14_2023,0.7122406250000001
LU14,LU14_7,1000,LU14_2023,0.7430010416666666
LU14,LU14_8,1000,LU14_2023,0.7139374999999999
LU14,LU14_9,1000,LU14_2023,0.7100133522727274
LU14,LU14_100,1000,LU14_2023,0.7130260416666667
LU14,LU14_102,1000,LU14_2023,0.7276707465277776
LU14,LU14_105,1000,LU14_2023,0.7548210069444443
LU14,LU14_110,1000,LU14_2023,0.6946732638888888
LU14,LU14_114,1000,LU14_2023,0.7228304924242425
LU14,LU14_115,1000,LU14_2023,0.6959195652173912
LU14,LU14_120,1000,LU14_2023,0.6944049818840581
LU14,LU14_121,1000,LU14_2023,0.7120032608695652
LU14,LU14_131,1000,LU14_2023,0.7014057291666665
LU14,LU14_135,1000,LU14_2023,0.6771867187499999
LU14,LU14_16,1000,LU14_2023,0.7262473484848485
LU14,LU14_17,1000,LU14_2023,0.7276007575757576
LU14,LU14_19,1000,LU14_2023,0.6857895833333334
LU14,LU14_20,1000,LU14_2023,0.6988952256944446
LU14,LU14_250,1000,LU14_2023,0.7280547743055555
LU14,LU14_30,1000,LU14_2023,0.6926599826388888
LU14,LU14_31,1000,LU14_2023,0.7135143229166667
LU14,LU14_33,1000,LU14_2023,0.7271212301587302
LU14,LU14_37,1000,LU14_2023,0.7361715579710145
LU14,LU14_47,1000,LU14_2023,0.7428960069444446
LU14,LU14_48,1000,LU14_2023,0.7406030797101448
LU14,LU14_49,1000,LU14_2023,0.732714945652174
LU14,LU14_51,1000,LU14_2023,0.7505195175438599
LU14,LU14_54,1000,LU14_2023,0.7034232638888889
LU14,LU14_56,1000,LU14_2023,0.7292460144927536
LU14,LU14_57,1000,LU14_2023,0.7197882575757576
LU14,LU14_61,1000,LU14_2023,0.6762073784722222
LU14,LU14_62,1000,LU14_2023,0.6958976449275364
LU14,LU14_63,1000,LU14_2023,0.7070388020833334
LU14,LU14_66,1000,LU14_2023,0.6839305871212121
LU14,LU14_70,1000,LU14_2023,0.7243791666666668
LU14,LU14_71,1000,LU14_2023,0.7234491847826088
LU14,LU14_72,1000,LU14_2023,0.7162354166666667
LU14,LU14_74,1000,LU14_2023,0.7299394886363637
LU14,LU14_76,1000,LU14_2023,0.7023774621212122
LU14,LU14_78,1000,LU14_2023,0.76332251984127
LU14,LU14_80,1000,LU14_2023,0.6961814236111111
LU14,LU14_84,1000,LU14_2023,0.6994168478260869
LU14,LU14_85,1000,LU14_2023,0.6968097826086957
LU14,LU14_86,1000,LU14_2023,0.7446390151515151
LU14,LU14_88,1000,LU14_2023,0.7260802536231886
LU14,LU14_91,1000,LU14_2023,0.6986637681159419
LU14,LU14_92,1000,LU14_2023,0.696439236111111
LU14,LU14_96,1000,LU14_2023,0.7371213541666668
LU14,LU14_97,1000,LU14_2023,0.7163131076388892
LU14,LU14_75,1000,LU14_2023,0.7363619565217393
LU16,LU16_2,1000,LU16_2023,0.7054848090277778
LU16,LU16_3,1000,LU16_2023,0.6850484375
LU16,LU16_15,1000,LU16_2023,0.705025954861111
LU16,LU16_20,1000,LU16_2023,0.6862350198412698
LU16,LU16_200,1000,LU16_2023,0.7167868055555556
LU16,LU16_201,1000,LU16_2023,0.6379633333333333
LU16,LU16_202,1000,LU16_2023,0.7142929687500003
LU16,LU16_203,1000,LU16_2023,0.7453804347826087
LU16,LU16_22,1000,LU16_2023,0.7076900173611113
LU16,LU16_23,1000,LU16_2023,0.6765133522727274
LU16,LU16_24,1000,LU16_2023,0.6533507246376811
LU16,LU16_25,1000,LU16_2023,0.6943079545454545
LU16,LU16_26,1000,LU16_2023,0.6652702898550725
LU16,LU16_270,1000,LU16_2023,0.6641764756944443
LU16,LU16_28,1000,LU16_2023,0.7207928333333335
LU16,LU16_300,1000,LU16_2023,0.6519856770833332
LU16,LU16_301,1000,LU16_2023,0.4695625868055555
LU16,LU16_302,1000,LU16_2023,0.6455795289855074
LU16,LU16_303,1000,LU16_2023,0.6554846354166668
LU16,LU16_313,1000,LU16_2023,0.6697632246376811
LU16,LU16_314,1000,LU16_2023,0.6655935416666667
LU16,LU16_36,1000,LU16_2023,0.6605036458333333
LU16,LU16_37,1000,LU16_2023,0.7282236742424243
LU16,LU16_49,1000,LU16_2023,0.6258855978260869
LU16,LU16_52,1000,LU16_2023,0.6007797101449274
LU16,LU16_54,1000,LU16_2023,0.6044719202898551
LU16,LU16_55,1000,LU16_2023,0.6045726562499999
LU16,LU16_57,1000,LU16_2023,0.5710394999999998
LU16,LU16_58,1000,LU16_2023,0.5867975543478261
LU16,LU16_60,1000,LU16_2023,0.6264453993055555
LU16,LU16_62,1000,LU16_2023,0.5694036666666666
LU16,LU16_63,1000,LU16_2023,0.595616757246377
LU16,LU16_64,1000,LU16_2023,0.6120619318181819
LU16,LU16_67,1000,LU16_2023,0.609267481884058
LU16,LU16_68,1000,LU16_2023,0.5154060606060606
LU16,LU16_69,1000,LU16_2023,0.5941533143939396
LU16,LU16_70,1000,LU16_2023,0.5549761363636364
LU16,LU16_71,1000,LU16_2023,0.5181245659722223
LU16,LU16_72,1000,LU16_2023,0.648302178030303
LU16,LU16_73,1000,LU16_2023,0.5951225
LU16,LU16_74,1000,LU16_2023,0.6354433531746034
LU16,LU16_75,1000,LU16_2023,0.5445490451388888
LU16,LU16_77,1000,LU16_2023,0.5562523674242427
LU16,LU16_80,1000,LU16_2023,0.5747752840909092
LU16,LU16_81,1000,LU16_2023,0.5538846666666668
LU16,LU16_83,1000,LU16_2023,0.5839046875
LU16,LU16_84,1000,LU16_2023,0.5830578125
LU16,LU16_85,1000,LU16_2023,0.6160072463768115
LU16,LU16_88,1000,LU16_2023,0.5536276666666666
LU22,LU22_110,1000,LU22_2023,0.7549946557971015
LU22,LU22_48,1000,LU22_2023,0.7676709375000003
LU22,LU22_107,1000,LU22_2023,0.7569104166666666
LU22,LU22_49,1000,LU22_2023,0.7680874094202899
LU22,LU22_103,1000,LU22_2023,0.7420214962121213
LU22,LU22_44,1000,LU22_2023,0.7583711309523812
LU22,LU22_21,1000,LU22_2023,0.786584963768116
LU22,LU22_15,1000,LU22_2023,0.7740211956521741
LU22,LU22_50,1000,LU22_2023,0.7552778079710146
LU22,LU22_38,1000,LU22_2023,0.7608682291666665
LU22,LU22_22,1000,LU22_2023,0.7773326704545455
LU22,LU22_85,1000,LU22_2023,0.7003174166666665
LU22,LU22_33,1000,LU22_2023,0.7346703598484848
LU22,LU22_34,1000,LU22_2023,0.7226321180555556
LU22,LU22_11,1000,LU22_2023,0.7094735507246377
LU22,LU22_29,1000,LU22_2023,0.784934548611111
LU22,LU22_86,1000,LU22_2023,0.7255123188405799
LU22,LU22_80,1000,LU22_2023,0.7412393229166668
LU22,LU22_17,1000,LU22_2023,0.7830357789855071
LU22,LU22_35,1000,LU22_2023,0.7728221014492754
LU22,LU22_63,1000,LU22_2023,0.6743441123188407
LU22,LU22_30,1000,LU22_2023,0.8006762152777775
LU22,LU22_4,1000,LU22_2023,0.7319376096491229
LU22,LU22_36,1000,LU22_2023,0.7312191123188405
LU22,LU22_76,1000,LU22_2023,0.6923576992753625
LU22,LU22_5,1000,LU22_2023,0.7505150362318842
LU22,LU22_87,1000,LU22_2023,0.725989109848485
LU22,LU22_25,1000,LU22_2023,0.7841090277777779
LU22,LU22_89,1000,LU22_2023,0.7029868659420291
LU22,LU22_18,1000,LU22_2023,0.7638902173913044
LU22,LU22_32,1000,LU22_2023,0.7486336956521736
LU22,LU22_8,1000,LU22_2023,0.7553113715277778
LU22,LU22_6,1000,LU22_2023,0.7438784090909091
LU22,LU22_81,1000,LU22_2023,0.7194302536231885
LU22,LU22_7,1000,LU22_2023,0.7711451992753626
LU22,LU22_69,1000,LU22_2023,0.7479044384057971
LU22,LU22_70,1000,LU22_2023,0.7459123106060606
LU22,LU22_82,1000,LU22_2023,0.753924652777778
LU22,LU22_94,1000,LU22_2023,0.7399160714285713
LU22,LU22_101,1000,LU22_2023,0.7530463541666667
LU22,LU22_71,1000,LU22_2023,0.7515436631944444
LU22,LU22_77,1000,LU22_2023,0.7541044507575759
LU22,LU22_72,1000,LU22_2023,0.757535590277778
LU22,LU22_65,1000,LU22_2023,0.7621205729166668
LU22,LU22_60,1000,LU22_2023,0.7306613224637684
LU22,LU22_61,1000,LU22_2023,0.7701701992753623
LU22,LU22_53,1000,LU22_2023,0.7788787326388892
LU22,LU22_46,1000,LU22_2023,0.7653037326388891
LU22,LU22_40,1000,LU22_2023,0.7164691840277778
LU22,LU22_47,1000,LU22_2023,0.7614895833333333
LU4,LU4_N15_24,1000,LU4_2024,0.7099188446969698
LU4,LU4_M14_24,1000,LU4_2024,0.704405397727273
LU4,LU4_J14_24,1000,LU4_2024,0.6784037326388891
LU4,LU4_J15_24,1000,LU4_2024,0.6880859601449278
LU4,LU4_I12_24,1000,LU4_2024,0.6778683712121212
LU4,LU4_I13_24,1000,LU4_2024,0.6724733695652175
LU4,LU4_Q10_24,1000,LU4_2024,0.7230497282608697
LU4,LU4_O10_24,1000,LU4_2024,0.7131371376811594
LU4,LU4_R7_24,1000,LU4_2024,0.7166888257575758
LU4,LU4_R9_24,1000,LU4_2024,0.7318432765151517
LU4,LU4_T8_24,1000,LU4_2024,0.7349145833333334
LU4,LU4_O16_24,1000,LU4_2024,0.6749845643939395
LU4,LU4_J26_24,1000,LU4_2024,0.6788252840909093
LU4,LU4_K25_24,1000,LU4_2024,0.6827482954545456
LU4,LU4_L23_24,1000,LU4_2024,0.6933530753968254
LU4,LU4_H26_24,1000,LU4_2024,0.6667533730158732
LU4,LU4_K23_24,1000,LU4_2024,0.6891090579710145
LU4,LU4_J21_24,1000,LU4_2024,0.7198154891304348
LU4,LU4_I21_24,1000,LU4_2024,0.7172921401515151
LU4,LU4_N30_24,1000,LU4_2024,0.6913197916666666
LU4,LU4_O23_24,1000,LU4_2024,0.6841464015151515
LU4,LU4_O22_24,1000,LU4_2024,0.7094054824561405
LU4,LU4_L18_24,1000,LU4_2024,0.6766017210144927
LU4,LU4_L17_24,1000,LU4_2024,0.6689722537878788
LU4,LU4_K17_24,1000,LU4_2024,0.6854532986111113
LU4,LU4_K19_24,1000,LU4_2024,0.7278871875000001
LU4,LU4_I22_24,1000,LU4_2024,0.7026834325396825
LU4,LU4_Q20_24,1000,LU4_2024,0.6440916666666667
LU4,LU4_V25_24,1000,LU4_2024,0.6786326086956521
LU4,LU4_P22_24,1000,LU4_2024,0.7152360795454547
LU4,LU4_O21_24,1000,LU4_2024,0.7556384548611113
LU4,LU4_P17_24,1000,LU4_2024,0.6839418560606063
LU4,LU4_Q16_24,1000,LU4_2024,0.6644647727272728
LU4,LU4_V19_24,1000,LU4_2024,0.732799337121212
LU4,LU4_O17_24,1000,LU4_2024,0.675716865079365
LU4,LU4_W19_24,1000,LU4_2024,0.6984965579710145
LU4,LU4_Y25_24,1000,LU4_2024,0.6999589962121213
LU4,LU4_S17_24,1000,LU4_2024,0.701327178030303
LU4,LU4_S18_24,1000,LU4_2024,0.6938668402777776
LU4,LU4_R14_24,1000,LU4_2024,0.6983244047619046
LU4,LU4_V17_24,1000,LU4_2024,0.6954309523809524
LU4,LU4_U15_24,1000,LU4_2024,0.7040397727272727
LU4,LU4_M12_24,1000,LU4_2024,0.7131135869565218
LU4,LU4_O13_24,1000,LU4_2024,0.7390178571428572
LU4,LU4_P15_24,1000,LU4_2024,0.6784453598484848
LU4,LU4_E15_24,1000,LU4_2024,0.6891371376811593
LU4,LU4_G17_24,1000,LU4_2024,0.7100496376811595
LU4,LU4_G13_24,1000,LU4_2024,0.6483935606060608
LU4,LU4_G12_24,1000,LU4_2024,0.6540336174242424
LU4,LU4_F14_24,1000,LU4_2024,0.6676203804347827
LU3,LU3_102_24,1000,LU3_2024,0.6889649621212124
LU3,LU3_5_24,1000,LU3_2024,0.6930119791666668
LU3,LU3_103_24,1000,LU3_2024,0.7248154166666667
LU3,LU3_131_24,1000,LU3_2024,0.7306702898550725
LU3,LU3_39_24,1000,LU3_2024,0.6251009963768117
LU3,LU3_18_24,1000,LU3_2024,0.6784353219696972
LU3,LU3_20_24,1000,LU3_2024,0.634362400793651
LU3,LU3_19_24,1000,LU3_2024,0.6481151041666667
LU3,LU3_111_24,1000,LU3_2024,0.6802475694444445
LU3,LU3_AB21_24,1000,LU3_2024,0.701303079710145
LU3,LU3_27_24,1000,LU3_2024,0.680470746527778
LU3,LU3_36_24,1000,LU3_2024,0.6808965909090909
LU3,LU3_40_24,1000,LU3_2024,0.6742417613636364
LU3,LU3_41_24,1000,LU3_2024,0.7046958333333334
LU3,LU3_52_24,1000,LU3_2024,0.6339067982456141
LU3,LU3_15_24,1000,LU3_2024,0.7130666666666666
LU3,LU3_44_24,1000,LU3_2024,0.6543301136363635
LU3,LU3_17_24,1000,LU3_2024,0.6796108695652174
LU3,LU3_147_24,1000,LU3_2024,0.6817422101449274
LU3,LU3_51_24,1000,LU3_2024,0.6753095643939395
LU3,LU3_AH7_24,1000,LU3_2024,0.7127016098484847
LU3,LU3_126_24,1000,LU3_2024,0.6995023674242422
LU3,LU3_129_24,1000,LU3_2024,0.6454578804347826
LU3,LU3_28_24,1000,LU3_2024,0.6773528124999999
LU3,LU3_AH14_24,1000,LU3_2024,0.7240035037878788
LU3,LU3_38_24,1000,LU3_2024,0.7169003787878788
LU3,LU3_13_24,1000,LU3_2024,0.7018921006944443
LU3,LU3_25_24,1000,LU3_2024,0.6053239583333334
LU3,LU3_21_24,1000,LU3_2024,0.724227840909091
LU3,LU3_AC10_24,1000,LU3_2024,0.7186316840277778
LU3,LU3_46_24,1000,LU3_2024,0.7308740036231886
LU3,LU3_10_24,1000,LU3_2024,0.7119385416666666
LU3,LU3_AE12_24,1000,LU3_2024,0.7225125000000001
LU3,LU3_7_24,1000,LU3_2024,0.6755750000000001
LU3,LU3_14_24,1000,LU3_2024,0.6914044507575758
LU3,LU3_137_24,1000,LU3_2024,0.6730008522727272
LU3,LU3_M20_24,1000,LU3_2024,0.7103875000000001
LU3,LU3_L22_24,1000,LU3_2024,0.677814402173913
LU3,LU3_J23_24,1000,LU3_2024,0.7162584325396827
LU3,LU3_U6_24,1000,LU3_2024,0.6971665625
LU3,LU3_L16_24,1000,LU3_2024,0.6926678442028986
LU3,LU3_N18_24,1000,LU3_2024,0.7166137896825395
LU3,LU3_L15_24,1000,LU3_2024,0.6811755434782609
LU3,LU3_32_24,1000,LU3_2024,0.7051302083333335
LU3,LU3_W7_24,1000,LU3_2024,0.6800195075757577
LU3,LU3_45_24,1000,LU3_2024,0.7144062500000001
LU3,LU3_50_24,1000,LU3_2024,0.6915227430555556
LU3,LU3_49_24,1000,LU3_2024,0.6898907608695654
LU3,LU3_Y8_24,1000,LU3_2024,0.6645908333333335
LU3,LU3_48_24,1000,LU3_2024,0.6768087862318839
LU2,LU2_21_24,1000,LU2_2024,0.7249549242424244
LU2,LU2_34_24,1000,LU2_2024,0.7810792763157896
LU2,LU2_O25_24,1000,LU2_2024,0.7744044384057973
LU2,LU2_W21_24,1000,LU2_2024,0.7767317708333334
LU2,LU2_36_24,1000,LU2_2024,0.7817423295454546
LU2,LU2_15_24,1000,LU2_2024,0.7715315476190474
LU2,LU2_13_24,1000,LU2_2024,0.7591750992063494
LU2,LU2_5_24,1000,LU2_2024,0.7681055253623188
LU2,LU2_101_24,1000,LU2_2024,0.6246321969696969
LU2,LU2_32_24,1000,LU2_2024,0.7408881250000001
LU2,LU2_Q24_24,1000,LU2_2024,0.7585925189393943
LU2,LU2_56_24,1000,LU2_2024,0.7803622282608697
LU2,LU2_I15_24,1000,LU2_2024,0.7720849431818183
LU2,LU2_L20_24,1000,LU2_2024,0.7490723484848487
LU2,LU2_L46_24,1000,LU2_2024,0.7432238636363636
LU2,LU2_110_24,1000,LU2_2024,0.7698266304347827
LU2,LU2_39_24,1000,LU2_2024,0.7744792613636363
LU2,LU2_17_24,1000,LU2_2024,0.7558995833333334
LU2,LU2_155_24,1000,LU2_2024,0.7591355208333332
LU2,LU2_50_24,1000,LU2_2024,0.7707039062500001
LU2,LU2_O16_24,1000,LU2_2024,0.7675438541666668
LU2,LU2_U13_24,1000,LU2_2024,0.7802247916666668
LU2,LU2_44_24,1000,LU2_2024,0.7594377604166667
LU2,LU2_143_24,1000,LU2_2024,0.7606
LU2,LU2_18_24,1000,LU2_2024,0.7688656746031745
LU2,LU2_52_24,1000,LU2_2024,0.7661600694444441
LU2,LU2_123_24,1000,LU2_2024,0.7684605158730158
LU2,LU2_H16_24,1000,LU2_2024,0.773978373015873
LU2,LU2_27_24,1000,LU2_2024,0.7571836622807018
LU2,LU2_31_24,1000,LU2_2024,0.7743769965277779
LU2,LU2_3_24,1000,LU2_2024,0.7660788690476193
LU2,LU2_J27_24,1000,LU2_2024,0.7722291666666669
LU2,LU2_E27_24,1000,LU2_2024,0.7715562500000002
LU2,LU2_G25_24,1000,LU2_2024,0.7552453125000002
LU2,LU2_G26_24,1000,LU2_2024,0.750014402173913
LU2,LU2_106_24,1000,LU2_2024,0.7035004734848486
LU2,LU2_20_24,1000,LU2_2024,0.7495021780303031
LU2,LU2_25_24,1000,LU2_2024,0.7739105263157895
LU2,LU2_40_24,1000,LU2_2024,0.764712784090909
LU2,LU2_38_24,1000,LU2_2024,0.7493732007575757
LU2,LU2_137_24,1000,LU2_2024,0.7529746710526317
LU2,LU2_47_24,1000,LU2_2024,0.7757547101449276
LU2,LU2_26_24,1000,LU2_2024,0.7598676041666665
LU2,LU2_H26_24,1000,LU2_2024,0.7698313541666668
LU2,LU2_29_24,1000,LU2_2024,0.7281690625000001
LU2,LU2_K26_24,1000,LU2_2024,0.7561291666666666
LU2,LU2_100_24,1000,LU2_2024,0.7216499999999999
LU2,LU2_30_24,1000,LU2_2024,0.7386785714285715
LU2,LU2_33_24,1000,LU2_2024,0.7814195833333335
LU2,LU2_M25_24,1000,LU2_2024,0.7538831249999998
LU8,LU8_N19_24,1000,LU8_2024,0.7615582386363637
LU8,LU8_M19_24,1000,LU8_2024,0.7636993659420289
LU8,LU8_N20_24,1000,LU8_2024,0.7425965909090911
LU8,LU8_O20_24,1000,LU8_2024,0.7278828804347824
LU8,LU8_N18_24,1000,LU8_2024,0.7619376736111113
LU8,LU8_S25_24,1000,LU8_2024,0.7079679924242425
LU8,LU8_AC29_24,1000,LU8_2024,0.6775651909722223
LU8,LU8_AC28_24,1000,LU8_2024,0.6552013020833333
LU8,LU8_AB29_24,1000,LU8_2024,0.6325987689393942
LU8,LU8_AC30_24,1000,LU8_2024,0.6968870265151514
LU8,LU8_T25_24,1000,LU8_2024,0.7153153985507246
LU8,LU8_S24_24,1000,LU8_2024,0.6991403079710146
LU8,LU8_AE29_24,1000,LU8_2024,0.6880943576388888
LU8,LU8_AD29_24,1000,LU8_2024,0.6856694444444446
LU8,LU8_AD28_24,1000,LU8_2024,0.676584548611111
LU8,LU8_AD27_24,1000,LU8_2024,0.65384296875
LU8,LU8_AC24_24,1000,LU8_2024,0.6362777777777778
LU8,LU8_AC25_24,1000,LU8_2024,0.6355395000000003
LU8,LU8_AC31_24,1000,LU8_2024,0.6812562500000002
LU8,LU8_AB31_24,1000,LU8_2024,0.6921077898550725
LU2,LU2_3,1250,LU2_2021,0.766478511904762
LU2,LU2_5,1250,LU2_2021,0.7330381740196078
LU2,LU2_100,1250,LU2_2021,0.7277226785714286
LU2,LU2_101,1250,LU2_2021,0.6179691550925925
LU2,LU2_106,1250,LU2_2021,0.7037136029411767
LU2,LU2_110,1250,LU2_2021,0.7723052380952383
LU2,LU2_119,1250,LU2_2021,0.7545482230392155
LU2,LU2_123,1250,LU2_2021,0.763034201388889
LU2,LU2_13,1250,LU2_2021,0.7632385995370371
LU2,LU2_137,1250,LU2_2021,0.7518837962962962
LU2,LU2_143,1250,LU2_2021,0.7614485294117648
LU2,LU2_15,1250,LU2_2021,0.7674240196078431
LU2,LU2_153,1250,LU2_2021,0.7672201190476192
LU2,LU2_155,1250,LU2_2021,0.7625484523809527
LU2,LU2_17,1250,LU2_2021,0.7556933333333332
LU2,LU2_18,1250,LU2_2021,0.7702695833333334
LU2,LU2_20,1250,LU2_2021,0.7464808333333336
LU2,LU2_21,1250,LU2_2021,0.7256091911764704
LU2,LU2_24,1250,LU2_2021,0.7533983455882356
LU2,LU2_25,1250,LU2_2021,0.7700819047619047
LU2,LU2_26,1250,LU2_2021,0.7614315972222223
LU2,LU2_27,1250,LU2_2021,0.7630790476190478
LU2,LU2_29,1250,LU2_2021,0.732630309139785
LU2,LU2_30,1250,LU2_2021,0.7425564285714288
LU2,LU2_31,1250,LU2_2021,0.7738260119047622
LU2,LU2_32,1250,LU2_2021,0.7343967261904761
LU2,LU2_33,1250,LU2_2021,0.7811339880952383
LU2,LU2_34,1250,LU2_2021,0.7748820601851856
LU2,LU2_36,1250,LU2_2021,0.7818238690476191
LU2,LU2_38,1250,LU2_2021,0.7459351102941174
LU2,LU2_39,1250,LU2_2021,0.7705510714285715
LU2,LU2_40,1250,LU2_2021,0.7634101641414143
LU2,LU2_42,1250,LU2_2021,0.7789235714285715
LU2,LU2_44,1250,LU2_2021,0.7608513888888888
LU2,LU2_46,1250,LU2_2021,0.7465520833333333
LU2,LU2_47,1250,LU2_2021,0.7776075520833335
LU2,LU2_50,1250,LU2_2021,0.7677474264705882
LU2,LU2_51,1250,LU2_2021,0.7430666087962965
LU2,LU2_52,1250,LU2_2021,0.7682992424242423
LU2,LU2_54,1250,LU2_2021,0.7751443452380954
LU2,LU2_56,1250,LU2_2021,0.7807421428571432
LU2,LU2_57,1250,LU2_2021,0.7657788602941179
LU3,LU3_5,1250,LU3_2021,0.7031907828282828
LU3,LU3_7,1250,LU3_2021,0.6729745238095238
LU3,LU3_10,1250,LU3_2021,0.7120911458333333
LU3,LU3_102,1250,LU3_2021,0.695881556372549
LU3,LU3_103,1250,LU3_2021,0.723748484848485
LU3,LU3_106,1250,LU3_2021,0.6815910300925925
LU3,LU3_111,1250,LU3_2021,0.666037738095238
LU3,LU3_126,1250,LU3_2021,0.7061993452380957
LU3,LU3_129,1250,LU3_2021,0.6376772619047621
LU3,LU3_13,1250,LU3_2021,0.70078
LU3,LU3_131,1250,LU3_2021,0.7329671428571432
LU3,LU3_137,1250,LU3_2021,0.6737716145833331
LU3,LU3_14,1250,LU3_2021,0.6925969907407407
LU3,LU3_147,1250,LU3_2021,0.6827642045454546
LU3,LU3_15,1250,LU3_2021,0.7113467857142856
LU3,LU3_17,1250,LU3_2021,0.6822911764705883
LU3,LU3_18,1250,LU3_2021,0.6800489285714288
LU3,LU3_19,1250,LU3_2021,0.6519245833333334
LU3,LU3_20,1250,LU3_2021,0.644312847222222
LU3,LU3_21,1250,LU3_2021,0.7261338095238093
LU3,LU3_25,1250,LU3_2021,0.6199120370370369
LU3,LU3_27,1250,LU3_2021,0.6828940476190474
LU3,LU3_28,1250,LU3_2021,0.6645329545454547
LU3,LU3_32,1250,LU3_2021,0.7058085648148146
LU3,LU3_36,1250,LU3_2021,0.6725266544117646
LU3,LU3_38,1250,LU3_2021,0.7185929054054054
LU3,LU3_39,1250,LU3_2021,0.6227806451612904
LU3,LU3_40,1250,LU3_2021,0.6799139093137256
LU3,LU3_41,1250,LU3_2021,0.7061485479797981
LU3,LU3_44,1250,LU3_2021,0.6550836309523811
LU3,LU3_45,1250,LU3_2021,0.7078802380952383
LU3,LU3_46,1250,LU3_2021,0.7314126736111113
LU3,LU3_48,1250,LU3_2021,0.6801993055555556
LU3,LU3_50,1250,LU3_2021,0.7019119318181819
LU3,LU3_51,1250,LU3_2021,0.6789225694444445
LU3,LU3_52,1250,LU3_2021,0.6172317004504505
LU3,LU3_49,1250,LU3_2021,0.6953704166666667
LU13,LU13_18,1250,LU13_2022,0.5949421171171171
LU13,LU13_15,1250,LU13_2022,0.629816079059829
LU13,LU13_3,1250,LU13_2022,0.6306783564814816
LU13,LU13_34,1250,LU13_2022,0.5650168402777777
LU13,LU13_57,1250,LU13_2022,0.7000840090090088
LU13,LU13_16,1250,LU13_2022,0.6001328125000001
LU13,LU13_21,1250,LU13_2022,0.5472027027027028
LU13,LU13_37,1250,LU13_2022,0.6744190241228069
LU13,LU13_55,1250,LU13_2022,0.6808975788288291
LU13,LU13_47,1250,LU13_2022,0.6930811309523812
LU13,LU13_51,1250,LU13_2022,0.7051755357142858
LU13,LU13_27,1250,LU13_2022,0.7054000578703704
LU13,LU13_5,1250,LU13_2022,0.7053264880952381
LU13,LU13_26,1250,LU13_2022,0.7074461074561406
LU13,LU13_35,1250,LU13_2022,0.6163951388888891
LU13,LU13_13,1250,LU13_2022,0.7026766328828831
LU13,LU13_128,1250,LU13_2022,0.7017574324324325
LU13,LU13_131,1250,LU13_2022,0.6948126893939396
LU13,LU13_12,1250,LU13_2022,0.7000468171296297
LU13,LU13_33,1250,LU13_2022,0.6883149404761905
LU13,LU13_32,1250,LU13_2022,0.6803961711711712
LU13,LU13_30,1250,LU13_2022,0.6734006944444445
LU13,LU13_53,1250,LU13_2022,0.6946171875000001
LU13,LU13_22,1250,LU13_2022,0.7073539930555557
LU13,LU13_19,1250,LU13_2022,0.7227854166666665
LU13,LU13_45,1250,LU13_2022,0.7155149621212125
LU13,LU13_8,1250,LU13_2022,0.7099843171296298
LU13,LU13_43,1250,LU13_2022,0.7086530671296296
LU13,LU13_41,1250,LU13_2022,0.7120488738738742
LU13,LU13_59,1250,LU13_2022,0.6947469017094018
LU13,LU13_6,1250,LU13_2022,0.6983998842592591
LU13,LU13_14,1250,LU13_2022,0.7077963400900901
LU13,LU13_52,1250,LU13_2022,0.6503614301801802
LU13,LU13_36,1250,LU13_2022,0.677017261904762
LU13,LU13_38,1250,LU13_2022,0.6811056134259261
LU13,LU13_20,1250,LU13_2022,0.689130902777778
LU13,LU13_17,1250,LU13_2022,0.7117247023809524
LU13,LU13_56,1250,LU13_2022,0.694419560185185
LU13,LU13_49,1250,LU13_2022,0.7017803490990989
LU13,LU13_70,1250,LU13_2022,0.7021041666666665
LU13,LU13_11,1250,LU13_2022,0.7072163194444444
LU15,LU15_44,1250,LU15_2022,0.707803273809524
LU15,LU15_11,1250,LU15_2022,0.6828937500000001
LU15,LU15_19,1250,LU15_2022,0.6928779411764706
LU15,LU15_7,1250,LU15_2022,0.7288049632352938
LU15,LU15_34,1250,LU15_2022,0.7014065563725492
LU15,LU15_37,1250,LU15_2022,0.6787411764705882
LU15,LU15_18,1250,LU15_2022,0.7048010119047621
LU15,LU15_43,1250,LU15_2022,0.7027322023809527
LU15,LU15_10,1250,LU15_2022,0.7037250595238097
LU15,LU15_58,1250,LU15_2022,0.7129298828125001
LU15,LU15_8,1250,LU15_2022,0.706748988095238
LU15,LU15_12,1250,LU15_2022,0.6847997747747747
LU15,LU15_17,1250,LU15_2022,0.7111536599099099
LU15,LU15_1,1250,LU15_2022,0.6699633680555557
LU15,LU15_26,1250,LU15_2022,0.6745157657657658
LU15,LU15_27,1250,LU15_2022,0.6867193865740743
LU15,LU15_28,1250,LU15_2022,0.6866171296296297
LU15,LU15_2,1250,LU15_2022,0.6770137499999999
LU15,LU15_29,1250,LU15_2022,0.6820328828828831
LU15,LU15_30,1250,LU15_2022,0.6942753571428573
LU15,LU15_31,1250,LU15_2022,0.6927196180555558
LU15,LU15_32,1250,LU15_2022,0.6868631365740743
LU15,LU15_20,1250,LU15_2022,0.7406720486111114
LU15,LU15_21,1250,LU15_2022,0.7513218749999998
LU15,LU15_23,1250,LU15_2022,0.7208600490196079
LU15,LU15_41,1250,LU15_2022,0.7056068287037038
LU15,LU15_25,1250,LU15_2022,0.7130380787037036
LU15,LU15_9,1250,LU15_2022,0.7248369642857141
LU15,LU15_24,1250,LU15_2022,0.733473468137255
LU15,LU15_46,1250,LU15_2022,0.7415520833333333
LU15,LU15_40,1250,LU15_2022,0.7116306372549017
LU15,LU15_16,1250,LU15_2022,0.7114698809523807
LU15,LU15_4,1250,LU15_2022,0.6710860714285717
LU15,LU15_36,1250,LU15_2022,0.6860582207207208
LU15,LU15_3,1250,LU15_2022,0.7283963848039217
LU15,LU15_15,1250,LU15_2022,0.7067668981481483
LU15,LU15_14,1250,LU15_2022,0.7300003472222224
LU15,LU15_22,1250,LU15_2022,0.7120859234234234
LU15,LU15_61,1250,LU15_2022,0.6955270270270273
LU21,LU21_106,1250,LU21_2022,0.7434825810185185
LU21,LU21_10,1250,LU21_2022,0.6964605902777776
LU21,LU21_16,1250,LU21_2022,0.6620039141414141
LU21,LU21_107,1250,LU21_2022,0.6954746323529413
LU21,LU21_41,1250,LU21_2022,0.6760325
LU21,LU21_63,1250,LU21_2022,0.6370516071428572
LU21,LU21_27,1250,LU21_2022,0.6583546428571428
LU21,LU21_23,1250,LU21_2022,0.6723472222222224
LU21,LU21_21,1250,LU21_2022,0.6832091071428572
LU21,LU21_82,1250,LU21_2022,0.7032012950450452
LU21,LU21_871,1250,LU21_2022,0.7251729729729729
LU21,LU21_164,1250,LU21_2022,0.6155458333333332
LU21,LU21_36,1250,LU21_2022,0.6408037500000003
LU21,LU21_14,1250,LU21_2022,0.6689116554054053
LU21,LU21_32,1250,LU21_2022,0.6686201822916666
LU21,LU21_126,1250,LU21_2022,0.6794025900900901
LU21,LU21_122,1250,LU21_2022,0.6734632882882884
LU21,LU21_56,1250,LU21_2022,0.706399761904762
LU21,LU21_57,1250,LU21_2022,0.6608066287878787
LU21,LU21_9,1250,LU21_2022,0.6776094642857143
LU21,LU21_98,1250,LU21_2022,0.7089586489898992
LU21,LU21_119,1250,LU21_2022,0.7185541087962966
LU21,LU21_52,1250,LU21_2022,0.7049481691919196
LU21,LU21_59,1250,LU21_2022,0.6564327380952383
LU21,LU21_68,1250,LU21_2022,0.6909330357142858
LU21,LU21_109,1250,LU21_2022,0.7185249404761904
LU21,LU21_93,1250,LU21_2022,0.7224260714285714
LU21,LU21_114,1250,LU21_2022,0.7339271412037038
LU21,LU21_105,1250,LU21_2022,0.7387871527777778
LU21,LU21_100,1250,LU21_2022,0.7164984523809522
LU21,LU21_74,1250,LU21_2022,0.6984619642857144
LU21,LU21_78,1250,LU21_2022,0.7208985745614037
LU21,LU21_153,1250,LU21_2022,0.7162380952380953
LU21,LU21_6,1250,LU21_2022,0.7308913690476191
LU21,LU21_116,1250,LU21_2022,0.7022693865740741
LU21,LU21_97,1250,LU21_2022,0.6658940476190478
LU1,LU1_13,1250,LU1_2022,0.706213869047619
LU1,LU1_30,1250,LU1_2022,0.6942488005050508
LU1,LU1_85,1250,LU1_2022,0.7151472619047619
LU1,LU1_66,1250,LU1_2022,0.6979391666666667
LU1,LU1_76,1250,LU1_2022,0.6385865196078431
LU1,LU1_73,1250,LU1_2022,0.6770782828282828
LU1,LU1_75,1250,LU1_2022,0.6809546568627451
LU1,LU1_47,1250,LU1_2022,0.6033132812499999
LU1,LU1_74,1250,LU1_2022,0.7506232738095241
LU1,LU1_44,1250,LU1_2022,0.587948630952381
LU1,LU1_41,1250,LU1_2022,0.6177038375779067
LU1,LU1_64,1250,LU1_2022,0.6632931547619048
LU1,LU1_86,1250,LU1_2022,0.6555126157407408
LU1,LU1_79,1250,LU1_2022,0.6556310049019608
LU1,LU1_63,1250,LU1_2022,0.6704129289215688
LU1,LU1_72,1250,LU1_2022,0.6987664828431375
LU1,LU1_67,1250,LU1_2022,0.7186219642857143
LU1,LU1_77,1250,LU1_2022,0.6452039880952382
LU1,LU1_32,1250,LU1_2022,0.7065646446078433
LU1,LU1_36,1250,LU1_2022,0.6953761642156864
LU1,LU1_84,1250,LU1_2022,0.7077673214285716
LU1,LU1_25,1250,LU1_2022,0.6141535714285713
LU1,LU1_83,1250,LU1_2022,0.6940250000000001
LU1,LU1_80,1250,LU1_2022,0.6807388480392157
LU1,LU1_70,1250,LU1_2022,0.7155147058823529
LU1,LU1_48,1250,LU1_2022,0.6775268995098042
LU1,LU1_45,1250,LU1_2022,0.7167152573529413
LU1,LU1_11,1250,LU1_2022,0.5680452976190475
LU1,LU1_40,1250,LU1_2022,0.7126638257575758
LU1,LU1_6,1250,LU1_2022,0.7509659313725487
LU1,LU1_10,1250,LU1_2022,0.7372278645833333
LU1,LU1_43,1250,LU1_2022,0.6417293055555556
LU1,LU1_71,1250,LU1_2022,0.6466624421296294
LU1,LU1_22,1250,LU1_2022,0.6617604166666667
LU1,LU1_60,1250,LU1_2022,0.6872403409090908
LU1,LU1_78,1250,LU1_2022,0.6805042929292928
LU1,LU1_46,1250,LU1_2022,0.6280142857142859
LU1,LU1_82,1250,LU1_2022,0.7114039828431373
LU1,LU1_27,1250,LU1_2022,0.6488759191176471
LU9,LU9_5,1250,LU9_2023,0.5129932955514165
LU9,LU9_6,1250,LU9_2023,0.6232307137841667
LU9,LU9_7,1250,LU9_2023,0.7403478535353535
LU9,LU9_8,1250,LU9_2023,0.7481787990196079
LU9,LU9_100,1250,LU9_2023,0.6701985532407407
LU9,LU9_102,1250,LU9_2023,0.7804675347222223
LU9,LU9_106,1250,LU9_2023,0.6747969031531532
LU9,LU9_112,1250,LU9_2023,0.6783195707070709
LU9,LU9_113,1250,LU9_2023,0.6728747619047619
LU9,LU9_12,1250,LU9_2023,0.7470714527027028
LU9,LU9_13,1250,LU9_2023,0.7402950810185185
LU9,LU9_18,1250,LU9_2023,0.7523209523809521
LU9,LU9_21,1250,LU9_2023,0.7334210585585588
LU9,LU9_24,1250,LU9_2023,0.728183449074074
LU9,LU9_28,1250,LU9_2023,0.7515761994949498
LU9,LU9_29,1250,LU9_2023,0.7366988690476194
LU9,LU9_30,1250,LU9_2023,0.685786174242424
LU9,LU9_31,1250,LU9_2023,0.747275925925926
LU9,LU9_32,1250,LU9_2023,0.7679389285714285
LU9,LU9_33,1250,LU9_2023,0.7733118489583335
LU9,LU9_39,1250,LU9_2023,0.694028125
LU9,LU9_41,1250,LU9_2023,0.7613565393518518
LU9,LU9_44,1250,LU9_2023,0.696115992647059
LU9,LU9_51,1250,LU9_2023,0.6861715277777777
LU9,LU9_55,1250,LU9_2023,0.6958776348039217
LU9,LU9_57,1250,LU9_2023,0.6851060119047621
LU9,LU9_62,1250,LU9_2023,0.7500838095238097
LU9,LU9_63,1250,LU9_2023,0.7325839699074075
LU9,LU9_64,1250,LU9_2023,0.7303306712962964
LU9,LU9_65,1250,LU9_2023,0.6991293452380953
LU9,LU9_67,1250,LU9_2023,0.6970189814814817
LU9,LU9_68,1250,LU9_2023,0.6769213095238095
LU9,LU9_72,1250,LU9_2023,0.7364719065656565
LU9,LU9_73,1250,LU9_2023,0.7123669730392158
LU9,LU9_75,1250,LU9_2023,0.6959829656862743
LU9,LU9_76,1250,LU9_2023,0.6924750578703704
LU9,LU9_77,1250,LU9_2023,0.6447255630630633
LU9,LU9_79,1250,LU9_2023,0.7225519047619049
LU9,LU9_80,1250,LU9_2023,0.7309231418918919
LU9,LU9_81,1250,LU9_2023,0.7070645833333336
LU9,LU9_82,1250,LU9_2023,0.6903410119047618
LU9,LU9_85,1250,LU9_2023,0.7302336904761902
LU9,LU9_86,1250,LU9_2023,0.7060761642156863
LU9,LU9_87,1250,LU9_2023,0.6983042792792796
LU9,LU9_90,1250,LU9_2023,0.6889483671171172
LU9,LU9_93,1250,LU9_2023,0.76791375
LU9,LU9_94,1250,LU9_2023,0.7794279761904764
LU9,LU9_96,1250,LU9_2023,0.6874692261904762
LU9,LU9_98,1250,LU9_2023,0.7106685714285714
LU9,LU9_27,1250,LU9_2023,0.7021416053921568
LU14,LU14_3,1250,LU14_2023,0.7141256944444444
LU14,LU14_7,1250,LU14_2023,0.736170775462963
LU14,LU14_8,1250,LU14_2023,0.7160218171296296
LU14,LU14_9,1250,LU14_2023,0.7108050925925926
LU14,LU14_100,1250,LU14_2023,0.7169571691176471
LU14,LU14_102,1250,LU14_2023,0.7293602430555557
LU14,LU14_105,1250,LU14_2023,0.7521120949074073
LU14,LU14_110,1250,LU14_2023,0.6954952976190478
LU14,LU14_114,1250,LU14_2023,0.723660127314815
LU14,LU14_115,1250,LU14_2023,0.6985872184684684
LU14,LU14_120,1250,LU14_2023,0.6950019144144145
LU14,LU14_121,1250,LU14_2023,0.7147183662280703
LU14,LU14_131,1250,LU14_2023,0.7051541103603607
LU14,LU14_135,1250,LU14_2023,0.6797263310185185
LU14,LU14_16,1250,LU14_2023,0.7218899404761904
LU14,LU14_17,1250,LU14_2023,0.7297451576576579
LU14,LU14_19,1250,LU14_2023,0.6904546428571428
LU14,LU14_20,1250,LU14_2023,0.6957927380952383
LU14,LU14_250,1250,LU14_2023,0.7289321338383838
LU14,LU14_30,1250,LU14_2023,0.6970787247474748
LU14,LU14_31,1250,LU14_2023,0.7144765782828283
LU14,LU14_33,1250,LU14_2023,0.7284530405405408
LU14,LU14_37,1250,LU14_2023,0.7328284722222222
LU14,LU14_47,1250,LU14_2023,0.7434113095238094
LU14,LU14_48,1250,LU14_2023,0.7440746162280703
LU14,LU14_49,1250,LU14_2023,0.7300443530701756
LU14,LU14_51,1250,LU14_2023,0.7538476190476192
LU14,LU14_54,1250,LU14_2023,0.7015998214285714
LU14,LU14_56,1250,LU14_2023,0.7247741666666667
LU14,LU14_57,1250,LU14_2023,0.7194733108108109
LU14,LU14_61,1250,LU14_2023,0.6802202976190477
LU14,LU14_62,1250,LU14_2023,0.6981977477477479
LU14,LU14_63,1250,LU14_2023,0.7043672297297296
LU14,LU14_66,1250,LU14_2023,0.6848693530701754
LU14,LU14_70,1250,LU14_2023,0.7223493055555554
LU14,LU14_71,1250,LU14_2023,0.7170698198198199
LU14,LU14_72,1250,LU14_2023,0.7178450231481477
LU14,LU14_74,1250,LU14_2023,0.7338254504504506
LU14,LU14_76,1250,LU14_2023,0.7031012950450449
LU14,LU14_78,1250,LU14_2023,0.7606565878378377
LU14,LU14_80,1250,LU14_2023,0.6952554824561404
LU14,LU14_84,1250,LU14_2023,0.6993802083333336
LU14,LU14_85,1250,LU14_2023,0.6917378378378377
LU14,LU14_86,1250,LU14_2023,0.7467216557017543
LU14,LU14_88,1250,LU14_2023,0.7258397023809525
LU14,LU14_91,1250,LU14_2023,0.6983282657657657
LU14,LU14_92,1250,LU14_2023,0.6981301767676769
LU14,LU14_96,1250,LU14_2023,0.7378707207207208
LU14,LU14_97,1250,LU14_2023,0.7165376190476193
LU14,LU14_75,1250,LU14_2023,0.7304524774774779
LU16,LU16_2,1250,LU16_2023,0.7018973809523809
LU16,LU16_3,1250,LU16_2023,0.6860154040404042
LU16,LU16_15,1250,LU16_2023,0.7005607638888888
LU16,LU16_20,1250,LU16_2023,0.6914836622807018
LU16,LU16_200,1250,LU16_2023,0.7098998737373736
LU16,LU16_201,1250,LU16_2023,0.6518511824324325
LU16,LU16_202,1250,LU16_2023,0.704448090277778
LU16,LU16_203,1250,LU16_2023,0.730459210526316
LU16,LU16_22,1250,LU16_2023,0.7113662725225226
LU16,LU16_23,1250,LU16_2023,0.6689917245370374
LU16,LU16_24,1250,LU16_2023,0.6701100000000001
LU16,LU16_25,1250,LU16_2023,0.7008588963963962
LU16,LU16_26,1250,LU16_2023,0.6741773148148149
LU16,LU16_270,1250,LU16_2023,0.645655574324324
LU16,LU16_28,1250,LU16_2023,0.7133189189189187
LU16,LU16_300,1250,LU16_2023,0.6579467342342343
LU16,LU16_301,1250,LU16_2023,0.5085634837962963
LU16,LU16_302,1250,LU16_2023,0.6544018018018017
LU16,LU16_303,1250,LU16_2023,0.6449116161616164
LU16,LU16_313,1250,LU16_2023,0.658321011904762
LU16,LU16_314,1250,LU16_2023,0.6504403508771928
LU16,LU16_36,1250,LU16_2023,0.671148333333333
LU16,LU16_37,1250,LU16_2023,0.7215302662037039
LU16,LU16_49,1250,LU16_2023,0.6238514254385964
LU16,LU16_52,1250,LU16_2023,0.5917519144144144
LU16,LU16_54,1250,LU16_2023,0.6021654279279282
LU16,LU16_55,1250,LU16_2023,0.6107999421296297
LU16,LU16_57,1250,LU16_2023,0.5857861486486485
LU16,LU16_58,1250,LU16_2023,0.590895357142857
LU16,LU16_60,1250,LU16_2023,0.6298641071428572
LU16,LU16_62,1250,LU16_2023,0.5611273085585584
LU16,LU16_63,1250,LU16_2023,0.594031130952381
LU16,LU16_64,1250,LU16_2023,0.603269313063063
LU16,LU16_67,1250,LU16_2023,0.6177890350877192
LU16,LU16_68,1250,LU16_2023,0.5283307565789473
LU16,LU16_69,1250,LU16_2023,0.5976305372807017
LU16,LU16_70,1250,LU16_2023,0.5545041103603605
LU16,LU16_71,1250,LU16_2023,0.5234448214285715
LU16,LU16_72,1250,LU16_2023,0.6487231907894736
LU16,LU16_73,1250,LU16_2023,0.6050260416666664
LU16,LU16_74,1250,LU16_2023,0.6298135416666666
LU16,LU16_75,1250,LU16_2023,0.5625578525641023
LU16,LU16_77,1250,LU16_2023,0.5525425112612613
LU16,LU16_80,1250,LU16_2023,0.5766921875
LU16,LU16_81,1250,LU16_2023,0.5548197337962963
LU16,LU16_83,1250,LU16_2023,0.5857609068627448
LU16,LU16_84,1250,LU16_2023,0.5784713383838386
LU16,LU16_85,1250,LU16_2023,0.6235584429824563
LU16,LU16_88,1250,LU16_2023,0.5554326013513513
LU22,LU22_110,1250,LU22_2023,0.7523555357142856
LU22,LU22_48,1250,LU22_2023,0.7631511574074072
LU22,LU22_107,1250,LU22_2023,0.7493805021367521
LU22,LU22_49,1250,LU22_2023,0.7668959459459463
LU22,LU22_103,1250,LU22_2023,0.7391180180180177
LU22,LU22_44,1250,LU22_2023,0.7565131193693693
LU22,LU22_21,1250,LU22_2023,0.7870869642857141
LU22,LU22_15,1250,LU22_2023,0.771796488095238
LU22,LU22_50,1250,LU22_2023,0.7543624999999999
LU22,LU22_38,1250,LU22_2023,0.7604881313131312
LU22,LU22_22,1250,LU22_2023,0.7786331688596492
LU22,LU22_85,1250,LU22_2023,0.7000161904761905
LU22,LU22_33,1250,LU22_2023,0.7375597800925925
LU22,LU22_34,1250,LU22_2023,0.7273461711711712
LU22,LU22_11,1250,LU22_2023,0.7142922860360359
LU22,LU22_29,1250,LU22_2023,0.7818142857142857
LU22,LU22_86,1250,LU22_2023,0.7204601273148146
LU22,LU22_80,1250,LU22_2023,0.7424221590909091
LU22,LU22_17,1250,LU22_2023,0.7840644144144145
LU22,LU22_35,1250,LU22_2023,0.7682309027777778
LU22,LU22_63,1250,LU22_2023,0.6731313095238093
LU22,LU22_30,1250,LU22_2023,0.7967844047619048
LU22,LU22_4,1250,LU22_2023,0.7317670238095237
LU22,LU22_36,1250,LU22_2023,0.7236850328947367
LU22,LU22_76,1250,LU22_2023,0.6942467905405405
LU22,LU22_5,1250,LU22_2023,0.7491817857142856
LU22,LU22_87,1250,LU22_2023,0.7260736486486485
LU22,LU22_25,1250,LU22_2023,0.7763287615740743
LU22,LU22_89,1250,LU22_2023,0.7059596064814817
LU22,LU22_18,1250,LU22_2023,0.7632111842105264
LU22,LU22_32,1250,LU22_2023,0.7455936936936938
LU22,LU22_8,1250,LU22_2023,0.75137865990991
LU22,LU22_6,1250,LU22_2023,0.7470213541666667
LU22,LU22_81,1250,LU22_2023,0.713942286036036
LU22,LU22_7,1250,LU22_2023,0.768797466216216
LU22,LU22_69,1250,LU22_2023,0.7427025219298244
LU22,LU22_70,1250,LU22_2023,0.7480782657657656
LU22,LU22_82,1250,LU22_2023,0.7531888888888888
LU22,LU22_94,1250,LU22_2023,0.7431660300925925
LU22,LU22_101,1250,LU22_2023,0.7521082754629627
LU22,LU22_71,1250,LU22_2023,0.7526743872549019
LU22,LU22_77,1250,LU22_2023,0.753692849099099
LU22,LU22_72,1250,LU22_2023,0.7587191550925929
LU22,LU22_65,1250,LU22_2023,0.7591847222222223
LU22,LU22_60,1250,LU22_2023,0.7377297023809525
LU22,LU22_61,1250,LU22_2023,0.7691132882882884
LU22,LU22_53,1250,LU22_2023,0.7780795238095239
LU22,LU22_46,1250,LU22_2023,0.7670006740196078
LU22,LU22_40,1250,LU22_2023,0.7236637867647059
LU22,LU22_47,1250,LU22_2023,0.7524869791666666
LU4,LU4_N15_24,1250,LU4_2024,0.7086060185185182
LU4,LU4_M14_24,1250,LU4_2024,0.7036544560185187
LU4,LU4_J14_24,1250,LU4_2024,0.6800205808080808
LU4,LU4_J15_24,1250,LU4_2024,0.6898009259259261
LU4,LU4_I12_24,1250,LU4_2024,0.6757430555555556
LU4,LU4_I13_24,1250,LU4_2024,0.6746958333333333
LU4,LU4_Q10_24,1250,LU4_2024,0.7195943627450981
LU4,LU4_O10_24,1250,LU4_2024,0.7132120833333334
LU4,LU4_R7_24,1250,LU4_2024,0.712122380952381
LU4,LU4_R9_24,1250,LU4_2024,0.730923842592593
LU4,LU4_T8_24,1250,LU4_2024,0.7312500612745096
LU4,LU4_O16_24,1250,LU4_2024,0.67526875
LU4,LU4_J26_24,1250,LU4_2024,0.6787443130630632
LU4,LU4_K25_24,1250,LU4_2024,0.6834683333333333
LU4,LU4_L23_24,1250,LU4_2024,0.6943837384259263
LU4,LU4_H26_24,1250,LU4_2024,0.6645518452380952
LU4,LU4_K23_24,1250,LU4_2024,0.690708214285714
LU4,LU4_J21_24,1250,LU4_2024,0.7205632142857143
LU4,LU4_I21_24,1250,LU4_2024,0.7146416071428572
LU4,LU4_N30_24,1250,LU4_2024,0.6836994047619047
LU4,LU4_O23_24,1250,LU4_2024,0.6853721283783784
LU4,LU4_O22_24,1250,LU4_2024,0.7177710714285713
LU4,LU4_L18_24,1250,LU4_2024,0.6792988357843135
LU4,LU4_L17_24,1250,LU4_2024,0.6702148611111112
LU4,LU4_K17_24,1250,LU4_2024,0.6850352328431372
LU4,LU4_K19_24,1250,LU4_2024,0.7280477976190477
LU4,LU4_I22_24,1250,LU4_2024,0.7036104745370373
LU4,LU4_Q20_24,1250,LU4_2024,0.6285682679738567
LU4,LU4_V25_24,1250,LU4_2024,0.6786579044117648
LU4,LU4_P22_24,1250,LU4_2024,0.7153108333333332
LU4,LU4_O21_24,1250,LU4_2024,0.7565448529411765
LU4,LU4_P17_24,1250,LU4_2024,0.6850964880952385
LU4,LU4_Q16_24,1250,LU4_2024,0.669052380952381
LU4,LU4_V19_24,1250,LU4_2024,0.7277002976190475
LU4,LU4_O17_24,1250,LU4_2024,0.675006076388889
LU4,LU4_W19_24,1250,LU4_2024,0.7009786458333332
LU4,LU4_Y25_24,1250,LU4_2024,0.7010824404761904
LU4,LU4_S17_24,1250,LU4_2024,0.7014463963963963
LU4,LU4_S18_24,1250,LU4_2024,0.6933364583333335
LU4,LU4_R14_24,1250,LU4_2024,0.6990263888888889
LU4,LU4_V17_24,1250,LU4_2024,0.6991526620370373
LU4,LU4_U15_24,1250,LU4_2024,0.6925732060185185
LU4,LU4_M12_24,1250,LU4_2024,0.7114418452380954
LU4,LU4_O13_24,1250,LU4_2024,0.7416611309523811
LU4,LU4_P15_24,1250,LU4_2024,0.6830939814814816
LU4,LU4_E15_24,1250,LU4_2024,0.6885577702702701
LU4,LU4_G17_24,1250,LU4_2024,0.7071107843137258
LU4,LU4_G13_24,1250,LU4_2024,0.6544754504504504
LU4,LU4_G12_24,1250,LU4_2024,0.6544105952380952
LU4,LU4_F14_24,1250,LU4_2024,0.668092297979798
LU3,LU3_102_24,1250,LU3_2024,0.695881556372549
LU3,LU3_5_24,1250,LU3_2024,0.7033484375
LU3,LU3_103_24,1250,LU3_2024,0.723748484848485
LU3,LU3_131_24,1250,LU3_2024,0.7329671428571432
LU3,LU3_39_24,1250,LU3_2024,0.6347511904761903
LU3,LU3_18_24,1250,LU3_2024,0.6800489285714288
LU3,LU3_20_24,1250,LU3_2024,0.644312847222222
LU3,LU3_19_24,1250,LU3_2024,0.6519245833333334
LU3,LU3_111_24,1250,LU3_2024,0.666037738095238
LU3,LU3_AB21_24,1250,LU3_2024,0.7055614880952384
LU3,LU3_27_24,1250,LU3_2024,0.6828940476190474
LU3,LU3_36_24,1250,LU3_2024,0.6700811848958333
LU3,LU3_40_24,1250,LU3_2024,0.6799139093137256
LU3,LU3_41_24,1250,LU3_2024,0.7047570963541667
LU3,LU3_52_24,1250,LU3_2024,0.6167289930555556
LU3,LU3_15_24,1250,LU3_2024,0.715023345588235
LU3,LU3_44_24,1250,LU3_2024,0.6550836309523811
LU3,LU3_17_24,1250,LU3_2024,0.6827161151960786
LU3,LU3_147_24,1250,LU3_2024,0.6816171717171717
LU3,LU3_51_24,1250,LU3_2024,0.6784513690476189
LU3,LU3_AH7_24,1250,LU3_2024,0.7121920138888889
LU3,LU3_126_24,1250,LU3_2024,0.7061993452380957
LU3,LU3_129_24,1250,LU3_2024,0.6376772619047621
LU3,LU3_28_24,1250,LU3_2024,0.6602182449494951
LU3,LU3_AH14_24,1250,LU3_2024,0.7271007142857145
LU3,LU3_38_24,1250,LU3_2024,0.7181227380952381
LU3,LU3_13_24,1250,LU3_2024,0.70078
LU3,LU3_25_24,1250,LU3_2024,0.6199120370370369
LU3,LU3_21_24,1250,LU3_2024,0.7274530092592592
LU3,LU3_AC10_24,1250,LU3_2024,0.7113604797979797
LU3,LU3_46_24,1250,LU3_2024,0.730342961711712
LU3,LU3_10_24,1250,LU3_2024,0.7120911458333333
LU3,LU3_AE12_24,1250,LU3_2024,0.7225598379629629
LU3,LU3_7_24,1250,LU3_2024,0.673168113425926
LU3,LU3_14_24,1250,LU3_2024,0.6925969907407407
LU3,LU3_137_24,1250,LU3_2024,0.6737716145833331
LU3,LU3_M20_24,1250,LU3_2024,0.7132907738095238
LU3,LU3_L22_24,1250,LU3_2024,0.6798522023809526
LU3,LU3_J23_24,1250,LU3_2024,0.7158003676470588
LU3,LU3_U6_24,1250,LU3_2024,0.694967142857143
LU3,LU3_L16_24,1250,LU3_2024,0.6919455269607843
LU3,LU3_N18_24,1250,LU3_2024,0.7201560119047618
LU3,LU3_L15_24,1250,LU3_2024,0.6779704656862746
LU3,LU3_32_24,1250,LU3_2024,0.7058085648148146
LU3,LU3_W7_24,1250,LU3_2024,0.6758817261904762
LU3,LU3_45_24,1250,LU3_2024,0.7078802380952383
LU3,LU3_50_24,1250,LU3_2024,0.7037724264705884
LU3,LU3_49_24,1250,LU3_2024,0.6953704166666667
LU3,LU3_Y8_24,1250,LU3_2024,0.6617179036458333
LU3,LU3_48_24,1250,LU3_2024,0.6801675675675678
LU2,LU2_21_24,1250,LU2_2024,0.7256091911764704
LU2,LU2_34_24,1250,LU2_2024,0.7762321078431376
LU2,LU2_O25_24,1250,LU2_2024,0.7740019642857141
LU2,LU2_W21_24,1250,LU2_2024,0.7780521464646465
LU2,LU2_36_24,1250,LU2_2024,0.7818238690476191
LU2,LU2_15_24,1250,LU2_2024,0.7674240196078431
LU2,LU2_13_24,1250,LU2_2024,0.7632385995370371
LU2,LU2_5_24,1250,LU2_2024,0.7330381740196078
LU2,LU2_101_24,1250,LU2_2024,0.6181894047619048
LU2,LU2_32_24,1250,LU2_2024,0.7343967261904761
LU2,LU2_Q24_24,1250,LU2_2024,0.7613204166666668
LU2,LU2_56_24,1250,LU2_2024,0.7807421428571432
LU2,LU2_I15_24,1250,LU2_2024,0.7733220703124999
LU2,LU2_L20_24,1250,LU2_2024,0.7513857142857144
LU2,LU2_L46_24,1250,LU2_2024,0.7465520833333333
LU2,LU2_110_24,1250,LU2_2024,0.7723052380952383
LU2,LU2_39_24,1250,LU2_2024,0.7705510714285715
LU2,LU2_17_24,1250,LU2_2024,0.7556933333333332
LU2,LU2_155_24,1250,LU2_2024,0.7625484523809527
LU2,LU2_50_24,1250,LU2_2024,0.7672462121212121
LU2,LU2_O16_24,1250,LU2_2024,0.7654287377450981
LU2,LU2_U13_24,1250,LU2_2024,0.7792389784946239
LU2,LU2_44_24,1250,LU2_2024,0.7608513888888888
LU2,LU2_143_24,1250,LU2_2024,0.7614485294117648
LU2,LU2_18_24,1250,LU2_2024,0.7702695833333334
LU2,LU2_52_24,1250,LU2_2024,0.7682992424242423
LU2,LU2_123_24,1250,LU2_2024,0.7652927380952382
LU2,LU2_H16_24,1250,LU2_2024,0.769837254901961
LU2,LU2_27_24,1250,LU2_2024,0.763290914351852
LU2,LU2_31_24,1250,LU2_2024,0.7738260119047622
LU2,LU2_3_24,1250,LU2_2024,0.7667170717592594
LU2,LU2_J27_24,1250,LU2_2024,0.7648768452380951
LU2,LU2_E27_24,1250,LU2_2024,0.7709622311827957
LU2,LU2_G25_24,1250,LU2_2024,0.7563078282828286
LU2,LU2_G26_24,1250,LU2_2024,0.7497991792929294
LU2,LU2_106_24,1250,LU2_2024,0.706288154761905
LU2,LU2_20_24,1250,LU2_2024,0.7464808333333336
LU2,LU2_25_24,1250,LU2_2024,0.7700819047619047
LU2,LU2_40_24,1250,LU2_2024,0.7642360906862745
LU2,LU2_38_24,1250,LU2_2024,0.7459351102941174
LU2,LU2_137_24,1250,LU2_2024,0.7515004166666664
LU2,LU2_47_24,1250,LU2_2024,0.7776075520833335
LU2,LU2_26_24,1250,LU2_2024,0.7614315972222223
LU2,LU2_H26_24,1250,LU2_2024,0.7626756720430107
LU2,LU2_29_24,1250,LU2_2024,0.732630309139785
LU2,LU2_K26_24,1250,LU2_2024,0.7576852941176471
LU2,LU2_100_24,1250,LU2_2024,0.7277226785714286
LU2,LU2_30_24,1250,LU2_2024,0.7425564285714288
LU2,LU2_33_24,1250,LU2_2024,0.7811339880952383
LU2,LU2_M25_24,1250,LU2_2024,0.7540727328431375
LU8,LU8_N19_24,1250,LU8_2024,0.7580822635135137
LU8,LU8_M19_24,1250,LU8_2024,0.765188310185185
LU8,LU8_N20_24,1250,LU8_2024,0.7425779057017544
LU8,LU8_O20_24,1250,LU8_2024,0.7263892939814817
LU8,LU8_N18_24,1250,LU8_2024,0.7624543981481483
LU8,LU8_S25_24,1250,LU8_2024,0.7105658442982458
LU8,LU8_AC29_24,1250,LU8_2024,0.681260355392157
LU8,LU8_AC28_24,1250,LU8_2024,0.6559165570175441
LU8,LU8_AB29_24,1250,LU8_2024,0.6227142454954954
LU8,LU8_AC30_24,1250,LU8_2024,0.6953920045045044
LU8,LU8_T25_24,1250,LU8_2024,0.7115930357142858
LU8,LU8_S24_24,1250,LU8_2024,0.7057139285714287
LU8,LU8_AE29_24,1250,LU8_2024,0.6860298809523809
LU8,LU8_AD29_24,1250,LU8_2024,0.6783848824786326
LU8,LU8_AD28_24,1250,LU8_2024,0.6678413288288287
LU8,LU8_AD27_24,1250,LU8_2024,0.6471024774774773
LU8,LU8_AC24_24,1250,LU8_2024,0.6256488486842106
LU8,LU8_AC25_24,1250,LU8_2024,0.6415760416666667
LU8,LU8_AC31_24,1250,LU8_2024,0.6801706644144144
LU8,LU8_AB31_24,1250,LU8_2024,0.6925954391891894
LU2,LU2_3,1500,LU2_2021,0.7658991753472226
LU2,LU2_5,1500,LU2_2021,0.7260045000000003
LU2,LU2_100,1500,LU2_2021,0.733565890522876
LU2,LU2_101,1500,LU2_2021,0.6306356717687075
LU2,LU2_106,1500,LU2_2021,0.7109950000000005
LU2,LU2_110,1500,LU2_2021,0.7737908088235295
LU2,LU2_119,1500,LU2_2021,0.7514922083333333
LU2,LU2_123,1500,LU2_2021,0.7577181122448978
LU2,LU2_13,1500,LU2_2021,0.7653836879432623
LU2,LU2_137,1500,LU2_2021,0.7519114149305555
LU2,LU2_143,1500,LU2_2021,0.7614461309523809
LU2,LU2_15,1500,LU2_2021,0.7683311631944445
LU2,LU2_153,1500,LU2_2021,0.758310204081633
LU2,LU2_155,1500,LU2_2021,0.7651970486111114
LU2,LU2_17,1500,LU2_2021,0.7565881944444444
LU2,LU2_18,1500,LU2_2021,0.7715015190972223
LU2,LU2_20,1500,LU2_2021,0.7419653044871797
LU2,LU2_21,1500,LU2_2021,0.7307902636054421
LU2,LU2_24,1500,LU2_2021,0.7536609375000003
LU2,LU2_25,1500,LU2_2021,0.7682019946808513
LU2,LU2_26,1500,LU2_2021,0.7612262083333334
LU2,LU2_27,1500,LU2_2021,0.7662194878472223
LU2,LU2_29,1500,LU2_2021,0.7348176249999999
LU2,LU2_30,1500,LU2_2021,0.7404654079861115
LU2,LU2_31,1500,LU2_2021,0.7721297794117647
LU2,LU2_32,1500,LU2_2021,0.7158264184397162
LU2,LU2_33,1500,LU2_2021,0.7807562934027779
LU2,LU2_34,1500,LU2_2021,0.7755733242753626
LU2,LU2_36,1500,LU2_2021,0.7822246598639457
LU2,LU2_38,1500,LU2_2021,0.7464175170068027
LU2,LU2_39,1500,LU2_2021,0.7699096813725488
LU2,LU2_40,1500,LU2_2021,0.7593138020833335
LU2,LU2_42,1500,LU2_2021,0.7769571614583333
LU2,LU2_44,1500,LU2_2021,0.7622979583333334
LU2,LU2_46,1500,LU2_2021,0.7487383413461538
LU2,LU2_47,1500,LU2_2021,0.7792040833333337
LU2,LU2_50,1500,LU2_2021,0.7656435457516341
LU2,LU2_51,1500,LU2_2021,0.7453395408163266
LU2,LU2_52,1500,LU2_2021,0.7708029820261438
LU2,LU2_54,1500,LU2_2021,0.7766975160256411
LU2,LU2_56,1500,LU2_2021,0.7801231971153846
LU2,LU2_57,1500,LU2_2021,0.7529288194444445
LU3,LU3_5,1500,LU3_2021,0.7056926470588237
LU3,LU3_7,1500,LU3_2021,0.6764078656462582
LU3,LU3_10,1500,LU3_2021,0.7090309166666667
LU3,LU3_102,1500,LU3_2021,0.7019856717687073
LU3,LU3_103,1500,LU3_2021,0.7229020833333334
LU3,LU3_106,1500,LU3_2021,0.688717899659864
LU3,LU3_111,1500,LU3_2021,0.6540273237179489
LU3,LU3_126,1500,LU3_2021,0.7108592500000003
LU3,LU3_129,1500,LU3_2021,0.6432269607843142
LU3,LU3_13,1500,LU3_2021,0.7004674278846154
LU3,LU3_131,1500,LU3_2021,0.7345831699346406
LU3,LU3_137,1500,LU3_2021,0.681765875
LU3,LU3_14,1500,LU3_2021,0.6949033333333332
LU3,LU3_147,1500,LU3_2021,0.6785609166666667
LU3,LU3_15,1500,LU3_2021,0.7072386029411764
LU3,LU3_17,1500,LU3_2021,0.6838502083333333
LU3,LU3_18,1500,LU3_2021,0.682642857142857
LU3,LU3_19,1500,LU3_2021,0.6553513621794872
LU3,LU3_20,1500,LU3_2021,0.6474881510416666
LU3,LU3_21,1500,LU3_2021,0.7183628333333334
LU3,LU3_25,1500,LU3_2021,0.6287266249999999
LU3,LU3_27,1500,LU3_2021,0.6814717548076922
LU3,LU3_28,1500,LU3_2021,0.6500011029411764
LU3,LU3_32,1500,LU3_2021,0.7050807916666667
LU3,LU3_36,1500,LU3_2021,0.6660326666666667
LU3,LU3_38,1500,LU3_2021,0.7119616921768707
LU3,LU3_39,1500,LU3_2021,0.6503340544871794
LU3,LU3_40,1500,LU3_2021,0.6848812499999998
LU3,LU3_41,1500,LU3_2021,0.700093028846154
LU3,LU3_44,1500,LU3_2021,0.6556297916666668
LU3,LU3_45,1500,LU3_2021,0.7067309098639456
LU3,LU3_46,1500,LU3_2021,0.7309410000000001
LU3,LU3_48,1500,LU3_2021,0.6794012329931974
LU3,LU3_50,1500,LU3_2021,0.7121214743589745
LU3,LU3_51,1500,LU3_2021,0.6765437908496734
LU3,LU3_52,1500,LU3_2021,0.6205608242753624
LU3,LU3_49,1500,LU3_2021,0.6977850160256409
LU13,LU13_18,1500,LU13_2022,0.5991229583333333
LU13,LU13_15,1500,LU13_2022,0.6270552884615384
LU13,LU13_3,1500,LU13_2022,0.6287616745283021
LU13,LU13_34,1500,LU13_2022,0.5811998034591197
LU13,LU13_57,1500,LU13_2022,0.7022376201923074
LU13,LU13_16,1500,LU13_2022,0.6043517628205126
LU13,LU13_21,1500,LU13_2022,0.5401727124183006
LU13,LU13_37,1500,LU13_2022,0.6779793669871794
LU13,LU13_55,1500,LU13_2022,0.6836479567307693
LU13,LU13_47,1500,LU13_2022,0.6980126157407409
LU13,LU13_51,1500,LU13_2022,0.7077634214743589
LU13,LU13_27,1500,LU13_2022,0.7080630110062897
LU13,LU13_5,1500,LU13_2022,0.7099747641509438
LU13,LU13_26,1500,LU13_2022,0.7083070754716982
LU13,LU13_35,1500,LU13_2022,0.6166744889937107
LU13,LU13_13,1500,LU13_2022,0.7040698717948721
LU13,LU13_128,1500,LU13_2022,0.7024146267361114
LU13,LU13_131,1500,LU13_2022,0.6964648637820512
LU13,LU13_12,1500,LU13_2022,0.7038395432692309
LU13,LU13_33,1500,LU13_2022,0.6920504006410257
LU13,LU13_32,1500,LU13_2022,0.6806108333333333
LU13,LU13_30,1500,LU13_2022,0.6750962657232704
LU13,LU13_53,1500,LU13_2022,0.6963085034013607
LU13,LU13_22,1500,LU13_2022,0.7081346955128208
LU13,LU13_19,1500,LU13_2022,0.7204035539215683
LU13,LU13_45,1500,LU13_2022,0.719025628930818
LU13,LU13_8,1500,LU13_2022,0.7116411458333333
LU13,LU13_43,1500,LU13_2022,0.7132062083333334
LU13,LU13_41,1500,LU13_2022,0.7147119103773587
LU13,LU13_59,1500,LU13_2022,0.6966613381410258
LU13,LU13_6,1500,LU13_2022,0.7011839743589741
LU13,LU13_14,1500,LU13_2022,0.7132397012578615
LU13,LU13_52,1500,LU13_2022,0.6516454166666668
LU13,LU13_36,1500,LU13_2022,0.6805594951923077
LU13,LU13_38,1500,LU13_2022,0.6828661764705882
LU13,LU13_20,1500,LU13_2022,0.700673733660131
LU13,LU13_17,1500,LU13_2022,0.7083057870370373
LU13,LU13_56,1500,LU13_2022,0.7037049836601309
LU13,LU13_49,1500,LU13_2022,0.7064932500000001
LU13,LU13_70,1500,LU13_2022,0.7053700721153844
LU13,LU13_11,1500,LU13_2022,0.7081627751572324
LU15,LU15_44,1500,LU15_2022,0.7066119391025641
LU15,LU15_11,1500,LU15_2022,0.6881280048076922
LU15,LU15_19,1500,LU15_2022,0.6947383169934641
LU15,LU15_7,1500,LU15_2022,0.7306271241830066
LU15,LU15_34,1500,LU15_2022,0.7020534583333332
LU15,LU15_37,1500,LU15_2022,0.6829345996732025
LU15,LU15_18,1500,LU15_2022,0.7081777644230774
LU15,LU15_43,1500,LU15_2022,0.7030174166666668
LU15,LU15_10,1500,LU15_2022,0.7070134433962267
LU15,LU15_58,1500,LU15_2022,0.7116042467948719
LU15,LU15_8,1500,LU15_2022,0.7095993333333331
LU15,LU15_12,1500,LU15_2022,0.685809722222222
LU15,LU15_17,1500,LU15_2022,0.7135092499999999
LU15,LU15_1,1500,LU15_2022,0.6717166666666666
LU15,LU15_26,1500,LU15_2022,0.6765205528846152
LU15,LU15_27,1500,LU15_2022,0.6873012500000003
LU15,LU15_28,1500,LU15_2022,0.6872703525641028
LU15,LU15_2,1500,LU15_2022,0.6795775085034014
LU15,LU15_29,1500,LU15_2022,0.6836512500000002
LU15,LU15_30,1500,LU15_2022,0.6934271258503404
LU15,LU15_31,1500,LU15_2022,0.6923561197916669
LU15,LU15_32,1500,LU15_2022,0.6883252976190476
LU15,LU15_20,1500,LU15_2022,0.7397626275510204
LU15,LU15_21,1500,LU15_2022,0.7504747195512818
LU15,LU15_23,1500,LU15_2022,0.7218882083333333
LU15,LU15_41,1500,LU15_2022,0.7113377450980394
LU15,LU15_25,1500,LU15_2022,0.7167340544871798
LU15,LU15_9,1500,LU15_2022,0.7289804887820514
LU15,LU15_24,1500,LU15_2022,0.7361002403846153
LU15,LU15_46,1500,LU15_2022,0.7449727124183005
LU15,LU15_40,1500,LU15_2022,0.7141713050314468
LU15,LU15_16,1500,LU15_2022,0.7130072499999998
LU15,LU15_4,1500,LU15_2022,0.6774826121794871
LU15,LU15_36,1500,LU15_2022,0.688182230392157
LU15,LU15_3,1500,LU15_2022,0.7239970833333335
LU15,LU15_15,1500,LU15_2022,0.7086699999999999
LU15,LU15_14,1500,LU15_2022,0.725189923469388
LU15,LU15_22,1500,LU15_2022,0.7164222756410256
LU15,LU15_61,1500,LU15_2022,0.6977049913194446
LU21,LU21_106,1500,LU21_2022,0.7246520416666669
LU21,LU21_10,1500,LU21_2022,0.6974409583333334
LU21,LU21_16,1500,LU21_2022,0.6546490785256409
LU21,LU21_107,1500,LU21_2022,0.7029782986111109
LU21,LU21_41,1500,LU21_2022,0.671509651360544
LU21,LU21_63,1500,LU21_2022,0.6392472500000003
LU21,LU21_27,1500,LU21_2022,0.6547071714743586
LU21,LU21_23,1500,LU21_2022,0.6711499183006537
LU21,LU21_21,1500,LU21_2022,0.6807090833333332
LU21,LU21_82,1500,LU21_2022,0.7033318789308177
LU21,LU21_871,1500,LU21_2022,0.7125638480392158
LU21,LU21_164,1500,LU21_2022,0.6193004676870749
LU21,LU21_36,1500,LU21_2022,0.6430480392156864
LU21,LU21_14,1500,LU21_2022,0.6654065051020407
LU21,LU21_32,1500,LU21_2022,0.6691282021604938
LU21,LU21_126,1500,LU21_2022,0.678533660130719
LU21,LU21_122,1500,LU21_2022,0.6718453022875818
LU21,LU21_56,1500,LU21_2022,0.6833429245283019
LU21,LU21_57,1500,LU21_2022,0.6537099759615386
LU21,LU21_9,1500,LU21_2022,0.6707575571895424
LU21,LU21_98,1500,LU21_2022,0.7099303685897437
LU21,LU21_119,1500,LU21_2022,0.718320322327044
LU21,LU21_52,1500,LU21_2022,0.7003031250000002
LU21,LU21_59,1500,LU21_2022,0.6575763454861113
LU21,LU21_68,1500,LU21_2022,0.6864825980392154
LU21,LU21_109,1500,LU21_2022,0.7173483573717946
LU21,LU21_93,1500,LU21_2022,0.7205019230769233
LU21,LU21_114,1500,LU21_2022,0.7356211601307191
LU21,LU21_105,1500,LU21_2022,0.7385368197278913
LU21,LU21_100,1500,LU21_2022,0.7136454656862747
LU21,LU21_74,1500,LU21_2022,0.702644751602564
LU21,LU21_78,1500,LU21_2022,0.7235212418300657
LU21,LU21_153,1500,LU21_2022,0.7174269607843136
LU21,LU21_6,1500,LU21_2022,0.7292670138888888
LU21,LU21_116,1500,LU21_2022,0.7026582908163264
LU21,LU21_97,1500,LU21_2022,0.6645222091194971
LU1,LU1_13,1500,LU1_2022,0.6935931944444442
LU1,LU1_30,1500,LU1_2022,0.6918451666666668
LU1,LU1_85,1500,LU1_2022,0.7125213541666666
LU1,LU1_66,1500,LU1_2022,0.671827043269231
LU1,LU1_76,1500,LU1_2022,0.648152380952381
LU1,LU1_73,1500,LU1_2022,0.6783421875000002
LU1,LU1_75,1500,LU1_2022,0.6727578993055556
LU1,LU1_47,1500,LU1_2022,0.6020615221088438
LU1,LU1_74,1500,LU1_2022,0.7537548894557825
LU1,LU1_44,1500,LU1_2022,0.5824156250000002
LU1,LU1_41,1500,LU1_2022,0.5948961288159113
LU1,LU1_64,1500,LU1_2022,0.6694299479166667
LU1,LU1_86,1500,LU1_2022,0.6668185374149659
LU1,LU1_79,1500,LU1_2022,0.6567671768707485
LU1,LU1_63,1500,LU1_2022,0.6733139880952383
LU1,LU1_72,1500,LU1_2022,0.7009063368055556
LU1,LU1_67,1500,LU1_2022,0.7176601762820511
LU1,LU1_77,1500,LU1_2022,0.6570314236111112
LU1,LU1_32,1500,LU1_2022,0.7132728333333334
LU1,LU1_36,1500,LU1_2022,0.7010819302721092
LU1,LU1_84,1500,LU1_2022,0.7122060496794872
LU1,LU1_25,1500,LU1_2022,0.6221232638888888
LU1,LU1_83,1500,LU1_2022,0.6961835375816994
LU1,LU1_80,1500,LU1_2022,0.68200675
LU1,LU1_70,1500,LU1_2022,0.716890458333333
LU1,LU1_48,1500,LU1_2022,0.6701807725694445
LU1,LU1_45,1500,LU1_2022,0.7208131802721088
LU1,LU1_11,1500,LU1_2022,0.5704388020833333
LU1,LU1_40,1500,LU1_2022,0.7125065901360544
LU1,LU1_6,1500,LU1_2022,0.7467397135416666
LU1,LU1_10,1500,LU1_2022,0.7402679583333335
LU1,LU1_43,1500,LU1_2022,0.6381485000000002
LU1,LU1_71,1500,LU1_2022,0.6441338010204081
LU1,LU1_22,1500,LU1_2022,0.6661050781250001
LU1,LU1_60,1500,LU1_2022,0.6905534013605442
LU1,LU1_78,1500,LU1_2022,0.6732026250000002
LU1,LU1_46,1500,LU1_2022,0.6304370915032682
LU1,LU1_82,1500,LU1_2022,0.7114828125000003
LU1,LU1_27,1500,LU1_2022,0.6521881666666667
LU9,LU9_5,1500,LU9_2023,0.526964683647047
LU9,LU9_6,1500,LU9_2023,0.6361370989939951
LU9,LU9_7,1500,LU9_2023,0.7458860294117646
LU9,LU9_8,1500,LU9_2023,0.7424110176282054
LU9,LU9_100,1500,LU9_2023,0.6715043367346938
LU9,LU9_102,1500,LU9_2023,0.780850816993464
LU9,LU9_106,1500,LU9_2023,0.6754868333333336
LU9,LU9_112,1500,LU9_2023,0.6762614983974362
LU9,LU9_113,1500,LU9_2023,0.6737173878205127
LU9,LU9_12,1500,LU9_2023,0.7449499198717949
LU9,LU9_13,1500,LU9_2023,0.7474728349673202
LU9,LU9_18,1500,LU9_2023,0.7529609375
LU9,LU9_21,1500,LU9_2023,0.7376333333333335
LU9,LU9_24,1500,LU9_2023,0.7306607204861111
LU9,LU9_28,1500,LU9_2023,0.749355568910256
LU9,LU9_29,1500,LU9_2023,0.7292855392156864
LU9,LU9_30,1500,LU9_2023,0.6985830128205125
LU9,LU9_31,1500,LU9_2023,0.74695677083333345
LU9,LU9_32,1500,LU9_2023,0.762402483974359
LU9,LU9_33,1500,LU9_2023,0.7698291666666666
LU9,LU9_39,1500,LU9_2023,0.6949414496527776
LU9,LU9_41,1500,LU9_2023,0.7593581330128207
LU9,LU9_44,1500,LU9_2023,0.6942838333333338
LU9,LU9_51,1500,LU9_2023,0.685047321428571
LU9,LU9_55,1500,LU9_2023,0.6942962009803924
LU9,LU9_57,1500,LU9_2023,0.6851050080128206
LU9,LU9_62,1500,LU9_2023,0.7512162916666668
LU9,LU9_63,1500,LU9_2023,0.734235125
LU9,LU9_64,1500,LU9_2023,0.7332534999999999
LU9,LU9_65,1500,LU9_2023,0.6996591746794869
LU9,LU9_67,1500,LU9_2023,0.695561186594203
LU9,LU9_68,1500,LU9_2023,0.6767832131410257
LU9,LU9_72,1500,LU9_2023,0.734922235576923
LU9,LU9_73,1500,LU9_2023,0.7130906250000004
LU9,LU9_75,1500,LU9_2023,0.7018362336601305
LU9,LU9_76,1500,LU9_2023,0.690505024509804
LU9,LU9_77,1500,LU9_2023,0.643949305555556
LU9,LU9_79,1500,LU9_2023,0.714593396226415
LU9,LU9_80,1500,LU9_2023,0.7320751358695652
LU9,LU9_81,1500,LU9_2023,0.7089200255102039
LU9,LU9_82,1500,LU9_2023,0.6930776041666664
LU9,LU9_85,1500,LU9_2023,0.7343958333333332
LU9,LU9_86,1500,LU9_2023,0.7052036892361112
LU9,LU9_87,1500,LU9_2023,0.7018420343137257
LU9,LU9_90,1500,LU9_2023,0.6911415833333336
LU9,LU9_93,1500,LU9_2023,0.7630482083333334
LU9,LU9_94,1500,LU9_2023,0.7771017156862748
LU9,LU9_96,1500,LU9_2023,0.694927003205128
LU9,LU9_98,1500,LU9_2023,0.7161051666666666
LU9,LU9_27,1500,LU9_2023,0.7007994791666671
LU14,LU14_3,1500,LU14_2023,0.7123883814102565
LU14,LU14_7,1500,LU14_2023,0.7258788461538465
LU14,LU14_8,1500,LU14_2023,0.7163590416666668
LU14,LU14_9,1500,LU14_2023,0.7087975000000003
LU14,LU14_100,1500,LU14_2023,0.7181327830188676
LU14,LU14_102,1500,LU14_2023,0.7279384615384615
LU14,LU14_105,1500,LU14_2023,0.7491949685534594
LU14,LU14_110,1500,LU14_2023,0.6985709535256412
LU14,LU14_114,1500,LU14_2023,0.7239219166666669
LU14,LU14_115,1500,LU14_2023,0.7004533653846152
LU14,LU14_120,1500,LU14_2023,0.695098427672956
LU14,LU14_121,1500,LU14_2023,0.7129303685897435
LU14,LU14_131,1500,LU14_2023,0.7053635220125786
LU14,LU14_135,1500,LU14_2023,0.6835604166666669
LU14,LU14_16,1500,LU14_2023,0.7186209150326798
LU14,LU14_17,1500,LU14_2023,0.7272871794871795
LU14,LU14_19,1500,LU14_2023,0.6927413807189543
LU14,LU14_20,1500,LU14_2023,0.698474759615385
LU14,LU14_250,1500,LU14_2023,0.7318742387820512
LU14,LU14_30,1500,LU14_2023,0.7002526842948716
LU14,LU14_31,1500,LU14_2023,0.7077429012345681
LU14,LU14_33,1500,LU14_2023,0.7258230017006805
LU14,LU14_37,1500,LU14_2023,0.7330025550314463
LU14,LU14_47,1500,LU14_2023,0.7444186298076924
LU14,LU14_48,1500,LU14_2023,0.7443565304487181
LU14,LU14_49,1500,LU14_2023,0.7327909855769233
LU14,LU14_51,1500,LU14_2023,0.7557568262411347
LU14,LU14_54,1500,LU14_2023,0.705458213141026
LU14,LU14_56,1500,LU14_2023,0.7261128144654089
LU14,LU14_57,1500,LU14_2023,0.7216727891156463
LU14,LU14_61,1500,LU14_2023,0.6820707154088048
LU14,LU14_62,1500,LU14_2023,0.7032538060897439
LU14,LU14_63,1500,LU14_2023,0.703294310897436
LU14,LU14_66,1500,LU14_2023,0.6855322278911563
LU14,LU14_70,1500,LU14_2023,0.7211013605442177
LU14,LU14_71,1500,LU14_2023,0.7151419871794871
LU14,LU14_72,1500,LU14_2023,0.7196698529411762
LU14,LU14_74,1500,LU14_2023,0.7338025416666666
LU14,LU14_76,1500,LU14_2023,0.7120062499999998
LU14,LU14_78,1500,LU14_2023,0.7612421343537414
LU14,LU14_80,1500,LU14_2023,0.6932154246794872
LU14,LU14_84,1500,LU14_2023,0.7013745283018868
LU14,LU14_85,1500,LU14_2023,0.6920616586538463
LU14,LU14_86,1500,LU14_2023,0.7425646619496854
LU14,LU14_88,1500,LU14_2023,0.7259418632075473
LU14,LU14_91,1500,LU14_2023,0.6992393028846156
LU14,LU14_92,1500,LU14_2023,0.7016053685897436
LU14,LU14_96,1500,LU14_2023,0.7385816907051285
LU14,LU14_97,1500,LU14_2023,0.7167993589743591
LU14,LU14_75,1500,LU14_2023,0.7241808493589746
LU16,LU16_2,1500,LU16_2023,0.7015778445512819
LU16,LU16_3,1500,LU16_2023,0.6886044871794872
LU16,LU16_15,1500,LU16_2023,0.6931613207547169
LU16,LU16_20,1500,LU16_2023,0.6928783653846154
LU16,LU16_200,1500,LU16_2023,0.705578183962264
LU16,LU16_201,1500,LU16_2023,0.6638592374213835
LU16,LU16_202,1500,LU16_2023,0.6690723958333336
LU16,LU16_203,1500,LU16_2023,0.7193254493464053
LU16,LU16_22,1500,LU16_2023,0.7128235455974844
LU16,LU16_23,1500,LU16_2023,0.6773731292517009
LU16,LU16_24,1500,LU16_2023,0.6855369212962965
LU16,LU16_25,1500,LU16_2023,0.7009786949685535
LU16,LU16_26,1500,LU16_2023,0.6835153935185185
LU16,LU16_270,1500,LU16_2023,0.6274732704402514
LU16,LU16_28,1500,LU16_2023,0.7045180817610064
LU16,LU16_300,1500,LU16_2023,0.6555558176100631
LU16,LU16_301,1500,LU16_2023,0.5396116987179488
LU16,LU16_302,1500,LU16_2023,0.6617127003205128
LU16,LU16_303,1500,LU16_2023,0.6274463443396228
LU16,LU16_313,1500,LU16_2023,0.6572364983974361
LU16,LU16_314,1500,LU16_2023,0.6538270833333332
LU16,LU16_36,1500,LU16_2023,0.6755032021604939
LU16,LU16_37,1500,LU16_2023,0.7192046343537413
LU16,LU16_49,1500,LU16_2023,0.6208552672955975
LU16,LU16_52,1500,LU16_2023,0.5974154088050316
LU16,LU16_54,1500,LU16_2023,0.6025141426282055
LU16,LU16_55,1500,LU16_2023,0.6148233490566037
LU16,LU16_57,1500,LU16_2023,0.5980132468553457
LU16,LU16_58,1500,LU16_2023,0.59748074845679
LU16,LU16_60,1500,LU16_2023,0.6291236635220127
LU16,LU16_62,1500,LU16_2023,0.5657404088050314
LU16,LU16_63,1500,LU16_2023,0.5945768560606062
LU16,LU16_64,1500,LU16_2023,0.6040050080128204
LU16,LU16_67,1500,LU16_2023,0.6193651041666667
LU16,LU16_68,1500,LU16_2023,0.5316285833333334
LU16,LU16_69,1500,LU16_2023,0.5913874213836475
LU16,LU16_70,1500,LU16_2023,0.5524023692810459
LU16,LU16_71,1500,LU16_2023,0.5344267628205128
LU16,LU16_72,1500,LU16_2023,0.6476085
LU16,LU16_73,1500,LU16_2023,0.6097238811728394
LU16,LU16_74,1500,LU16_2023,0.6283155815972222
LU16,LU16_75,1500,LU16_2023,0.5776813701923077
LU16,LU16_77,1500,LU16_2023,0.5560763180272109
LU16,LU16_80,1500,LU16_2023,0.5769905448717947
LU16,LU16_81,1500,LU16_2023,0.5656506558641974
LU16,LU16_83,1500,LU16_2023,0.5899575471698114
LU16,LU16_84,1500,LU16_2023,0.5769470293209877
LU16,LU16_85,1500,LU16_2023,0.6246516426282054
LU16,LU16_88,1500,LU16_2023,0.558793396226415
LU22,LU22_110,1500,LU22_2023,0.7510642973856207
LU22,LU22_48,1500,LU22_2023,0.7615289062500001
LU22,LU22_107,1500,LU22_2023,0.7507174278846157
LU22,LU22_49,1500,LU22_2023,0.7687969551282052
LU22,LU22_103,1500,LU22_2023,0.7427682389937106
LU22,LU22_44,1500,LU22_2023,0.7571404336734694
LU22,LU22_21,1500,LU22_2023,0.7863445112179489
LU22,LU22_15,1500,LU22_2023,0.7726898191823903
LU22,LU22_50,1500,LU22_2023,0.7474426493710691
LU22,LU22_38,1500,LU22_2023,0.7587550080128207
LU22,LU22_22,1500,LU22_2023,0.7783091746794875
LU22,LU22_85,1500,LU22_2023,0.7007141902515723
LU22,LU22_33,1500,LU22_2023,0.7401987916666667
LU22,LU22_34,1500,LU22_2023,0.7292799278846153
LU22,LU22_11,1500,LU22_2023,0.7212496794871792
LU22,LU22_29,1500,LU22_2023,0.7780813701923077
LU22,LU22_86,1500,LU22_2023,0.7131179487179489
LU22,LU22_80,1500,LU22_2023,0.7407673996913581
LU22,LU22_17,1500,LU22_2023,0.7842160130718955
LU22,LU22_35,1500,LU22_2023,0.766438661858974
LU22,LU22_63,1500,LU22_2023,0.6724285108024689
LU22,LU22_30,1500,LU22_2023,0.7913994496855347
LU22,LU22_4,1500,LU22_2023,0.7278715425531915
LU22,LU22_36,1500,LU22_2023,0.7218212339743589
LU22,LU22_76,1500,LU22_2023,0.697947916666667
LU22,LU22_5,1500,LU22_2023,0.7513214342948717
LU22,LU22_87,1500,LU22_2023,0.7261434948979593
LU22,LU22_25,1500,LU22_2023,0.7713380952380953
LU22,LU22_89,1500,LU22_2023,0.7113370676100629
LU22,LU22_18,1500,LU22_2023,0.7624235977564102
LU22,LU22_32,1500,LU22_2023,0.7448008578431372
LU22,LU22_8,1500,LU22_2023,0.7563135016025639
LU22,LU22_6,1500,LU22_2023,0.7516898584905661
LU22,LU22_81,1500,LU22_2023,0.7131449118589746
LU22,LU22_7,1500,LU22_2023,0.7663047794117648
LU22,LU22_69,1500,LU22_2023,0.7369067810457516
LU22,LU22_70,1500,LU22_2023,0.748240985576923
LU22,LU22_82,1500,LU22_2023,0.7506119791666666
LU22,LU22_94,1500,LU22_2023,0.7460923333333332
LU22,LU22_101,1500,LU22_2023,0.7493807916666668
LU22,LU22_71,1500,LU22_2023,0.7512053459119498
LU22,LU22_77,1500,LU22_2023,0.752618389423077
LU22,LU22_72,1500,LU22_2023,0.7590118872549021
LU22,LU22_65,1500,LU22_2023,0.7558508986928106
LU22,LU22_60,1500,LU22_2023,0.7426770061728392
LU22,LU22_61,1500,LU22_2023,0.7689605368589744
LU22,LU22_53,1500,LU22_2023,0.7775936298076925
LU22,LU22_46,1500,LU22_2023,0.7627893028846154
LU22,LU22_40,1500,LU22_2023,0.7331808493589741
LU22,LU22_47,1500,LU22_2023,0.752845663265306
LU4,LU4_N15_24,1500,LU4_2024,0.7065537173202615
LU4,LU4_M14_24,1500,LU4_2024,0.7011551666666666
LU4,LU4_J14_24,1500,LU4_2024,0.681322344771242
LU4,LU4_J15_24,1500,LU4_2024,0.6857567810457517
LU4,LU4_I12_24,1500,LU4_2024,0.6789297083333333
LU4,LU4_I13_24,1500,LU4_2024,0.6753512586805557
LU4,LU4_Q10_24,1500,LU4_2024,0.7159744791666667
LU4,LU4_O10_24,1500,LU4_2024,0.7148306891025639
LU4,LU4_R7_24,1500,LU4_2024,0.7098820913461539
LU4,LU4_R9_24,1500,LU4_2024,0.7301693452380955
LU4,LU4_T8_24,1500,LU4_2024,0.7302841145833332
LU4,LU4_O16_24,1500,LU4_2024,0.6769154246794872
LU4,LU4_J26_24,1500,LU4_2024,0.6776787677304965
LU4,LU4_K25_24,1500,LU4_2024,0.6851705929487175
LU4,LU4_L23_24,1500,LU4_2024,0.6962425833333334
LU4,LU4_H26_24,1500,LU4_2024,0.6675005952380952
LU4,LU4_K23_24,1500,LU4_2024,0.6904172619047618
LU4,LU4_J21_24,1500,LU4_2024,0.7216071314102567
LU4,LU4_I21_24,1500,LU4_2024,0.7154155048076926
LU4,LU4_N30_24,1500,LU4_2024,0.6796891250000001
LU4,LU4_O23_24,1500,LU4_2024,0.6880396249999999
LU4,LU4_O22_24,1500,LU4_2024,0.7181015624999999
LU4,LU4_L18_24,1500,LU4_2024,0.6771110416666667
LU4,LU4_L17_24,1500,LU4_2024,0.6732140625
LU4,LU4_K17_24,1500,LU4_2024,0.6851892227564103
LU4,LU4_K19_24,1500,LU4_2024,0.7264469184027779
LU4,LU4_I22_24,1500,LU4_2024,0.7044530833333335
LU4,LU4_Q20_24,1500,LU4_2024,0.6342847945626479
LU4,LU4_V25_24,1500,LU4_2024,0.68023475
LU4,LU4_P22_24,1500,LU4_2024,0.7128238782051284
LU4,LU4_O21_24,1500,LU4_2024,0.7550138071895424
LU4,LU4_P17_24,1500,LU4_2024,0.6845652369281046
LU4,LU4_Q16_24,1500,LU4_2024,0.6728292916666667
LU4,LU4_V19_24,1500,LU4_2024,0.7229619689542485
LU4,LU4_O17_24,1500,LU4_2024,0.6754469166666671
LU4,LU4_W19_24,1500,LU4_2024,0.7034824346405228
LU4,LU4_Y25_24,1500,LU4_2024,0.7027174583333337
LU4,LU4_S17_24,1500,LU4_2024,0.7019515514184397
LU4,LU4_S18_24,1500,LU4_2024,0.6947589052287586
LU4,LU4_R14_24,1500,LU4_2024,0.6994810329861112
LU4,LU4_V17_24,1500,LU4_2024,0.7000662916666669
LU4,LU4_U15_24,1500,LU4_2024,0.687739705882353
LU4,LU4_M12_24,1500,LU4_2024,0.7106007211538461
LU4,LU4_O13_24,1500,LU4_2024,0.7404074652777778
LU4,LU4_P15_24,1500,LU4_2024,0.6763289115646258
LU4,LU4_E15_24,1500,LU4_2024,0.6865324999999999
LU4,LU4_G17_24,1500,LU4_2024,0.7032220416666668
LU4,LU4_G13_24,1500,LU4_2024,0.654961181972789
LU4,LU4_G12_24,1500,LU4_2024,0.6549235176282049
LU4,LU4_F14_24,1500,LU4_2024,0.6646381666666666
LU3,LU3_102_24,1500,LU3_2024,0.7021957031249998
LU3,LU3_5_24,1500,LU3_2024,0.7056926470588237
LU3,LU3_103_24,1500,LU3_2024,0.7229020833333334
LU3,LU3_131_24,1500,LU3_2024,0.7345831699346406
LU3,LU3_39_24,1500,LU3_2024,0.6527126201923076
LU3,LU3_18_24,1500,LU3_2024,0.6826924583333333
LU3,LU3_20_24,1500,LU3_2024,0.6471906887755101
LU3,LU3_19_24,1500,LU3_2024,0.6553513621794872
LU3,LU3_111_24,1500,LU3_2024,0.6540273237179489
LU3,LU3_AB21_24,1500,LU3_2024,0.7067041666666668
LU3,LU3_27_24,1500,LU3_2024,0.6814717548076922
LU3,LU3_36_24,1500,LU3_2024,0.6660326666666667
LU3,LU3_40_24,1500,LU3_2024,0.6848812499999998
LU3,LU3_41_24,1500,LU3_2024,0.700093028846154
LU3,LU3_52_24,1500,LU3_2024,0.6140345744680853
LU3,LU3_15_24,1500,LU3_2024,0.7082072516025638
LU3,LU3_44_24,1500,LU3_2024,0.6556297916666668
LU3,LU3_17_24,1500,LU3_2024,0.68098823529411745
LU3,LU3_147_24,1500,LU3_2024,0.6785609166666667
LU3,LU3_51_24,1500,LU3_2024,0.6761063701923079
LU3,LU3_AH7_24,1500,LU3_2024,0.7103073979591841
LU3,LU3_126_24,1500,LU3_2024,0.710767729591837
LU3,LU3_129_24,1500,LU3_2024,0.6432269607843142
LU3,LU3_28_24,1500,LU3_2024,0.6476483573717948
LU3,LU3_AH14_24,1500,LU3_2024,0.7251698717948719
LU3,LU3_38_24,1500,LU3_2024,0.7117330782312924
LU3,LU3_13_24,1500,LU3_2024,0.7004674278846154
LU3,LU3_25_24,1500,LU3_2024,0.6287266249999999
LU3,LU3_21_24,1500,LU3_2024,0.7208979583333334
LU3,LU3_AC10_24,1500,LU3_2024,0.7017391426282049
LU3,LU3_46_24,1500,LU3_2024,0.7309410000000001
LU3,LU3_10_24,1500,LU3_2024,0.7090309166666667
LU3,LU3_AE12_24,1500,LU3_2024,0.7199143707482997
LU3,LU3_7_24,1500,LU3_2024,0.6761936197916665
LU3,LU3_14_24,1500,LU3_2024,0.694502976190476
LU3,LU3_137_24,1500,LU3_2024,0.681765875
LU3,LU3_M20_24,1500,LU3_2024,0.7141709608843538
LU3,LU3_L22_24,1500,LU3_2024,0.6772581290849675
LU3,LU3_J23_24,1500,LU3_2024,0.7132524166666666
LU3,LU3_U6_24,1500,LU3_2024,0.6930243055555557
LU3,LU3_L16_24,1500,LU3_2024,0.6857971513605441
LU3,LU3_N18_24,1500,LU3_2024,0.7197533854166664
LU3,LU3_L15_24,1500,LU3_2024,0.6731845238095238
LU3,LU3_32_24,1500,LU3_2024,0.7050807916666667
LU3,LU3_W7_24,1500,LU3_2024,0.6705551666666668
LU3,LU3_45_24,1500,LU3_2024,0.7067559948979594
LU3,LU3_50_24,1500,LU3_2024,0.7118845179738564
LU3,LU3_49_24,1500,LU3_2024,0.6977850160256409
LU3,LU3_Y8_24,1500,LU3_2024,0.6654811666666665
LU3,LU3_48_24,1500,LU3_2024,0.6783701250000002
LU2,LU2_21_24,1500,LU2_2024,0.72992087585034
LU2,LU2_34_24,1500,LU2_2024,0.7755733242753626
LU2,LU2_O25_24,1500,LU2_2024,0.7716935866013072
LU2,LU2_W21_24,1500,LU2_2024,0.7793912500000001
LU2,LU2_36_24,1500,LU2_2024,0.7822246598639457
LU2,LU2_15_24,1500,LU2_2024,0.7680147108843538
LU2,LU2_13_24,1500,LU2_2024,0.7653836879432623
LU2,LU2_5_24,1500,LU2_2024,0.7274396258503403
LU2,LU2_101_24,1500,LU2_2024,0.5851723750369713
LU2,LU2_32_24,1500,LU2_2024,0.7158264184397162
LU2,LU2_Q24_24,1500,LU2_2024,0.7605786356209153
LU2,LU2_56_24,1500,LU2_2024,0.7801231971153846
LU2,LU2_I15_24,1500,LU2_2024,0.7746668333333332
LU2,LU2_L20_24,1500,LU2_2024,0.7508458767361113
LU2,LU2_L46_24,1500,LU2_2024,0.7487383413461538
LU2,LU2_110_24,1500,LU2_2024,0.7737908088235295
LU2,LU2_39_24,1500,LU2_2024,0.7699096813725488
LU2,LU2_17_24,1500,LU2_2024,0.7568661231884057
LU2,LU2_155_24,1500,LU2_2024,0.7648976950354613
LU2,LU2_50_24,1500,LU2_2024,0.7657342147435899
LU2,LU2_O16_24,1500,LU2_2024,0.7635459583333334
LU2,LU2_U13_24,1500,LU2_2024,0.7760039583333332
LU2,LU2_44_24,1500,LU2_2024,0.7622979583333334
LU2,LU2_143_24,1500,LU2_2024,0.7614461309523809
LU2,LU2_18_24,1500,LU2_2024,0.7715015190972223
LU2,LU2_52_24,1500,LU2_2024,0.7708029820261438
LU2,LU2_123_24,1500,LU2_2024,0.7577181122448978
LU2,LU2_H16_24,1500,LU2_2024,0.7719821614583334
LU2,LU2_27_24,1500,LU2_2024,0.7651740489130436
LU2,LU2_31_24,1500,LU2_2024,0.7722623798076923
LU2,LU2_3_24,1500,LU2_2024,0.7658991753472226
LU2,LU2_J27_24,1500,LU2_2024,0.7614483156028364
LU2,LU2_E27_24,1500,LU2_2024,0.7682064583333331
LU2,LU2_G25_24,1500,LU2_2024,0.7597598958333334
LU2,LU2_G26_24,1500,LU2_2024,0.7525286564625854
LU2,LU2_106_24,1500,LU2_2024,0.7114301282051287
LU2,LU2_20_24,1500,LU2_2024,0.7419653044871797
LU2,LU2_25_24,1500,LU2_2024,0.7682658687943263
LU2,LU2_40_24,1500,LU2_2024,0.7574193452380954
LU2,LU2_38_24,1500,LU2_2024,0.7464175170068027
LU2,LU2_137_24,1500,LU2_2024,0.7512821808510637
LU2,LU2_47_24,1500,LU2_2024,0.7792040833333337
LU2,LU2_26_24,1500,LU2_2024,0.7612262083333334
LU2,LU2_H26_24,1500,LU2_2024,0.7601024583333333
LU2,LU2_29_24,1500,LU2_2024,0.7352173749999998
LU2,LU2_K26_24,1500,LU2_2024,0.7556751329787234
LU2,LU2_100_24,1500,LU2_2024,0.733565890522876
LU2,LU2_30_24,1500,LU2_2024,0.7404654079861115
LU2,LU2_33_24,1500,LU2_2024,0.7810128546099292
LU2,LU2_M25_24,1500,LU2_2024,0.7559972222222223
LU8,LU8_N19_24,1500,LU8_2024,0.7567770833333333
LU8,LU8_M19_24,1500,LU8_2024,0.7638716746794872
LU8,LU8_N20_24,1500,LU8_2024,0.7446139583333334
LU8,LU8_O20_24,1500,LU8_2024,0.7192682389937107
LU8,LU8_N18_24,1500,LU8_2024,0.7610657021604939
LU8,LU8_S25_24,1500,LU8_2024,0.7100777122641512
LU8,LU8_AC29_24,1500,LU8_2024,0.6794388757861636
LU8,LU8_AC28_24,1500,LU8_2024,0.6578619496855346
LU8,LU8_AB29_24,1500,LU8_2024,0.6340533163265305
LU8,LU8_AC30_24,1500,LU8_2024,0.6975538333333334
LU8,LU8_T25_24,1500,LU8_2024,0.7090921474358977
LU8,LU8_S24_24,1500,LU8_2024,0.70899527243589755
LU8,LU8_AE29_24,1500,LU8_2024,0.6854907051282055
LU8,LU8_AD29_24,1500,LU8_2024,0.6724661458333334
LU8,LU8_AD28_24,1500,LU8_2024,0.6652175881410257
LU8,LU8_AD27_24,1500,LU8_2024,0.6322624213836479
LU8,LU8_AC24_24,1500,LU8_2024,0.621424135220126
LU8,LU8_AC25_24,1500,LU8_2024,0.6407760016025641
LU8,LU8_AC31_24,1500,LU8_2024,0.6841724449685533
LU8,LU8_AB31_24,1500,LU8_2024,0.6939158253205128
LU2,LU2_3,1750,LU2_2021,0.7677912439613529
LU2,LU2_5,1750,LU2_2021,0.6958329291044779
LU2,LU2_100,1750,LU2_2021,0.7347456467661693
LU2,LU2_101,1750,LU2_2021,0.6051494159636602
LU2,LU2_106,1750,LU2_2021,0.7169544776119405
LU2,LU2_110,1750,LU2_2021,0.7748922664141414
LU2,LU2_119,1750,LU2_2021,0.74801375
LU2,LU2_123,1750,LU2_2021,0.7545813121890542
LU2,LU2_13,1750,LU2_2021,0.7686210144927534
LU2,LU2_137,1750,LU2_2021,0.7508490036231881
LU2,LU2_143,1750,LU2_2021,0.7644806066176472
LU2,LU2_15,1750,LU2_2021,0.7676917572463768
LU2,LU2_153,1750,LU2_2021,0.7578501509661839
LU2,LU2_155,1750,LU2_2021,0.7665744791666668
LU2,LU2_17,1750,LU2_2021,0.7554152052238804
LU2,LU2_18,1750,LU2_2021,0.771592279411765
LU2,LU2_20,1750,LU2_2021,0.7445124689054728
LU2,LU2_21,1750,LU2_2021,0.7346732789855069
LU2,LU2_24,1750,LU2_2021,0.7494376531862743
LU2,LU2_25,1750,LU2_2021,0.7674044424019612
LU2,LU2_26,1750,LU2_2021,0.7628971438172042
LU2,LU2_27,1750,LU2_2021,0.7686420649509804
LU2,LU2_29,1750,LU2_2021,0.7389441080729164
LU2,LU2_30,1750,LU2_2021,0.7420243659420291
LU2,LU2_31,1750,LU2_2021,0.7701209595959596
LU2,LU2_32,1750,LU2_2021,0.7102987745098043
LU2,LU2_33,1750,LU2_2021,0.7785941482843141
LU2,LU2_34,1750,LU2_2021,0.7708136948529415
LU2,LU2_36,1750,LU2_2021,0.7823530783582089
LU2,LU2_38,1750,LU2_2021,0.7461922794117647
LU2,LU2_39,1750,LU2_2021,0.7684912563131311
LU2,LU2_40,1750,LU2_2021,0.755279788557214
LU2,LU2_42,1750,LU2_2021,0.7752598039215686
LU2,LU2_44,1750,LU2_2021,0.7637895192307692
LU2,LU2_46,1750,LU2_2021,0.7516270192307692
LU2,LU2_47,1750,LU2_2021,0.7795465705128211
LU2,LU2_50,1750,LU2_2021,0.7649202736318408
LU2,LU2_51,1750,LU2_2021,0.7285990896580927
LU2,LU2_52,1750,LU2_2021,0.7711496527777778
LU2,LU2_54,1750,LU2_2021,0.7765572601010101
LU2,LU2_56,1750,LU2_2021,0.7786038557213929
LU2,LU2_57,1750,LU2_2021,0.7442237275326798
LU3,LU3_5,1750,LU3_2021,0.7056768910256416
LU3,LU3_7,1750,LU3_2021,0.6795726409313724
LU3,LU3_10,1750,LU3_2021,0.7101979473039217
LU3,LU3_102,1750,LU3_2021,0.7030494791666666
LU3,LU3_103,1750,LU3_2021,0.7210172115384614
LU3,LU3_106,1750,LU3_2021,0.6935622886473434
LU3,LU3_111,1750,LU3_2021,0.6521043176328504
LU3,LU3_126,1750,LU3_2021,0.7110371980676331
LU3,LU3_129,1750,LU3_2021,0.6375544154228859
LU3,LU3_13,1750,LU3_2021,0.7028837862318837
LU3,LU3_131,1750,LU3_2021,0.7337755050505049
LU3,LU3_137,1750,LU3_2021,0.6818694661458337
LU3,LU3_14,1750,LU3_2021,0.6948390096618355
LU3,LU3_147,1750,LU3_2021,0.6714491987179486
LU3,LU3_15,1750,LU3_2021,0.704578078358209
LU3,LU3_17,1750,LU3_2021,0.6844813432835821
LU3,LU3_18,1750,LU3_2021,0.6843703502415456
LU3,LU3_19,1750,LU3_2021,0.661980102657005
LU3,LU3_20,1750,LU3_2021,0.6579274456521739
LU3,LU3_21,1750,LU3_2021,0.7178236213235296
LU3,LU3_25,1750,LU3_2021,0.6437547181372549
LU3,LU3_27,1750,LU3_2021,0.6844851409313726
LU3,LU3_28,1750,LU3_2021,0.6429282051282048
LU3,LU3_32,1750,LU3_2021,0.7010774816176472
LU3,LU3_36,1750,LU3_2021,0.6721792892156864
LU3,LU3_38,1750,LU3_2021,0.7069643382352943
LU3,LU3_39,1750,LU3_2021,0.6592877209595959
LU3,LU3_40,1750,LU3_2021,0.6941398511904763
LU3,LU3_41,1750,LU3_2021,0.7029925820707075
LU3,LU3_44,1750,LU3_2021,0.6599751225490196
LU3,LU3_45,1750,LU3_2021,0.710106884057971
LU3,LU3_46,1750,LU3_2021,0.7305439950980394
LU3,LU3_48,1750,LU3_2021,0.6802435688405795
LU3,LU3_50,1750,LU3_2021,0.7126999684343437
LU3,LU3_51,1750,LU3_2021,0.6725134497549021
LU3,LU3_52,1750,LU3_2021,0.6127899816176472
LU3,LU3_49,1750,LU3_2021,0.698985789800995
LU13,LU13_18,1750,LU13_2022,0.5800638231981979
LU13,LU13_15,1750,LU13_2022,0.626061444063927
LU13,LU13_3,1750,LU13_2022,0.631142232142857
LU13,LU13_34,1750,LU13_2022,0.5934581845238096
LU13,LU13_57,1750,LU13_2022,0.7013818576388886
LU13,LU13_16,1750,LU13_2022,0.6195950520833332
LU13,LU13_21,1750,LU13_2022,0.5399596111111112
LU13,LU13_37,1750,LU13_2022,0.680970630787037
LU13,LU13_55,1750,LU13_2022,0.6861560185185183
LU13,LU13_47,1750,LU13_2022,0.7020745011737085
LU13,LU13_51,1750,LU13_2022,0.7097465881642511
LU13,LU13_27,1750,LU13_2022,0.7095243566176473
LU13,LU13_5,1750,LU13_2022,0.7126041369047621
LU13,LU13_26,1750,LU13_2022,0.7098545481220657
LU13,LU13_35,1750,LU13_2022,0.618856807511737
LU13,LU13_13,1750,LU13_2022,0.7064487089201882
LU13,LU13_128,1750,LU13_2022,0.7053649884259263
LU13,LU13_131,1750,LU13_2022,0.6992564613526573
LU13,LU13_12,1750,LU13_2022,0.704184389671362
LU13,LU13_33,1750,LU13_2022,0.6931786835748796
LU13,LU13_32,1750,LU13_2022,0.6828752604166668
LU13,LU13_30,1750,LU13_2022,0.6766422828638495
LU13,LU13_53,1750,LU13_2022,0.6975469190140846
LU13,LU13_22,1750,LU13_2022,0.7117728877314818
LU13,LU13_19,1750,LU13_2022,0.7191716071428572
LU13,LU13_45,1750,LU13_2022,0.7191752487562193
LU13,LU13_8,1750,LU13_2022,0.7158337202380951
LU13,LU13_43,1750,LU13_2022,0.7180752053990616
LU13,LU13_41,1750,LU13_2022,0.7170390914351855
LU13,LU13_59,1750,LU13_2022,0.6983153538812785
LU13,LU13_6,1750,LU13_2022,0.7038605046948356
LU13,LU13_14,1750,LU13_2022,0.7163906983568076
LU13,LU13_52,1750,LU13_2022,0.6562371860730595
LU13,LU13_36,1750,LU13_2022,0.6837052816901407
LU13,LU13_38,1750,LU13_2022,0.6841325810185186
LU13,LU13_20,1750,LU13_2022,0.7087372106481484
LU13,LU13_17,1750,LU13_2022,0.7090474107142859
LU13,LU13_56,1750,LU13_2022,0.7098597417840379
LU13,LU13_49,1750,LU13_2022,0.7087693287037032
LU13,LU13_70,1750,LU13_2022,0.7050247777777776
LU13,LU13_11,1750,LU13_2022,0.7083973214285713
LU15,LU15_44,1750,LU15_2022,0.7051862318840577
LU15,LU15_11,1750,LU15_2022,0.6902256089743588
LU15,LU15_19,1750,LU15_2022,0.6969805555555556
LU15,LU15_7,1750,LU15_2022,0.7318295893719805
LU15,LU15_34,1750,LU15_2022,0.706392083333333
LU15,LU15_37,1750,LU15_2022,0.6832599191542288
LU15,LU15_18,1750,LU15_2022,0.7084357789855075
LU15,LU15_43,1750,LU15_2022,0.7032948809523808
LU15,LU15_10,1750,LU15_2022,0.7074741727941177
LU15,LU15_58,1750,LU15_2022,0.7143209541062804
LU15,LU15_8,1750,LU15_2022,0.7116072916666664
LU15,LU15_12,1750,LU15_2022,0.6881853864734302
LU15,LU15_17,1750,LU15_2022,0.7145844202898549
LU15,LU15_1,1750,LU15_2022,0.6746007335680749
LU15,LU15_26,1750,LU15_2022,0.6796030654761904
LU15,LU15_27,1750,LU15_2022,0.6886855046948358
LU15,LU15_28,1750,LU15_2022,0.6893507440476192
LU15,LU15_2,1750,LU15_2022,0.6820220410628022
LU15,LU15_29,1750,LU15_2022,0.6870269977168949
LU15,LU15_30,1750,LU15_2022,0.6937212441314554
LU15,LU15_31,1750,LU15_2022,0.69199224877451
LU15,LU15_32,1750,LU15_2022,0.6896417279411766
LU15,LU15_20,1750,LU15_2022,0.7354478562801934
LU15,LU15_21,1750,LU15_2022,0.7484931547619046
LU15,LU15_23,1750,LU15_2022,0.7234944142512074
LU15,LU15_41,1750,LU15_2022,0.7145410119047622
LU15,LU15_25,1750,LU15_2022,0.7171413949275366
LU15,LU15_9,1750,LU15_2022,0.7303558574879228
LU15,LU15_24,1750,LU15_2022,0.7383115214646462
LU15,LU15_46,1750,LU15_2022,0.7453637310606058
LU15,LU15_40,1750,LU15_2022,0.7145192786069653
LU15,LU15_16,1750,LU15_2022,0.714296964285714
LU15,LU15_4,1750,LU15_2022,0.6802176328502416
LU15,LU15_36,1750,LU15_2022,0.6905413690476193
LU15,LU15_3,1750,LU15_2022,0.722088779761905
LU15,LU15_15,1750,LU15_2022,0.7145787741545895
LU15,LU15_14,1750,LU15_2022,0.7217264880952382
LU15,LU15_22,1750,LU15_2022,0.7198566901408447
LU15,LU15_61,1750,LU15_2022,0.704450337009804
LU21,LU21_106,1750,LU21_2022,0.7152575181159421
LU21,LU21_10,1750,LU21_2022,0.6905148511904763
LU21,LU21_16,1750,LU21_2022,0.6482356965174129
LU21,LU21_107,1750,LU21_2022,0.7044873511904758
LU21,LU21_41,1750,LU21_2022,0.6659081547619047
LU21,LU21_63,1750,LU21_2022,0.6411233630952382
LU21,LU21_27,1750,LU21_2022,0.6552206219806761
LU21,LU21_23,1750,LU21_2022,0.6694593154761903
LU21,LU21_21,1750,LU21_2022,0.6695762983091789
LU21,LU21_82,1750,LU21_2022,0.7036767312206573
LU21,LU21_871,1750,LU21_2022,0.7111317857142855
LU21,LU21_164,1750,LU21_2022,0.6269519659624413
LU21,LU21_36,1750,LU21_2022,0.6463077976190478
LU21,LU21_14,1750,LU21_2022,0.6592334189497718
LU21,LU21_32,1750,LU21_2022,0.6697966224747475
LU21,LU21_126,1750,LU21_2022,0.677222388888889
LU21,LU21_122,1750,LU21_2022,0.6735901995305162
LU21,LU21_56,1750,LU21_2022,0.6785638257575759
LU21,LU21_57,1750,LU21_2022,0.6570978553921566
LU21,LU21_9,1750,LU21_2022,0.6690935185185185
LU21,LU21_98,1750,LU21_2022,0.7106459888059697
LU21,LU21_119,1750,LU21_2022,0.7138498214285712
LU21,LU21_52,1750,LU21_2022,0.6980581778606965
LU21,LU21_59,1750,LU21_2022,0.6587228881278536
LU21,LU21_68,1750,LU21_2022,0.6745852699530512
LU21,LU21_109,1750,LU21_2022,0.7099496726190472
LU21,LU21_93,1750,LU21_2022,0.7165266964285716
LU21,LU21_114,1750,LU21_2022,0.7315502347417839
LU21,LU21_105,1750,LU21_2022,0.7376118961352658
LU21,LU21_100,1750,LU21_2022,0.7121202835648153
LU21,LU21_74,1750,LU21_2022,0.7063588466183576
LU21,LU21_78,1750,LU21_2022,0.7249704812206577
LU21,LU21_153,1750,LU21_2022,0.7208590277777774
LU21,LU21_6,1750,LU21_2022,0.7301976819248824
LU21,LU21_116,1750,LU21_2022,0.7053461654589371
LU21,LU21_97,1750,LU21_2022,0.6657268967661694
LU1,LU1_13,1750,LU1_2022,0.6869450743851558
LU1,LU1_30,1750,LU1_2022,0.6917136538461537
LU1,LU1_85,1750,LU1_2022,0.7088132051282052
LU1,LU1_66,1750,LU1_2022,0.6705106691919192
LU1,LU1_76,1750,LU1_2022,0.6575815217391302
LU1,LU1_73,1750,LU1_2022,0.6801882260101012
LU1,LU1_75,1750,LU1_2022,0.6729474813432836
LU1,LU1_47,1750,LU1_2022,0.6043194871794871
LU1,LU1_74,1750,LU1_2022,0.7528574494949497
LU1,LU1_44,1750,LU1_2022,0.5836727588383841
LU1,LU1_41,1750,LU1_2022,0.6220627869817508
LU1,LU1_64,1750,LU1_2022,0.6722351409313727
LU1,LU1_86,1750,LU1_2022,0.6667986111111112
LU1,LU1_79,1750,LU1_2022,0.6548135101010103
LU1,LU1_63,1750,LU1_2022,0.6660576492537312
LU1,LU1_72,1750,LU1_2022,0.7019290111940297
LU1,LU1_67,1750,LU1_2022,0.7228783459595961
LU1,LU1_77,1750,LU1_2022,0.6521676616915424
LU1,LU1_32,1750,LU1_2022,0.7147221906565656
LU1,LU1_36,1750,LU1_2022,0.6982606376262629
LU1,LU1_84,1750,LU1_2022,0.7138608830845771
LU1,LU1_25,1750,LU1_2022,0.6318812500000003
LU1,LU1_83,1750,LU1_2022,0.6999677238805971
LU1,LU1_80,1750,LU1_2022,0.6882692550505052
LU1,LU1_70,1750,LU1_2022,0.722169655797101
LU1,LU1_48,1750,LU1_2022,0.6688726057213926
LU1,LU1_45,1750,LU1_2022,0.7169562499999999
LU1,LU1_11,1750,LU1_2022,0.5906537820512822
LU1,LU1_40,1750,LU1_2022,0.7167423397435897
LU1,LU1_6,1750,LU1_2022,0.7437170138888891
LU1,LU1_10,1750,LU1_2022,0.7416654947916667
LU1,LU1_43,1750,LU1_2022,0.6407193884408602
LU1,LU1_71,1750,LU1_2022,0.6396564078282828
LU1,LU1_22,1750,LU1_2022,0.6683613664215686
LU1,LU1_60,1750,LU1_2022,0.6907668560606062
LU1,LU1_78,1750,LU1_2022,0.6666359763681591
LU1,LU1_46,1750,LU1_2022,0.6334443910256412
LU1,LU1_82,1750,LU1_2022,0.7116939950980395
LU1,LU1_27,1750,LU1_2022,0.6576273852657004
LU9,LU9_5,1750,LU9_2023,0.5250381845918856
LU9,LU9_6,1750,LU9_2023,0.6331709211880187
LU9,LU9_7,1750,LU9_2023,0.7458642412935323
LU9,LU9_8,1750,LU9_2023,0.7294673611111111
LU9,LU9_100,1750,LU9_2023,0.667718869047619
LU9,LU9_102,1750,LU9_2023,0.7797258333333335
LU9,LU9_106,1750,LU9_2023,0.6749670091324201
LU9,LU9_112,1750,LU9_2023,0.6752488320707071
LU9,LU9_113,1750,LU9_2023,0.6727071557971013
LU9,LU9_12,1750,LU9_2023,0.7446068321078432
LU9,LU9_13,1750,LU9_2023,0.7466846618357489
LU9,LU9_18,1750,LU9_2023,0.753361397058824
LU9,LU9_21,1750,LU9_2023,0.7386313405797104
LU9,LU9_24,1750,LU9_2023,0.7232100456621008
LU9,LU9_28,1750,LU9_2023,0.7466856410256408
LU9,LU9_29,1750,LU9_2023,0.7201922321428572
LU9,LU9_30,1750,LU9_2023,0.7056891098484848
LU9,LU9_31,1750,LU9_2023,0.7458047263681591
LU9,LU9_32,1750,LU9_2023,0.7607540157004828
LU9,LU9_33,1750,LU9_2023,0.7672441080729167
LU9,LU9_39,1750,LU9_2023,0.6949256433823529
LU9,LU9_41,1750,LU9_2023,0.7583370098039217
LU9,LU9_44,1750,LU9_2023,0.6907430952380954
LU9,LU9_51,1750,LU9_2023,0.6850037137681159
LU9,LU9_55,1750,LU9_2023,0.6927810256410258
LU9,LU9_57,1750,LU9_2023,0.6845231617647057
LU9,LU9_62,1750,LU9_2023,0.752967708333333
LU9,LU9_63,1750,LU9_2023,0.7340640845070423
LU9,LU9_64,1750,LU9_2023,0.734690023474178
LU9,LU9_65,1750,LU9_2023,0.6985567028985504
LU9,LU9_67,1750,LU9_2023,0.6954530330882353
LU9,LU9_68,1750,LU9_2023,0.6821673818407962
LU9,LU9_72,1750,LU9_2023,0.7353853233830847
LU9,LU9_73,1750,LU9_2023,0.7140133333333334
LU9,LU9_75,1750,LU9_2023,0.7032141414141412
LU9,LU9_76,1750,LU9_2023,0.6913728260869566
LU9,LU9_77,1750,LU9_2023,0.6492018382352938
LU9,LU9_79,1750,LU9_2023,0.7107497242647058
LU9,LU9_80,1750,LU9_2023,0.7332406249999999
LU9,LU9_81,1750,LU9_2023,0.7101136309523812
LU9,LU9_82,1750,LU9_2023,0.6959309782608697
LU9,LU9_85,1750,LU9_2023,0.7302778724747477
LU9,LU9_86,1750,LU9_2023,0.7010473345588234
LU9,LU9_87,1750,LU9_2023,0.6954269345238095
LU9,LU9_90,1750,LU9_2023,0.6922421497584543
LU9,LU9_93,1750,LU9_2023,0.7633904589371979
LU9,LU9_94,1750,LU9_2023,0.7754795591787441
LU9,LU9_96,1750,LU9_2023,0.6982629830917875
LU9,LU9_98,1750,LU9_2023,0.7140083928571428
LU9,LU9_27,1750,LU9_2023,0.6992092171717179
LU14,LU14_3,1750,LU14_2023,0.7138231735159819
LU14,LU14_7,1750,LU14_2023,0.7209478571428571
LU14,LU14_8,1750,LU14_2023,0.7181441901408451
LU14,LU14_9,1750,LU14_2023,0.71005170717592625
LU14,LU14_100,1750,LU14_2023,0.7206329106280193
LU14,LU14_102,1750,LU14_2023,0.7301878761574074
LU14,LU14_105,1750,LU14_2023,0.7439709800469484
LU14,LU14_110,1750,LU14_2023,0.700436845238095
LU14,LU14_114,1750,LU14_2023,0.7241790178571427
LU14,LU14_115,1750,LU14_2023,0.7021058392018779
LU14,LU14_120,1750,LU14_2023,0.6985811921296297
LU14,LU14_121,1750,LU14_2023,0.7118140335648149
LU14,LU14_131,1750,LU14_2023,0.7103848591549295
LU14,LU14_135,1750,LU14_2023,0.6838597711267609
LU14,LU14_16,1750,LU14_2023,0.7170189847417839
LU14,LU14_17,1750,LU14_2023,0.72586514084507
LU14,LU14_19,1750,LU14_2023,0.698223900462963
LU14,LU14_20,1750,LU14_2023,0.6977534420289857
LU14,LU14_250,1750,LU14_2023,0.7319810386473428
LU14,LU14_30,1750,LU14_2023,0.7040969838308453
LU14,LU14_31,1750,LU14_2023,0.7078339673913041
LU14,LU14_33,1750,LU14_2023,0.7250865640096618
LU14,LU14_37,1750,LU14_2023,0.7307304870892016
LU14,LU14_47,1750,LU14_2023,0.7438834842995169
LU14,LU14_48,1750,LU14_2023,0.7450112894144145
LU14,LU14_49,1750,LU14_2023,0.73187294481982
LU14,LU14_51,1750,LU14_2023,0.7567698344748862
LU14,LU14_54,1750,LU14_2023,0.7072119867149759
LU14,LU14_56,1750,LU14_2023,0.7258473809523808
LU14,LU14_57,1750,LU14_2023,0.7233810119047618
LU14,LU14_61,1750,LU14_2023,0.6862519047619049
LU14,LU14_62,1750,LU14_2023,0.7054781539351853
LU14,LU14_63,1750,LU14_2023,0.7003335867117119
LU14,LU14_66,1750,LU14_2023,0.684305055147059
LU14,LU14_70,1750,LU14_2023,0.7184580399061035
LU14,LU14_71,1750,LU14_2023,0.7132492766203703
LU14,LU14_72,1750,LU14_2023,0.7177167261904764
LU14,LU14_74,1750,LU14_2023,0.7336406388888889
LU14,LU14_76,1750,LU14_2023,0.7147692488262913
LU14,LU14_78,1750,LU14_2023,0.7604281249999999
LU14,LU14_80,1750,LU14_2023,0.6931449486301368
LU14,LU14_84,1750,LU14_2023,0.7004452380952383
LU14,LU14_85,1750,LU14_2023,0.6893721064814815
LU14,LU14_86,1750,LU14_2023,0.7436383630952381
LU14,LU14_88,1750,LU14_2023,0.7255545774647886
LU14,LU14_91,1750,LU14_2023,0.6980307511737089
LU14,LU14_92,1750,LU14_2023,0.704147554347826
LU14,LU14_96,1750,LU14_2023,0.7390783035714287
LU14,LU14_97,1750,LU14_2023,0.7154252380952382
LU14,LU14_75,1750,LU14_2023,0.7191763599537043
LU16,LU16_2,1750,LU16_2023,0.6990099335748794
LU16,LU16_3,1750,LU16_2023,0.6868320350241547
LU16,LU16_15,1750,LU16_2023,0.6916007738095238
LU16,LU16_20,1750,LU16_2023,0.6895802500000003
LU16,LU16_200,1750,LU16_2023,0.7018814365671645
LU16,LU16_201,1750,LU16_2023,0.6735080059523811
LU16,LU16_202,1750,LU16_2023,0.6540174589201878
LU16,LU16_203,1750,LU16_2023,0.7005403169014087
LU16,LU16_22,1750,LU16_2023,0.7116561326291082
LU16,LU16_23,1750,LU16_2023,0.6822706279342724
LU16,LU16_24,1750,LU16_2023,0.6938696009389671
LU16,LU16_25,1750,LU16_2023,0.6990025752314817
LU16,LU16_26,1750,LU16_2023,0.6862555857487925
LU16,LU16_270,1750,LU16_2023,0.6159084780092592
LU16,LU16_28,1750,LU16_2023,0.6997333626760563
LU16,LU16_300,1750,LU16_2023,0.6593275752314819
LU16,LU16_301,1750,LU16_2023,0.5657406539351852
LU16,LU16_302,1750,LU16_2023,0.666258622685185
LU16,LU16_303,1750,LU16_2023,0.610333088235294
LU16,LU16_313,1750,LU16_2023,0.6602868923611112
LU16,LU16_314,1750,LU16_2023,0.6366477634803922
LU16,LU16_36,1750,LU16_2023,0.6810539553140098
LU16,LU16_37,1750,LU16_2023,0.7133784037558683
LU16,LU16_49,1750,LU16_2023,0.6141861111111112
LU16,LU16_52,1750,LU16_2023,0.5935957175925926
LU16,LU16_54,1750,LU16_2023,0.6058653935185184
LU16,LU16_55,1750,LU16_2023,0.6174698206018521
LU16,LU16_57,1750,LU16_2023,0.6071002314814812
LU16,LU16_58,1750,LU16_2023,0.6013426643192489
LU16,LU16_60,1750,LU16_2023,0.6253530654761903
LU16,LU16_62,1750,LU16_2023,0.5688204861111112
LU16,LU16_63,1750,LU16_2023,0.593926128472222
LU16,LU16_64,1750,LU16_2023,0.6014661458333335
LU16,LU16_67,1750,LU16_2023,0.6234594039351853
LU16,LU16_68,1750,LU16_2023,0.5395889583333334
LU16,LU16_69,1750,LU16_2023,0.5926723254504505
LU16,LU16_70,1750,LU16_2023,0.5576141203703704
LU16,LU16_71,1750,LU16_2023,0.5434014964788735
LU16,LU16_72,1750,LU16_2023,0.6440412326388892
LU16,LU16_73,1750,LU16_2023,0.6154069835680753
LU16,LU16_74,1750,LU16_2023,0.6249197023809525
LU16,LU16_75,1750,LU16_2023,0.5848021118721461
LU16,LU16_77,1750,LU16_2023,0.5548258802816906
LU16,LU16_80,1750,LU16_2023,0.5764596354166666
LU16,LU16_81,1750,LU16_2023,0.5678153755868547
LU16,LU16_83,1750,LU16_2023,0.5901469345238098
LU16,LU16_84,1750,LU16_2023,0.5826457729468604
LU16,LU16_85,1750,LU16_2023,0.6226951678240744
LU16,LU16_88,1750,LU16_2023,0.5632457453051646
LU22,LU22_110,1750,LU22_2023,0.7442929976851853
LU22,LU22_48,1750,LU22_2023,0.7610724702380954
LU22,LU22_107,1750,LU22_2023,0.7463809931506852
LU22,LU22_49,1750,LU22_2023,0.7693324363425922
LU22,LU22_103,1750,LU22_2023,0.743452232142857
LU22,LU22_44,1750,LU22_2023,0.7552924632352939
LU22,LU22_21,1750,LU22_2023,0.7857937198067633
LU22,LU22_15,1750,LU22_2023,0.77420979477612
LU22,LU22_50,1750,LU22_2023,0.7451544345238091
LU22,LU22_38,1750,LU22_2023,0.755394424019608
LU22,LU22_22,1750,LU22_2023,0.7777905654761906
LU22,LU22_85,1750,LU22_2023,0.7045672321428574
LU22,LU22_33,1750,LU22_2023,0.7437816666666667
LU22,LU22_34,1750,LU22_2023,0.7340320776255708
LU22,LU22_11,1750,LU22_2023,0.727048898809524
LU22,LU22_29,1750,LU22_2023,0.7761524154589372
LU22,LU22_86,1750,LU22_2023,0.7136509096244138
LU22,LU22_80,1750,LU22_2023,0.7389571726190475
LU22,LU22_17,1750,LU22_2023,0.7841272300469483
LU22,LU22_35,1750,LU22_2023,0.7621612382629103
LU22,LU22_63,1750,LU22_2023,0.6748230654761906
LU22,LU22_30,1750,LU22_2023,0.7860573369565219
LU22,LU22_4,1750,LU22_2023,0.7185630993150685
LU22,LU22_36,1750,LU22_2023,0.7308738849765261
LU22,LU22_76,1750,LU22_2023,0.698226533564815
LU22,LU22_5,1750,LU22_2023,0.7513101190476188
LU22,LU22_87,1750,LU22_2023,0.7242673214285718
LU22,LU22_25,1750,LU22_2023,0.7680755281690139
LU22,LU22_89,1750,LU22_2023,0.7118912439613527
LU22,LU22_18,1750,LU22_2023,0.7608561619718307
LU22,LU22_32,1750,LU22_2023,0.7461063967136149
LU22,LU22_8,1750,LU22_2023,0.7575103864734297
LU22,LU22_6,1750,LU22_2023,0.7523904049295779
LU22,LU22_81,1750,LU22_2023,0.7104091145833336
LU22,LU22_7,1750,LU22_2023,0.7638670187793428
LU22,LU22_69,1750,LU22_2023,0.7329431044600938
LU22,LU22_70,1750,LU22_2023,0.7459304577464795
LU22,LU22_82,1750,LU22_2023,0.7506711753731343
LU22,LU22_94,1750,LU22_2023,0.7493474178403753
LU22,LU22_101,1750,LU22_2023,0.7474741369047618
LU22,LU22_71,1750,LU22_2023,0.7498807367149762
LU22,LU22_77,1750,LU22_2023,0.7517950231481483
LU22,LU22_72,1750,LU22_2023,0.7576851785714284
LU22,LU22_65,1750,LU22_2023,0.7539633215962445
LU22,LU22_60,1750,LU22_2023,0.7465679534313724
LU22,LU22_61,1750,LU22_2023,0.7700477430555555
LU22,LU22_53,1750,LU22_2023,0.7758211352657007
LU22,LU22_46,1750,LU22_2023,0.7625740942028988
LU22,LU22_40,1750,LU22_2023,0.7365436896135265
LU22,LU22_47,1750,LU22_2023,0.7494350595238095
LU4,LU4_N15_24,1750,LU4_2024,0.7028560386473433
LU4,LU4_M14_24,1750,LU4_2024,0.7015080399061033
LU4,LU4_J14_24,1750,LU4_2024,0.683445480769231
LU4,LU4_J15_24,1750,LU4_2024,0.6725946428571427
LU4,LU4_I12_24,1750,LU4_2024,0.6799766606280194
LU4,LU4_I13_24,1750,LU4_2024,0.6759431159420289
LU4,LU4_Q10_24,1750,LU4_2024,0.7171123161764705
LU4,LU4_O10_24,1750,LU4_2024,0.7180715073529411
LU4,LU4_R7_24,1750,LU4_2024,0.7109437198067632
LU4,LU4_R9_24,1750,LU4_2024,0.7268154929577465
LU4,LU4_T8_24,1750,LU4_2024,0.729382113095238
LU4,LU4_O16_24,1750,LU4_2024,0.6767100297619046
LU4,LU4_J26_24,1750,LU4_2024,0.6783230902777778
LU4,LU4_K25_24,1750,LU4_2024,0.6852730794270829
LU4,LU4_L23_24,1750,LU4_2024,0.6965866666666666
LU4,LU4_H26_24,1750,LU4_2024,0.6667513586956522
LU4,LU4_K23_24,1750,LU4_2024,0.6919932971014493
LU4,LU4_J21_24,1750,LU4_2024,0.7213994791666667
LU4,LU4_I21_24,1750,LU4_2024,0.7168912741545893
LU4,LU4_N30_24,1750,LU4_2024,0.6821641237745102
LU4,LU4_O23_24,1750,LU4_2024,0.6864022671568629
LU4,LU4_O22_24,1750,LU4_2024,0.7210580269607842
LU4,LU4_L18_24,1750,LU4_2024,0.6743699754901962
LU4,LU4_L17_24,1750,LU4_2024,0.6728371419270832
LU4,LU4_K17_24,1750,LU4_2024,0.6853213068181822
LU4,LU4_K19_24,1750,LU4_2024,0.7273938086854459
LU4,LU4_I22_24,1750,LU4_2024,0.7067757440476189
LU4,LU4_Q20_24,1750,LU4_2024,0.6417792587522597
LU4,LU4_V25_24,1750,LU4_2024,0.6823638782051286
LU4,LU4_P22_24,1750,LU4_2024,0.7086974637681159
LU4,LU4_O21_24,1750,LU4_2024,0.7529547348484847
LU4,LU4_P17_24,1750,LU4_2024,0.6835842261904759
LU4,LU4_Q16_24,1750,LU4_2024,0.6760900664251207
LU4,LU4_V19_24,1750,LU4_2024,0.7157971920289861
LU4,LU4_O17_24,1750,LU4_2024,0.6727848809523814
LU4,LU4_W19_24,1750,LU4_2024,0.7051406249999999
LU4,LU4_Y25_24,1750,LU4_2024,0.7058151348039219
LU4,LU4_S17_24,1750,LU4_2024,0.6996240011415525
LU4,LU4_S18_24,1750,LU4_2024,0.6948727588383843
LU4,LU4_R14_24,1750,LU4_2024,0.6999857020547944
LU4,LU4_V17_24,1750,LU4_2024,0.7017847222222223
LU4,LU4_U15_24,1750,LU4_2024,0.6805004289215685
LU4,LU4_M12_24,1750,LU4_2024,0.7100834888059698
LU4,LU4_O13_24,1750,LU4_2024,0.740579372065728
LU4,LU4_P15_24,1750,LU4_2024,0.682492106807512
LU4,LU4_E15_24,1750,LU4_2024,0.684155892857143
LU4,LU4_G17_24,1750,LU4_2024,0.7006305147058824
LU4,LU4_G13_24,1750,LU4_2024,0.6608431631455399
LU4,LU4_G12_24,1750,LU4_2024,0.6588414251207729
LU4,LU4_F14_24,1750,LU4_2024,0.6649818236714976
LU3,LU3_102_24,1750,LU3_2024,0.7030494791666666
LU3,LU3_5_24,1750,LU3_2024,0.7056768910256416
LU3,LU3_103_24,1750,LU3_2024,0.7210172115384614
LU3,LU3_131_24,1750,LU3_2024,0.7337755050505049
LU3,LU3_39_24,1750,LU3_2024,0.6615137941919194
LU3,LU3_18_24,1750,LU3_2024,0.6841838164251204
LU3,LU3_20_24,1750,LU3_2024,0.6579274456521739
LU3,LU3_19_24,1750,LU3_2024,0.661980102657005
LU3,LU3_111_24,1750,LU3_2024,0.6521043176328504
LU3,LU3_AB21_24,1750,LU3_2024,0.7086143939393938
LU3,LU3_27_24,1750,LU3_2024,0.6844851409313726
LU3,LU3_36_24,1750,LU3_2024,0.6719679415422886
LU3,LU3_40_24,1750,LU3_2024,0.6936419384057971
LU3,LU3_41_24,1750,LU3_2024,0.7029925820707075
LU3,LU3_52_24,1750,LU3_2024,0.6127899816176472
LU3,LU3_15_24,1750,LU3_2024,0.704578078358209
LU3,LU3_44_24,1750,LU3_2024,0.6558751488095238
LU3,LU3_17_24,1750,LU3_2024,0.6844813432835821
LU3,LU3_147_24,1750,LU3_2024,0.6740591346153846
LU3,LU3_51_24,1750,LU3_2024,0.6737028079710147
LU3,LU3_AH7_24,1750,LU3_2024,0.7096791973039218
LU3,LU3_126_24,1750,LU3_2024,0.7111437193627453
LU3,LU3_129_24,1750,LU3_2024,0.6375544154228859
LU3,LU3_28_24,1750,LU3_2024,0.6411816919191917
LU3,LU3_AH14_24,1750,LU3_2024,0.721738495024876
LU3,LU3_38_24,1750,LU3_2024,0.7072380821078434
LU3,LU3_13_24,1750,LU3_2024,0.7028837862318837
LU3,LU3_25_24,1750,LU3_2024,0.6437547181372549
LU3,LU3_21_24,1750,LU3_2024,0.7178236213235296
LU3,LU3_AC10_24,1750,LU3_2024,0.7049428140096619
LU3,LU3_46_24,1750,LU3_2024,0.7293438725490197
LU3,LU3_10_24,1750,LU3_2024,0.7101979473039217
LU3,LU3_AE12_24,1750,LU3_2024,0.7181875306372554
LU3,LU3_7_24,1750,LU3_2024,0.6797835446859901
LU3,LU3_14_24,1750,LU3_2024,0.6948390096618355
LU3,LU3_137_24,1750,LU3_2024,0.6816912179487182
LU3,LU3_M20_24,1750,LU3_2024,0.7145286835748791
LU3,LU3_L22_24,1750,LU3_2024,0.6755769900497511
LU3,LU3_J23_24,1750,LU3_2024,0.7096762077294688
LU3,LU3_U6_24,1750,LU3_2024,0.6907331495098039
LU3,LU3_L16_24,1750,LU3_2024,0.6717030330882353
LU3,LU3_N18_24,1750,LU3_2024,0.7168558823529411
LU3,LU3_L15_24,1750,LU3_2024,0.6712000000000002
LU3,LU3_32_24,1750,LU3_2024,0.7010774816176472
LU3,LU3_W7_24,1750,LU3_2024,0.6681654539800993
LU3,LU3_45_24,1750,LU3_2024,0.7097193627450981
LU3,LU3_50_24,1750,LU3_2024,0.7126999684343437
LU3,LU3_49_24,1750,LU3_2024,0.698985789800995
LU3,LU3_Y8_24,1750,LU3_2024,0.6707432133838382
LU3,LU3_48_24,1750,LU3_2024,0.6803455269607841
LU2,LU2_21_24,1750,LU2_2024,0.7340447916666664
LU2,LU2_34_24,1750,LU2_2024,0.7708136948529415
LU2,LU2_O25_24,1750,LU2_2024,0.7717458964646462
LU2,LU2_W21_24,1750,LU2_2024,0.7798092803030304
LU2,LU2_36_24,1750,LU2_2024,0.7823530783582089
LU2,LU2_15_24,1750,LU2_2024,0.7676917572463768
LU2,LU2_13_24,1750,LU2_2024,0.7686210144927534
LU2,LU2_5_24,1750,LU2_2024,0.7035977588383842
LU2,LU2_101_24,1750,LU2_2024,0.6004266894488365
LU2,LU2_32_24,1750,LU2_2024,0.7102987745098043
LU2,LU2_Q24_24,1750,LU2_2024,0.7604746843434343
LU2,LU2_56_24,1750,LU2_2024,0.7786038557213929
LU2,LU2_I15_24,1750,LU2_2024,0.7735015705128205
LU2,LU2_L20_24,1750,LU2_2024,0.7559757352941179
LU2,LU2_L46_24,1750,LU2_2024,0.751821938131313
LU2,LU2_110_24,1750,LU2_2024,0.7748922664141414
LU2,LU2_39_24,1750,LU2_2024,0.7686284825870644
LU2,LU2_17_24,1750,LU2_2024,0.7559620335820895
LU2,LU2_155_24,1750,LU2_2024,0.7664926927860698
LU2,LU2_50_24,1750,LU2_2024,0.7643400122549021
LU2,LU2_O16_24,1750,LU2_2024,0.7598328273809525
LU2,LU2_U13_24,1750,LU2_2024,0.7759722330729164
LU2,LU2_44_24,1750,LU2_2024,0.7637895192307692
LU2,LU2_143_24,1750,LU2_2024,0.7641722014925375
LU2,LU2_18_24,1750,LU2_2024,0.771592279411765
LU2,LU2_52_24,1750,LU2_2024,0.7713594551282051
LU2,LU2_123_24,1750,LU2_2024,0.755029534313725
LU2,LU2_H16_24,1750,LU2_2024,0.7722695895522388
LU2,LU2_27_24,1750,LU2_2024,0.7686420649509804
LU2,LU2_31_24,1750,LU2_2024,0.7707168532338309
LU2,LU2_3_24,1750,LU2_2024,0.7674924938725493
LU2,LU2_J27_24,1750,LU2_2024,0.7580079963235293
LU2,LU2_E27_24,1750,LU2_2024,0.7663245192307694
LU2,LU2_G25_24,1750,LU2_2024,0.7601050995024873
LU2,LU2_G26_24,1750,LU2_2024,0.7523192234848485
LU2,LU2_106_24,1750,LU2_2024,0.7171363495024877
LU2,LU2_20_24,1750,LU2_2024,0.7445124689054728
LU2,LU2_25_24,1750,LU2_2024,0.7674044424019612
LU2,LU2_40_24,1750,LU2_2024,0.7558952651515153
LU2,LU2_38_24,1750,LU2_2024,0.7458163345410629
LU2,LU2_137_24,1750,LU2_2024,0.750693933823529
LU2,LU2_47_24,1750,LU2_2024,0.7795465705128211
LU2,LU2_26_24,1750,LU2_2024,0.76295248015873
LU2,LU2_H26_24,1750,LU2_2024,0.7567311523437497
LU2,LU2_29_24,1750,LU2_2024,0.7387595238095235
LU2,LU2_K26_24,1750,LU2_2024,0.752737745098039
LU2,LU2_100_24,1750,LU2_2024,0.7347456467661693
LU2,LU2_30_24,1750,LU2_2024,0.7420243659420291
LU2,LU2_33_24,1750,LU2_2024,0.7785941482843141
LU2,LU2_M25_24,1750,LU2_2024,0.7555378109452733
LU8,LU8_N19_24,1750,LU8_2024,0.7576714722222222
LU8,LU8_M19_24,1750,LU8_2024,0.7624101273148148
LU8,LU8_N20_24,1750,LU8_2024,0.746890476190476
LU8,LU8_O20_24,1750,LU8_2024,0.7119578051643194
LU8,LU8_N18_24,1750,LU8_2024,0.7623889285714285
LU8,LU8_S25_24,1750,LU8_2024,0.7116126446759261
LU8,LU8_AC29_24,1750,LU8_2024,0.6812827596618356
LU8,LU8_AC28_24,1750,LU8_2024,0.6622941722972971
LU8,LU8_AB29_24,1750,LU8_2024,0.6299777582159624
LU8,LU8_AC30_24,1750,LU8_2024,0.695121126760563
LU8,LU8_T25_24,1750,LU8_2024,0.7061415798611113
LU8,LU8_S24_24,1750,LU8_2024,0.7104316840277779
LU8,LU8_AE29_24,1750,LU8_2024,0.6756859299516909
LU8,LU8_AD29_24,1750,LU8_2024,0.665215667808219
LU8,LU8_AD28_24,1750,LU8_2024,0.6621363425925926
LU8,LU8_AD27_24,1750,LU8_2024,0.6296776995305166
LU8,LU8_AC24_24,1750,LU8_2024,0.6174522522522523
LU8,LU8_AC25_24,1750,LU8_2024,0.6446346726190477
LU8,LU8_AC31_24,1750,LU8_2024,0.6834221830985913
LU8,LU8_AB31_24,1750,LU8_2024,0.6961881655092591
LU2,LU2_3,2000,LU2_2021,0.7683672821969698
LU2,LU2_5,2000,LU2_2021,0.6869472612359555
LU2,LU2_100,2000,LU2_2021,0.7357008522727273
LU2,LU2_101,2000,LU2_2021,0.6092259399687413
LU2,LU2_106,2000,LU2_2021,0.7225994081439397
LU2,LU2_110,2000,LU2_2021,0.77606171875
LU2,LU2_119,2000,LU2_2021,0.7462475615530302
LU2,LU2_123,2000,LU2_2021,0.7498686553030303
LU2,LU2_13,2000,LU2_2021,0.7708615441176468
LU2,LU2_137,2000,LU2_2021,0.7503087990196077
LU2,LU2_143,2000,LU2_2021,0.7663959043560606
LU2,LU2_15,2000,LU2_2021,0.7690682710727971
LU2,LU2_153,2000,LU2_2021,0.7521334990530303
LU2,LU2_155,2000,LU2_2021,0.7679099206349207
LU2,LU2_17,2000,LU2_2021,0.7576175387596895
LU2,LU2_18,2000,LU2_2021,0.7725814894636016
LU2,LU2_20,2000,LU2_2021,0.7420309422348482
LU2,LU2_21,2000,LU2_2021,0.7374238636363635
LU2,LU2_24,2000,LU2_2021,0.746411388888889
LU2,LU2_25,2000,LU2_2021,0.7671878186274512
LU2,LU2_26,2000,LU2_2021,0.7647103929924242
LU2,LU2_27,2000,LU2_2021,0.7706036159003833
LU2,LU2_29,2000,LU2_2021,0.7424592672413789
LU2,LU2_30,2000,LU2_2021,0.7419890128968255
LU2,LU2_31,2000,LU2_2021,0.7661443655303032
LU2,LU2_32,2000,LU2_2021,0.7050860943775101
LU2,LU2_33,2000,LU2_2021,0.7766366465863456
LU2,LU2_34,2000,LU2_2021,0.7695991036821708
LU2,LU2_36,2000,LU2_2021,0.7820942460317459
LU2,LU2_38,2000,LU2_2021,0.7454212643678165
LU2,LU2_39,2000,LU2_2021,0.7663349668560607
LU2,LU2_40,2000,LU2_2021,0.7535629915730339
LU2,LU2_42,2000,LU2_2021,0.7733771312260537
LU2,LU2_44,2000,LU2_2021,0.7654422222222224
LU2,LU2_46,2000,LU2_2021,0.7528165455426358
LU2,LU2_47,2000,LU2_2021,0.7775694522471912
LU2,LU2_50,2000,LU2_2021,0.7623959953703704
LU2,LU2_51,2000,LU2_2021,0.7240530462827097
LU2,LU2_52,2000,LU2_2021,0.7724090435606062
LU2,LU2_54,2000,LU2_2021,0.7762992897727279
LU2,LU2_56,2000,LU2_2021,0.7778742490310079
LU2,LU2_57,2000,LU2_2021,0.7336390309706257
LU3,LU3_5,2000,LU3_2021,0.7058356060606065
LU3,LU3_7,2000,LU3_2021,0.6812575096899223
LU3,LU3_10,2000,LU3_2021,0.7080907703488374
LU3,LU3_102,2000,LU3_2021,0.7047615056818185
LU3,LU3_103,2000,LU3_2021,0.7199225378787876
LU3,LU3_106,2000,LU3_2021,0.6972397749042148
LU3,LU3_111,2000,LU3_2021,0.6486903637740058
LU3,LU3_126,2000,LU3_2021,0.7135125473484849
LU3,LU3_129,2000,LU3_2021,0.6407906132958803
LU3,LU3_13,2000,LU3_2021,0.7036666435185184
LU3,LU3_131,2000,LU3_2021,0.7342779398148145
LU3,LU3_137,2000,LU3_2021,0.686500162037037
LU3,LU3_14,2000,LU3_2021,0.6951631155303026
LU3,LU3_147,2000,LU3_2021,0.6693559722222222
LU3,LU3_15,2000,LU3_2021,0.6968178267045455
LU3,LU3_17,2000,LU3_2021,0.6800890683520597
LU3,LU3_18,2000,LU3_2021,0.6839083101851849
LU3,LU3_19,2000,LU3_2021,0.6665521543560607
LU3,LU3_20,2000,LU3_2021,0.6589834043560604
LU3,LU3_21,2000,LU3_2021,0.7117868913857679
LU3,LU3_25,2000,LU3_2021,0.6486107244318182
LU3,LU3_27,2000,LU3_2021,0.6854586376404493
LU3,LU3_28,2000,LU3_2021,0.6371638507326005
LU3,LU3_32,2000,LU3_2021,0.6998922111742424
LU3,LU3_36,2000,LU3_2021,0.6646745833333336
LU3,LU3_38,2000,LU3_2021,0.6944801732209739
LU3,LU3_39,2000,LU3_2021,0.6688850655430711
LU3,LU3_40,2000,LU3_2021,0.6994891335227275
LU3,LU3_41,2000,LU3_2021,0.7078810879629632
LU3,LU3_44,2000,LU3_2021,0.6576085205992509
LU3,LU3_45,2000,LU3_2021,0.7074694839015149
LU3,LU3_46,2000,LU3_2021,0.7266457397003748
LU3,LU3_48,2000,LU3_2021,0.6816956226591757
LU3,LU3_50,2000,LU3_2021,0.7152951851851853
LU3,LU3_51,2000,LU3_2021,0.6692120786516854
LU3,LU3_52,2000,LU3_2021,0.6197666908914727
LU3,LU3_49,2000,LU3_2021,0.6956536516853933
LU13,LU13_18,2000,LU13_2022,0.5674123379629628
LU13,LU13_15,2000,LU13_2022,0.6268591447368422
LU13,LU13_3,2000,LU13_2022,0.6394427748226946
LU13,LU13_34,2000,LU13_2022,0.6092239356884058
LU13,LU13_57,2000,LU13_2022,0.7015143342391303
LU13,LU13_16,2000,LU13_2022,0.6296776595744683
LU13,LU13_21,2000,LU13_2022,0.5295872087813621
LU13,LU13_37,2000,LU13_2022,0.682565115248227
LU13,LU13_55,2000,LU13_2022,0.6882356227106222
LU13,LU13_47,2000,LU13_2022,0.7065494459219854
LU13,LU13_51,2000,LU13_2022,0.7115878170289855
LU13,LU13_27,2000,LU13_2022,0.7122312056737593
LU13,LU13_5,2000,LU13_2022,0.7146934840425534
LU13,LU13_26,2000,LU13_2022,0.7097248245614036
LU13,LU13_35,2000,LU13_2022,0.623216134751773
LU13,LU13_13,2000,LU13_2022,0.7066177655677659
LU13,LU13_128,2000,LU13_2022,0.7058699537037042
LU13,LU13_131,2000,LU13_2022,0.7015519713261649
LU13,LU13_12,2000,LU13_2022,0.7055611574074079
LU13,LU13_33,2000,LU13_2022,0.695381884057971
LU13,LU13_32,2000,LU13_2022,0.6843780324074077
LU13,LU13_30,2000,LU13_2022,0.6737083557347671
LU13,LU13_53,2000,LU13_2022,0.6988117902930402
LU13,LU13_22,2000,LU13_2022,0.7144809981684984
LU13,LU13_19,2000,LU13_2022,0.7186950716845879
LU13,LU13_45,2000,LU13_2022,0.7216823596014497
LU13,LU13_8,2000,LU13_2022,0.7186943223443222
LU13,LU13_43,2000,LU13_2022,0.7222133241758245
LU13,LU13_41,2000,LU13_2022,0.7165427748226952
LU13,LU13_59,2000,LU13_2022,0.6992923315602838
LU13,LU13_6,2000,LU13_2022,0.7050444139194142
LU13,LU13_14,2000,LU13_2022,0.7182942876344088
LU13,LU13_52,2000,LU13_2022,0.6546672916666665
LU13,LU13_36,2000,LU13_2022,0.6835485416666667
LU13,LU13_38,2000,LU13_2022,0.685598449074074
LU13,LU13_20,2000,LU13_2022,0.712160486111111
LU13,LU13_17,2000,LU13_2022,0.7031166001773053
LU13,LU13_56,2000,LU13_2022,0.7130687731481482
LU13,LU13_49,2000,LU13_2022,0.7101493589743585
LU13,LU13_70,2000,LU13_2022,0.7062208796296292
LU13,LU13_11,2000,LU13_2022,0.7091439035087719
LU15,LU15_44,2000,LU15_2022,0.7040404166666663
LU15,LU15_11,2000,LU15_2022,0.695530540780142
LU15,LU15_19,2000,LU15_2022,0.6991304398148147
LU15,LU15_7,2000,LU15_2022,0.7350143981481478
LU15,LU15_34,2000,LU15_2022,0.7075077178030301
LU15,LU15_37,2000,LU15_2022,0.6846203125
LU15,LU15_18,2000,LU15_2022,0.7096331043956047
LU15,LU15_43,2000,LU15_2022,0.7049324438202245
LU15,LU15_10,2000,LU15_2022,0.7099168498168499
LU15,LU15_58,2000,LU15_2022,0.7160406023550727
LU15,LU15_8,2000,LU15_2022,0.7111133996212119
LU15,LU15_12,2000,LU15_2022,0.6907463315217393
LU15,LU15_17,2000,LU15_2022,0.7155905913978495
LU15,LU15_1,2000,LU15_2022,0.6757639279026216
LU15,LU15_26,2000,LU15_2022,0.6818421648550725
LU15,LU15_27,2000,LU15_2022,0.6888905787037037
LU15,LU15_28,2000,LU15_2022,0.6892288919413918
LU15,LU15_2,2000,LU15_2022,0.6848294675925928
LU15,LU15_29,2000,LU15_2022,0.6878969961240309
LU15,LU15_30,2000,LU15_2022,0.6935871990740741
LU15,LU15_31,2000,LU15_2022,0.6925083806818182
LU15,LU15_32,2000,LU15_2022,0.6918380445075759
LU15,LU15_20,2000,LU15_2022,0.7318650383141765
LU15,LU15_21,2000,LU15_2022,0.7470854619565221
LU15,LU15_23,2000,LU15_2022,0.7256901947463765
LU15,LU15_41,2000,LU15_2022,0.717092453703704
LU15,LU15_25,2000,LU15_2022,0.7198425724637684
LU15,LU15_9,2000,LU15_2022,0.7320000000000001
LU15,LU15_24,2000,LU15_2022,0.7400341533687944
LU15,LU15_46,2000,LU15_2022,0.7466457417582414
LU15,LU15_40,2000,LU15_2022,0.7153179307116105
LU15,LU15_16,2000,LU15_2022,0.712582467228464
LU15,LU15_4,2000,LU15_2022,0.6823924221611724
LU15,LU15_36,2000,LU15_2022,0.6912285185185185
LU15,LU15_3,2000,LU15_2022,0.721055516098485
LU15,LU15_15,2000,LU15_2022,0.7139425327715357
LU15,LU15_14,2000,LU15_2022,0.7194944128787878
LU15,LU15_22,2000,LU15_2022,0.7229682795698927
LU15,LU15_61,2000,LU15_2022,0.7084852982954546
LU21,LU21_106,2000,LU21_2022,0.7095087962962963
LU21,LU21_10,2000,LU21_2022,0.6877307175925924
LU21,LU21_16,2000,LU21_2022,0.6427646965579713
LU21,LU21_107,2000,LU21_2022,0.7036187952898547
LU21,LU21_41,2000,LU21_2022,0.6659163888888888
LU21,LU21_63,2000,LU21_2022,0.6440376404494385
LU21,LU21_27,2000,LU21_2022,0.6559764039855073
LU21,LU21_23,2000,LU21_2022,0.6692042361111109
LU21,LU21_21,2000,LU21_2022,0.6658607750896056
LU21,LU21_82,2000,LU21_2022,0.6964215126811596
LU21,LU21_871,2000,LU21_2022,0.7113218635531133
LU21,LU21_164,2000,LU21_2022,0.6321425462962961
LU21,LU21_36,2000,LU21_2022,0.6475257472826087
LU21,LU21_14,2000,LU21_2022,0.6579799715909093
LU21,LU21_32,2000,LU21_2022,0.6707780363475179
LU21,LU21_126,2000,LU21_2022,0.6764927083333334
LU21,LU21_122,2000,LU21_2022,0.6727520833333331
LU21,LU21_56,2000,LU21_2022,0.681549954710145
LU21,LU21_57,2000,LU21_2022,0.6650804742907801
LU21,LU21_9,2000,LU21_2022,0.6647500694444446
LU21,LU21_98,2000,LU21_2022,0.711971759259259
LU21,LU21_119,2000,LU21_2022,0.7101642210144924
LU21,LU21_52,2000,LU21_2022,0.6971021064814815
LU21,LU21_59,2000,LU21_2022,0.6606221827651513
LU21,LU21_68,2000,LU21_2022,0.6698921064814812
LU21,LU21_109,2000,LU21_2022,0.7064757554945051
LU21,LU21_93,2000,LU21_2022,0.7045433650362318
LU21,LU21_114,2000,LU21_2022,0.7337382638888886
LU21,LU21_105,2000,LU21_2022,0.7362813210227274
LU21,LU21_100,2000,LU21_2022,0.7097742361111113
LU21,LU21_74,2000,LU21_2022,0.7096163003663004
LU21,LU21_78,2000,LU21_2022,0.7235586021505382
LU21,LU21_153,2000,LU21_2022,0.7224315740740739
LU21,LU21_6,2000,LU21_2022,0.7296450842696626
LU21,LU21_116,2000,LU21_2022,0.7067768229166668
LU21,LU21_97,2000,LU21_2022,0.6672143593189968
LU1,LU1_13,2000,LU1_2022,0.6697170401728302
LU1,LU1_30,2000,LU1_2022,0.6944638731060606
LU1,LU1_85,2000,LU1_2022,0.7068120155038756
LU1,LU1_66,2000,LU1_2022,0.6662598958333333
LU1,LU1_76,2000,LU1_2022,0.6623868607954543
LU1,LU1_73,2000,LU1_2022,0.6798052203065131
LU1,LU1_75,2000,LU1_2022,0.6700528343023257
LU1,LU1_47,2000,LU1_2022,0.606349297752809
LU1,LU1_74,2000,LU1_2022,0.7507338304924243
LU1,LU1_44,2000,LU1_2022,0.583279569128788
LU1,LU1_41,2000,LU1_2022,0.616814225311989
LU1,LU1_64,2000,LU1_2022,0.6725368799603176
LU1,LU1_86,2000,LU1_2022,0.6761795784883721
LU1,LU1_79,2000,LU1_2022,0.6580605124521074
LU1,LU1_63,2000,LU1_2022,0.667940388257576
LU1,LU1_72,2000,LU1_2022,0.7032143438697315
LU1,LU1_67,2000,LU1_2022,0.7206902698863638
LU1,LU1_77,2000,LU1_2022,0.6559557291666667
LU1,LU1_32,2000,LU1_2022,0.7167623342803029
LU1,LU1_36,2000,LU1_2022,0.7023929450757579
LU1,LU1_84,2000,LU1_2022,0.7182586967054263
LU1,LU1_25,2000,LU1_2022,0.6412767857142859
LU1,LU1_83,2000,LU1_2022,0.7061830184108531
LU1,LU1_80,2000,LU1_2022,0.6910383996212124
LU1,LU1_70,2000,LU1_2022,0.720005634469697
LU1,LU1_48,2000,LU1_2022,0.670333988764045
LU1,LU1_45,2000,LU1_2022,0.7141608716475096
LU1,LU1_11,2000,LU1_2022,0.6064086274509806
LU1,LU1_40,2000,LU1_2022,0.719645014044944
LU1,LU1_6,2000,LU1_2022,0.7404377422480624
LU1,LU1_10,2000,LU1_2022,0.7427978693181817
LU1,LU1_43,2000,LU1_2022,0.6343284970238097
LU1,LU1_71,2000,LU1_2022,0.6357315164728683
LU1,LU1_22,2000,LU1_2022,0.6672189867424243
LU1,LU1_60,2000,LU1_2022,0.6863125478927201
LU1,LU1_78,2000,LU1_2022,0.6630019649621214
LU1,LU1_46,2000,LU1_2022,0.6343773013565892
LU1,LU1_82,2000,LU1_2022,0.71397659176030015
LU1,LU1_27,2000,LU1_2022,0.6640203598484848
LU9,LU9_5,2000,LU9_2023,0.519943771734869
LU9,LU9_6,2000,LU9_2023,0.6315905303573189
LU9,LU9_7,2000,LU9_2023,0.7438745471014494
LU9,LU9_8,2000,LU9_2023,0.7102824750161186
LU9,LU9_100,2000,LU9_2023,0.6705682350187263
LU9,LU9_102,2000,LU9_2023,0.7780426732209742
LU9,LU9_106,2000,LU9_2023,0.6799767755681819
LU9,LU9_112,2000,LU9_2023,0.6762257175925929
LU9,LU9_113,2000,LU9_2023,0.6723832875457876
LU9,LU9_12,2000,LU9_2023,0.7440341760299629
LU9,LU9_13,2000,LU9_2023,0.7467503009259258
LU9,LU9_18,2000,LU9_2023,0.7531127777777782
LU9,LU9_21,2000,LU9_2023,0.7411566435185185
LU9,LU9_24,2000,LU9_2023,0.7228908914728686
LU9,LU9_28,2000,LU9_2023,0.7458275462962959
LU9,LU9_29,2000,LU9_2023,0.7164440277777777
LU9,LU9_30,2000,LU9_2023,0.7149156137992829
LU9,LU9_31,2000,LU9_2023,0.7418439331501833
LU9,LU9_32,2000,LU9_2023,0.7581570601851851
LU9,LU9_33,2000,LU9_2023,0.7610820833333334
LU9,LU9_39,2000,LU9_2023,0.6925724431818181
LU9,LU9_41,2000,LU9_2023,0.7552289855072465
LU9,LU9_44,2000,LU9_2023,0.6921577178030301
LU9,LU9_51,2000,LU9_2023,0.6875930397727272
LU9,LU9_55,2000,LU9_2023,0.6923307116104869
LU9,LU9_57,2000,LU9_2023,0.6859292368913857
LU9,LU9_62,2000,LU9_2023,0.7516153409090905
LU9,LU9_63,2000,LU9_2023,0.7340383661048687
LU9,LU9_64,2000,LU9_2023,0.7375295880149808
LU9,LU9_65,2000,LU9_2023,0.6990516077898552
LU9,LU9_67,2000,LU9_2023,0.6939272529069768
LU9,LU9_68,2000,LU9_2023,0.6869455555555556
LU9,LU9_72,2000,LU9_2023,0.7363956541218641
LU9,LU9_73,2000,LU9_2023,0.7112685185185188
LU9,LU9_75,2000,LU9_2023,0.7034876170411987
LU9,LU9_76,2000,LU9_2023,0.6907337862318842
LU9,LU9_77,2000,LU9_2023,0.650553243371212
LU9,LU9_79,2000,LU9_2023,0.7141998626373627
LU9,LU9_80,2000,LU9_2023,0.7349269864341085
LU9,LU9_81,2000,LU9_2023,0.7111716619318182
LU9,LU9_82,2000,LU9_2023,0.7003720561594203
LU9,LU9_85,2000,LU9_2023,0.7296456250000001
LU9,LU9_86,2000,LU9_2023,0.6994471527777778
LU9,LU9_87,2000,LU9_2023,0.692219139194139
LU9,LU9_90,2000,LU9_2023,0.6939179347826088
LU9,LU9_93,2000,LU9_2023,0.761010763888889
LU9,LU9_94,2000,LU9_2023,0.7728946527777776
LU9,LU9_96,2000,LU9_2023,0.703767883895131
LU9,LU9_98,2000,LU9_2023,0.710368586142322
LU9,LU9_27,2000,LU9_2023,0.7033254166666671
LU14,LU14_3,2000,LU14_2023,0.71254177748227
LU14,LU14_7,2000,LU14_2023,0.7144837589605736
LU14,LU14_8,2000,LU14_2023,0.7173258333333336
LU14,LU14_9,2000,LU14_2023,0.7114464583333336
LU14,LU14_100,2000,LU14_2023,0.7184999327956989
LU14,LU14_102,2000,LU14_2023,0.7304930173992672
LU14,LU14_105,2000,LU14_2023,0.7409370345744681
LU14,LU14_110,2000,LU14_2023,0.7010485593971629
LU14,LU14_114,2000,LU14_2023,0.7238605540293042
LU14,LU14_115,2000,LU14_2023,0.7035349122807021
LU14,LU14_120,2000,LU14_2023,0.6992848625886523
LU14,LU14_121,2000,LU14_2023,0.707520394736842
LU14,LU14_131,2000,LU14_2023,0.7107955197132619
LU14,LU14_135,2000,LU14_2023,0.6874822030141847
LU14,LU14_16,2000,LU14_2023,0.7153841666666664
LU14,LU14_17,2000,LU14_2023,0.7245206730769226
LU14,LU14_19,2000,LU14_2023,0.6979668981481479
LU14,LU14_20,2000,LU14_2023,0.6992879528985507
LU14,LU14_250,2000,LU14_2023,0.7330920434397161
LU14,LU14_30,2000,LU14_2023,0.7064180480072461
LU14,LU14_31,2000,LU14_2023,0.7034885080645158
LU14,LU14_33,2000,LU14_2023,0.7230193418560608
LU14,LU14_37,2000,LU14_2023,0.7309251568100356
LU14,LU14_47,2000,LU14_2023,0.7442745244565218
LU14,LU14_48,2000,LU14_2023,0.743638405797102
LU14,LU14_49,2000,LU14_2023,0.7333132472826086
LU14,LU14_51,2000,LU14_2023,0.7570867361111114
LU14,LU14_54,2000,LU14_2023,0.7104276433691754
LU14,LU14_56,2000,LU14_2023,0.7277937056737591
LU14,LU14_57,2000,LU14_2023,0.7246667134831458
LU14,LU14_61,2000,LU14_2023,0.6900820833333335
LU14,LU14_62,2000,LU14_2023,0.7105437278368796
LU14,LU14_63,2000,LU14_2023,0.6988963874113474
LU14,LU14_66,2000,LU14_2023,0.6852720643939396
LU14,LU14_70,2000,LU14_2023,0.7182185648148152
LU14,LU14_71,2000,LU14_2023,0.7141080842391305
LU14,LU14_72,2000,LU14_2023,0.7182190046296297
LU14,LU14_74,2000,LU14_2023,0.7330880383895131
LU14,LU14_76,2000,LU14_2023,0.719732956560284
LU14,LU14_78,2000,LU14_2023,0.7601407771535579
LU14,LU14_80,2000,LU14_2023,0.6928751551418441
LU14,LU14_84,2000,LU14_2023,0.7014182845744682
LU14,LU14_85,2000,LU14_2023,0.6895353270609317
LU14,LU14_86,2000,LU14_2023,0.7407423464912283
LU14,LU14_88,2000,LU14_2023,0.7224698028673835
LU14,LU14_91,2000,LU14_2023,0.6987125438596494
LU14,LU14_92,2000,LU14_2023,0.7082499999999999
LU14,LU14_96,2000,LU14_2023,0.739180846774194
LU14,LU14_97,2000,LU14_2023,0.714264809782609
LU14,LU14_75,2000,LU14_2023,0.7157618572695036
LU16,LU16_2,2000,LU16_2023,0.6968694067028991
LU16,LU16_3,2000,LU16_2023,0.6873545516304349
LU16,LU16_15,2000,LU16_2023,0.6915212862318842
LU16,LU16_20,2000,LU16_2023,0.6880723901098905
LU16,LU16_200,2000,LU16_2023,0.6963193996415771
LU16,LU16_201,2000,LU16_2023,0.6726720079787235
LU16,LU16_202,2000,LU16_2023,0.6386689351851853
LU16,LU16_203,2000,LU16_2023,0.6809257757092199
LU16,LU16_22,2000,LU16_2023,0.7090201019503549
LU16,LU16_23,2000,LU16_2023,0.6909809953703702
LU16,LU16_24,2000,LU16_2023,0.6996570478723405
LU16,LU16_25,2000,LU16_2023,0.6994096631205675
LU16,LU16_26,2000,LU16_2023,0.6920596710526318
LU16,LU16_270,2000,LU16_2023,0.6136885416666669
LU16,LU16_28,2000,LU16_2023,0.6951343528368796
LU16,LU16_300,2000,LU16_2023,0.6626327732974912
LU16,LU16_301,2000,LU16_2023,0.5847368981481482
LU16,LU16_302,2000,LU16_2023,0.6660646719858154
LU16,LU16_303,2000,LU16_2023,0.6086629755434781
LU16,LU16_313,2000,LU16_2023,0.6715258064516129
LU16,LU16_314,2000,LU16_2023,0.6286831153100778
LU16,LU16_36,2000,LU16_2023,0.6849995659722224
LU16,LU16_37,2000,LU16_2023,0.7092816435185185
LU16,LU16_49,2000,LU16_2023,0.5967090053763441
LU16,LU16_52,2000,LU16_2023,0.6029082446808512
LU16,LU16_54,2000,LU16_2023,0.6065051535087718
LU16,LU16_55,2000,LU16_2023,0.6196248842592594
LU16,LU16_57,2000,LU16_2023,0.6112030117753621
LU16,LU16_58,2000,LU16_2023,0.6049035373263886
LU16,LU16_60,2000,LU16_2023,0.6206410964912277
LU16,LU16_62,2000,LU16_2023,0.574949365942029
LU16,LU16_63,2000,LU16_2023,0.5973545614035088
LU16,LU16_64,2000,LU16_2023,0.6036313873626373
LU16,LU16_67,2000,LU16_2023,0.6234258114035088
LU16,LU16_68,2000,LU16_2023,0.5445249526515152
LU16,LU16_69,2000,LU16_2023,0.5890068324372758
LU16,LU16_70,2000,LU16_2023,0.5570372710622713
LU16,LU16_71,2000,LU16_2023,0.54916768707483
LU16,LU16_72,2000,LU16_2023,0.6400113888888893
LU16,LU16_73,2000,LU16_2023,0.6194230510752692
LU16,LU16_74,2000,LU16_2023,0.6229944139194142
LU16,LU16_75,2000,LU16_2023,0.5880829122340425
LU16,LU16_77,2000,LU16_2023,0.5544065934065936
LU16,LU16_80,2000,LU16_2023,0.578392685688406
LU16,LU16_81,2000,LU16_2023,0.5742539175724637
LU16,LU16_83,2000,LU16_2023,0.5935770394736843
LU16,LU16_84,2000,LU16_2023,0.5870105468750004
LU16,LU16_85,2000,LU16_2023,0.6090581140350878
LU16,LU16_88,2000,LU16_2023,0.5644107269503547
LU22,LU22_110,2000,LU22_2023,0.7451702083333334
LU22,LU22_48,2000,LU22_2023,0.7588145601851849
LU22,LU22_107,2000,LU22_2023,0.7451583109318998
LU22,LU22_49,2000,LU22_2023,0.7700427969858153
LU22,LU22_103,2000,LU22_2023,0.746875109649123
LU22,LU22_44,2000,LU22_2023,0.7569059895833331
LU22,LU22_21,2000,LU22_2023,0.7842475769927542
LU22,LU22_15,2000,LU22_2023,0.7749746010638299
LU22,LU22_50,2000,LU22_2023,0.7422060035842293
LU22,LU22_38,2000,LU22_2023,0.7519062273550727
LU22,LU22_22,2000,LU22_2023,0.7777680407801417
LU22,LU22_85,2000,LU22_2023,0.7077313172043014
LU22,LU22_33,2000,LU22_2023,0.7490507638888886
LU22,LU22_34,2000,LU22_2023,0.7381459663120568
LU22,LU22_11,2000,LU22_2023,0.7293719551282051
LU22,LU22_29,2000,LU22_2023,0.7731478940217391
LU22,LU22_86,2000,LU22_2023,0.7124014719202905
LU22,LU22_80,2000,LU22_2023,0.7325704973118279
LU22,LU22_17,2000,LU22_2023,0.7822316932624113
LU22,LU22_35,2000,LU22_2023,0.7602749999999998
LU22,LU22_63,2000,LU22_2023,0.6760698359929079
LU22,LU22_30,2000,LU22_2023,0.7814997311827958
LU22,LU22_4,2000,LU22_2023,0.7114019428838951
LU22,LU22_36,2000,LU22_2023,0.7347348625886525
LU22,LU22_76,2000,LU22_2023,0.7011848847517732
LU22,LU22_5,2000,LU22_2023,0.7528137544802869
LU22,LU22_87,2000,LU22_2023,0.721588078703704
LU22,LU22_25,2000,LU22_2023,0.7657329629629626
LU22,LU22_89,2000,LU22_2023,0.7096868503584234
LU22,LU22_18,2000,LU22_2023,0.7596012411347514
LU22,LU22_32,2000,LU22_2023,0.7462883012820513
LU22,LU22_8,2000,LU22_2023,0.7604313179347824
LU22,LU22_6,2000,LU22_2023,0.7558153590425537
LU22,LU22_81,2000,LU22_2023,0.7093876602564104
LU22,LU22_7,2000,LU22_2023,0.7634395375457876
LU22,LU22_69,2000,LU22_2023,0.7267973464912283
LU22,LU22_70,2000,LU22_2023,0.74634802748227
LU22,LU22_82,2000,LU22_2023,0.7492172554347825
LU22,LU22_94,2000,LU22_2023,0.7512369212962956
LU22,LU22_101,2000,LU22_2023,0.7463057971014493
LU22,LU22_71,2000,LU22_2023,0.7496209005376349
LU22,LU22_77,2000,LU22_2023,0.7519476190476189
LU22,LU22_72,2000,LU22_2023,0.7564128009259261
LU22,LU22_65,2000,LU22_2023,0.7525075925925929
LU22,LU22_60,2000,LU22_2023,0.7488392952127657
LU22,LU22_61,2000,LU22_2023,0.7696530585106383
LU22,LU22_53,2000,LU22_2023,0.7738700860507245
LU22,LU22_46,2000,LU22_2023,0.7587096920289855
LU22,LU22_40,2000,LU22_2023,0.740215511775362
LU22,LU22_47,2000,LU22_2023,0.751525959737828
LU4,LU4_N15_24,2000,LU4_2024,0.7027444054307115
LU4,LU4_M14_24,2000,LU4_2024,0.7014877340823972
LU4,LU4_J14_24,2000,LU4_2024,0.6849256018518518
LU4,LU4_J15_24,2000,LU4_2024,0.6617209117566829
LU4,LU4_I12_24,2000,LU4_2024,0.6798347461685823
LU4,LU4_I13_24,2000,LU4_2024,0.6627641312183807
LU4,LU4_Q10_24,2000,LU4_2024,0.7186595238095238
LU4,LU4_O10_24,2000,LU4_2024,0.7194831694756555
LU4,LU4_R7_24,2000,LU4_2024,0.7111471990740739
LU4,LU4_R9_24,2000,LU4_2024,0.7256688904494382
LU4,LU4_T8_24,2000,LU4_2024,0.7296924859550562
LU4,LU4_O16_24,2000,LU4_2024,0.6722226388888889
LU4,LU4_J26_24,2000,LU4_2024,0.6776855377906977
LU4,LU4_K25_24,2000,LU4_2024,0.6830900641025636
LU4,LU4_L23_24,2000,LU4_2024,0.6986241477272727
LU4,LU4_H26_24,2000,LU4_2024,0.6693410112359548
LU4,LU4_K23_24,2000,LU4_2024,0.6920284111721614
LU4,LU4_J21_24,2000,LU4_2024,0.7208159644194759
LU4,LU4_I21_24,2000,LU4_2024,0.7178693749999998
LU4,LU4_N30_24,2000,LU4_2024,0.6888964351851855
LU4,LU4_O23_24,2000,LU4_2024,0.6792123198470214
LU4,LU4_O22_24,2000,LU4_2024,0.7203927205882353
LU4,LU4_L18_24,2000,LU4_2024,0.6679519240723044
LU4,LU4_L17_24,2000,LU4_2024,0.6751991394927536
LU4,LU4_K17_24,2000,LU4_2024,0.6865986342592594
LU4,LU4_K19_24,2000,LU4_2024,0.7269854166666664
LU4,LU4_I22_24,2000,LU4_2024,0.7082304450757575
LU4,LU4_Q20_24,2000,LU4_2024,0.6482110649461519
LU4,LU4_V25_24,2000,LU4_2024,0.6841809691011239
LU4,LU4_P22_24,2000,LU4_2024,0.7077496020599252
LU4,LU4_O21_24,2000,LU4_2024,0.7469804861111115
LU4,LU4_P17_24,2000,LU4_2024,0.6781289814814813
LU4,LU4_Q16_24,2000,LU4_2024,0.6786748579545452
LU4,LU4_V19_24,2000,LU4_2024,0.7112856975655434
LU4,LU4_O17_24,2000,LU4_2024,0.6703501420454546
LU4,LU4_W19_24,2000,LU4_2024,0.7063798689138576
LU4,LU4_Y25_24,2000,LU4_2024,0.7086538352272727
LU4,LU4_S17_24,2000,LU4_2024,0.696913953488372
LU4,LU4_S18_24,2000,LU4_2024,0.695605138888889
LU4,LU4_R14_24,2000,LU4_2024,0.7006362068965517
LU4,LU4_V17_24,2000,LU4_2024,0.696641853932584
LU4,LU4_U15_24,2000,LU4_2024,0.680593796296296
LU4,LU4_M12_24,2000,LU4_2024,0.710606554307116
LU4,LU4_O13_24,2000,LU4_2024,0.7394738636363641
LU4,LU4_P15_24,2000,LU4_2024,0.6865874289772731
LU4,LU4_E15_24,2000,LU4_2024,0.680877598314607
LU4,LU4_G17_24,2000,LU4_2024,0.6991711767399267
LU4,LU4_G13_24,2000,LU4_2024,0.6627794507575759
LU4,LU4_G12_24,2000,LU4_2024,0.665101282051282
LU4,LU4_F14_24,2000,LU4_2024,0.6646675595238095
LU3,LU3_102_24,2000,LU3_2024,0.7049959722222224
LU3,LU3_5_24,2000,LU3_2024,0.7060650231481485
LU3,LU3_103_24,2000,LU3_2024,0.7199225378787876
LU3,LU3_131_24,2000,LU3_2024,0.7342779398148145
LU3,LU3_39_24,2000,LU3_2024,0.669627949438202
LU3,LU3_18_24,2000,LU3_2024,0.6837527935606058
LU3,LU3_20_24,2000,LU3_2024,0.6589834043560604
LU3,LU3_19_24,2000,LU3_2024,0.6668867977528092
LU3,LU3_111_24,2000,LU3_2024,0.6486903637740058
LU3,LU3_AB21_24,2000,LU3_2024,0.7095703417602995
LU3,LU3_27_24,2000,LU3_2024,0.6854586376404493
LU3,LU3_36_24,2000,LU3_2024,0.6646745833333336
LU3,LU3_40_24,2000,LU3_2024,0.6994891335227275
LU3,LU3_41_24,2000,LU3_2024,0.7063779829545457
LU3,LU3_52_24,2000,LU3_2024,0.6173242816091953
LU3,LU3_15_24,2000,LU3_2024,0.6972732677902623
LU3,LU3_44_24,2000,LU3_2024,0.6576085205992509
LU3,LU3_17_24,2000,LU3_2024,0.6806319675925923
LU3,LU3_147_24,2000,LU3_2024,0.6702608848314606
LU3,LU3_51_24,2000,LU3_2024,0.6697982638888889
LU3,LU3_AH7_24,2000,LU3_2024,0.7077805243445694
LU3,LU3_126_24,2000,LU3_2024,0.7136525983146067
LU3,LU3_129_24,2000,LU3_2024,0.6407906132958803
LU3,LU3_28_24,2000,LU3_2024,0.6364538461538459
LU3,LU3_AH14_24,2000,LU3_2024,0.7175382662835248
LU3,LU3_38_24,2000,LU3_2024,0.6944916906130268
LU3,LU3_13_24,2000,LU3_2024,0.7036249063670411
LU3,LU3_25_24,2000,LU3_2024,0.6486107244318182
LU3,LU3_21_24,2000,LU3_2024,0.712743418560606
LU3,LU3_AC10_24,2000,LU3_2024,0.7075908101851851
LU3,LU3_46_24,2000,LU3_2024,0.7266457397003748
LU3,LU3_10_24,2000,LU3_2024,0.707627391098485
LU3,LU3_AE12_24,2000,LU3_2024,0.7160132958801503
LU3,LU3_7_24,2000,LU3_2024,0.6812575096899223
LU3,LU3_14_24,2000,LU3_2024,0.6950663857677899
LU3,LU3_137_24,2000,LU3_2024,0.686500162037037
LU3,LU3_M20_24,2000,LU3_2024,0.7148134469696967
LU3,LU3_L22_24,2000,LU3_2024,0.6749062962962961
LU3,LU3_J23_24,2000,LU3_2024,0.7089400804924244
LU3,LU3_U6_24,2000,LU3_2024,0.6925795343137255
LU3,LU3_L16_24,2000,LU3_2024,0.6653936329588014
LU3,LU3_N18_24,2000,LU3_2024,0.716996575670498
LU3,LU3_L15_24,2000,LU3_2024,0.6674826076779027
LU3,LU3_32_24,2000,LU3_2024,0.6993306034482758
LU3,LU3_W7_24,2000,LU3_2024,0.6694504971590904
LU3,LU3_45_24,2000,LU3_2024,0.7081022237827713
LU3,LU3_50_24,2000,LU3_2024,0.7152951851851853
LU3,LU3_49_24,2000,LU3_2024,0.6956536516853933
LU3,LU3_Y8_24,2000,LU3_2024,0.6761531018518515
LU3,LU3_48_24,2000,LU3_2024,0.6816956226591757
LU2,LU2_21_24,2000,LU2_2024,0.7374238636363635
LU2,LU2_34_24,2000,LU2_2024,0.7709750496031748
LU2,LU2_O25_24,2000,LU2_2024,0.769712406367041
LU2,LU2_W21_24,2000,LU2_2024,0.7800530066287883
LU2,LU2_36_24,2000,LU2_2024,0.7822205637254901
LU2,LU2_15_24,2000,LU2_2024,0.7692138967803032
LU2,LU2_13_24,2000,LU2_2024,0.7708190852490419
LU2,LU2_5_24,2000,LU2_2024,0.6929168773408243
LU2,LU2_101_24,2000,LU2_2024,0.5925696025672152
LU2,LU2_32_24,2000,LU2_2024,0.7050860943775101
LU2,LU2_Q24_24,2000,LU2_2024,0.7590811288759689
LU2,LU2_56_24,2000,LU2_2024,0.7778742490310079
LU2,LU2_I15_24,2000,LU2_2024,0.7729447679924243
LU2,LU2_L20_24,2000,LU2_2024,0.7552650804924241
LU2,LU2_L46_24,2000,LU2_2024,0.7528165455426358
LU2,LU2_110_24,2000,LU2_2024,0.77606171875
LU2,LU2_39_24,2000,LU2_2024,0.7663349668560607
LU2,LU2_17_24,2000,LU2_2024,0.7576791914682538
LU2,LU2_155_24,2000,LU2_2024,0.7679099206349207
LU2,LU2_50_24,2000,LU2_2024,0.7622149147727274
LU2,LU2_O16_24,2000,LU2_2024,0.7582264441287877
LU2,LU2_U13_24,2000,LU2_2024,0.776554427083333
LU2,LU2_44_24,2000,LU2_2024,0.7654422222222224
LU2,LU2_143_24,2000,LU2_2024,0.7663959043560606
LU2,LU2_18_24,2000,LU2_2024,0.7725814894636016
LU2,LU2_52_24,2000,LU2_2024,0.7725277855805246
LU2,LU2_123_24,2000,LU2_2024,0.7516304656862743
LU2,LU2_H16_24,2000,LU2_2024,0.7734649019607843
LU2,LU2_27_24,2000,LU2_2024,0.770126077586207
LU2,LU2_31_24,2000,LU2_2024,0.7659776041666668
LU2,LU2_3_24,2000,LU2_2024,0.7678167151162794
LU2,LU2_J27_24,2000,LU2_2024,0.7567728664658634
LU2,LU2_E27_24,2000,LU2_2024,0.7621231082375479
LU2,LU2_G25_24,2000,LU2_2024,0.7600204782196969
LU2,LU2_G26_24,2000,LU2_2024,0.7554393258426961
LU2,LU2_106_24,2000,LU2_2024,0.7222484738372096
LU2,LU2_20_24,2000,LU2_2024,0.7420309422348482
LU2,LU2_25_24,2000,LU2_2024,0.767149824297189
LU2,LU2_40_24,2000,LU2_2024,0.7531736032196971
LU2,LU2_38_24,2000,LU2_2024,0.7454212643678165
LU2,LU2_137_24,2000,LU2_2024,0.748993357843137
LU2,LU2_47_24,2000,LU2_2024,0.7775694522471912
LU2,LU2_26_24,2000,LU2_2024,0.7647103929924242
LU2,LU2_H26_24,2000,LU2_2024,0.7561691860465117
LU2,LU2_29_24,2000,LU2_2024,0.7424592672413789
LU2,LU2_K26_24,2000,LU2_2024,0.7498415931372548
LU2,LU2_100_24,2000,LU2_2024,0.7357008522727273
LU2,LU2_30_24,2000,LU2_2024,0.7419890128968255
LU2,LU2_33_24,2000,LU2_2024,0.7766366465863456
LU2,LU2_M25_24,2000,LU2_2024,0.7559948164682537
LU8,LU8_N19_24,2000,LU8_2024,0.7571682870370372
LU8,LU8_M19_24,2000,LU8_2024,0.7617351877289376
LU8,LU8_N20_24,2000,LU8_2024,0.7485410580524344
LU8,LU8_O20_24,2000,LU8_2024,0.7057154033687943
LU8,LU8_N18_24,2000,LU8_2024,0.7603947149122804
LU8,LU8_S25_24,2000,LU8_2024,0.7139668640350882
LU8,LU8_AC29_24,2000,LU8_2024,0.6810996415770608
LU8,LU8_AC28_24,2000,LU8_2024,0.6657627240143366
LU8,LU8_AB29_24,2000,LU8_2024,0.638979693223443
LU8,LU8_AC30_24,2000,LU8_2024,0.696972546296296
LU8,LU8_T25_24,2000,LU8_2024,0.7054095601851853
LU8,LU8_S24_24,2000,LU8_2024,0.7116137268518519
LU8,LU8_AE29_24,2000,LU8_2024,0.6701390008960574
LU8,LU8_AD29_24,2000,LU8_2024,0.6619601728723403
LU8,LU8_AD28_24,2000,LU8_2024,0.650882509157509
LU8,LU8_AD27_24,2000,LU8_2024,0.6271545212765958
LU8,LU8_AC24_24,2000,LU8_2024,0.6181336693548387
LU8,LU8_AC25_24,2000,LU8_2024,0.6363713541666669
LU8,LU8_AC31_24,2000,LU8_2024,0.6861330421146952
LU8,LU8_AB31_24,2000,LU8_2024,0.6987922491039424
LU2,LU2_3,2250,LU2_2021,0.7690937687687693
LU2,LU2_5,2250,LU2_2021,0.6704965192687746
LU2,LU2_100,2250,LU2_2021,0.7340458896396389
LU2,LU2_101,2250,LU2_2021,0.6022113787937189
LU2,LU2_106,2250,LU2_2021,0.7286907845345345
LU2,LU2_110,2250,LU2_2021,0.7754464831804283
LU2,LU2_119,2250,LU2_2021,0.7431568530701751
LU2,LU2_123,2250,LU2_2021,0.7502832207207208
LU2,LU2_13,2250,LU2_2021,0.7715382998511906
LU2,LU2_137,2250,LU2_2021,0.7501446533923305
LU2,LU2_143,2250,LU2_2021,0.7685353228228227
LU2,LU2_15,2250,LU2_2021,0.7703333521021025
LU2,LU2_153,2250,LU2_2021,0.7515440127627626
LU2,LU2_155,2250,LU2_2021,0.7686129734848484
LU2,LU2_17,2250,LU2_2021,0.7571311353211012
LU2,LU2_18,2250,LU2_2021,0.7727104714912281
LU2,LU2_20,2250,LU2_2021,0.7431058183183182
LU2,LU2_21,2250,LU2_2021,0.7403739025297622
LU2,LU2_24,2250,LU2_2021,0.743072018348624
LU2,LU2_25,2250,LU2_2021,0.7671772135416667
LU2,LU2_26,2250,LU2_2021,0.7657188668224303
LU2,LU2_27,2250,LU2_2021,0.7707452355072465
LU2,LU2_29,2250,LU2_2021,0.7453906736760126
LU2,LU2_30,2250,LU2_2021,0.7438749436936939
LU2,LU2_31,2250,LU2_2021,0.7667589831804282
LU2,LU2_32,2250,LU2_2021,0.7006338913690477
LU2,LU2_33,2250,LU2_2021,0.7740188636363639
LU2,LU2_34,2250,LU2_2021,0.7670911458333333
LU2,LU2_36,2250,LU2_2021,0.7810191066066067
LU2,LU2_38,2250,LU2_2021,0.7479245163690476
LU2,LU2_39,2250,LU2_2021,0.765507282282282
LU2,LU2_40,2250,LU2_2021,0.7525412878787877
LU2,LU2_42,2250,LU2_2021,0.773543037280702
LU2,LU2_44,2250,LU2_2021,0.7660443535825543
LU2,LU2_46,2250,LU2_2021,0.7545019318181824
LU2,LU2_47,2250,LU2_2021,0.7760657386363635
LU2,LU2_50,2250,LU2_2021,0.7603857445987653
LU2,LU2_51,2250,LU2_2021,0.711385331728478
LU2,LU2_52,2250,LU2_2021,0.7728906057098767
LU2,LU2_54,2250,LU2_2021,0.7757381307339453
LU2,LU2_56,2250,LU2_2021,0.7769058103975532
LU2,LU2_57,2250,LU2_2021,0.7357959687715665
LU3,LU3_5,2250,LU3_2021,0.7058096022727276
LU3,LU3_7,2250,LU3_2021,0.6818248709439528
LU3,LU3_10,2250,LU3_2021,0.7059711123511903
LU3,LU3_102,2250,LU3_2021,0.7046670538348085
LU3,LU3_103,2250,LU3_2021,0.7168187878787879
LU3,LU3_106,2250,LU3_2021,0.7010686941964287
LU3,LU3_111,2250,LU3_2021,0.6541611112466652
LU3,LU3_126,2250,LU3_2021,0.7116350146198829
LU3,LU3_129,2250,LU3_2021,0.6386887426900584
LU3,LU3_13,2250,LU3_2021,0.7063113914373087
LU3,LU3_131,2250,LU3_2021,0.7322090840840837
LU3,LU3_137,2250,LU3_2021,0.6879726376488093
LU3,LU3_14,2250,LU3_2021,0.6961816002949851
LU3,LU3_147,2250,LU3_2021,0.6652780871212122
LU3,LU3_15,2250,LU3_2021,0.6899369517543859
LU3,LU3_17,2250,LU3_2021,0.6810785900297616
LU3,LU3_18,2250,LU3_2021,0.6838132998511902
LU3,LU3_19,2250,LU3_2021,0.6704647553516818
LU3,LU3_20,2250,LU3_2021,0.6621767909356728
LU3,LU3_21,2250,LU3_2021,0.7090161504424781
LU3,LU3_25,2250,LU3_2021,0.6577423303834807
LU3,LU3_27,2250,LU3_2021,0.6879260894495415
LU3,LU3_28,2250,LU3_2021,0.6382471096096094
LU3,LU3_32,2250,LU3_2021,0.6976572259759758
LU3,LU3_36,2250,LU3_2021,0.6709847470238092
LU3,LU3_38,2250,LU3_2021,0.6871074378654969
LU3,LU3_39,2250,LU3_2021,0.6734974144345239
LU3,LU3_40,2250,LU3_2021,0.7036564875730996
LU3,LU3_41,2250,LU3_2021,0.7111451576576575
LU3,LU3_44,2250,LU3_2021,0.66241913377193
LU3,LU3_45,2250,LU3_2021,0.7082183662280699
LU3,LU3_46,2250,LU3_2021,0.7201274925595238
LU3,LU3_48,2250,LU3_2021,0.6832569382440479
LU3,LU3_50,2250,LU3_2021,0.7146161174242421
LU3,LU3_51,2250,LU3_2021,0.6697578078078076
LU3,LU3_52,2250,LU3_2021,0.615331884057971
LU3,LU3_49,2250,LU3_2021,0.6959614015151518
LU13,LU13_18,2250,LU13_2022,0.5522135679271709
LU13,LU13_15,2250,LU13_2022,0.6251
LU13,LU13_3,2250,LU13_2022,0.6432083155270656
LU13,LU13_34,2250,LU13_2022,0.6208768361581918
LU13,LU13_57,2250,LU13_2022,0.6997925595238097
LU13,LU13_16,2250,LU13_2022,0.6321103641456587
LU13,LU13_21,2250,LU13_2022,0.5214215220385678
LU13,LU13_37,2250,LU13_2022,0.6825784488795519
LU13,LU13_55,2250,LU13_2022,0.6902366379310342
LU13,LU13_47,2250,LU13_2022,0.7097460847701144
LU13,LU13_51,2250,LU13_2022,0.7137616452991459
LU13,LU13_27,2250,LU13_2022,0.7127280884502929
LU13,LU13_5,2250,LU13_2022,0.7160433938746436
LU13,LU13_26,2250,LU13_2022,0.7104968043785314
LU13,LU13_35,2250,LU13_2022,0.6274952813390311
LU13,LU13_13,2250,LU13_2022,0.7071782037815124
LU13,LU13_128,2250,LU13_2022,0.7083143008474574
LU13,LU13_131,2250,LU13_2022,0.7016366485507244
LU13,LU13_12,2250,LU13_2022,0.7057672720797722
LU13,LU13_33,2250,LU13_2022,0.695449836956522
LU13,LU13_32,2250,LU13_2022,0.6867887955182074
LU13,LU13_30,2250,LU13_2022,0.6744805978260873
LU13,LU13_53,2250,LU13_2022,0.7002099358974357
LU13,LU13_22,2250,LU13_2022,0.7173607040229889
LU13,LU13_19,2250,LU13_2022,0.713740854519774
LU13,LU13_45,2250,LU13_2022,0.720797750737463
LU13,LU13_8,2250,LU13_2022,0.7217809985632179
LU13,LU13_43,2250,LU13_2022,0.724176477920228
LU13,LU13_41,2250,LU13_2022,0.7185661899717516
LU13,LU13_59,2250,LU13_2022,0.7012336088154267
LU13,LU13_6,2250,LU13_2022,0.7076145655270653
LU13,LU13_14,2250,LU13_2022,0.7191548311781609
LU13,LU13_52,2250,LU13_2022,0.654449824929972
LU13,LU13_36,2250,LU13_2022,0.6843023860398858
LU13,LU13_38,2250,LU13_2022,0.6872916487068963
LU13,LU13_20,2250,LU13_2022,0.7143877536231881
LU13,LU13_17,2250,LU13_2022,0.7039421783625731
LU13,LU13_56,2250,LU13_2022,0.7121523658192092
LU13,LU13_49,2250,LU13_2022,0.7097069502801114
LU13,LU13_70,2250,LU13_2022,0.70608589876033
LU13,LU13_11,2250,LU13_2022,0.7097222756410253
LU15,LU15_44,2250,LU15_2022,0.7047134858630951
LU15,LU15_11,2250,LU15_2022,0.698290588450292
LU15,LU15_19,2250,LU15_2022,0.7006201822916663
LU15,LU15_7,2250,LU15_2022,0.7356718936011906
LU15,LU15_34,2250,LU15_2022,0.7108593201754387
LU15,LU15_37,2250,LU15_2022,0.6852545138888888
LU15,LU15_18,2250,LU15_2022,0.7101325075075079
LU15,LU15_43,2250,LU15_2022,0.7053096673976611
LU15,LU15_10,2250,LU15_2022,0.7102193399705017
LU15,LU15_58,2250,LU15_2022,0.7176457435344823
LU15,LU15_8,2250,LU15_2022,0.7109883771929822
LU15,LU15_12,2250,LU15_2022,0.6916021564327487
LU15,LU15_17,2250,LU15_2022,0.7158522644927534
LU15,LU15_1,2250,LU15_2022,0.6780125718390804
LU15,LU15_26,2250,LU15_2022,0.6833846673976608
LU15,LU15_27,2250,LU15_2022,0.6890630665204679
LU15,LU15_28,2250,LU15_2022,0.6894538405797106
LU15,LU15_2,2250,LU15_2022,0.6862274275362318
LU15,LU15_29,2250,LU15_2022,0.6899052898550724
LU15,LU15_30,2250,LU15_2022,0.694120036231884
LU15,LU15_31,2250,LU15_2022,0.6939105253623189
LU15,LU15_32,2250,LU15_2022,0.6941006884057974
LU15,LU15_20,2250,LU15_2022,0.7278843115942032
LU15,LU15_21,2250,LU15_2022,0.745493085488506
LU15,LU15_23,2250,LU15_2022,0.7243184941520464
LU15,LU15_41,2250,LU15_2022,0.7189956140350876
LU15,LU15_25,2250,LU15_2022,0.7196579312865499
LU15,LU15_9,2250,LU15_2022,0.7319147321428573
LU15,LU15_24,2250,LU15_2022,0.7407340826023395
LU15,LU15_46,2250,LU15_2022,0.7451078683035715
LU15,LU15_40,2250,LU15_2022,0.7145087239583334
LU15,LU15_16,2250,LU15_2022,0.7120112938596488
LU15,LU15_4,2250,LU15_2022,0.6850027777777777
LU15,LU15_36,2250,LU15_2022,0.6927457789855075
LU15,LU15_3,2250,LU15_2022,0.7204249817251462
LU15,LU15_15,2250,LU15_2022,0.7158332602339185
LU15,LU15_14,2250,LU15_2022,0.7178364762931038
LU15,LU15_22,2250,LU15_2022,0.7247341123188409
LU15,LU15_61,2250,LU15_2022,0.7127424389367811
LU21,LU21_106,2250,LU21_2022,0.704846032608695
LU21,LU21_10,2250,LU21_2022,0.6834276992753623
LU21,LU21_16,2250,LU21_2022,0.6382534845132742
LU21,LU21_107,2250,LU21_2022,0.6991595868644072
LU21,LU21_41,2250,LU21_2022,0.6646545504385962
LU21,LU21_63,2250,LU21_2022,0.6458506521739134
LU21,LU21_27,2250,LU21_2022,0.6551859649122812
LU21,LU21_23,2250,LU21_2022,0.6696672186609683
LU21,LU21_21,2250,LU21_2022,0.6647418642241377
LU21,LU21_82,2250,LU21_2022,0.6956909420289853
LU21,LU21_871,2250,LU21_2022,0.7081906517094022
LU21,LU21_164,2250,LU21_2022,0.6372895121082622
LU21,LU21_36,2250,LU21_2022,0.6510618534482758
LU21,LU21_14,2250,LU21_2022,0.6563349180911685
LU21,LU21_32,2250,LU21_2022,0.6700807105654759
LU21,LU21_126,2250,LU21_2022,0.6746094551282056
LU21,LU21_122,2250,LU21_2022,0.6768022598870057
LU21,LU21_56,2250,LU21_2022,0.6819999446902649
LU21,LU21_57,2250,LU21_2022,0.6684852704678358
LU21,LU21_9,2250,LU21_2022,0.666661512212644
LU21,LU21_98,2250,LU21_2022,0.7120884848484853
LU21,LU21_119,2250,LU21_2022,0.705162207602339
LU21,LU21_52,2250,LU21_2022,0.6966942004504502
LU21,LU21_59,2250,LU21_2022,0.6635029813218389
LU21,LU21_68,2250,LU21_2022,0.6553496557971014
LU21,LU21_109,2250,LU21_2022,0.7033455752212388
LU21,LU21_93,2250,LU21_2022,0.703427191091954
LU21,LU21_114,2250,LU21_2022,0.7319396192528733
LU21,LU21_105,2250,LU21_2022,0.7346728260869563
LU21,LU21_100,2250,LU21_2022,0.7084186594202903
LU21,LU21_74,2250,LU21_2022,0.7125011160714291
LU21,LU21_78,2250,LU21_2022,0.7227095619658119
LU21,LU21_153,2250,LU21_2022,0.724870561594203
LU21,LU21_6,2250,LU21_2022,0.7288183582621085
LU21,LU21_116,2250,LU21_2022,0.7063008081896555
LU21,LU21_97,2250,LU21_2022,0.6676016666666669
LU1,LU1_13,2250,LU1_2022,0.6662702391707807
LU1,LU1_30,2250,LU1_2022,0.6956889484126983
LU1,LU1_85,2250,LU1_2022,0.7033156531531529
LU1,LU1_66,2250,LU1_2022,0.6701319762996943
LU1,LU1_76,2250,LU1_2022,0.6679367867867867
LU1,LU1_73,2250,LU1_2022,0.6810563068181825
LU1,LU1_75,2250,LU1_2022,0.6723836391437304
LU1,LU1_47,2250,LU1_2022,0.6097028860856271
LU1,LU1_74,2250,LU1_2022,0.748951986882716
LU1,LU1_44,2250,LU1_2022,0.5923963302752295
LU1,LU1_41,2250,LU1_2022,0.6313858308991226
LU1,LU1_64,2250,LU1_2022,0.6761271584084083
LU1,LU1_86,2250,LU1_2022,0.6800128753753751
LU1,LU1_79,2250,LU1_2022,0.6577589067278293
LU1,LU1_63,2250,LU1_2022,0.6609284659090909
LU1,LU1_72,2250,LU1_2022,0.702432052752293
LU1,LU1_67,2250,LU1_2022,0.7194357224770647
LU1,LU1_77,2250,LU1_2022,0.6575788825757574
LU1,LU1_32,2250,LU1_2022,0.7163084848484846
LU1,LU1_36,2250,LU1_2022,0.7005472842261905
LU1,LU1_84,2250,LU1_2022,0.7191705893393395
LU1,LU1_25,2250,LU1_2022,0.6488120495495496
LU1,LU1_83,2250,LU1_2022,0.7102230668168166
LU1,LU1_80,2250,LU1_2022,0.6943447821100924
LU1,LU1_70,2250,LU1_2022,0.7203210914454276
LU1,LU1_48,2250,LU1_2022,0.6738053819444446
LU1,LU1_45,2250,LU1_2022,0.7097865052552552
LU1,LU1_11,2250,LU1_2022,0.6201297782874623
LU1,LU1_40,2250,LU1_2022,0.7237010319314642
LU1,LU1_6,2250,LU1_2022,0.7387036888379205
LU1,LU1_10,2250,LU1_2022,0.7434814814814813
LU1,LU1_43,2250,LU1_2022,0.6368526729559748
LU1,LU1_71,2250,LU1_2022,0.635045364114114
LU1,LU1_22,2250,LU1_2022,0.6684782954545457
LU1,LU1_60,2250,LU1_2022,0.6854182721712537
LU1,LU1_78,2250,LU1_2022,0.6591352272727276
LU1,LU1_46,2250,LU1_2022,0.6355217154654654
LU1,LU1_82,2250,LU1_2022,0.7142468081039758
LU1,LU1_27,2250,LU1_2022,0.6700994047619048
LU9,LU9_5,2250,LU9_2023,0.5044024097683757
LU9,LU9_6,2250,LU9_2023,0.6124780599282256
LU9,LU9_7,2250,LU9_2023,0.7421015671091448
LU9,LU9_8,2250,LU9_2023,0.7036614399877839
LU9,LU9_100,2250,LU9_2023,0.6745318247126436
LU9,LU9_102,2250,LU9_2023,0.7774965579710146
LU9,LU9_106,2250,LU9_2023,0.6850122644927541
LU9,LU9_112,2250,LU9_2023,0.6770796969696966
LU9,LU9_113,2250,LU9_2023,0.6728342470760236
LU9,LU9_12,2250,LU9_2023,0.745314802631579
LU9,LU9_13,2250,LU9_2023,0.7458534356725144
LU9,LU9_18,2250,LU9_2023,0.7507699561403508
LU9,LU9_21,2250,LU9_2023,0.7405804166666667
LU9,LU9_24,2250,LU9_2023,0.7208798976608185
LU9,LU9_28,2250,LU9_2023,0.7449367163608559
LU9,LU9_29,2250,LU9_2023,0.7133611111111109
LU9,LU9_30,2250,LU9_2023,0.7215824195906434
LU9,LU9_31,2250,LU9_2023,0.7387307017543859
LU9,LU9_32,2250,LU9_2023,0.7579261718749999
LU9,LU9_33,2250,LU9_2023,0.7587679012345676
LU9,LU9_39,2250,LU9_2023,0.6931743534482757
LU9,LU9_41,2250,LU9_2023,0.7509993547197638
LU9,LU9_44,2250,LU9_2023,0.6942271747076023
LU9,LU9_51,2250,LU9_2023,0.6907660507246378
LU9,LU9_55,2250,LU9_2023,0.6922935825892859
LU9,LU9_57,2250,LU9_2023,0.6864141264619883
LU9,LU9_62,2250,LU9_2023,0.7512089364035085
LU9,LU9_63,2250,LU9_2023,0.7336593390804595
LU9,LU9_64,2250,LU9_2023,0.7378117028985506
LU9,LU9_65,2250,LU9_2023,0.6995033333333336
LU9,LU9_67,2250,LU9_2023,0.6888437140804599
LU9,LU9_68,2250,LU9_2023,0.6878192293510325
LU9,LU9_72,2250,LU9_2023,0.7380852339181293
LU9,LU9_73,2250,LU9_2023,0.712106193693694
LU9,LU9_75,2250,LU9_2023,0.7032590215773808
LU9,LU9_76,2250,LU9_2023,0.6916160213864304
LU9,LU9_77,2250,LU9_2023,0.6592937859195401
LU9,LU9_79,2250,LU9_2023,0.7162545538348087
LU9,LU9_80,2250,LU9_2023,0.7376073994252877
LU9,LU9_81,2250,LU9_2023,0.7103892600574716
LU9,LU9_82,2250,LU9_2023,0.7025671171171171
LU9,LU9_85,2250,LU9_2023,0.7325372807017546
LU9,LU9_86,2250,LU9_2023,0.6977398251488093
LU9,LU9_87,2250,LU9_2023,0.6838714311594198
LU9,LU9_90,2250,LU9_2023,0.6939656788793102
LU9,LU9_93,2250,LU9_2023,0.7557735933048434
LU9,LU9_94,2250,LU9_2023,0.7685912318840578
LU9,LU9_96,2250,LU9_2023,0.7060085773273274
LU9,LU9_98,2250,LU9_2023,0.706616268115942
LU9,LU9_27,2250,LU9_2023,0.706172329545455
LU14,LU14_3,2250,LU14_2023,0.7123713585434175
LU14,LU14_7,2250,LU14_2023,0.712275925925926
LU14,LU14_8,2250,LU14_2023,0.7129494123931626
LU14,LU14_9,2250,LU14_2023,0.7122138043478262
LU14,LU14_100,2250,LU14_2023,0.719640344202899
LU14,LU14_102,2250,LU14_2023,0.7320667923850576
LU14,LU14_105,2250,LU14_2023,0.7389663105413105
LU14,LU14_110,2250,LU14_2023,0.7012401709401703
LU14,LU14_114,2250,LU14_2023,0.7236669360632185
LU14,LU14_115,2250,LU14_2023,0.704839653361345
LU14,LU14_120,2250,LU14_2023,0.7024402599715098
LU14,LU14_121,2250,LU14_2023,0.7036724439775909
LU14,LU14_131,2250,LU14_2023,0.7128372844827593
LU14,LU14_135,2250,LU14_2023,0.688317690373564
LU14,LU14_16,2250,LU14_2023,0.7141873550724636
LU14,LU14_17,2250,LU14_2023,0.7240983193277307
LU14,LU14_19,2250,LU14_2023,0.6976123563218394
LU14,LU14_20,2250,LU14_2023,0.6989922149122803
LU14,LU14_250,2250,LU14_2023,0.73219873511904765
LU14,LU14_30,2250,LU14_2023,0.7094453764619884
LU14,LU14_31,2250,LU14_2023,0.7020030235988196
LU14,LU14_33,2250,LU14_2023,0.721922881054131
LU14,LU14_37,2250,LU14_2023,0.7296108152173912
LU14,LU14_47,2250,LU14_2023,0.7429657894736844
LU14,LU14_48,2250,LU14_2023,0.7426863980716258
LU14,LU14_49,2250,LU14_2023,0.7332336260330576
LU14,LU14_51,2250,LU14_2023,0.7562142450142452
LU14,LU14_54,2250,LU14_2023,0.7104572644927531
LU14,LU14_56,2250,LU14_2023,0.7281390847578354
LU14,LU14_57,2250,LU14_2023,0.7250373575498578
LU14,LU14_61,2250,LU14_2023,0.6942834601449276
LU14,LU14_62,2250,LU14_2023,0.7132510057471263
LU14,LU14_63,2250,LU14_2023,0.6968110192837462
LU14,LU14_66,2250,LU14_2023,0.6855980423850581
LU14,LU14_70,2250,LU14_2023,0.7175079950142451
LU14,LU14_71,2250,LU14_2023,0.7131854691876751
LU14,LU14_72,2250,LU14_2023,0.7165328484195407
LU14,LU14_74,2250,LU14_2023,0.7307423199152542
LU14,LU14_76,2250,LU14_2023,0.7220460275423732
LU14,LU14_78,2250,LU14_2023,0.7591796080508478
LU14,LU14_80,2250,LU14_2023,0.6920257231404962
LU14,LU14_84,2250,LU14_2023,0.7021251992753621
LU14,LU14_85,2250,LU14_2023,0.6900288368055552
LU14,LU14_86,2250,LU14_2023,0.7387524216524216
LU14,LU14_88,2250,LU14_2023,0.7216053774928777
LU14,LU14_91,2250,LU14_2023,0.699148599439776
LU14,LU14_92,2250,LU14_2023,0.7109152898550722
LU14,LU14_96,2250,LU14_2023,0.7397559267241381
LU14,LU14_97,2250,LU14_2023,0.7129564311594204
LU14,LU14_75,2250,LU14_2023,0.7135176295518203
LU16,LU16_2,2250,LU16_2023,0.6922520108695653
LU16,LU16_3,2250,LU16_2023,0.6872689855072465
LU16,LU16_15,2250,LU16_2023,0.6883606597222229
LU16,LU16_20,2250,LU16_2023,0.6833989845938377
LU16,LU16_200,2250,LU16_2023,0.6925227717391301
LU16,LU16_201,2250,LU16_2023,0.6778207614942529
LU16,LU16_202,2250,LU16_2023,0.6371697387005651
LU16,LU16_203,2250,LU16_2023,0.669706077823692
LU16,LU16_22,2250,LU16_2023,0.7096845515536722
LU16,LU16_23,2250,LU16_2023,0.6986059294871796
LU16,LU16_24,2250,LU16_2023,0.7053267780172413
LU16,LU16_25,2250,LU16_2023,0.6987602577683614
LU16,LU16_26,2250,LU16_2023,0.6924077119883044
LU16,LU16_270,2250,LU16_2023,0.6116416132478631
LU16,LU16_28,2250,LU16_2023,0.6936562856125359
LU16,LU16_300,2250,LU16_2023,0.6673172720797723
LU16,LU16_301,2250,LU16_2023,0.6008287605932202
LU16,LU16_302,2250,LU16_2023,0.6650081232493
LU16,LU16_303,2250,LU16_2023,0.6105513157894734
LU16,LU16_313,2250,LU16_2023,0.6836999999999992
LU16,LU16_314,2250,LU16_2023,0.6287891522988505
LU16,LU16_36,2250,LU16_2023,0.687364103982301
LU16,LU16_37,2250,LU16_2023,0.7053979344729345
LU16,LU16_49,2250,LU16_2023,0.583966461748634
LU16,LU16_52,2250,LU16_2023,0.599928460743802
LU16,LU16_54,2250,LU16_2023,0.6117170833333335
LU16,LU16_55,2250,LU16_2023,0.6201051562500004
LU16,LU16_57,2250,LU16_2023,0.6158760593220334
LU16,LU16_58,2250,LU16_2023,0.6069776887464388
LU16,LU16_60,2250,LU16_2023,0.6136254095441597
LU16,LU16_62,2250,LU16_2023,0.5793273559955895
LU16,LU16_63,2250,LU16_2023,0.6008779661016947
LU16,LU16_64,2250,LU16_2023,0.6029166666666672
LU16,LU16_67,2250,LU16_2023,0.6236908159722223
LU16,LU16_68,2250,LU16_2023,0.5524034427966102
LU16,LU16_69,2250,LU16_2023,0.5887731597222224
LU16,LU16_70,2250,LU16_2023,0.5617696120689658
LU16,LU16_71,2250,LU16_2023,0.54946324786324785
LU16,LU16_72,2250,LU16_2023,0.6299087428774932
LU16,LU16_73,2250,LU16_2023,0.6175426820728291
LU16,LU16_74,2250,LU16_2023,0.620582944915255
LU16,LU16_75,2250,LU16_2023,0.5876268271857923
LU16,LU16_77,2250,LU16_2023,0.5541431722689076
LU16,LU16_80,2250,LU16_2023,0.5757106303418805
LU16,LU16_81,2250,LU16_2023,0.5733352604166669
LU16,LU16_83,2250,LU16_2023,0.5975557514245017
LU16,LU16_84,2250,LU16_2023,0.5934720975783477
LU16,LU16_85,2250,LU16_2023,0.603084479166667
LU16,LU16_88,2250,LU16_2023,0.5682799788135595
LU22,LU22_110,2250,LU22_2023,0.7391392780172419
LU22,LU22_48,2250,LU22_2023,0.7587261396011392
LU22,LU22_107,2250,LU22_2023,0.7427857118055555
LU22,LU22_49,2250,LU22_2023,0.7706569145114945
LU22,LU22_103,2250,LU22_2023,0.7495482549857555
LU22,LU22_44,2250,LU22_2023,0.7562400323275867
LU22,LU22_21,2250,LU22_2023,0.7840723731884067
LU22,LU22_15,2250,LU22_2023,0.7751021198830411
LU22,LU22_50,2250,LU22_2023,0.7376258800287353
LU22,LU22_38,2250,LU22_2023,0.7486453033625735
LU22,LU22_22,2250,LU22_2023,0.7766495726495724
LU22,LU22_85,2250,LU22_2023,0.7101678774928778
LU22,LU22_33,2250,LU22_2023,0.7547535869565217
LU22,LU22_34,2250,LU22_2023,0.7415770658263303
LU22,LU22_11,2250,LU22_2023,0.7309472400284905
LU22,LU22_29,2250,LU22_2023,0.7720116228070177
LU22,LU22_86,2250,LU22_2023,0.7152848646723655
LU22,LU22_80,2250,LU22_2023,0.7283433845029239
LU22,LU22_17,2250,LU22_2023,0.7804572210451981
LU22,LU22_35,2250,LU22_2023,0.7578059985632183
LU22,LU22_63,2250,LU22_2023,0.6781228983918135
LU22,LU22_30,2250,LU22_2023,0.7774347162356322
LU22,LU22_4,2250,LU22_2023,0.7073864778215945
LU22,LU22_36,2250,LU22_2023,0.7409793961864407
LU22,LU22_76,2250,LU22_2023,0.7004100605413107
LU22,LU22_5,2250,LU22_2023,0.7520573814655168
LU22,LU22_87,2250,LU22_2023,0.7202793128654974
LU22,LU22_25,2250,LU22_2023,0.7658349893162397
LU22,LU22_89,2250,LU22_2023,0.711144221014493
LU22,LU22_18,2250,LU22_2023,0.7583072387005647
LU22,LU22_32,2250,LU22_2023,0.7463430316091951
LU22,LU22_8,2250,LU22_2023,0.761534528985507
LU22,LU22_6,2250,LU22_2023,0.756550579710145
LU22,LU22_81,2250,LU22_2023,0.7125366596638654
LU22,LU22_7,2250,LU22_2023,0.7620693229166665
LU22,LU22_69,2250,LU22_2023,0.7250117822128853
LU22,LU22_70,2250,LU22_2023,0.7447845868644071
LU22,LU22_82,2250,LU22_2023,0.7492277839233032
LU22,LU22_94,2250,LU22_2023,0.7525391702586208
LU22,LU22_101,2250,LU22_2023,0.7464834922316387
LU22,LU22_71,2250,LU22_2023,0.7506162862318844
LU22,LU22_77,2250,LU22_2023,0.7524154061624646
LU22,LU22_72,2250,LU22_2023,0.7542781788793105
LU22,LU22_65,2250,LU22_2023,0.7510246587643683
LU22,LU22_60,2250,LU22_2023,0.7508694261695905
LU22,LU22_61,2250,LU22_2023,0.769537019230769
LU22,LU22_53,2250,LU22_2023,0.7718895650584795
LU22,LU22_46,2250,LU22_2023,0.7594264673913044
LU22,LU22_40,2250,LU22_2023,0.7416177898550724
LU22,LU22_47,2250,LU22_2023,0.7524538254310346
LU4,LU4_N15_24,2250,LU4_2024,0.699252412280702
LU4,LU4_M14_24,2250,LU4_2024,0.6996883406432755
LU4,LU4_J14_24,2250,LU4_2024,0.6822116098484845
LU4,LU4_J15_24,2250,LU4_2024,0.6642776210806268
LU4,LU4_I12_24,2250,LU4_2024,0.6809165229885055
LU4,LU4_I13_24,2250,LU4_2024,0.6571833026494254
LU4,LU4_Q10_24,2250,LU4_2024,0.7200884955752213
LU4,LU4_O10_24,2250,LU4_2024,0.7214295138888885
LU4,LU4_R7_24,2250,LU4_2024,0.7128098451327436
LU4,LU4_R9_24,2250,LU4_2024,0.7235830409356725
LU4,LU4_T8_24,2250,LU4_2024,0.7294673976608191
LU4,LU4_O16_24,2250,LU4_2024,0.665126313813814
LU4,LU4_J26_24,2250,LU4_2024,0.6792216445427728
LU4,LU4_K25_24,2250,LU4_2024,0.6820628787878786
LU4,LU4_L23_24,2250,LU4_2024,0.699959052359882
LU4,LU4_H26_24,2250,LU4_2024,0.6706366410818712
LU4,LU4_K23_24,2250,LU4_2024,0.6933951078869046
LU4,LU4_J21_24,2250,LU4_2024,0.7226718201754386
LU4,LU4_I21_24,2250,LU4_2024,0.7191600412912915
LU4,LU4_N30_24,2250,LU4_2024,0.6900103422619048
LU4,LU4_O23_24,2250,LU4_2024,0.6722812061471132
LU4,LU4_O22_24,2250,LU4_2024,0.7203001644736844
LU4,LU4_L18_24,2250,LU4_2024,0.6633490273540131
LU4,LU4_L17_24,2250,LU4_2024,0.6752228791291289
LU4,LU4_K17_24,2250,LU4_2024,0.687362803030303
LU4,LU4_K19_24,2250,LU4_2024,0.7284874817251463
LU4,LU4_I22_24,2250,LU4_2024,0.7118764196165194
LU4,LU4_Q20_24,2250,LU4_2024,0.6546195724721087
LU4,LU4_V25_24,2250,LU4_2024,0.6866204241071434
LU4,LU4_P22_24,2250,LU4_2024,0.7076988121345031
LU4,LU4_O21_24,2250,LU4_2024,0.7429210773273281
LU4,LU4_P17_24,2250,LU4_2024,0.67748143115942006
LU4,LU4_Q16_24,2250,LU4_2024,0.6807145299145299
LU4,LU4_V19_24,2250,LU4_2024,0.7047967105263159
LU4,LU4_O17_24,2250,LU4_2024,0.6681294407894733
LU4,LU4_W19_24,2250,LU4_2024,0.7082536915204684
LU4,LU4_Y25_24,2250,LU4_2024,0.7105121345029236
LU4,LU4_S17_24,2250,LU4_2024,0.6913380899705015
LU4,LU4_S18_24,2250,LU4_2024,0.6955033143939394
LU4,LU4_R14_24,2250,LU4_2024,0.7002090339233038
LU4,LU4_V17_24,2250,LU4_2024,0.6967424999999998
LU4,LU4_U15_24,2250,LU4_2024,0.6819760964912281
LU4,LU4_M12_24,2250,LU4_2024,0.7108016927083335
LU4,LU4_O13_24,2250,LU4_2024,0.7359397295321639
LU4,LU4_P15_24,2250,LU4_2024,0.6923004424778759
LU4,LU4_E15_24,2250,LU4_2024,0.6779954495614039
LU4,LU4_G17_24,2250,LU4_2024,0.6979247050147493
LU4,LU4_G13_24,2250,LU4_2024,0.6661632309941523
LU4,LU4_G12_24,2250,LU4_2024,0.6683425331858406
LU4,LU4_F14_24,2250,LU4_2024,0.6657229349415205
LU3,LU3_102_24,2250,LU3_2024,0.7052360037878791
LU3,LU3_5_24,2250,LU3_2024,0.7058361238532114
LU3,LU3_103_24,2250,LU3_2024,0.7168187878787879
LU3,LU3_131_24,2250,LU3_2024,0.7318674107142853
LU3,LU3_39_24,2250,LU3_2024,0.6748554734848485
LU3,LU3_18_24,2250,LU3_2024,0.6839662828947367
LU3,LU3_20_24,2250,LU3_2024,0.662992489035088
LU3,LU3_19_24,2250,LU3_2024,0.6704647553516818
LU3,LU3_111_24,2250,LU3_2024,0.6541611112466652
LU3,LU3_AB21_24,2250,LU3_2024,0.710487253787879
LU3,LU3_27_24,2250,LU3_2024,0.6881918750000002
LU3,LU3_36_24,2250,LU3_2024,0.6708921828908552
LU3,LU3_40_24,2250,LU3_2024,0.7035269911504428
LU3,LU3_41_24,2250,LU3_2024,0.711139015151515
LU3,LU3_52_24,2250,LU3_2024,0.615331884057971
LU3,LU3_15_24,2250,LU3_2024,0.6899369517543859
LU3,LU3_44_24,2250,LU3_2024,0.6620326696165193
LU3,LU3_17_24,2250,LU3_2024,0.6787488569321531
LU3,LU3_147_24,2250,LU3_2024,0.6652780871212122
LU3,LU3_51_24,2250,LU3_2024,0.6697578078078076
LU3,LU3_AH7_24,2250,LU3_2024,0.7070760602678573
LU3,LU3_126_24,2250,LU3_2024,0.7118814360119047
LU3,LU3_129_24,2250,LU3_2024,0.6386887426900584
LU3,LU3_28_24,2250,LU3_2024,0.6379882254464284
LU3,LU3_AH14_24,2250,LU3_2024,0.7135643018018022
LU3,LU3_38_24,2250,LU3_2024,0.6874122953869044
LU3,LU3_13_24,2250,LU3_2024,0.7063113914373087
LU3,LU3_25_24,2250,LU3_2024,0.65832271021021
LU3,LU3_21_24,2250,LU3_2024,0.7088932620120122
LU3,LU3_AC10_24,2250,LU3_2024,0.7086778669724771
LU3,LU3_46_24,2250,LU3_2024,0.719208826754386
LU3,LU3_10_24,2250,LU3_2024,0.706091873123123
LU3,LU3_AE12_24,2250,LU3_2024,0.7128384114583336
LU3,LU3_7_24,2250,LU3_2024,0.6815235677083333
LU3,LU3_14_24,2250,LU3_2024,0.695853831845238
LU3,LU3_137_24,2250,LU3_2024,0.6879726376488093
LU3,LU3_M20_24,2250,LU3_2024,0.7166683221726189
LU3,LU3_L22_24,2250,LU3_2024,0.6783484747023812
LU3,LU3_J23_24,2250,LU3_2024,0.7074810489766081
LU3,LU3_U6_24,2250,LU3_2024,0.69258125
LU3,LU3_L16_24,2250,LU3_2024,0.6591809333269443
LU3,LU3_N18_24,2250,LU3_2024,0.714588949275362
LU3,LU3_L15_24,2250,LU3_2024,0.6608250501710607
LU3,LU3_32_24,2250,LU3_2024,0.6976213541666665
LU3,LU3_W7_24,2250,LU3_2024,0.6716862278761065
LU3,LU3_45_24,2250,LU3_2024,0.7077614583333333
LU3,LU3_50_24,2250,LU3_2024,0.7144595345345343
LU3,LU3_49_24,2250,LU3_2024,0.6959614015151518
LU3,LU3_Y8_24,2250,LU3_2024,0.6787954391891888
LU3,LU3_48_24,2250,LU3_2024,0.6831250365497079
LU2,LU2_21_24,2250,LU2_2024,0.7403739025297622
LU2,LU2_34_24,2250,LU2_2024,0.7674193824404759
LU2,LU2_O25_24,2250,LU2_2024,0.7680450879204894
LU2,LU2_W21_24,2250,LU2_2024,0.7798742261904763
LU2,LU2_36_24,2250,LU2_2024,0.7810191066066067
LU2,LU2_15_24,2250,LU2_2024,0.7704188616071432
LU2,LU2_13_24,2250,LU2_2024,0.7715382998511906
LU2,LU2_5_24,2250,LU2_2024,0.6715437541550325
LU2,LU2_101_24,2250,LU2_2024,0.6073660419172642
LU2,LU2_32_24,2250,LU2_2024,0.7006338913690477
LU2,LU2_Q24_24,2250,LU2_2024,0.7569983483483484
LU2,LU2_56_24,2250,LU2_2024,0.7767742045454542
LU2,LU2_I15_24,2250,LU2_2024,0.7717269113149847
LU2,LU2_L20_24,2250,LU2_2024,0.7580943693693697
LU2,LU2_L46_24,2250,LU2_2024,0.7546265390390396
LU2,LU2_110_24,2250,LU2_2024,0.7754464831804283
LU2,LU2_39_24,2250,LU2_2024,0.765507282282282
LU2,LU2_17_24,2250,LU2_2024,0.7571311353211012
LU2,LU2_155_24,2250,LU2_2024,0.7686129734848484
LU2,LU2_50_24,2250,LU2_2024,0.7603698776758409
LU2,LU2_O16_24,2250,LU2_2024,0.7551709429824564
LU2,LU2_U13_24,2250,LU2_2024,0.7763423804012354
LU2,LU2_44_24,2250,LU2_2024,0.7660443535825543
LU2,LU2_143_24,2250,LU2_2024,0.7686122209821427
LU2,LU2_18_24,2250,LU2_2024,0.7727104714912281
LU2,LU2_52_24,2250,LU2_2024,0.7730176596573209
LU2,LU2_123_24,2250,LU2_2024,0.7508738175675678
LU2,LU2_H16_24,2250,LU2_2024,0.7751633143939392
LU2,LU2_27_24,2250,LU2_2024,0.7707452355072465
LU2,LU2_31_24,2250,LU2_2024,0.7667589831804282
LU2,LU2_3_24,2250,LU2_2024,0.7690937687687693
LU2,LU2_J27_24,2250,LU2_2024,0.7553652343749998
LU2,LU2_E27_24,2250,LU2_2024,0.7581938068181817
LU2,LU2_G25_24,2250,LU2_2024,0.7593701643730888
LU2,LU2_G26_24,2250,LU2_2024,0.7544016010802466
LU2,LU2_106_24,2250,LU2_2024,0.7286907845345345
LU2,LU2_20_24,2250,LU2_2024,0.7431058183183182
LU2,LU2_25_24,2250,LU2_2024,0.7671772135416667
LU2,LU2_40_24,2250,LU2_2024,0.7517361235119043
LU2,LU2_38_24,2250,LU2_2024,0.7479245163690476
LU2,LU2_137_24,2250,LU2_2024,0.7497791852678573
LU2,LU2_47_24,2250,LU2_2024,0.7760657386363635
LU2,LU2_26_24,2250,LU2_2024,0.7657188668224303
LU2,LU2_H26_24,2250,LU2_2024,0.7539374228395062
LU2,LU2_29_24,2250,LU2_2024,0.7455389467592596
LU2,LU2_K26_24,2250,LU2_2024,0.7473679129464286
LU2,LU2_100_24,2250,LU2_2024,0.7340458896396389
LU2,LU2_30_24,2250,LU2_2024,0.7438749436936939
LU2,LU2_33_24,2250,LU2_2024,0.7737218563988097
LU2,LU2_M25_24,2250,LU2_2024,0.7566726108562697
LU8,LU8_N19_24,2250,LU8_2024,0.7592133780991733
LU8,LU8_M19_24,2250,LU8_2024,0.7611845725574713
LU8,LU8_N20_24,2250,LU8_2024,0.750057460826211
LU8,LU8_O20_24,2250,LU8_2024,0.6968566773504276
LU8,LU8_N18_24,2250,LU8_2024,0.7602018092105262
LU8,LU8_S25_24,2250,LU8_2024,0.715817496468927
LU8,LU8_AC29_24,2250,LU8_2024,0.6837011494252875
LU8,LU8_AC28_24,2250,LU8_2024,0.6672652892561985
LU8,LU8_AB29_24,2250,LU8_2024,0.6370529094827584
LU8,LU8_AC30_24,2250,LU8_2024,0.695377450980392
LU8,LU8_T25_24,2250,LU8_2024,0.7032195222701145
LU8,LU8_S24_24,2250,LU8_2024,0.7126540420227916
LU8,LU8_AE29_24,2250,LU8_2024,0.6600642959770117
LU8,LU8_AD29_24,2250,LU8_2024,0.6557197141873277
LU8,LU8_AD28_24,2250,LU8_2024,0.6472793103448273
LU8,LU8_AD27_24,2250,LU8_2024,0.6312512033045978
LU8,LU8_AC24_24,2250,LU8_2024,0.6176560433884298
LU8,LU8_AC25_24,2250,LU8_2024,0.6328139705882354
LU8,LU8_AC31_24,2250,LU8_2024,0.6868538639601139
LU8,LU8_AB31_24,2250,LU8_2024,0.6996727777777778
LU2,LU2_3,2500,LU2_2021,0.7695300857843138
LU2,LU2_5,2500,LU2_2021,0.6638368679696047
LU2,LU2_100,2500,LU2_2021,0.7349330464975845
LU2,LU2_101,2500,LU2_2021,0.6136254669487556
LU2,LU2_106,2500,LU2_2021,0.733030679012346
LU2,LU2_110,2500,LU2_2021,0.7751702038369305
LU2,LU2_119,2500,LU2_2021,0.7416494867149757
LU2,LU2_123,2500,LU2_2021,0.749057469135803
LU2,LU2_13,2500,LU2_2021,0.7719486882716053
LU2,LU2_137,2500,LU2_2021,0.7481418827160496
LU2,LU2_143,2500,LU2_2021,0.7701517512077294
LU2,LU2_15,2500,LU2_2021,0.7719996502433095
LU2,LU2_153,2500,LU2_2021,0.737134583527463
LU2,LU2_155,2500,LU2_2021,0.7692017101990049
LU2,LU2_17,2500,LU2_2021,0.7586240827114429
LU2,LU2_18,2500,LU2_2021,0.7731466417910451
LU2,LU2_20,2500,LU2_2021,0.7444004136029413
LU2,LU2_21,2500,LU2_2021,0.742098083941606
LU2,LU2_24,2500,LU2_2021,0.73864418780193275
LU2,LU2_25,2500,LU2_2021,0.7676293998756221
LU2,LU2_26,2500,LU2_2021,0.7675229015700485
LU2,LU2_27,2500,LU2_2021,0.7699833022388061
LU2,LU2_29,2500,LU2_2021,0.7486623943236721
LU2,LU2_30,2500,LU2_2021,0.7437261882716051
LU2,LU2_31,2500,LU2_2021,0.7659133842925663
LU2,LU2_32,2500,LU2_2021,0.6945984574000881
LU2,LU2_33,2500,LU2_2021,0.7709383550995025
LU2,LU2_34,2500,LU2_2021,0.7665792771464643
LU2,LU2_36,2500,LU2_2021,0.7793581481481479
LU2,LU2_38,2500,LU2_2021,0.7505432669082125
LU2,LU2_39,2500,LU2_2021,0.7656001368613137
LU2,LU2_40,2500,LU2_2021,0.751856630170316
LU2,LU2_42,2500,LU2_2021,0.77381934079602
LU2,LU2_44,2500,LU2_2021,0.7668468297101446
LU2,LU2_46,2500,LU2_2021,0.7530780193236721
LU2,LU2_47,2500,LU2_2021,0.773244087009804
LU2,LU2_50,2500,LU2_2021,0.7589469051932368
LU2,LU2_51,2500,LU2_2021,0.7154572135849565
LU2,LU2_52,2500,LU2_2021,0.7739558153477224
LU2,LU2_54,2500,LU2_2021,0.7759636840527574
LU2,LU2_56,2500,LU2_2021,0.775402952637889
LU2,LU2_57,2500,LU2_2021,0.7334280516349416
LU3,LU3_5,2500,LU3_2021,0.7050609672619045
LU3,LU3_7,2500,LU3_2021,0.6822469669117643
LU3,LU3_10,2500,LU3_2021,0.7031879289215687
LU3,LU3_102,2500,LU3_2021,0.7043452127659582
LU3,LU3_103,2500,LU3_2021,0.7143507494004799
LU3,LU3_106,2500,LU3_2021,0.7029686427696076
LU3,LU3_111,2500,LU3_2021,0.6629650497087135
LU3,LU3_126,2500,LU3_2021,0.7123193944844123
LU3,LU3_129,2500,LU3_2021,0.6384777727817746
LU3,LU3_13,2500,LU3_2021,0.7062328720238096
LU3,LU3_131,2500,LU3_2021,0.7299604766187048
LU3,LU3_137,2500,LU3_2021,0.6921133605072459
LU3,LU3_14,2500,LU3_2021,0.6972392487834549
LU3,LU3_147,2500,LU3_2021,0.6634299940898349
LU3,LU3_15,2500,LU3_2021,0.6792677158273379
LU3,LU3_17,2500,LU3_2021,0.6729424793144207
LU3,LU3_18,2500,LU3_2021,0.6841020238095238
LU3,LU3_19,2500,LU3_2021,0.6757134821428576
LU3,LU3_20,2500,LU3_2021,0.6627069994004801
LU3,LU3_21,2500,LU3_2021,0.7019586678832117
LU3,LU3_25,2500,LU3_2021,0.6568375456204382
LU3,LU3_27,2500,LU3_2021,0.6885018898809528
LU3,LU3_28,2500,LU3_2021,0.6301536052009459
LU3,LU3_32,2500,LU3_2021,0.6981281862745097
LU3,LU3_36,2500,LU3_2021,0.6735382494004789
LU3,LU3_38,2500,LU3_2021,0.680316392944039
LU3,LU3_39,2500,LU3_2021,0.6771419196428571
LU3,LU3_40,2500,LU3_2021,0.7074799910071943
LU3,LU3_41,2500,LU3_2021,0.7141406398809523
LU3,LU3_44,2500,LU3_2021,0.6647967026378901
LU3,LU3_45,2500,LU3_2021,0.7071165911835747
LU3,LU3_46,2500,LU3_2021,0.7081250301932365
LU3,LU3_48,2500,LU3_2021,0.6854895229468603
LU3,LU3_50,2500,LU3_2021,0.7138451588729018
LU3,LU3_51,2500,LU3_2021,0.670131357230392
LU3,LU3_52,2500,LU3_2021,0.6182731809701493
LU3,LU3_49,2500,LU3_2021,0.6930074940047964
LU13,LU13_18,2500,LU13_2022,0.5386867811032862
LU13,LU13_15,2500,LU13_2022,0.6240577910958904
LU13,LU13_3,2500,LU13_2022,0.6488068778538812
LU13,LU13_34,2500,LU13_2022,0.6310835331050227
LU13,LU13_57,2500,LU13_2022,0.6976753160919544
LU13,LU13_16,2500,LU13_2022,0.6230675781250005
LU13,LU13_21,2500,LU13_2022,0.5139231047453705
LU13,LU13_37,2500,LU13_2022,0.6834627011494254
LU13,LU13_55,2500,LU13_2022,0.6919431338028167
LU13,LU13_47,2500,LU13_2022,0.7138119756235823
LU13,LU13_51,2500,LU13_2022,0.7147033247716902
LU13,LU13_27,2500,LU13_2022,0.7124897959183678
LU13,LU13_5,2500,LU13_2022,0.7168849681712959
LU13,LU13_26,2500,LU13_2022,0.7102557870370374
LU13,LU13_35,2500,LU13_2022,0.6316305989583332
LU13,LU13_13,2500,LU13_2022,0.7079219696969692
LU13,LU13_128,2500,LU13_2022,0.7075863031914891
LU13,LU13_131,2500,LU13_2022,0.7023907262731478
LU13,LU13_12,2500,LU13_2022,0.7054574652777775
LU13,LU13_33,2500,LU13_2022,0.6962445977011492
LU13,LU13_32,2500,LU13_2022,0.6870596684272303
LU13,LU13_30,2500,LU13_2022,0.6669086206896554
LU13,LU13_53,2500,LU13_2022,0.7001250440140842
LU13,LU13_22,2500,LU13_2022,0.7177752200704228
LU13,LU13_19,2500,LU13_2022,0.7132966752283108
LU13,LU13_45,2500,LU13_2022,0.7207290382420087
LU13,LU13_8,2500,LU13_2022,0.723024123563218
LU13,LU13_43,2500,LU13_2022,0.7252277826340326
LU13,LU13_41,2500,LU13_2022,0.7188095486111108
LU13,LU13_59,2500,LU13_2022,0.7015845545977009
LU13,LU13_6,2500,LU13_2022,0.7096178467365959
LU13,LU13_14,2500,LU13_2022,0.7200001736111109
LU13,LU13_52,2500,LU13_2022,0.6522585387323937
LU13,LU13_36,2500,LU13_2022,0.684292293123543
LU13,LU13_38,2500,LU13_2022,0.6890073796948354
LU13,LU13_20,2500,LU13_2022,0.71658213028169
LU13,LU13_17,2500,LU13_2022,0.7069203339041099
LU13,LU13_56,2500,LU13_2022,0.7138292237442924
LU13,LU13_49,2500,LU13_2022,0.7089804577464784
LU13,LU13_70,2500,LU13_2022,0.7061726965962438
LU13,LU13_11,2500,LU13_2022,0.7094675228310504
LU15,LU15_44,2500,LU15_2022,0.7035923368298372
LU15,LU15_11,2500,LU15_2022,0.7013335810023311
LU15,LU15_19,2500,LU15_2022,0.7015230927230052
LU15,LU15_7,2500,LU15_2022,0.7363698138297874
LU15,LU15_34,2500,LU15_2022,0.7112531696428572
LU15,LU15_37,2500,LU15_2022,0.6871286384976526
LU15,LU15_18,2500,LU15_2022,0.7119641105200947
LU15,LU15_43,2500,LU15_2022,0.7057417708333339
LU15,LU15_10,2500,LU15_2022,0.7120932951877935
LU15,LU15_58,2500,LU15_2022,0.7185619068287037
LU15,LU15_8,2500,LU15_2022,0.7106170535714289
LU15,LU15_12,2500,LU15_2022,0.6927635114734302
LU15,LU15_17,2500,LU15_2022,0.7160684329710143
LU15,LU15_1,2500,LU15_2022,0.6785919196428569
LU15,LU15_26,2500,LU15_2022,0.6843584382494003
LU15,LU15_27,2500,LU15_2022,0.6889928422619048
LU15,LU15_28,2500,LU15_2022,0.6895342708333334
LU15,LU15_2,2500,LU15_2022,0.6883320804195807
LU15,LU15_29,2500,LU15_2022,0.6915213768115944
LU15,LU15_30,2500,LU15_2022,0.6934614358513193
LU15,LU15_31,2500,LU15_2022,0.6939501976885648
LU15,LU15_32,2500,LU15_2022,0.6964339568126525
LU15,LU15_20,2500,LU15_2022,0.7261905413625308
LU15,LU15_21,2500,LU15_2022,0.7448606660798125
LU15,LU15_23,2500,LU15_2022,0.7253649621212123
LU15,LU15_41,2500,LU15_2022,0.7198866050469482
LU15,LU15_25,2500,LU15_2022,0.7214679964539009
LU15,LU15_9,2500,LU15_2022,0.7332347756410262
LU15,LU15_24,2500,LU15_2022,0.7400456597222225
LU15,LU15_46,2500,LU15_2022,0.7455020833333335
LU15,LU15_40,2500,LU15_2022,0.7137220449172579
LU15,LU15_16,2500,LU15_2022,0.711427452718676
LU15,LU15_4,2500,LU15_2022,0.6878390476190472
LU15,LU15_36,2500,LU15_2022,0.6942102541371157
LU15,LU15_3,2500,LU15_2022,0.7194285863095241
LU15,LU15_15,2500,LU15_2022,0.716655491071429
LU15,LU15_14,2500,LU15_2022,0.7181498490338163
LU15,LU15_22,2500,LU15_2022,0.7256261229314427
LU15,LU15_61,2500,LU15_2022,0.714287849756691
LU21,LU21_106,2500,LU21_2022,0.7045330105633799
LU21,LU21_10,2500,LU21_2022,0.6827823796948362
LU21,LU21_16,2500,LU21_2022,0.6346233072916665
LU21,LU21_107,2500,LU21_2022,0.6970453339041099
LU21,LU21_41,2500,LU21_2022,0.666175863095238
LU21,LU21_63,2500,LU21_2022,0.6485640588578092
LU21,LU21_27,2500,LU21_2022,0.6552215472027978
LU21,LU21_23,2500,LU21_2022,0.6695876019813519
LU21,LU21_21,2500,LU21_2022,0.6630117187499995
LU21,LU21_82,2500,LU21_2022,0.6959015773809519
LU21,LU21_871,2500,LU21_2022,0.7063174793144208
LU21,LU21_164,2500,LU21_2022,0.6404497212441318
LU21,LU21_36,2500,LU21_2022,0.6534814091435186
LU21,LU21_14,2500,LU21_2022,0.6575885416666671
LU21,LU21_32,2500,LU21_2022,0.6712776541095886
LU21,LU21_126,2500,LU21_2022,0.6732244131455405
LU21,LU21_122,2500,LU21_2022,0.6768434859154926
LU21,LU21_56,2500,LU21_2022,0.6848789189976687
LU21,LU21_57,2500,LU21_2022,0.6733050228310496
LU21,LU21_9,2500,LU21_2022,0.6653782423708922
LU21,LU21_98,2500,LU21_2022,0.7123226273148154
LU21,LU21_119,2500,LU21_2022,0.6992848995271871
LU21,LU21_52,2500,LU21_2022,0.696387427662037
LU21,LU21_59,2500,LU21_2022,0.6660408096926713
LU21,LU21_68,2500,LU21_2022,0.6524275932400934
LU21,LU21_109,2500,LU21_2022,0.6953905303030303
LU21,LU21_93,2500,LU21_2022,0.6988535734953705
LU21,LU21_114,2500,LU21_2022,0.7341287905092592
LU21,LU21_105,2500,LU21_2022,0.7330411533816421
LU21,LU21_100,2500,LU21_2022,0.7069523767605638
LU21,LU21_74,2500,LU21_2022,0.7135638694638701
LU21,LU21_78,2500,LU21_2022,0.7222160504694836
LU21,LU21_153,2500,LU21_2022,0.7272833626760566
LU21,LU21_6,2500,LU21_2022,0.7294350205399064
LU21,LU21_116,2500,LU21_2022,0.7062526003649638
LU21,LU21_97,2500,LU21_2022,0.6677189091435188
LU1,LU1_13,2500,LU1_2022,0.6607535029646944
LU1,LU1_30,2500,LU1_2022,0.6996384208937197
LU1,LU1_85,2500,LU1_2022,0.7015252281021895
LU1,LU1_66,2500,LU1_2022,0.6765064583333333
LU1,LU1_76,2500,LU1_2022,0.6710438412408758
LU1,LU1_73,2500,LU1_2022,0.6781679687500008
LU1,LU1_75,2500,LU1_2022,0.6732709577114426
LU1,LU1_47,2500,LU1_2022,0.6110761574074071
LU1,LU1_74,2500,LU1_2022,0.733545833333333
LU1,LU1_44,2500,LU1_2022,0.6021849370503592
LU1,LU1_41,2500,LU1_2022,0.6293429731558566
LU1,LU1_64,2500,LU1_2022,0.679653093905473
LU1,LU1_86,2500,LU1_2022,0.6828866421568629
LU1,LU1_79,2500,LU1_2022,0.6597947067901239
LU1,LU1_63,2500,LU1_2022,0.6651690740740742
LU1,LU1_72,2500,LU1_2022,0.7028164969135801
LU1,LU1_67,2500,LU1_2022,0.7136233513189454
LU1,LU1_77,2500,LU1_2022,0.664760293209876
LU1,LU1_32,2500,LU1_2022,0.7182542274939173
LU1,LU1_36,2500,LU1_2022,0.7035907694647203
LU1,LU1_84,2500,LU1_2022,0.719309681372549
LU1,LU1_25,2500,LU1_2022,0.6568514399509806
LU1,LU1_83,2500,LU1_2022,0.712864215686274
LU1,LU1_80,2500,LU1_2022,0.6929425638686135
LU1,LU1_70,2500,LU1_2022,0.7166191176470589
LU1,LU1_48,2500,LU1_2022,0.6719572222222229
LU1,LU1_45,2500,LU1_2022,0.7080753395061726
LU1,LU1_11,2500,LU1_2022,0.6291208644278609
LU1,LU1_40,2500,LU1_2022,0.7263960597826085
LU1,LU1_6,2500,LU1_2022,0.737083053482587
LU1,LU1_10,2500,LU1_2022,0.742566172839506
LU1,LU1_43,2500,LU1_2022,0.6380861262077296
LU1,LU1_71,2500,LU1_2022,0.6341059436274513
LU1,LU1_22,2500,LU1_2022,0.6661709854014602
LU1,LU1_60,2500,LU1_2022,0.6807699142156861
LU1,LU1_78,2500,LU1_2022,0.6581753649635039
LU1,LU1_46,2500,LU1_2022,0.6355304288321167
LU1,LU1_82,2500,LU1_2022,0.7159554556354917
LU1,LU1_27,2500,LU1_2022,0.675659160539216
LU9,LU9_5,2500,LU9_2023,0.5170726652953431
LU9,LU9_6,2500,LU9_2023,0.607619541131413
LU9,LU9_7,2500,LU9_2023,0.7135700323588057
LU9,LU9_8,2500,LU9_2023,0.70281732289217
LU9,LU9_100,2500,LU9_2023,0.6744236262077293
LU9,LU9_102,2500,LU9_2023,0.7742433779761907
LU9,LU9_106,2500,LU9_2023,0.6883609523809532
LU9,LU9_112,2500,LU9_2023,0.6786414025821592
LU9,LU9_113,2500,LU9_2023,0.6737762621654502
LU9,LU9_12,2500,LU9_2023,0.745262204491726
LU9,LU9_13,2500,LU9_2023,0.7458834390096617
LU9,LU9_18,2500,LU9_2023,0.748319311465721
LU9,LU9_21,2500,LU9_2023,0.7415583031400964
LU9,LU9_24,2500,LU9_2023,0.7239381793478258
LU9,LU9_28,2500,LU9_2023,0.7438030663145537
LU9,LU9_29,2500,LU9_2023,0.716296742957746
LU9,LU9_30,2500,LU9_2023,0.725393050699301
LU9,LU9_31,2500,LU9_2023,0.7369100938967135
LU9,LU9_32,2500,LU9_2023,0.7578073660714282
LU9,LU9_33,2500,LU9_2023,0.7558389423076918
LU9,LU9_39,2500,LU9_2023,0.6940996323529409
LU9,LU9_41,2500,LU9_2023,0.7464019503546101
LU9,LU9_44,2500,LU9_2023,0.6943916666666671
LU9,LU9_51,2500,LU9_2023,0.6922451338199515
LU9,LU9_55,2500,LU9_2023,0.6950205821513004
LU9,LU9_57,2500,LU9_2023,0.6881954048463357
LU9,LU9_62,2500,LU9_2023,0.7476020104895106
LU9,LU9_63,2500,LU9_2023,0.7339527777777773
LU9,LU9_64,2500,LU9_2023,0.7384511011904764
LU9,LU9_65,2500,LU9_2023,0.7017353571428574
LU9,LU9_67,2500,LU9_2023,0.6878159048507465
LU9,LU9_68,2500,LU9_2023,0.6892177523474177
LU9,LU9_72,2500,LU9_2023,0.7388977864583341
LU9,LU9_73,2500,LU9_2023,0.7113818036130537
LU9,LU9_75,2500,LU9_2023,0.7011709515366431
LU9,LU9_76,2500,LU9_2023,0.6912980839416055
LU9,LU9_77,2500,LU9_2023,0.6620647671568629
LU9,LU9_79,2500,LU9_2023,0.7208695774231682
LU9,LU9_80,2500,LU9_2023,0.7364465018656723
LU9,LU9_81,2500,LU9_2023,0.709061820652174
LU9,LU9_82,2500,LU9_2023,0.7054877529761906
LU9,LU9_85,2500,LU9_2023,0.7341296801643189
LU9,LU9_86,2500,LU9_2023,0.698689583333333
LU9,LU9_87,2500,LU9_2023,0.6820736309523805
LU9,LU9_90,2500,LU9_2023,0.6933139492753624
LU9,LU9_93,2500,LU9_2023,0.7523941247002397
LU9,LU9_94,2500,LU9_2023,0.7657869385342788
LU9,LU9_96,2500,LU9_2023,0.7089339306526804
LU9,LU9_98,2500,LU9_2023,0.704534527972028
LU9,LU9_27,2500,LU9_2023,0.7097713578088577
LU14,LU14_3,2500,LU14_2023,0.7120603587962961
LU14,LU14_7,2500,LU14_2023,0.7076227597031965
LU14,LU14_8,2500,LU14_2023,0.7110208770396272
LU14,LU14_9,2500,LU14_2023,0.7119343163145541
LU14,LU14_100,2500,LU14_2023,0.719594349315069
LU14,LU14_102,2500,LU14_2023,0.7326915199530516
LU14,LU14_105,2500,LU14_2023,0.737125790229885
LU14,LU14_110,2500,LU14_2023,0.7016194634703197
LU14,LU14_114,2500,LU14_2023,0.7229298177083332
LU14,LU14_115,2500,LU14_2023,0.7054075574712645
LU14,LU14_120,2500,LU14_2023,0.7048051369863013
LU14,LU14_121,2500,LU14_2023,0.701142361111111
LU14,LU14_131,2500,LU14_2023,0.7134686776620378
LU14,LU14_135,2500,LU14_2023,0.6904616581050232
LU14,LU14_16,2500,LU14_2023,0.71342187499999965
LU14,LU14_17,2500,LU14_2023,0.7224408303990607
LU14,LU14_19,2500,LU14_2023,0.6957190727699532
LU14,LU14_20,2500,LU14_2023,0.695936767241379
LU14,LU14_250,2500,LU14_2023,0.7337726417824076
LU14,LU14_30,2500,LU14_2023,0.7098216091954027
LU14,LU14_31,2500,LU14_2023,0.70285292522831
LU14,LU14_33,2500,LU14_2023,0.7209793615107913
LU14,LU14_37,2500,LU14_2023,0.7290096982758618
LU14,LU14_47,2500,LU14_2023,0.7419284817351594
LU14,LU14_48,2500,LU14_2023,0.7412381365740741
LU14,LU14_49,2500,LU14_2023,0.7344672844827587
LU14,LU14_51,2500,LU14_2023,0.754884806547619
LU14,LU14_54,2500,LU14_2023,0.7133477739726023
LU14,LU14_56,2500,LU14_2023,0.7305546620046626
LU14,LU14_57,2500,LU14_2023,0.7253309544917257
LU14,LU14_61,2500,LU14_2023,0.6980025173611109
LU14,LU14_62,2500,LU14_2023,0.7171174045138887
LU14,LU14_63,2500,LU14_2023,0.6952039641203701
LU14,LU14_66,2500,LU14_2023,0.6871855676328505
LU14,LU14_70,2500,LU14_2023,0.7167220217136148
LU14,LU14_71,2500,LU14_2023,0.7138784527972026
LU14,LU14_72,2500,LU14_2023,0.7173742042824078
LU14,LU14_74,2500,LU14_2023,0.7298173122065725
LU14,LU14_76,2500,LU14_2023,0.724737313218391
LU14,LU14_78,2500,LU14_2023,0.7583862736406624
LU14,LU14_80,2500,LU14_2023,0.6918543103448277
LU14,LU14_84,2500,LU14_2023,0.704712715517241
LU14,LU14_85,2500,LU14_2023,0.6908552228009261
LU14,LU14_86,2500,LU14_2023,0.7364116954022987
LU14,LU14_88,2500,LU14_2023,0.7198582341269842
LU14,LU14_91,2500,LU14_2023,0.700167198275862
LU14,LU14_92,2500,LU14_2023,0.7145235587899543
LU14,LU14_96,2500,LU14_2023,0.7379018103448277
LU14,LU14_97,2500,LU14_2023,0.7127848419540237
LU14,LU14_75,2500,LU14_2023,0.7110202112268511
LU16,LU16_2,2500,LU16_2023,0.6903481465517243
LU16,LU16_3,2500,LU16_2023,0.6872926655251143
LU16,LU16_15,2500,LU16_2023,0.6857357734018268
LU16,LU16_20,2500,LU16_2023,0.6820724681712966
LU16,LU16_200,2500,LU16_2023,0.6861494720319635
LU16,LU16_201,2500,LU16_2023,0.6658339611872152
LU16,LU16_202,2500,LU16_2023,0.6354455622146121
LU16,LU16_203,2500,LU16_2023,0.6629856449771695
LU16,LU16_22,2500,LU16_2023,0.704715482305936
LU16,LU16_23,2500,LU16_2023,0.7003363344988341
LU16,LU16_24,2500,LU16_2023,0.7099939342403624
LU16,LU16_25,2500,LU16_2023,0.7001779620181404
LU16,LU16_26,2500,LU16_2023,0.6940395408163264
LU16,LU16_270,2500,LU16_2023,0.6124895266439914
LU16,LU16_28,2500,LU16_2023,0.6943377140410958
LU16,LU16_300,2500,LU16_2023,0.6668961206896553
LU16,LU16_301,2500,LU16_2023,0.6139569777397257
LU16,LU16_302,2500,LU16_2023,0.6604644965277778
LU16,LU16_303,2500,LU16_2023,0.6208930365296802
LU16,LU16_313,2500,LU16_2023,0.6920047231735154
LU16,LU16_314,2500,LU16_2023,0.6282759580291973
LU16,LU16_36,2500,LU16_2023,0.6893038670091323
LU16,LU16_37,2500,LU16_2023,0.7002055215617714
LU16,LU16_49,2500,LU16_2023,0.5660019971264368
LU16,LU16_52,2500,LU16_2023,0.6055739583333339
LU16,LU16_54,2500,LU16_2023,0.6161335919540234
LU16,LU16_55,2500,LU16_2023,0.6209136130136989
LU16,LU16_57,2500,LU16_2023,0.6171918236301369
LU16,LU16_58,2500,LU16_2023,0.6080411036036034
LU16,LU16_60,2500,LU16_2023,0.6079554421768713
LU16,LU16_62,2500,LU16_2023,0.5792834496138153
LU16,LU16_63,2500,LU16_2023,0.6060037556689339
LU16,LU16_64,2500,LU16_2023,0.6041752283105029
LU16,LU16_67,2500,LU16_2023,0.6224049229452053
LU16,LU16_68,2500,LU16_2023,0.5538008126477542
LU16,LU16_69,2500,LU16_2023,0.5867281394675928
LU16,LU16_70,2500,LU16_2023,0.5648606915509263
LU16,LU16_71,2500,LU16_2023,0.551902725456621
LU16,LU16_72,2500,LU16_2023,0.6203316695601856
LU16,LU16_73,2500,LU16_2023,0.6159534103881279
LU16,LU16_74,2500,LU16_2023,0.6167518939393944
LU16,LU16_75,2500,LU16_2023,0.5898086289414419
LU16,LU16_77,2500,LU16_2023,0.5505028846153847
LU16,LU16_80,2500,LU16_2023,0.5766441695601854
LU16,LU16_81,2500,LU16_2023,0.5765279252283104
LU16,LU16_83,2500,LU16_2023,0.6054546140939598
LU16,LU16_84,2500,LU16_2023,0.6013513795045047
LU16,LU16_85,2500,LU16_2023,0.595633234126984
LU16,LU16_88,2500,LU16_2023,0.5715498287671236
LU22,LU22_110,2500,LU22_2023,0.7407373092723011
LU22,LU22_48,2500,LU22_2023,0.7564894799054368
LU22,LU22_107,2500,LU22_2023,0.7408718390804597
LU22,LU22_49,2500,LU22_2023,0.7698194299768519
LU22,LU22_103,2500,LU22_2023,0.7506349712643683
LU22,LU22_44,2500,LU22_2023,0.7566082877128959
LU22,LU22_21,2500,LU22_2023,0.7817305700231484
LU22,LU22_15,2500,LU22_2023,0.7758116581050227
LU22,LU22_50,2500,LU22_2023,0.737098654513889
LU22,LU22_38,2500,LU22_2023,0.7459131655092592
LU22,LU22_22,2500,LU22_2023,0.7767991197183094
LU22,LU22_85,2500,LU22_2023,0.714667080479452
LU22,LU22_33,2500,LU22_2023,0.7570568955399062
LU22,LU22_34,2500,LU22_2023,0.7455552963615025
LU22,LU22_11,2500,LU22_2023,0.7230337121212126
LU22,LU22_29,2500,LU22_2023,0.768397872960373
LU22,LU22_86,2500,LU22_2023,0.7150116550116554
LU22,LU22_80,2500,LU22_2023,0.7221934931506853
LU22,LU22_17,2500,LU22_2023,0.778502098004695
LU22,LU22_35,2500,LU22_2023,0.754107094988345
LU22,LU22_63,2500,LU22_2023,0.6819072631278538
LU22,LU22_30,2500,LU22_2023,0.7739505459770113
LU22,LU22_4,2500,LU22_2023,0.6999758953900708
LU22,LU22_36,2500,LU22_2023,0.7418781539351854
LU22,LU22_76,2500,LU22_2023,0.7001281465517243
LU22,LU22_5,2500,LU22_2023,0.7534343968531464
LU22,LU22_87,2500,LU22_2023,0.7188949553571431
LU22,LU22_25,2500,LU22_2023,0.7645602846244136
LU22,LU22_89,2500,LU22_2023,0.7115176797945209
LU22,LU22_18,2500,LU22_2023,0.7582893210955709
LU22,LU22_32,2500,LU22_2023,0.745964831002331
LU22,LU22_8,2500,LU22_2023,0.7622234230324071
LU22,LU22_6,2500,LU22_2023,0.7583835992907801
LU22,LU22_81,2500,LU22_2023,0.7133811631944442
LU22,LU22_7,2500,LU22_2023,0.7632169600938967
LU22,LU22_69,2500,LU22_2023,0.7225682255244753
LU22,LU22_70,2500,LU22_2023,0.745637703962704
LU22,LU22_82,2500,LU22_2023,0.7493407248858444
LU22,LU22_94,2500,LU22_2023,0.7546089495305164
LU22,LU22_101,2500,LU22_2023,0.7469728595890415
LU22,LU22_71,2500,LU22_2023,0.7505994827586211
LU22,LU22_77,2500,LU22_2023,0.7523056278935186
LU22,LU22_72,2500,LU22_2023,0.7529959051724141
LU22,LU22_65,2500,LU22_2023,0.7504412671232878
LU22,LU22_60,2500,LU22_2023,0.7524134132420094
LU22,LU22_61,2500,LU22_2023,0.7678990306712961
LU22,LU22_53,2500,LU22_2023,0.770580646551724
LU22,LU22_46,2500,LU22_2023,0.7580430944055944
LU22,LU22_40,2500,LU22_2023,0.7445846008158512
LU22,LU22_47,2500,LU22_2023,0.754154255319149
LU4,LU4_N15_24,2500,LU4_2024,0.6982779976019191
LU4,LU4_M14_24,2500,LU4_2024,0.6993578502415465
LU4,LU4_J14_24,2500,LU4_2024,0.67536599802717
LU4,LU4_J15_24,2500,LU4_2024,0.6587800007792703
LU4,LU4_I12_24,2500,LU4_2024,0.6814817179951689
LU4,LU4_I13_24,2500,LU4_2024,0.6499511334406529
LU4,LU4_Q10_24,2500,LU4_2024,0.7212065159574469
LU4,LU4_O10_24,2500,LU4_2024,0.7219516105200946
LU4,LU4_R7_24,2500,LU4_2024,0.7133259523809528
LU4,LU4_R9_24,2500,LU4_2024,0.7221710899758454
LU4,LU4_T8_24,2500,LU4_2024,0.729246979166667
LU4,LU4_O16_24,2500,LU4_2024,0.6605458002501727
LU4,LU4_J26_24,2500,LU4_2024,0.6795321859903377
LU4,LU4_K25_24,2500,LU4_2024,0.6819115023474177
LU4,LU4_L23_24,2500,LU4_2024,0.7023210131894487
LU4,LU4_H26_24,2500,LU4_2024,0.6738515029761903
LU4,LU4_K23_24,2500,LU4_2024,0.6936823138297871
LU4,LU4_J21_24,2500,LU4_2024,0.7227163988095237
LU4,LU4_I21_24,2500,LU4_2024,0.7194326288968821
LU4,LU4_N30_24,2500,LU4_2024,0.6910470473621099
LU4,LU4_O23_24,2500,LU4_2024,0.6704428981652789
LU4,LU4_O22_24,2500,LU4_2024,0.7186023765432101
LU4,LU4_L18_24,2500,LU4_2024,0.6632870651311252
LU4,LU4_L17_24,2500,LU4_2024,0.6730131901918762
LU4,LU4_K17_24,2500,LU4_2024,0.6889331264775409
LU4,LU4_K19_24,2500,LU4_2024,0.7273268075980394
LU4,LU4_I22_24,2500,LU4_2024,0.7150157973621102
LU4,LU4_Q20_24,2500,LU4_2024,0.6608264435368122
LU4,LU4_V25_24,2500,LU4_2024,0.6877757683215133
LU4,LU4_P22_24,2500,LU4_2024,0.7071664718225421
LU4,LU4_O21_24,2500,LU4_2024,0.7324107121749415
LU4,LU4_P17_24,2500,LU4_2024,0.6770968749999997
LU4,LU4_Q16_24,2500,LU4_2024,0.6818661080917875
LU4,LU4_V19_24,2500,LU4_2024,0.7000019634292566
LU4,LU4_O17_24,2500,LU4_2024,0.6599677418065546
LU4,LU4_W19_24,2500,LU4_2024,0.708090317745804
LU4,LU4_Y25_24,2500,LU4_2024,0.7116072092326136
LU4,LU4_S17_24,2500,LU4_2024,0.6853429649758455
LU4,LU4_S18_24,2500,LU4_2024,0.695094459219858
LU4,LU4_R14_24,2500,LU4_2024,0.698035119047619
LU4,LU4_V17_24,2500,LU4_2024,0.6936488758992803
LU4,LU4_U15_24,2500,LU4_2024,0.6845159622302159
LU4,LU4_M12_24,2500,LU4_2024,0.7100722319347318
LU4,LU4_O13_24,2500,LU4_2024,0.7325945293764989
LU4,LU4_P15_24,2500,LU4_2024,0.6940613159472421
LU4,LU4_E15_24,2500,LU4_2024,0.6757416067146284
LU4,LU4_G17_24,2500,LU4_2024,0.6975458776595743
LU4,LU4_G13_24,2500,LU4_2024,0.6702282608695653
LU4,LU4_G12_24,2500,LU4_2024,0.6717271890096619
LU4,LU4_F14_24,2500,LU4_2024,0.6664930555555554
LU3,LU3_102_24,2500,LU3_2024,0.7043349070743411
LU3,LU3_5_24,2500,LU3_2024,0.7050609672619045
LU3,LU3_103_24,2500,LU3_2024,0.714397410714286
LU3,LU3_131_24,2500,LU3_2024,0.7299604766187048
LU3,LU3_39_24,2500,LU3_2024,0.6768501348920861
LU3,LU3_18_24,2500,LU3_2024,0.6840863758992805
LU3,LU3_20_24,2500,LU3_2024,0.663414016544118
LU3,LU3_19_24,2500,LU3_2024,0.6757134821428576
LU3,LU3_111_24,2500,LU3_2024,0.6629650497087135
LU3,LU3_AB21_24,2500,LU3_2024,0.712006702898551
LU3,LU3_27_24,2500,LU3_2024,0.6885018898809528
LU3,LU3_36_24,2500,LU3_2024,0.6735655952380946
LU3,LU3_40_24,2500,LU3_2024,0.7079679761904761
LU3,LU3_41_24,2500,LU3_2024,0.7141406398809523
LU3,LU3_52_24,2500,LU3_2024,0.6173946141975309
LU3,LU3_15_24,2500,LU3_2024,0.6795906249999998
LU3,LU3_44_24,2500,LU3_2024,0.6647967026378901
LU3,LU3_17_24,2500,LU3_2024,0.6729424793144207
LU3,LU3_147_24,2500,LU3_2024,0.6632185135933809
LU3,LU3_51_24,2500,LU3_2024,0.670131357230392
LU3,LU3_AH7_24,2500,LU3_2024,0.7047836526763986
LU3,LU3_126_24,2500,LU3_2024,0.7120467761557175
LU3,LU3_129_24,2500,LU3_2024,0.6378702529761905
LU3,LU3_28_24,2500,LU3_2024,0.6300845833333336
LU3,LU3_AH14_24,2500,LU3_2024,0.7097190972222227
LU3,LU3_38_24,2500,LU3_2024,0.6802539118705037
LU3,LU3_13_24,2500,LU3_2024,0.7062328720238096
LU3,LU3_25_24,2500,LU3_2024,0.6576238817401963
LU3,LU3_21_24,2500,LU3_2024,0.7019282935049019
LU3,LU3_AC10_24,2500,LU3_2024,0.7126019634292566
LU3,LU3_46_24,2500,LU3_2024,0.7081250301932365
LU3,LU3_10_24,2500,LU3_2024,0.7031879289215687
LU3,LU3_AE12_24,2500,LU3_2024,0.7087779045012168
LU3,LU3_7_24,2500,LU3_2024,0.6822469669117643
LU3,LU3_14_24,2500,LU3_2024,0.6972392487834549
LU3,LU3_137_24,2500,LU3_2024,0.6924018248175178
LU3,LU3_M20_24,2500,LU3_2024,0.7164640137889686
LU3,LU3_L22_24,2500,LU3_2024,0.6791280042270533
LU3,LU3_J23_24,2500,LU3_2024,0.7055172212230215
LU3,LU3_U6_24,2500,LU3_2024,0.6926517257462692
LU3,LU3_L16_24,2500,LU3_2024,0.6540509723174861
LU3,LU3_N18_24,2500,LU3_2024,0.7131892283950615
LU3,LU3_L15_24,2500,LU3_2024,0.6552225922047659
LU3,LU3_32_24,2500,LU3_2024,0.6981281862745097
LU3,LU3_W7_24,2500,LU3_2024,0.6721446708937201
LU3,LU3_45_24,2500,LU3_2024,0.7066311283454988
LU3,LU3_50_24,2500,LU3_2024,0.7138451588729018
LU3,LU3_49_24,2500,LU3_2024,0.6930074940047964
LU3,LU3_Y8_24,2500,LU3_2024,0.6826597767857141
LU3,LU3_48_24,2500,LU3_2024,0.6854160628019328
LU2,LU2_21_24,2500,LU2_2024,0.742098083941606
LU2,LU2_34_24,2500,LU2_2024,0.7665792771464643
LU2,LU2_O25_24,2500,LU2_2024,0.7663924310551562
LU2,LU2_W21_24,2500,LU2_2024,0.7799442934782611
LU2,LU2_36_24,2500,LU2_2024,0.779341200248756
LU2,LU2_15_24,2500,LU2_2024,0.7719996502433095
LU2,LU2_13_24,2500,LU2_2024,0.7719486882716053
LU2,LU2_5_24,2500,LU2_2024,0.6682252790560322
LU2,LU2_101_24,2500,LU2_2024,0.609886115231096
LU2,LU2_32_24,2500,LU2_2024,0.6945984574000881
LU2,LU2_Q24_24,2500,LU2_2024,0.7534869829683701
LU2,LU2_56_24,2500,LU2_2024,0.7755270833333326
LU2,LU2_I15_24,2500,LU2_2024,0.7716321928223845
LU2,LU2_L20_24,2500,LU2_2024,0.7567285386029409
LU2,LU2_L46_24,2500,LU2_2024,0.7530780193236721
LU2,LU2_110_24,2500,LU2_2024,0.7751702038369305
LU2,LU2_39_24,2500,LU2_2024,0.7656001368613137
LU2,LU2_17_24,2500,LU2_2024,0.758879537037037
LU2,LU2_155_24,2500,LU2_2024,0.7692017101990049
LU2,LU2_50_24,2500,LU2_2024,0.7590965227817746
LU2,LU2_O16_24,2500,LU2_2024,0.7512234903381642
LU2,LU2_U13_24,2500,LU2_2024,0.7752203955314013
LU2,LU2_44_24,2500,LU2_2024,0.7668468297101446
LU2,LU2_143_24,2500,LU2_2024,0.7701517512077294
LU2,LU2_18_24,2500,LU2_2024,0.7731466417910451
LU2,LU2_52_24,2500,LU2_2024,0.7739558153477224
LU2,LU2_123_24,2500,LU2_2024,0.7496584266169158
LU2,LU2_H16_24,2500,LU2_2024,0.7757952425373135
LU2,LU2_27_24,2500,LU2_2024,0.7698002506265665
LU2,LU2_31_24,2500,LU2_2024,0.7660907589285717
LU2,LU2_3_24,2500,LU2_2024,0.7695300857843138
LU2,LU2_J27_24,2500,LU2_2024,0.7558760181704259
LU2,LU2_E27_24,2500,LU2_2024,0.7559741881127447
LU2,LU2_G25_24,2500,LU2_2024,0.7577856280193243
LU2,LU2_G26_24,2500,LU2_2024,0.7578252868357492
LU2,LU2_106_24,2500,LU2_2024,0.7333438572303924
LU2,LU2_20_24,2500,LU2_2024,0.7444004136029413
LU2,LU2_25_24,2500,LU2_2024,0.7672002998737373
LU2,LU2_40_24,2500,LU2_2024,0.7513329710144925
LU2,LU2_38_24,2500,LU2_2024,0.7507214478417266
LU2,LU2_137_24,2500,LU2_2024,0.7477939078282831
LU2,LU2_47_24,2500,LU2_2024,0.7732211111111111
LU2,LU2_26_24,2500,LU2_2024,0.7675229015700485
LU2,LU2_H26_24,2500,LU2_2024,0.7527891002415462
LU2,LU2_29_24,2500,LU2_2024,0.7485328010948911
LU2,LU2_K26_24,2500,LU2_2024,0.7458471082089552
LU2,LU2_100_24,2500,LU2_2024,0.7348533150851582
LU2,LU2_30_24,2500,LU2_2024,0.7437261882716051
LU2,LU2_33_24,2500,LU2_2024,0.7707821741854637
LU2,LU2_M25_24,2500,LU2_2024,0.7571925995024875
LU8,LU8_N19_24,2500,LU8_2024,0.7592568865740738
LU8,LU8_M19_24,2500,LU8_2024,0.76125507629108
LU8,LU8_N20_24,2500,LU8_2024,0.7508381264568766
LU8,LU8_O20_24,2500,LU8_2024,0.6884374296171168
LU8,LU8_N18_24,2500,LU8_2024,0.7587894274376416
LU8,LU8_S25_24,2500,LU8_2024,0.7171274543378997
LU8,LU8_AC29_24,2500,LU8_2024,0.6845735730593612
LU8,LU8_AC28_24,2500,LU8_2024,0.6677185908564814
LU8,LU8_AB29_24,2500,LU8_2024,0.6470034477699531
LU8,LU8_AC30_24,2500,LU8_2024,0.6954745337995337
LU8,LU8_T25_24,2500,LU8_2024,0.7023064685314682
LU8,LU8_S24_24,2500,LU8_2024,0.7130358362268514
LU8,LU8_AE29_24,2500,LU8_2024,0.6521185074200913
LU8,LU8_AD29_24,2500,LU8_2024,0.6486250142694062
LU8,LU8_AD28_24,2500,LU8_2024,0.6393414172535212
LU8,LU8_AD27_24,2500,LU8_2024,0.6326494609557114
LU8,LU8_AC24_24,2500,LU8_2024,0.6178887876157406
LU8,LU8_AC25_24,2500,LU8_2024,0.6298879566210044
LU8,LU8_AC31_24,2500,LU8_2024,0.6885438218390806
LU8,LU8_AB31_24,2500,LU8_2024,0.7011888454861113
LU2,LU2_3,2750,LU2_2021,0.7706209077380952
LU2,LU2_5,2750,LU2_2021,0.6527336194227196
LU2,LU2_100,2750,LU2_2021,0.734685707070707
LU2,LU2_101,2750,LU2_2021,0.6068388888788271
LU2,LU2_106,2750,LU2_2021,0.7376736616161619
LU2,LU2_110,2750,LU2_2021,0.7734562876506026
LU2,LU2_119,2750,LU2_2021,0.7407909136546185
LU2,LU2_123,2750,LU2_2021,0.7496169022817465
LU2,LU2_13,2750,LU2_2021,0.7717766716566872
LU2,LU2_137,2750,LU2_2021,0.7460881986027946
LU2,LU2_143,2750,LU2_2021,0.7709296059236949
LU2,LU2_15,2750,LU2_2021,0.7731659930139724
LU2,LU2_153,2750,LU2_2021,0.733569695098784
LU2,LU2_155,2750,LU2_2021,0.7699375502008036
LU2,LU2_17,2750,LU2_2021,0.7587613005050505
LU2,LU2_18,2750,LU2_2021,0.7736621862449802
LU2,LU2_20,2750,LU2_2021,0.7464274494949498
LU2,LU2_21,2750,LU2_2021,0.744788660179641
LU2,LU2_24,2750,LU2_2021,0.7371425577309242
LU2,LU2_25,2750,LU2_2021,0.7660843313373253
LU2,LU2_26,2750,LU2_2021,0.7680615303983228
LU2,LU2_27,2750,LU2_2021,0.7684079341317369
LU2,LU2_29,2750,LU2_2021,0.7493034161490688
LU2,LU2_30,2750,LU2_2021,0.7448792796184739
LU2,LU2_31,2750,LU2_2021,0.7664043181818185
LU2,LU2_32,2750,LU2_2021,0.6949088553005001
LU2,LU2_33,2750,LU2_2021,0.7693864396207584
LU2,LU2_34,2750,LU2_2021,0.7537072727272726
LU2,LU2_36,2750,LU2_2021,0.7776405496987949
LU2,LU2_38,2750,LU2_2021,0.7521886237373738
LU2,LU2_39,2750,LU2_2021,0.7666013383838383
LU2,LU2_40,2750,LU2_2021,0.7508199186991871
LU2,LU2_42,2750,LU2_2021,0.7742176957831326
LU2,LU2_44,2750,LU2_2021,0.7682717206790125
LU2,LU2_46,2750,LU2_2021,0.7531108532934138
LU2,LU2_47,2750,LU2_2021,0.7710598636831272
LU2,LU2_50,2750,LU2_2021,0.7563453661616163
LU2,LU2_51,2750,LU2_2021,0.7160174703805421
LU2,LU2_52,2750,LU2_2021,0.7738218434343437
LU2,LU2_54,2750,LU2_2021,0.7755364834337345
LU2,LU2_56,2750,LU2_2021,0.7755683008982034
LU2,LU2_57,2750,LU2_2021,0.7338581678526656
LU3,LU3_5,2750,LU3_2021,0.705123308080808
LU3,LU3_7,2750,LU3_2021,0.68186236359127
LU3,LU3_10,2750,LU3_2021,0.7006470683632738
LU3,LU3_102,2750,LU3_2021,0.703692315369262
LU3,LU3_103,2750,LU3_2021,0.714469817073171
LU3,LU3_106,2750,LU3_2021,0.7032550471230153
LU3,LU3_111,2750,LU3_2021,0.6683758123791106
LU3,LU3_126,2750,LU3_2021,0.7097603794642854
LU3,LU3_129,2750,LU3_2021,0.6398670159680637
LU3,LU3_13,2750,LU3_2021,0.7064173611111112
LU3,LU3_131,2750,LU3_2021,0.7276698727544908
LU3,LU3_137,2750,LU3_2021,0.6937435267857138
LU3,LU3_14,2750,LU3_2021,0.6975970982142858
LU3,LU3_147,2750,LU3_2021,0.6635942581300815
LU3,LU3_15,2750,LU3_2021,0.6767084588353413
LU3,LU3_17,2750,LU3_2021,0.6708936868686871
LU3,LU3_18,2750,LU3_2021,0.6854292406311638
LU3,LU3_19,2750,LU3_2021,0.6777432135728547
LU3,LU3_20,2750,LU3_2021,0.6639703895463519
LU3,LU3_21,2750,LU3_2021,0.6997370163690475
LU3,LU3_25,2750,LU3_2021,0.6648693700396825
LU3,LU3_27,2750,LU3_2021,0.6900359939759039
LU3,LU3_28,2750,LU3_2021,0.6335083458083836
LU3,LU3_32,2750,LU3_2021,0.6980318987025947
LU3,LU3_36,2750,LU3_2021,0.675162247474747
LU3,LU3_38,2750,LU3_2021,0.6836596770216963
LU3,LU3_39,2750,LU3_2021,0.6787909011044175
LU3,LU3_40,2750,LU3_2021,0.7102626240079368
LU3,LU3_41,2750,LU3_2021,0.7156196285140564
LU3,LU3_44,2750,LU3_2021,0.6693487103174603
LU3,LU3_45,2750,LU3_2021,0.7065395093688358
LU3,LU3_46,2750,LU3_2021,0.7011334935897435
LU3,LU3_48,2750,LU3_2021,0.6872182569033531
LU3,LU3_50,2750,LU3_2021,0.7094728150406507
LU3,LU3_51,2750,LU3_2021,0.6681114459325396
LU3,LU3_52,2750,LU3_2021,0.6193853186274513
LU3,LU3_49,2750,LU3_2021,0.6941442115768462
LU13,LU13_18,2750,LU13_2022,0.5390446327683612
LU13,LU13_15,2750,LU13_2022,0.6251472892992426
LU13,LU13_3,2750,LU13_2022,0.6520413535645477
LU13,LU13_34,2750,LU13_2022,0.6371042857142855
LU13,LU13_57,2750,LU13_2022,0.6925608214285716
LU13,LU13_16,2750,LU13_2022,0.6131578742937853
LU13,LU13_21,2750,LU13_2022,0.5038977871939734
LU13,LU13_37,2750,LU13_2022,0.684698330965909
LU13,LU13_55,2750,LU13_2022,0.6941812619047618
LU13,LU13_47,2750,LU13_2022,0.7147924614643544
LU13,LU13_51,2750,LU13_2022,0.7161459047619054
LU13,LU13_27,2750,LU13_2022,0.7127202586206901
LU13,LU13_5,2750,LU13_2022,0.7172442234848482
LU13,LU13_26,2750,LU13_2022,0.7107618997175148
LU13,LU13_35,2750,LU13_2022,0.6362226532567047
LU13,LU13_13,2750,LU13_2022,0.7076803571428572
LU13,LU13_128,2750,LU13_2022,0.7086677911931816
LU13,LU13_131,2750,LU13_2022,0.7020590318627447
LU13,LU13_12,2750,LU13_2022,0.7045929358237545
LU13,LU13_33,2750,LU13_2022,0.6961390107212473
LU13,LU13_32,2750,LU13_2022,0.6866821327683619
LU13,LU13_30,2750,LU13_2022,0.6670533524904219
LU13,LU13_53,2750,LU13_2022,0.7011057321092276
LU13,LU13_22,2750,LU13_2022,0.7171670617816092
LU13,LU13_19,2750,LU13_2022,0.7136285799808434
LU13,LU13_45,2750,LU13_2022,0.7205034393491121
LU13,LU13_8,2750,LU13_2022,0.724224083333333
LU13,LU13_43,2750,LU13_2022,0.7251602754237284
LU13,LU13_41,2750,LU13_2022,0.7192851428571425
LU13,LU13_59,2750,LU13_2022,0.7033120952380951
LU13,LU13_6,2750,LU13_2022,0.7109197677203061
LU13,LU13_14,2750,LU13_2022,0.7207362596339111
LU13,LU13_52,2750,LU13_2022,0.6528892655367228
LU13,LU13_36,2750,LU13_2022,0.6850269875478925
LU13,LU13_38,2750,LU13_2022,0.6891976293103448
LU13,LU13_20,2750,LU13_2022,0.717369079566855
LU13,LU13_17,2750,LU13_2022,0.7078852250957858
LU13,LU13_56,2750,LU13_2022,0.7127048690476192
LU13,LU13_49,2750,LU13_2022,0.7095183027306968
LU13,LU13_70,2750,LU13_2022,0.7058090198863636
LU13,LU13_11,2750,LU13_2022,0.709346170520231
LU15,LU15_44,2750,LU15_2022,0.70437876984127
LU15,LU15_11,2750,LU15_2022,0.7037007388565892
LU15,LU15_19,2750,LU15_2022,0.7025747023809527
LU15,LU15_7,2750,LU15_2022,0.7354429040404045
LU15,LU15_34,2750,LU15_2022,0.7127009068627452
LU15,LU15_37,2750,LU15_2022,0.6886464995155036
LU15,LU15_18,2750,LU15_2022,0.7124567115768463
LU15,LU15_43,2750,LU15_2022,0.7055086223506747
LU15,LU15_10,2750,LU15_2022,0.7131799951267058
LU15,LU15_58,2750,LU15_2022,0.7201413235294117
LU15,LU15_8,2750,LU15_2022,0.7099627785852717
LU15,LU15_12,2750,LU15_2022,0.6952317251461992
LU15,LU15_17,2750,LU15_2022,0.7148724710982661
LU15,LU15_1,2750,LU15_2022,0.680966800682261
LU15,LU15_26,2750,LU15_2022,0.6855152046783625
LU15,LU15_27,2750,LU15_2022,0.6884003898635477
LU15,LU15_28,2750,LU15_2022,0.6898988725490198
LU15,LU15_2,2750,LU15_2022,0.6896579312865501
LU15,LU15_29,2750,LU15_2022,0.692564280523256
LU15,LU15_30,2750,LU15_2022,0.6933827432562621
LU15,LU15_31,2750,LU15_2022,0.6951869186046514
LU15,LU15_32,2750,LU15_2022,0.6982700823643414
LU15,LU15_20,2750,LU15_2022,0.7241057261208579
LU15,LU15_21,2750,LU15_2022,0.7440976960784316
LU15,LU15_23,2750,LU15_2022,0.7246761695906433
LU15,LU15_41,2750,LU15_2022,0.7210622335271315
LU15,LU15_25,2750,LU15_2022,0.7220464181286551
LU15,LU15_9,2750,LU15_2022,0.7333206484220911
LU15,LU15_24,2750,LU15_2022,0.7394365673449613
LU15,LU15_46,2750,LU15_2022,0.7440547583826432
LU15,LU15_40,2750,LU15_2022,0.712502120315582
LU15,LU15_16,2750,LU15_2022,0.7112670158959541
LU15,LU15_4,2750,LU15_2022,0.6893972016765281
LU15,LU15_36,2750,LU15_2022,0.6960785049019607
LU15,LU15_3,2750,LU15_2022,0.7187995098039218
LU15,LU15_15,2750,LU15_2022,0.7172752059108533
LU15,LU15_14,2750,LU15_2022,0.7173055433723197
LU15,LU15_22,2750,LU15_2022,0.7266426356589153
LU15,LU15_61,2750,LU15_2022,0.7166543120155043
LU21,LU21_106,2750,LU21_2022,0.7030601396917144
LU21,LU21_10,2750,LU21_2022,0.6806584898843938
LU21,LU21_16,2750,LU21_2022,0.6338275434560325
LU21,LU21_107,2750,LU21_2022,0.6973558502906978
LU21,LU21_41,2750,LU21_2022,0.6674223452380954
LU21,LU21_63,2750,LU21_2022,0.6504020231213877
LU21,LU21_27,2750,LU21_2022,0.6555265867248067
LU21,LU21_23,2750,LU21_2022,0.670254539980732
LU21,LU21_21,2750,LU21_2022,0.6647631661821702
LU21,LU21_82,2750,LU21_2022,0.6948976986434108
LU21,LU21_871,2750,LU21_2022,0.7035522650193801
LU21,LU21_164,2750,LU21_2022,0.6424320952380956
LU21,LU21_36,2750,LU21_2022,0.6566632586705201
LU21,LU21_14,2750,LU21_2022,0.6575483020231219
LU21,LU21_32,2750,LU21_2022,0.6719914950980387
LU21,LU21_126,2750,LU21_2022,0.6723469171483627
LU21,LU21_122,2750,LU21_2022,0.6767093989463598
LU21,LU21_56,2750,LU21_2022,0.685690765107212
LU21,LU21_57,2750,LU21_2022,0.6747669744318178
LU21,LU21_9,2750,LU21_2022,0.6656846863026822
LU21,LU21_98,2750,LU21_2022,0.7123931012974055
LU21,LU21_119,2750,LU21_2022,0.6995289728682174
LU21,LU21_52,2750,LU21_2022,0.6971672953648911
LU21,LU21_59,2750,LU21_2022,0.6683167025862066
LU21,LU21_68,2750,LU21_2022,0.6513473386319848
LU21,LU21_109,2750,LU21_2022,0.6948500609161795
LU21,LU21_93,2750,LU21_2022,0.694867641325536
LU21,LU21_114,2750,LU21_2022,0.7332451348747592
LU21,LU21_105,2750,LU21_2022,0.7303701987547894
LU21,LU21_100,2750,LU21_2022,0.7066462643678164
LU21,LU21_74,2750,LU21_2022,0.7142103553921574
LU21,LU21_78,2750,LU21_2022,0.7214274185823755
LU21,LU21_153,2750,LU21_2022,0.7293951987547895
LU21,LU21_6,2750,LU21_2022,0.7291775742337168
LU21,LU21_116,2750,LU21_2022,0.7049409243295024
LU21,LU21_97,2750,LU21_2022,0.6682493786549712
LU1,LU1_13,2750,LU1_2022,0.6642315510665114
LU1,LU1_30,2750,LU1_2022,0.7024164238241312
LU1,LU1_85,2750,LU1_2022,0.7011308080808074
LU1,LU1_66,2750,LU1_2022,0.6807574747474747
LU1,LU1_76,2750,LU1_2022,0.6762589482931727
LU1,LU1_73,2750,LU1_2022,0.6741247827198369
LU1,LU1_75,2750,LU1_2022,0.6759891387195119
LU1,LU1_47,2750,LU1_2022,0.6139027906378595
LU1,LU1_74,2750,LU1_2022,0.7310608128834354
LU1,LU1_44,2750,LU1_2022,0.6106500252525251
LU1,LU1_41,2750,LU1_2022,0.6375469709000268
LU1,LU1_64,2750,LU1_2022,0.6802721806387227
LU1,LU1_86,2750,LU1_2022,0.6835183609437756
LU1,LU1_79,2750,LU1_2022,0.6619757575757578
LU1,LU1_63,2750,LU1_2022,0.6616732469512198
LU1,LU1_72,2750,LU1_2022,0.7024610301635991
LU1,LU1_67,2750,LU1_2022,0.7106018813131317
LU1,LU1_77,2750,LU1_2022,0.668958371212121
LU1,LU1_32,2750,LU1_2022,0.7178249242424241
LU1,LU1_36,2750,LU1_2022,0.701774631605691
LU1,LU1_84,2750,LU1_2022,0.7182197601010099
LU1,LU1_25,2750,LU1_2022,0.6571325126262627
LU1,LU1_83,2750,LU1_2022,0.7128043191056906
LU1,LU1_80,2750,LU1_2022,0.6946816438008131
LU1,LU1_70,2750,LU1_2022,0.7140581160531697
LU1,LU1_48,2750,LU1_2022,0.6713285531697349
LU1,LU1_45,2750,LU1_2022,0.7052452398989898
LU1,LU1_11,2750,LU1_2022,0.6377405808080806
LU1,LU1_40,2750,LU1_2022,0.7291486625514401
LU1,LU1_6,2750,LU1_2022,0.7320357850609754
LU1,LU1_10,2750,LU1_2022,0.7410068229166669
LU1,LU1_43,2750,LU1_2022,0.6403054114255766
LU1,LU1_71,2750,LU1_2022,0.6332431818181818
LU1,LU1_22,2750,LU1_2022,0.6665410732323234
LU1,LU1_60,2750,LU1_2022,0.6806269949494947
LU1,LU1_78,2750,LU1_2022,0.656671011178862
LU1,LU1_46,2750,LU1_2022,0.6363329141260158
LU1,LU1_82,2750,LU1_2022,0.7168531186868687
LU1,LU1_27,2750,LU1_2022,0.6805313389227644
LU9,LU9_5,2750,LU9_2023,0.526659774771094
LU9,LU9_6,2750,LU9_2023,0.6100282469356091
LU9,LU9_7,2750,LU9_2023,0.7087053590142514
LU9,LU9_8,2750,LU9_2023,0.6991295317399037
LU9,LU9_100,2750,LU9_2023,0.6792360989278753
LU9,LU9_102,2750,LU9_2023,0.7712172359496123
LU9,LU9_106,2750,LU9_2023,0.6901558601364529
LU9,LU9_112,2750,LU9_2023,0.679500598802395
LU9,LU9_113,2750,LU9_2023,0.6746914817554238
LU9,LU9_12,2750,LU9_2023,0.7422961168639052
LU9,LU9_13,2750,LU9_2023,0.7473705004930965
LU9,LU9_18,2750,LU9_2023,0.7455611932938854
LU9,LU9_21,2750,LU9_2023,0.740356274654832
LU9,LU9_24,2750,LU9_2023,0.7262436894379843
LU9,LU9_28,2750,LU9_2023,0.7413413236788617
LU9,LU9_29,2750,LU9_2023,0.7181276102941174
LU9,LU9_30,2750,LU9_2023,0.7284826016865081
LU9,LU9_31,2750,LU9_2023,0.7369229288499026
LU9,LU9_32,2750,LU9_2023,0.7560972966269837
LU9,LU9_33,2750,LU9_2023,0.7542105923694773
LU9,LU9_39,2750,LU9_2023,0.6958910852713177
LU9,LU9_41,2750,LU9_2023,0.7431400584795324
LU9,LU9_44,2750,LU9_2023,0.6942818435077522
LU9,LU9_51,2750,LU9_2023,0.6927174585769977
LU9,LU9_55,2750,LU9_2023,0.6973450936883628
LU9,LU9_57,2750,LU9_2023,0.6885968811637081
LU9,LU9_62,2750,LU9_2023,0.7461029361598442
LU9,LU9_63,2750,LU9_2023,0.7346812377450979
LU9,LU9_64,2750,LU9_2023,0.7375865497076027
LU9,LU9_65,2750,LU9_2023,0.7041257828282831
LU9,LU9_67,2750,LU9_2023,0.6747314074612407
LU9,LU9_68,2750,LU9_2023,0.6872430103550299
LU9,LU9_72,2750,LU9_2023,0.7390070389546359
LU9,LU9_73,2750,LU9_2023,0.7124747411242602
LU9,LU9_75,2750,LU9_2023,0.7004782051282048
LU9,LU9_76,2750,LU9_2023,0.6918668494152049
LU9,LU9_77,2750,LU9_2023,0.6693786458333332
LU9,LU9_79,2750,LU9_2023,0.7249819117647063
LU9,LU9_80,2750,LU9_2023,0.734718217054264
LU9,LU9_81,2750,LU9_2023,0.7089347587719299
LU9,LU9_82,2750,LU9_2023,0.7060088636363637
LU9,LU9_85,2750,LU9_2023,0.7361833088235292
LU9,LU9_86,2750,LU9_2023,0.6987927205882346
LU9,LU9_87,2750,LU9_2023,0.6780356617647058
LU9,LU9_90,2750,LU9_2023,0.691671644864341
LU9,LU9_93,2750,LU9_2023,0.752808551356589
LU9,LU9_94,2750,LU9_2023,0.761997453703704
LU9,LU9_96,2750,LU9_2023,0.7098549107142855
LU9,LU9_98,2750,LU9_2023,0.7028725490196079
LU9,LU9_27,2750,LU9_2023,0.712165718562874
LU14,LU14_3,2750,LU14_2023,0.7104810119047615
LU14,LU14_7,2750,LU14_2023,0.70543186416185
LU14,LU14_8,2750,LU14_2023,0.7082073626893941
LU14,LU14_9,2750,LU14_2023,0.7094923887310607
LU14,LU14_100,2750,LU14_2023,0.7199313961988308
LU14,LU14_102,2750,LU14_2023,0.7341642142857142
LU14,LU14_105,2750,LU14_2023,0.7352121168582373
LU14,LU14_110,2750,LU14_2023,0.7014847222222221
LU14,LU14_114,2750,LU14_2023,0.7213355688202245
LU14,LU14_115,2750,LU14_2023,0.7057701624293784
LU14,LU14_120,2750,LU14_2023,0.7071602738095241
LU14,LU14_121,2750,LU14_2023,0.7000359493371208
LU14,LU14_131,2750,LU14_2023,0.7136402380952387
LU14,LU14_135,2750,LU14_2023,0.6916927562260539
LU14,LU14_16,2750,LU14_2023,0.7119202059659089
LU14,LU14_17,2750,LU14_2023,0.721756877367424
LU14,LU14_19,2750,LU14_2023,0.6963832499999999
LU14,LU14_20,2750,LU14_2023,0.6966693627450976
LU14,LU14_250,2750,LU14_2023,0.734382536764706
LU14,LU14_30,2750,LU14_2023,0.71191633382643
LU14,LU14_31,2750,LU14_2023,0.702982699805068
LU14,LU14_33,2750,LU14_2023,0.7200586547619048
LU14,LU14_37,2750,LU14_2023,0.7281496387283236
LU14,LU14_47,2750,LU14_2023,0.7401952945402294
LU14,LU14_48,2750,LU14_2023,0.7389470714285706
LU14,LU14_49,2750,LU14_2023,0.7351154356060604
LU14,LU14_51,2750,LU14_2023,0.7532492187499997
LU14,LU14_54,2750,LU14_2023,0.7132528452380946
LU14,LU14_56,2750,LU14_2023,0.7309024951550391
LU14,LU14_57,2750,LU14_2023,0.7248658617424244
LU14,LU14_61,2750,LU14_2023,0.699555014534883
LU14,LU14_62,2750,LU14_2023,0.7195443690476191
LU14,LU14_63,2750,LU14_2023,0.6930125833333333
LU14,LU14_66,2750,LU14_2023,0.6874615968208095
LU14,LU14_70,2750,LU14_2023,0.715775506120527
LU14,LU14_71,2750,LU14_2023,0.7146582023809522
LU14,LU14_72,2750,LU14_2023,0.7163946732954549
LU14,LU14_74,2750,LU14_2023,0.7274192532771535
LU14,LU14_76,2750,LU14_2023,0.7259342867231641
LU14,LU14_78,2750,LU14_2023,0.7565024266098491
LU14,LU14_80,2750,LU14_2023,0.691088660037879
LU14,LU14_84,2750,LU14_2023,0.7059501445086706
LU14,LU14_85,2750,LU14_2023,0.6925872869318183
LU14,LU14_86,2750,LU14_2023,0.7351001745810057
LU14,LU14_88,2750,LU14_2023,0.7205302083333335
LU14,LU14_91,2750,LU14_2023,0.7018673375706214
LU14,LU14_92,2750,LU14_2023,0.715575901559454
LU14,LU14_96,2750,LU14_2023,0.7373407619047618
LU14,LU14_97,2750,LU14_2023,0.7108064306358388
LU14,LU14_75,2750,LU14_2023,0.7104962099811669
LU16,LU16_2,2750,LU16_2023,0.6866694040697676
LU16,LU16_3,2750,LU16_2023,0.6861661062378166
LU16,LU16_15,2750,LU16_2023,0.679450730363985
LU16,LU16_20,2750,LU16_2023,0.6823366525423733
LU16,LU16_200,2750,LU16_2023,0.6805943226120861
LU16,LU16_201,2750,LU16_2023,0.6715963541666669
LU16,LU16_202,2750,LU16_2023,0.6452268690476193
LU16,LU16_203,2750,LU16_2023,0.6604855932203396
LU16,LU16_22,2750,LU16_2023,0.702829346264368
LU16,LU16_23,2750,LU16_2023,0.7020852401129944
LU16,LU16_24,2750,LU16_2023,0.7136746785714284
LU16,LU16_25,2750,LU16_2023,0.6997247175141245
LU16,LU16_26,2750,LU16_2023,0.6928468989463603
LU16,LU16_270,2750,LU16_2023,0.6107186558380416
LU16,LU16_28,2750,LU16_2023,0.6946254549808427
LU16,LU16_300,2750,LU16_2023,0.6668219815340911
LU16,LU16_301,2750,LU16_2023,0.6196504498106058
LU16,LU16_302,2750,LU16_2023,0.6554640183615823
LU16,LU16_303,2750,LU16_2023,0.628336744639376
LU16,LU16_313,2750,LU16_2023,0.6988515301318263
LU16,LU16_314,2750,LU16_2023,0.6352163912835251
LU16,LU16_36,2750,LU16_2023,0.6912990125240849
LU16,LU16_37,2750,LU16_2023,0.6958080508474574
LU16,LU16_49,2750,LU16_2023,0.550261317883895
LU16,LU16_52,2750,LU16_2023,0.6021754354990588
LU16,LU16_54,2750,LU16_2023,0.6200407303370788
LU16,LU16_55,2750,LU16_2023,0.6221638731060605
LU16,LU16_57,2750,LU16_2023,0.6182104166666664
LU16,LU16_58,2750,LU16_2023,0.6098577466475092
LU16,LU16_60,2750,LU16_2023,0.6053387092911882
LU16,LU16_62,2750,LU16_2023,0.580098942793674
LU16,LU16_63,2750,LU16_2023,0.609189095238095
LU16,LU16_64,2750,LU16_2023,0.6030798022598878
LU16,LU16_67,2750,LU16_2023,0.6192386821161047
LU16,LU16_68,2750,LU16_2023,0.5597356959962756
LU16,LU16_69,2750,LU16_2023,0.5748364555940715
LU16,LU16_70,2750,LU16_2023,0.5707010591247677
LU16,LU16_71,2750,LU16_2023,0.5530500353107343
LU16,LU16_72,2750,LU16_2023,0.6151881634078217
LU16,LU16_73,2750,LU16_2023,0.6084944602272727
LU16,LU16_74,2750,LU16_2023,0.614116145833334
LU16,LU16_75,2750,LU16_2023,0.5902237008426972
LU16,LU16_77,2750,LU16_2023,0.5502701624293787
LU16,LU16_80,2750,LU16_2023,0.5755630032771538
LU16,LU16_81,2750,LU16_2023,0.5740527023809524
LU16,LU16_83,2750,LU16_2023,0.6107832255747128
LU16,LU16_84,2750,LU16_2023,0.6048322013487478
LU16,LU16_85,2750,LU16_2023,0.59400933988764
LU16,LU16_88,2750,LU16_2023,0.5772741309523812
LU22,LU22_110,2750,LU22_2023,0.7403491977969351
LU22,LU22_48,2750,LU22_2023,0.7557739938446967
LU22,LU22_107,2750,LU22_2023,0.7402262310606059
LU22,LU22_49,2750,LU22_2023,0.7688365900383141
LU22,LU22_103,2750,LU22_2023,0.7512013418079099
LU22,LU22_44,2750,LU22_2023,0.7554376204238927
LU22,LU22_21,2750,LU22_2023,0.7811427866088633
LU22,LU22_15,2750,LU22_2023,0.7759910919540232
LU22,LU22_50,2750,LU22_2023,0.7370771317829461
LU22,LU22_38,2750,LU22_2023,0.7449703000992062
LU22,LU22_22,2750,LU22_2023,0.7747445119047613
LU22,LU22_85,2750,LU22_2023,0.7173175818882462
LU22,LU22_33,2750,LU22_2023,0.761032824337121
LU22,LU22_34,2750,LU22_2023,0.747929690476191
LU22,LU22_11,2750,LU22_2023,0.7237835847701157
LU22,LU22_29,2750,LU22_2023,0.7669552573529413
LU22,LU22_86,2750,LU22_2023,0.7161209889846747
LU22,LU22_80,2750,LU22_2023,0.7185793250487335
LU22,LU22_17,2750,LU22_2023,0.7776286547619049
LU22,LU22_35,2750,LU22_2023,0.7492900263409962
LU22,LU22_63,2750,LU22_2023,0.6857966812015505
LU22,LU22_30,2750,LU22_2023,0.7721843928571428
LU22,LU22_4,2750,LU22_2023,0.700026126541344
LU22,LU22_36,2750,LU22_2023,0.7420880563446971
LU22,LU22_76,2750,LU22_2023,0.6986402738095236
LU22,LU22_5,2750,LU22_2023,0.7505541546242772
LU22,LU22_87,2750,LU22_2023,0.7191169862689396
LU22,LU22_25,2750,LU22_2023,0.7636779307909607
LU22,LU22_89,2750,LU22_2023,0.712228889691715
LU22,LU22_18,2750,LU22_2023,0.7579658571428571
LU22,LU22_32,2750,LU22_2023,0.7447708692528733
LU22,LU22_8,2750,LU22_2023,0.7617760838150283
LU22,LU22_6,2750,LU22_2023,0.759285500478927
LU22,LU22_81,2750,LU22_2023,0.7166106547619046
LU22,LU22_7,2750,LU22_2023,0.76318133381226
LU22,LU22_69,2750,LU22_2023,0.7220070119047614
LU22,LU22_70,2750,LU22_2023,0.7443482362689391
LU22,LU22_82,2750,LU22_2023,0.7504748378243513
LU22,LU22_94,2750,LU22_2023,0.7546578783524903
LU22,LU22_101,2750,LU22_2023,0.7489374880952386
LU22,LU22_71,2750,LU22_2023,0.7506613182261209
LU22,LU22_77,2750,LU22_2023,0.7528100357142854
LU22,LU22_72,2750,LU22_2023,0.7518191071428573
LU22,LU22_65,2750,LU22_2023,0.7500544540229888
LU22,LU22_60,2750,LU22_2023,0.7539017121647513
LU22,LU22_61,2750,LU22_2023,0.7652945785984848
LU22,LU22_53,2750,LU22_2023,0.7678515808823528
LU22,LU22_46,2750,LU22_2023,0.7579773897058821
LU22,LU22_40,2750,LU22_2023,0.745958686647174
LU22,LU22_47,2750,LU22_2023,0.7547427619047621
LU4,LU4_N15_24,2750,LU4_2024,0.6971656250000002
LU4,LU4_M14_24,2750,LU4_2024,0.6973837254901967
LU4,LU4_J14_24,2750,LU4_2024,0.6701591723006345
LU4,LU4_J15_24,2750,LU4_2024,0.6570744487663883
LU4,LU4_I12_24,2750,LU4_2024,0.6785172270955165
LU4,LU4_I13_24,2750,LU4_2024,0.6511292504752962
LU4,LU4_Q10_24,2750,LU4_2024,0.7216389338235293
LU4,LU4_O10_24,2750,LU4_2024,0.7229391518737672
LU4,LU4_R7_24,2750,LU4_2024,0.7147088387573969
LU4,LU4_R9_24,2750,LU4_2024,0.7224369730392156
LU4,LU4_T8_24,2750,LU4_2024,0.7289116279069773
LU4,LU4_O16_24,2750,LU4_2024,0.6594924405425493
LU4,LU4_J26_24,2750,LU4_2024,0.6819375847868215
LU4,LU4_K25_24,2750,LU4_2024,0.6825061244979918
LU4,LU4_L23_24,2750,LU4_2024,0.7030621078431373
LU4,LU4_H26_24,2750,LU4_2024,0.6762705514705883
LU4,LU4_K23_24,2750,LU4_2024,0.69425806372549
LU4,LU4_J21_24,2750,LU4_2024,0.7226609499007935
LU4,LU4_I21_24,2750,LU4_2024,0.720277847633136
LU4,LU4_N30_24,2750,LU4_2024,0.6943212377450976
LU4,LU4_O23_24,2750,LU4_2024,0.6714436885214303
LU4,LU4_O22_24,2750,LU4_2024,0.7161825936883631
LU4,LU4_L18_24,2750,LU4_2024,0.6672427675695882
LU4,LU4_L17_24,2750,LU4_2024,0.6711705996484008
LU4,LU4_K17_24,2750,LU4_2024,0.6892211721887549
LU4,LU4_K19_24,2750,LU4_2024,0.7264084442800792
LU4,LU4_I22_24,2750,LU4_2024,0.7167546323529407
LU4,LU4_Q20_24,2750,LU4_2024,0.6656512328115604
LU4,LU4_V25_24,2750,LU4_2024,0.6894374627976191
LU4,LU4_P22_24,2750,LU4_2024,0.7059879807692311
LU4,LU4_O21_24,2750,LU4_2024,0.7254972095959601
LU4,LU4_P17_24,2750,LU4_2024,0.6766778846153845
LU4,LU4_Q16_24,2750,LU4_2024,0.6841637792397665
LU4,LU4_V19_24,2750,LU4_2024,0.6973360906862744
LU4,LU4_O17_24,2750,LU4_2024,0.6588234378266515
LU4,LU4_W19_24,2750,LU4_2024,0.7065213112745103
LU4,LU4_Y25_24,2750,LU4_2024,0.712207365196078
LU4,LU4_S17_24,2750,LU4_2024,0.6819653585271314
LU4,LU4_S18_24,2750,LU4_2024,0.6929273343373493
LU4,LU4_R14_24,2750,LU4_2024,0.6961011330409361
LU4,LU4_V17_24,2750,LU4_2024,0.6929604411764703
LU4,LU4_U15_24,2750,LU4_2024,0.6863329656862748
LU4,LU4_M12_24,2750,LU4_2024,0.7094664186507936
LU4,LU4_O13_24,2750,LU4_2024,0.7294055311890839
LU4,LU4_P15_24,2750,LU4_2024,0.6968047426470589
LU4,LU4_E15_24,2750,LU4_2024,0.6758560661764706
LU4,LU4_G17_24,2750,LU4_2024,0.6970274925595237
LU4,LU4_G13_24,2750,LU4_2024,0.6731676225490197
LU4,LU4_G12_24,2750,LU4_2024,0.6739957840236688
LU4,LU4_F14_24,2750,LU4_2024,0.6674584812623275
LU3,LU3_102_24,2750,LU3_2024,0.7036877108134926
LU3,LU3_5_24,2750,LU3_2024,0.705123308080808
LU3,LU3_103_24,2750,LU3_2024,0.7143425883838387
LU3,LU3_131_24,2750,LU3_2024,0.7276698727544908
LU3,LU3_39_24,2750,LU3_2024,0.680194440261044
LU3,LU3_18_24,2750,LU3_2024,0.6854078000992063
LU3,LU3_20_24,2750,LU3_2024,0.6656114211309532
LU3,LU3_19_24,2750,LU3_2024,0.6774966414141419
LU3,LU3_111_24,2750,LU3_2024,0.6683758123791106
LU3,LU3_AB21_24,2750,LU3_2024,0.7127893197791165
LU3,LU3_27_24,2750,LU3_2024,0.6897168813131316
LU3,LU3_36_24,2750,LU3_2024,0.6748345683632729
LU3,LU3_40_24,2750,LU3_2024,0.7100679733727814
LU3,LU3_41_24,2750,LU3_2024,0.7156499500998006
LU3,LU3_52_24,2750,LU3_2024,0.6193853186274513
LU3,LU3_15_24,2750,LU3_2024,0.6772329819277106
LU3,LU3_44_24,2750,LU3_2024,0.6693487103174603
LU3,LU3_17_24,2750,LU3_2024,0.6713466192614773
LU3,LU3_147_24,2750,LU3_2024,0.6640569904618476
LU3,LU3_51_24,2750,LU3_2024,0.6684983033932135
LU3,LU3_AH7_24,2750,LU3_2024,0.7035549309664691
LU3,LU3_126_24,2750,LU3_2024,0.7093323101577906
LU3,LU3_129_24,2750,LU3_2024,0.6399551215277777
LU3,LU3_28_24,2750,LU3_2024,0.6339570155622493
LU3,LU3_AH14_24,2750,LU3_2024,0.7042951388888896
LU3,LU3_38_24,2750,LU3_2024,0.683324862774451
LU3,LU3_13_24,2750,LU3_2024,0.7064173611111112
LU3,LU3_25_24,2750,LU3_2024,0.6648693700396825
LU3,LU3_21_24,2750,LU3_2024,0.6997370163690475
LU3,LU3_AC10_24,2750,LU3_2024,0.7143292929292927
LU3,LU3_46_24,2750,LU3_2024,0.7011334935897435
LU3,LU3_10_24,2750,LU3_2024,0.7006470683632738
LU3,LU3_AE12_24,2750,LU3_2024,0.7019870315581856
LU3,LU3_7_24,2750,LU3_2024,0.6818675347222223
LU3,LU3_14_24,2750,LU3_2024,0.697481521203156
LU3,LU3_137_24,2750,LU3_2024,0.6937435267857138
LU3,LU3_M20_24,2750,LU3_2024,0.7153033854166665
LU3,LU3_L22_24,2750,LU3_2024,0.6775458223905724
LU3,LU3_J23_24,2750,LU3_2024,0.7030212474899599
LU3,LU3_U6_24,2750,LU3_2024,0.6901066117764474
LU3,LU3_L16_24,2750,LU3_2024,0.6513210129617475
LU3,LU3_N18_24,2750,LU3_2024,0.7112956607495069
LU3,LU3_L15_24,2750,LU3_2024,0.6529410280263841
LU3,LU3_32_24,2750,LU3_2024,0.6980318987025947
LU3,LU3_W7_24,2750,LU3_2024,0.6742074211045371
LU3,LU3_45_24,2750,LU3_2024,0.7060903273809518
LU3,LU3_50_24,2750,LU3_2024,0.7088431818181821
LU3,LU3_49_24,2750,LU3_2024,0.6941442115768462
LU3,LU3_Y8_24,2750,LU3_2024,0.6841038938492063
LU3,LU3_48_24,2750,LU3_2024,0.6872182569033531
LU2,LU2_21_24,2750,LU2_2024,0.744540681818182
LU2,LU2_34_24,2750,LU2_2024,0.7537072727272726
LU2,LU2_O25_24,2750,LU2_2024,0.7659005555555558
LU2,LU2_W21_24,2750,LU2_2024,0.7796150817995913
LU2,LU2_36_24,2750,LU2_2024,0.7776405496987949
LU2,LU2_15_24,2750,LU2_2024,0.7730962349397593
LU2,LU2_13_24,2750,LU2_2024,0.7717766716566872
LU2,LU2_5_24,2750,LU2_2024,0.657063614412228
LU2,LU2_101_24,2750,LU2_2024,0.6195407909203038
LU2,LU2_32_24,2750,LU2_2024,0.6949088553005001
LU2,LU2_Q24_24,2750,LU2_2024,0.7505911395582334
LU2,LU2_56_24,2750,LU2_2024,0.7755683008982034
LU2,LU2_I15_24,2750,LU2_2024,0.7722227366255143
LU2,LU2_L20_24,2750,LU2_2024,0.7573029066866266
LU2,LU2_L46_24,2750,LU2_2024,0.7531108532934138
LU2,LU2_110_24,2750,LU2_2024,0.7734562876506026
LU2,LU2_39_24,2750,LU2_2024,0.7666013383838383
LU2,LU2_17_24,2750,LU2_2024,0.7587497364457833
LU2,LU2_155_24,2750,LU2_2024,0.7699375502008036
LU2,LU2_50_24,2750,LU2_2024,0.7563453661616163
LU2,LU2_O16_24,2750,LU2_2024,0.7439651857429718
LU2,LU2_U13_24,2750,LU2_2024,0.772621510416667
LU2,LU2_44_24,2750,LU2_2024,0.7682274844720498
LU2,LU2_143_24,2750,LU2_2024,0.7709296059236949
LU2,LU2_18_24,2750,LU2_2024,0.7736621862449802
LU2,LU2_52_24,2750,LU2_2024,0.7738218434343437
LU2,LU2_123_24,2750,LU2_2024,0.7496243138722559
LU2,LU2_H16_24,2750,LU2_2024,0.7763005898594377
LU2,LU2_27_24,2750,LU2_2024,0.7684079341317369
LU2,LU2_31_24,2750,LU2_2024,0.7664043181818185
LU2,LU2_3_24,2750,LU2_2024,0.7705655189620759
LU2,LU2_J27_24,2750,LU2_2024,0.7547313997005985
LU2,LU2_E27_24,2750,LU2_2024,0.7541087191358022
LU2,LU2_G25_24,2750,LU2_2024,0.7570614393939394
LU2,LU2_G26_24,2750,LU2_2024,0.7576049335378325
LU2,LU2_106_24,2750,LU2_2024,0.7378838005050509
LU2,LU2_20_24,2750,LU2_2024,0.7464274494949498
LU2,LU2_25_24,2750,LU2_2024,0.7660843313373253
LU2,LU2_40_24,2750,LU2_2024,0.7494315040650408
LU2,LU2_38_24,2750,LU2_2024,0.7522542670682733
LU2,LU2_137_24,2750,LU2_2024,0.7460881986027946
LU2,LU2_47_24,2750,LU2_2024,0.7709169495884771
LU2,LU2_26_24,2750,LU2_2024,0.7680615303983228
LU2,LU2_H26_24,2750,LU2_2024,0.7522289439203356
LU2,LU2_29_24,2750,LU2_2024,0.7493014233954455
LU2,LU2_K26_24,2750,LU2_2024,0.747069136726547
LU2,LU2_100_24,2750,LU2_2024,0.734685707070707
LU2,LU2_30_24,2750,LU2_2024,0.7447991017964071
LU2,LU2_33_24,2750,LU2_2024,0.7693864396207584
LU2,LU2_M25_24,2750,LU2_2024,0.7560219766260163
LU8,LU8_N19_24,2750,LU8_2024,0.7603071327683615
LU8,LU8_M19_24,2750,LU8_2024,0.7614713276836159
LU8,LU8_N20_24,2750,LU8_2024,0.7507688904494381
LU8,LU8_O20_24,2750,LU8_2024,0.6822422348484847
LU8,LU8_N18_24,2750,LU8_2024,0.7578310344827587
LU8,LU8_S25_24,2750,LU8_2024,0.7179279778719397
LU8,LU8_AC29_24,2750,LU8_2024,0.6852598684210529
LU8,LU8_AC28_24,2750,LU8_2024,0.6700611817325801
LU8,LU8_AB29_24,2750,LU8_2024,0.6502028837099814
LU8,LU8_AC30_24,2750,LU8_2024,0.6928507650659136
LU8,LU8_T25_24,2750,LU8_2024,0.7000553928571425
LU8,LU8_S24_24,2750,LU8_2024,0.7129394404761903
LU8,LU8_AE29_24,2750,LU8_2024,0.6481734375
LU8,LU8_AD29_24,2750,LU8_2024,0.6449686197916665
LU8,LU8_AD28_24,2750,LU8_2024,0.6429879616477274
LU8,LU8_AD27_24,2750,LU8_2024,0.6359791309523815
LU8,LU8_AC24_24,2750,LU8_2024,0.6160502471751408
LU8,LU8_AC25_24,2750,LU8_2024,0.6300163115530298
LU8,LU8_AC31_24,2750,LU8_2024,0.6870299735067439
LU8,LU8_AB31_24,2750,LU8_2024,0.7007688920454546
LU2,LU2_3,3000,LU2_2021,0.7704966836734697
LU2,LU2_5,3000,LU2_2021,0.6551795288661565
LU2,LU2_100,3000,LU2_2021,0.735049885416666
LU2,LU2_101,3000,LU2_2021,0.6175466707439994
LU2,LU2_106,3000,LU2_2021,0.7395231493231809
LU2,LU2_110,3000,LU2_2021,0.7725471000837523
LU2,LU2_119,3000,LU2_2021,0.7394692249568217
LU2,LU2_123,3000,LU2_2021,0.7489928087986467
LU2,LU2_13,3000,LU2_2021,0.7715398582910322
LU2,LU2_137,3000,LU2_2021,0.7432601495726495
LU2,LU2_143,3000,LU2_2021,0.7714845556972789
LU2,LU2_15,3000,LU2_2021,0.7735508867521368
LU2,LU2_153,3000,LU2_2021,0.7282423912447423
LU2,LU2_155,3000,LU2_2021,0.7702726267182132
LU2,LU2_17,3000,LU2_2021,0.7597872625215887
LU2,LU2_18,3000,LU2_2021,0.7739737179487182
LU2,LU2_20,3000,LU2_2021,0.747777072811448
LU2,LU2_21,3000,LU2_2021,0.7449093055555556
LU2,LU2_24,3000,LU2_2021,0.735815758547009
LU2,LU2_25,3000,LU2_2021,0.7656881909013608
LU2,LU2_26,3000,LU2_2021,0.7685781994047621
LU2,LU2_27,3000,LU2_2021,0.7665421794871798
LU2,LU2_29,3000,LU2_2021,0.7503856421821304
LU2,LU2_30,3000,LU2_2021,0.7456823290598291
LU2,LU2_31,3000,LU2_2021,0.763147706228956
LU2,LU2_32,3000,LU2_2021,0.6865928959217882
LU2,LU2_33,3000,LU2_2021,0.7680242582897034
LU2,LU2_34,3000,LU2_2021,0.7494036809153715
LU2,LU2_36,3000,LU2_2021,0.7758789763113366
LU2,LU2_38,3000,LU2_2021,0.7546406623931619
LU2,LU2_39,3000,LU2_2021,0.7664110762144049
LU2,LU2_40,3000,LU2_2021,0.7478242414529916
LU2,LU2_42,3000,LU2_2021,0.774141011597938
LU2,LU2_44,3000,LU2_2021,0.7684873639028472
LU2,LU2_46,3000,LU2_2021,0.7511071666666664
LU2,LU2_47,3000,LU2_2021,0.7679229166666669
LU2,LU2_50,3000,LU2_2021,0.755719064070351
LU2,LU2_51,3000,LU2_2021,0.7208190088598602
LU2,LU2_52,3000,LU2_2021,0.774366145833333
LU2,LU2_54,3000,LU2_2021,0.7750560615577885
LU2,LU2_56,3000,LU2_2021,0.7744114426298163
LU2,LU2_57,3000,LU2_2021,0.7350991023270096
LU3,LU3_5,3000,LU3_2021,0.7040508706467664
LU3,LU3_7,3000,LU3_2021,0.6825277462121212
LU3,LU3_10,3000,LU3_2021,0.7002755286069652
LU3,LU3_102,3000,LU3_2021,0.7040613049915397
LU3,LU3_103,3000,LU3_2021,0.7138651979166666
LU3,LU3_106,3000,LU3_2021,0.7038998737373732
LU3,LU3_111,3000,LU3_2021,0.6761693160460992
LU3,LU3_126,3000,LU3_2021,0.7076207187499997
LU3,LU3_129,3000,LU3_2021,0.640772014925373
LU3,LU3_13,3000,LU3_2021,0.7052068645833333
LU3,LU3_131,3000,LU3_2021,0.7260080192629813
LU3,LU3_137,3000,LU3_2021,0.6957604679802956
LU3,LU3_14,3000,LU3_2021,0.6983193845177663
LU3,LU3_147,3000,LU3_2021,0.6689574015912898
LU3,LU3_15,3000,LU3_2021,0.6783042288557215
LU3,LU3_17,3000,LU3_2021,0.6727692889718074
LU3,LU3_18,3000,LU3_2021,0.6863230104166663
LU3,LU3_19,3000,LU3_2021,0.6805318645833338
LU3,LU3_20,3000,LU3_2021,0.6672491116751276
LU3,LU3_21,3000,LU3_2021,0.6953719791666668
LU3,LU3_25,3000,LU3_2021,0.6665969941956882
LU3,LU3_27,3000,LU3_2021,0.6910857291666672
LU3,LU3_28,3000,LU3_2021,0.6309597566006602
LU3,LU3_32,3000,LU3_2021,0.6976814270833336
LU3,LU3_36,3000,LU3_2021,0.6784856343283583
LU3,LU3_38,3000,LU3_2021,0.6817412583752095
LU3,LU3_39,3000,LU3_2021,0.6800918316831682
LU3,LU3_40,3000,LU3_2021,0.7120698235544222
LU3,LU3_41,3000,LU3_2021,0.7164161922442248
LU3,LU3_44,3000,LU3_2021,0.6735566875
LU3,LU3_45,3000,LU3_2021,0.7046273148148139
LU3,LU3_46,3000,LU3_2021,0.697518458333333
LU3,LU3_48,3000,LU3_2021,0.6884248437499998
LU3,LU3_50,3000,LU3_2021,0.7035052653399672
LU3,LU3_51,3000,LU3_2021,0.6694738020833333
LU3,LU3_52,3000,LU3_2021,0.6247321794871795
LU3,LU3_49,3000,LU3_2021,0.6938840937499997
LU13,LU13_18,3000,LU13_2022,0.5389601422764225
LU13,LU13_15,3000,LU13_2022,0.6257148475609757
LU13,LU13_3,3000,LU13_2022,0.6542857356459333
LU13,LU13_34,3000,LU13_2022,0.6441600992063492
LU13,LU13_57,3000,LU13_2022,0.6929870068438009
LU13,LU13_16,3000,LU13_2022,0.6013788975279107
LU13,LU13_21,3000,LU13_2022,0.49805393406148846
LU13,LU13_37,3000,LU13_2022,0.6847326489533011
LU13,LU13_55,3000,LU13_2022,0.6952630809294875
LU13,LU13_47,3000,LU13_2022,0.7161930853174601
LU13,LU13_51,3000,LU13_2022,0.7164685173948224
LU13,LU13_27,3000,LU13_2022,0.7135331746031742
LU13,LU13_5,3000,LU13_2022,0.7176193108974356
LU13,LU13_26,3000,LU13_2022,0.7111203150406505
LU13,LU13_35,3000,LU13_2022,0.6412011961722485
LU13,LU13_13,3000,LU13_2022,0.7077087840544868
LU13,LU13_128,3000,LU13_2022,0.7077952688834154
LU13,LU13_131,3000,LU13_2022,0.7024407638888887
LU13,LU13_12,3000,LU13_2022,0.7043960725677827
LU13,LU13_33,3000,LU13_2022,0.6967275518341306
LU13,LU13_32,3000,LU13_2022,0.6830320048309182
LU13,LU13_30,3000,LU13_2022,0.6617439692982459
LU13,LU13_53,3000,LU13_2022,0.7012514563106793
LU13,LU13_22,3000,LU13_2022,0.7168452551834132
LU13,LU13_19,3000,LU13_2022,0.7155578174603177
LU13,LU13_45,3000,LU13_2022,0.7217192384370008
LU13,LU13_8,3000,LU13_2022,0.7245200821314098
LU13,LU13_43,3000,LU13_2022,0.7249125801282049
LU13,LU13_41,3000,LU13_2022,0.7199763285024158
LU13,LU13_59,3000,LU13_2022,0.7033756109775641
LU13,LU13_6,3000,LU13_2022,0.7126836722488038
LU13,LU13_14,3000,LU13_2022,0.7204756578947371
LU13,LU13_52,3000,LU13_2022,0.6521001321138207
LU13,LU13_36,3000,LU13_2022,0.6856628505608973
LU13,LU13_38,3000,LU13_2022,0.6898406299840514
LU13,LU13_20,3000,LU13_2022,0.7179640524839738
LU13,LU13_17,3000,LU13_2022,0.71133639354067
LU13,LU13_56,3000,LU13_2022,0.7133887759170655
LU13,LU13_49,3000,LU13_2022,0.7108551219512198
LU13,LU13_70,3000,LU13_2022,0.7063829490291267
LU13,LU13_11,3000,LU13_2022,0.7080243849206346
LU15,LU15_44,3000,LU15_2022,0.7052337046204618
LU15,LU15_11,3000,LU15_2022,0.7051767682926829
LU15,LU15_19,3000,LU15_2022,0.7032385825163394
LU15,LU15_7,3000,LU15_2022,0.7344435231023102
LU15,LU15_34,3000,LU15_2022,0.7135579601990054
LU15,LU15_37,3000,LU15_2022,0.6905808373590979
LU15,LU15_18,3000,LU15_2022,0.7137005833333339
LU15,LU15_43,3000,LU15_2022,0.7061963619402987
LU15,LU15_10,3000,LU15_2022,0.7143141850490199
LU15,LU15_58,3000,LU15_2022,0.7202287741545895
LU15,LU15_8,3000,LU15_2022,0.7100407693894394
LU15,LU15_12,3000,LU15_2022,0.6966848214285716
LU15,LU15_17,3000,LU15_2022,0.7134442504084973
LU15,LU15_1,3000,LU15_2022,0.682148251675042
LU15,LU15_26,3000,LU15_2022,0.6858009339080463
LU15,LU15_27,3000,LU15_2022,0.6877214108910895
LU15,LU15_28,3000,LU15_2022,0.6900535994224428
LU15,LU15_2,3000,LU15_2022,0.691181547619048
LU15,LU15_29,3000,LU15_2022,0.6933836250000003
LU15,LU15_30,3000,LU15_2022,0.6933355625000008
LU15,LU15_31,3000,LU15_2022,0.6956571666666672
LU15,LU15_32,3000,LU15_2022,0.6998476010101017
LU15,LU15_20,3000,LU15_2022,0.7230140833333332
LU15,LU15_21,3000,LU15_2022,0.7431931836569576
LU15,LU15_23,3000,LU15_2022,0.725290210355987
LU15,LU15_41,3000,LU15_2022,0.7202076732673266
LU15,LU15_25,3000,LU15_2022,0.7227052032019708
LU15,LU15_9,3000,LU15_2022,0.7330856848184818
LU15,LU15_24,3000,LU15_2022,0.7386277982026144
LU15,LU15_46,3000,LU15_2022,0.743143578904992
LU15,LU15_40,3000,LU15_2022,0.7114770322712425
LU15,LU15_16,3000,LU15_2022,0.7116818069306936
LU15,LU15_4,3000,LU15_2022,0.6910689054726368
LU15,LU15_36,3000,LU15_2022,0.6968097188013136
LU15,LU15_3,3000,LU15_2022,0.7177479888613867
LU15,LU15_15,3000,LU15_2022,0.7173442786069653
LU15,LU15_14,3000,LU15_2022,0.7161390833333336
LU15,LU15_22,3000,LU15_2022,0.7269828304597704
LU15,LU15_61,3000,LU15_2022,0.7181005000000007
LU21,LU21_106,3000,LU21_2022,0.7026645217569788
LU21,LU21_10,3000,LU21_2022,0.6804816316006602
LU21,LU21_16,3000,LU21_2022,0.6357892156862742
LU21,LU21_107,3000,LU21_2022,0.6954036658653848
LU21,LU21_41,3000,LU21_2022,0.6675808925653595
LU21,LU21_63,3000,LU21_2022,0.6525688109756101
LU21,LU21_27,3000,LU21_2022,0.6563208333333337
LU21,LU21_23,3000,LU21_2022,0.6706151524390241
LU21,LU21_21,3000,LU21_2022,0.6669690988835728
LU21,LU21_82,3000,LU21_2022,0.698598692810457
LU21,LU21_871,3000,LU21_2022,0.7006668292682928
LU21,LU21_164,3000,LU21_2022,0.6441469873366009
LU21,LU21_36,3000,LU21_2022,0.6585043361244014
LU21,LU21_14,3000,LU21_2022,0.6571827970297028
LU21,LU21_32,3000,LU21_2022,0.6726444645732687
LU21,LU21_126,3000,LU21_2022,0.6703929738562094
LU21,LU21_122,3000,LU21_2022,0.6749296874999996
LU21,LU21_56,3000,LU21_2022,0.6865011718749993
LU21,LU21_57,3000,LU21_2022,0.6773582336523122
LU21,LU21_9,3000,LU21_2022,0.667707896341464
LU21,LU21_98,3000,LU21_2022,0.7125677083333337
LU21,LU21_119,3000,LU21_2022,0.6996200265522877
LU21,LU21_52,3000,LU21_2022,0.698037840544871
LU21,LU21_59,3000,LU21_2022,0.6699844734660031
LU21,LU21_68,3000,LU21_2022,0.6512455213365539
LU21,LU21_109,3000,LU21_2022,0.6947560264227646
LU21,LU21_93,3000,LU21_2022,0.6878771232057417
LU21,LU21_114,3000,LU21_2022,0.734773038617886
LU21,LU21_105,3000,LU21_2022,0.7281924298679867
LU21,LU21_100,3000,LU21_2022,0.7059563211382112
LU21,LU21_74,3000,LU21_2022,0.7145257902298853
LU21,LU21_78,3000,LU21_2022,0.7207527165032678
LU21,LU21_153,3000,LU21_2022,0.7311715650406507
LU21,LU21_6,3000,LU21_2022,0.7293870565181525
LU21,LU21_116,3000,LU21_2022,0.7040544334975372
LU21,LU21_97,3000,LU21_2022,0.6695446213942314
LU1,LU1_13,3000,LU1_2022,0.6625534102421594
LU1,LU1_30,3000,LU1_2022,0.7056753367003372
LU1,LU1_85,3000,LU1_2022,0.7007604061447806
LU1,LU1_66,3000,LU1_2022,0.6858586159966499
LU1,LU1_76,3000,LU1_2022,0.6795707253886007
LU1,LU1_73,3000,LU1_2022,0.6755074465811969
LU1,LU1_75,3000,LU1_2022,0.6779886267006798
LU1,LU1_47,3000,LU1_2022,0.6140016414141407
LU1,LU1_74,3000,LU1_2022,0.7117298265283247
LU1,LU1_44,3000,LU1_2022,0.6199072916666665
LU1,LU1_41,3000,LU1_2022,0.6298342227527063
LU1,LU1_64,3000,LU1_2022,0.6836109858247426
LU1,LU1_86,3000,LU1_2022,0.6851608714043995
LU1,LU1_79,3000,LU1_2022,0.6651756239424703
LU1,LU1_63,3000,LU1_2022,0.6658585042735046
LU1,LU1_72,3000,LU1_2022,0.7015454613095239
LU1,LU1_67,3000,LU1_2022,0.7052058521775548
LU1,LU1_77,3000,LU1_2022,0.6739526446459415
LU1,LU1_32,3000,LU1_2022,0.7174526861252117
LU1,LU1_36,3000,LU1_2022,0.7044230555555552
LU1,LU1_84,3000,LU1_2022,0.7163509890572393
LU1,LU1_25,3000,LU1_2022,0.6649050488945578
LU1,LU1_83,3000,LU1_2022,0.7137702051926292
LU1,LU1_80,3000,LU1_2022,0.6894976311336718
LU1,LU1_70,3000,LU1_2022,0.7109752266839374
LU1,LU1_48,3000,LU1_2022,0.6684082903780075
LU1,LU1_45,3000,LU1_2022,0.7036195124570447
LU1,LU1_11,3000,LU1_2022,0.6423464270293608
LU1,LU1_40,3000,LU1_2022,0.7305362163299661
LU1,LU1_6,3000,LU1_2022,0.7257132003998401
LU1,LU1_10,3000,LU1_2022,0.7391273611111114
LU1,LU1_43,3000,LU1_2022,0.6390524522569444
LU1,LU1_71,3000,LU1_2022,0.6321533946700508
LU1,LU1_22,3000,LU1_2022,0.6655538752158895
LU1,LU1_60,3000,LU1_2022,0.6770848561759727
LU1,LU1_78,3000,LU1_2022,0.6613803405245346
LU1,LU1_46,3000,LU1_2022,0.6343312079124573
LU1,LU1_82,3000,LU1_2022,0.7158541881443297
LU1,LU1_27,3000,LU1_2022,0.6853407491364422
LU9,LU9_5,3000,LU9_2023,0.5374681735792393
LU9,LU9_6,3000,LU9_2023,0.6174438479435873
LU9,LU9_7,3000,LU9_2023,0.7020804946611713
LU9,LU9_8,3000,LU9_2023,0.6992570989617568
LU9,LU9_100,3000,LU9_2023,0.681142781986532
LU9,LU9_102,3000,LU9_2023,0.7677503094059407
LU9,LU9_106,3000,LU9_2023,0.6913061262376241
LU9,LU9_112,3000,LU9_2023,0.6796050373134326
LU9,LU9_113,3000,LU9_2023,0.6757581188725488
LU9,LU9_12,3000,LU9_2023,0.7337844063794668
LU9,LU9_13,3000,LU9_2023,0.7489317118226598
LU9,LU9_18,3000,LU9_2023,0.7394920874384232
LU9,LU9_21,3000,LU9_2023,0.7389811881188131
LU9,LU9_24,3000,LU9_2023,0.7292183080808079
LU9,LU9_28,3000,LU9_2023,0.7384653192371472
LU9,LU9_29,3000,LU9_2023,0.721849170812603
LU9,LU9_30,3000,LU9_2023,0.7307404411764711
LU9,LU9_31,3000,LU9_2023,0.7373628778594777
LU9,LU9_32,3000,LU9_2023,0.7535443020833338
LU9,LU9_33,3000,LU9_2023,0.7526289819376027
LU9,LU9_39,3000,LU9_2023,0.6972081145833333
LU9,LU9_41,3000,LU9_2023,0.7402797208538585
LU9,LU9_44,3000,LU9_2023,0.6940519389438946
LU9,LU9_51,3000,LU9_2023,0.6942727588383834
LU9,LU9_55,3000,LU9_2023,0.7003356321839082
LU9,LU9_57,3000,LU9_2023,0.6889508415435138
LU9,LU9_62,3000,LU9_2023,0.7451814757799675
LU9,LU9_63,3000,LU9_2023,0.7356720854377101
LU9,LU9_64,3000,LU9_2023,0.7377371041666673
LU9,LU9_65,3000,LU9_2023,0.7083989166666665
LU9,LU9_67,3000,LU9_2023,0.675256407828283
LU9,LU9_68,3000,LU9_2023,0.6829547311165848
LU9,LU9_72,3000,LU9_2023,0.7388990040650407
LU9,LU9_73,3000,LU9_2023,0.7136856924019607
LU9,LU9_75,3000,LU9_2023,0.6986335899014776
LU9,LU9_76,3000,LU9_2023,0.6902078176567655
LU9,LU9_77,3000,LU9_2023,0.6731553437499999
LU9,LU9_79,3000,LU9_2023,0.7294295053366172
LU9,LU9_80,3000,LU9_2023,0.7338058248299323
LU9,LU9_81,3000,LU9_2023,0.708027030988275
LU9,LU9_82,3000,LU9_2023,0.7057931902985074
LU9,LU9_85,3000,LU9_2023,0.7377118842364533
LU9,LU9_86,3000,LU9_2023,0.7002760004125408
LU9,LU9_87,3000,LU9_2023,0.6785862933168314
LU9,LU9_90,3000,LU9_2023,0.6907749281609195
LU9,LU9_93,3000,LU9_2023,0.7487819546568629
LU9,LU9_94,3000,LU9_2023,0.7594893151815183
LU9,LU9_96,3000,LU9_2023,0.7107216954022987
LU9,LU9_98,3000,LU9_2023,0.7034889096185732
LU9,LU9_27,3000,LU9_2023,0.7144133250825083
LU14,LU14_3,3000,LU14_2023,0.7096127246732024
LU14,LU14_7,3000,LU14_2023,0.702473621031746
LU14,LU14_8,3000,LU14_2023,0.706319464573269
LU14,LU14_9,3000,LU14_2023,0.7090718196457328
LU14,LU14_100,3000,LU14_2023,0.7195154563492071
LU14,LU14_102,3000,LU14_2023,0.734181951121795
LU14,LU14_105,3000,LU14_2023,0.7329134669059013
LU14,LU14_110,3000,LU14_2023,0.7020517145135564
LU14,LU14_114,3000,LU14_2023,0.7211383231707312
LU14,LU14_115,3000,LU14_2023,0.7062121193910248
LU14,LU14_120,3000,LU14_2023,0.7084790773809525
LU14,LU14_121,3000,LU14_2023,0.700007251213592
LU14,LU14_131,3000,LU14_2023,0.7129267543859654
LU14,LU14_135,3000,LU14_2023,0.6932323265550243
LU14,LU14_16,3000,LU14_2023,0.711517047275641
LU14,LU14_17,3000,LU14_2023,0.7197753925120771
LU14,LU14_19,3000,LU14_2023,0.6960469250801284
LU14,LU14_20,3000,LU14_2023,0.6955183252427183
LU14,LU14_250,3000,LU14_2023,0.7364188392857143
LU14,LU14_30,3000,LU14_2023,0.712476061698718
LU14,LU14_31,3000,LU14_2023,0.7056600976874002
LU14,LU14_33,3000,LU14_2023,0.7199882013201324
LU14,LU14_37,3000,LU14_2023,0.7278408134920635
LU14,LU14_47,3000,LU14_2023,0.7392304045893716
LU14,LU14_48,3000,LU14_2023,0.7375635569105686
LU14,LU14_49,3000,LU14_2023,0.7356045914239483
LU14,LU14_51,3000,LU14_2023,0.7515795585808581
LU14,LU14_54,3000,LU14_2023,0.7134392192556636
LU14,LU14_56,3000,LU14_2023,0.7320573818108981
LU14,LU14_57,3000,LU14_2023,0.7252768267651885
LU14,LU14_61,3000,LU14_2023,0.7006706119162638
LU14,LU14_62,3000,LU14_2023,0.7218277375201289
LU14,LU14_63,3000,LU14_2023,0.6912423341423949
LU14,LU14_66,3000,LU14_2023,0.6878773604269296
LU14,LU14_70,3000,LU14_2023,0.7152461585365851
LU14,LU14_71,3000,LU14_2023,0.7149620693108971
LU14,LU14_72,3000,LU14_2023,0.7161606998381881
LU14,LU14_74,3000,LU14_2023,0.7263257926829271
LU14,LU14_76,3000,LU14_2023,0.7265331630608973
LU14,LU14_78,3000,LU14_2023,0.7548448529411773
LU14,LU14_80,3000,LU14_2023,0.691888231169872
LU14,LU14_84,3000,LU14_2023,0.70787826953748
LU14,LU14_85,3000,LU14_2023,0.6935357772435906
LU14,LU14_86,3000,LU14_2023,0.7344851161858976
LU14,LU14_88,3000,LU14_2023,0.7197980059523807
LU14,LU14_91,3000,LU14_2023,0.7028828301127216
LU14,LU14_92,3000,LU14_2023,0.7170932316118941
LU14,LU14_96,3000,LU14_2023,0.734603195112179
LU14,LU14_97,3000,LU14_2023,0.7098964214513561
LU14,LU14_75,3000,LU14_2023,0.7088949218749997
LU16,LU16_2,3000,LU16_2023,0.685788137958533
LU16,LU16_3,3000,LU16_2023,0.6828561521909232
LU16,LU16_15,3000,LU16_2023,0.6719289285714288
LU16,LU16_20,3000,LU16_2023,0.6859432091346155
LU16,LU16_200,3000,LU16_2023,0.6726440972222222
LU16,LU16_201,3000,LU16_2023,0.6632811615566042
LU16,LU16_202,3000,LU16_2023,0.6478987103174602
LU16,LU16_203,3000,LU16_2023,0.6620164553140098
LU16,LU16_22,3000,LU16_2023,0.6939177281746031
LU16,LU16_23,3000,LU16_2023,0.7001145432692308
LU16,LU16_24,3000,LU16_2023,0.7167803515007892
LU16,LU16_25,3000,LU16_2023,0.7011964342948726
LU16,LU16_26,3000,LU16_2023,0.6888840376984124
LU16,LU16_270,3000,LU16_2023,0.6112782822327043
LU16,LU16_28,3000,LU16_2023,0.6939270043443916
LU16,LU16_300,3000,LU16_2023,0.6670126984126985
LU16,LU16_301,3000,LU16_2023,0.6268573163507111
LU16,LU16_302,3000,LU16_2023,0.6529116486378214
LU16,LU16_303,3000,LU16_2023,0.6383285615079367
LU16,LU16_313,3000,LU16_2023,0.7014697966507176
LU16,LU16_314,3000,LU16_2023,0.6390388613861387
LU16,LU16_36,3000,LU16_2023,0.6919073262243288
LU16,LU16_37,3000,LU16_2023,0.692572644927536
LU16,LU16_49,3000,LU16_2023,0.5429707137161083
LU16,LU16_52,3000,LU16_2023,0.6027859274839747
LU16,LU16_54,3000,LU16_2023,0.6224480456349211
LU16,LU16_55,3000,LU16_2023,0.6209074249605055
LU16,LU16_57,3000,LU16_2023,0.6192759676145341
LU16,LU16_58,3000,LU16_2023,0.6123571287519748
LU16,LU16_60,3000,LU16_2023,0.6054660475628935
LU16,LU16_62,3000,LU16_2023,0.5793255490458082
LU16,LU16_63,3000,LU16_2023,0.6123518858609791
LU16,LU16_64,3000,LU16_2023,0.6030442284689002
LU16,LU16_67,3000,LU16_2023,0.6185104266347684
LU16,LU16_68,3000,LU16_2023,0.5604042374595468
LU16,LU16_69,3000,LU16_2023,0.5741558853256589
LU16,LU16_70,3000,LU16_2023,0.5746924242424244
LU16,LU16_71,3000,LU16_2023,0.5558996008566978
LU16,LU16_72,3000,LU16_2023,0.6104419345238101
LU16,LU16_73,3000,LU16_2023,0.6055869345238096
LU16,LU16_74,3000,LU16_2023,0.6102318972491914
LU16,LU16_75,3000,LU16_2023,0.5937518750000007
LU16,LU16_77,3000,LU16_2023,0.550140277777778
LU16,LU16_80,3000,LU16_2023,0.5729135964912283
LU16,LU16_81,3000,LU16_2023,0.5747909722222223
LU16,LU16_83,3000,LU16_2023,0.6157482128751977
LU16,LU16_84,3000,LU16_2023,0.6108239190251576
LU16,LU16_85,3000,LU16_2023,0.592305631977671
LU16,LU16_88,3000,LU16_2023,0.5812837657232703
LU22,LU22_110,3000,LU22_2023,0.7411542067307688
LU22,LU22_48,3000,LU22_2023,0.7537692118226597
LU22,LU22_107,3000,LU22_2023,0.7402641565040651
LU22,LU22_49,3000,LU22_2023,0.7674737419484705
LU22,LU22_103,3000,LU22_2023,0.7512988123993558
LU22,LU22_44,3000,LU22_2023,0.7556996493399346
LU22,LU22_21,3000,LU22_2023,0.7792144410569108
LU22,LU22_15,3000,LU22_2023,0.7764744565217384
LU22,LU22_50,3000,LU22_2023,0.7360097355769233
LU22,LU22_38,3000,LU22_2023,0.7440802984775637
LU22,LU22_22,3000,LU22_2023,0.7736763888888891
LU22,LU22_85,3000,LU22_2023,0.7198423840408794
LU22,LU22_33,3000,LU22_2023,0.7627343292682928
LU22,LU22_34,3000,LU22_2023,0.7500584777227728
LU22,LU22_11,3000,LU22_2023,0.7165199810214834
LU22,LU22_29,3000,LU22_2023,0.7647533413848628
LU22,LU22_86,3000,LU22_2023,0.7167680689102558
LU22,LU22_80,3000,LU22_2023,0.7154898437500005
LU22,LU22_17,3000,LU22_2023,0.7753433252427187
LU22,LU22_35,3000,LU22_2023,0.7463911205501622
LU22,LU22_63,3000,LU22_2023,0.6897722355769231
LU22,LU22_30,3000,LU22_2023,0.7699470337301584
LU22,LU22_4,3000,LU22_2023,0.6948399601063824
LU22,LU22_36,3000,LU22_2023,0.7412347694174758
LU22,LU22_76,3000,LU22_2023,0.6981480475040253
LU22,LU22_5,3000,LU22_2023,0.7485661764705875
LU22,LU22_87,3000,LU22_2023,0.7176256535947714
LU22,LU22_25,3000,LU22_2023,0.7631719056372547
LU22,LU22_89,3000,LU22_2023,0.7159070275119617
LU22,LU22_18,3000,LU22_2023,0.7591719308943092
LU22,LU22_32,3000,LU22_2023,0.7442781602254428
LU22,LU22_8,3000,LU22_2023,0.7615795973557693
LU22,LU22_6,3000,LU22_2023,0.7595436387540453
LU22,LU22_81,3000,LU22_2023,0.7195976436084145
LU22,LU22_7,3000,LU22_2023,0.764198654935275
LU22,LU22_69,3000,LU22_2023,0.7207103252032521
LU22,LU22_70,3000,LU22_2023,0.7449058555825241
LU22,LU22_82,3000,LU22_2023,0.7518588293650795
LU22,LU22_94,3000,LU22_2023,0.7553447866344604
LU22,LU22_101,3000,LU22_2023,0.7491018278301894
LU22,LU22_71,3000,LU22_2023,0.7501849759615378
LU22,LU22_77,3000,LU22_2023,0.7524335873983737
LU22,LU22_72,3000,LU22_2023,0.7511655248397433
LU22,LU22_65,3000,LU22_2023,0.7502620392628205
LU22,LU22_60,3000,LU22_2023,0.7545000697767147
LU22,LU22_61,3000,LU22_2023,0.7641887278582935
LU22,LU22_53,3000,LU22_2023,0.7657145229468599
LU22,LU22_46,3000,LU22_2023,0.7578225946054751
LU22,LU22_40,3000,LU22_2023,0.7475611916264092
LU22,LU22_47,3000,LU22_2023,0.7548631842320264
LU4,LU4_N15_24,3000,LU4_2024,0.6970460796387523
LU4,LU4_M14_24,3000,LU4_2024,0.6966642466329969
LU4,LU4_J14_24,3000,LU4_2024,0.6698005137950775
LU4,LU4_J15_24,3000,LU4_2024,0.6538577658324792
LU4,LU4_I12_24,3000,LU4_2024,0.6787132183908048
LU4,LU4_I13_24,3000,LU4_2024,0.6472222645016386
LU4,LU4_Q10_24,3000,LU4_2024,0.72266079638752
LU4,LU4_O10_24,3000,LU4_2024,0.7217727011494252
LU4,LU4_R7_24,3000,LU4_2024,0.7151724583333336
LU4,LU4_R9_24,3000,LU4_2024,0.7220222708333333
LU4,LU4_T8_24,3000,LU4_2024,0.7285360696517411
LU4,LU4_O16_24,3000,LU4_2024,0.661178299758454
LU4,LU4_J26_24,3000,LU4_2024,0.6824894551282051
LU4,LU4_K25_24,3000,LU4_2024,0.6837547896241831
LU4,LU4_L23_24,3000,LU4_2024,0.70372129396985
LU4,LU4_H26_24,3000,LU4_2024,0.6792628350083755
LU4,LU4_K23_24,3000,LU4_2024,0.6940648942786066
LU4,LU4_J21_24,3000,LU4_2024,0.7229369971264372
LU4,LU4_I21_24,3000,LU4_2024,0.7202813229166669
LU4,LU4_N30_24,3000,LU4_2024,0.6955239374999997
LU4,LU4_O23_24,3000,LU4_2024,0.6751472770559889
LU4,LU4_O22_24,3000,LU4_2024,0.7145161989795927
LU4,LU4_L18_24,3000,LU4_2024,0.6719337293383535
LU4,LU4_L17_24,3000,LU4_2024,0.6690445136520793
LU4,LU4_K17_24,3000,LU4_2024,0.6882439572968488
LU4,LU4_K19_24,3000,LU4_2024,0.7239066835871403
LU4,LU4_I22_24,3000,LU4_2024,0.7182556218592961
LU4,LU4_Q20_24,3000,LU4_2024,0.6693535729757688
LU4,LU4_V25_24,3000,LU4_2024,0.690805847772277
LU4,LU4_P22_24,3000,LU4_2024,0.6979732267601764
LU4,LU4_O21_24,3000,LU4_2024,0.7174736636263128
LU4,LU4_P17_24,3000,LU4_2024,0.6768955742122716
LU4,LU4_Q16_24,3000,LU4_2024,0.6854335396039608
LU4,LU4_V19_24,3000,LU4_2024,0.6957759166666665
LU4,LU4_O17_24,3000,LU4_2024,0.6586885445357754
LU4,LU4_W19_24,3000,LU4_2024,0.7040185127887797
LU4,LU4_Y25_24,3000,LU4_2024,0.7125939070351759
LU4,LU4_S17_24,3000,LU4_2024,0.6824712647306391
LU4,LU4_S18_24,3000,LU4_2024,0.6912975014113824
LU4,LU4_R14_24,3000,LU4_2024,0.6952064593802348
LU4,LU4_V17_24,3000,LU4_2024,0.6918432056113901
LU4,LU4_U15_24,3000,LU4_2024,0.6879754002463053
LU4,LU4_M12_24,3000,LU4_2024,0.7079742471122114
LU4,LU4_O13_24,3000,LU4_2024,0.7265678287269685
LU4,LU4_P15_24,3000,LU4_2024,0.6974926193467339
LU4,LU4_E15_24,3000,LU4_2024,0.6759934096534651
LU4,LU4_G17_24,3000,LU4_2024,0.6968328612479474
LU4,LU4_G13_24,3000,LU4_2024,0.6736710729166668
LU4,LU4_G12_24,3000,LU4_2024,0.6761224240558296
LU4,LU4_F14_24,3000,LU4_2024,0.6672115685002592
LU3,LU3_102_24,3000,LU3_2024,0.703811353114478
LU3,LU3_5_24,3000,LU3_2024,0.7039742916666667
LU3,LU3_103_24,3000,LU3_2024,0.7138651979166666
LU3,LU3_131_24,3000,LU3_2024,0.7260080192629813
LU3,LU3_39_24,3000,LU3_2024,0.6809196145833333
LU3,LU3_18_24,3000,LU3_2024,0.6862978541666664
LU3,LU3_20_24,3000,LU3_2024,0.6673497790404047
LU3,LU3_19_24,3000,LU3_2024,0.6805318645833338
LU3,LU3_111_24,3000,LU3_2024,0.6761693160460992
LU3,LU3_AB21_24,3000,LU3_2024,0.7140668876262625
LU3,LU3_27_24,3000,LU3_2024,0.6910857291666672
LU3,LU3_36_24,3000,LU3_2024,0.6785642842409242
LU3,LU3_40_24,3000,LU3_2024,0.7125297800338414
LU3,LU3_41_24,3000,LU3_2024,0.7162658251231531
LU3,LU3_52_24,3000,LU3_2024,0.6249758184523809
LU3,LU3_15_24,3000,LU3_2024,0.6785138613861388
LU3,LU3_44_24,3000,LU3_2024,0.6735566875
LU3,LU3_17_24,3000,LU3_2024,0.6726010107260724
LU3,LU3_147_24,3000,LU3_2024,0.6689574015912898
LU3,LU3_51_24,3000,LU3_2024,0.669727774339934
LU3,LU3_AH7_24,3000,LU3_2024,0.701302847571189
LU3,LU3_126_24,3000,LU3_2024,0.7075467546063647
LU3,LU3_129_24,3000,LU3_2024,0.640772014925373
LU3,LU3_28_24,3000,LU3_2024,0.6315405069786536
LU3,LU3_AH14_24,3000,LU3_2024,0.7009029895833341
LU3,LU3_38_24,3000,LU3_2024,0.6818546875000001
LU3,LU3_13_24,3000,LU3_2024,0.7052068645833333
LU3,LU3_25_24,3000,LU3_2024,0.6665969941956882
LU3,LU3_21_24,3000,LU3_2024,0.6955354995854066
LU3,LU3_AC10_24,3000,LU3_2024,0.7137107068822558
LU3,LU3_46_24,3000,LU3_2024,0.697518458333333
LU3,LU3_10_24,3000,LU3_2024,0.6999822604166666
LU3,LU3_AE12_24,3000,LU3_2024,0.6959029522613066
LU3,LU3_7_24,3000,LU3_2024,0.6823999043367347
LU3,LU3_14_24,3000,LU3_2024,0.6982481586700334
LU3,LU3_137_24,3000,LU3_2024,0.6957604679802956
LU3,LU3_M20_24,3000,LU3_2024,0.7134971733668342
LU3,LU3_L22_24,3000,LU3_2024,0.6785039927838161
LU3,LU3_J23_24,3000,LU3_2024,0.6997280876068375
LU3,LU3_U6_24,3000,LU3_2024,0.6891864158163271
LU3,LU3_L16_24,3000,LU3_2024,0.6497070040675935
LU3,LU3_N18_24,3000,LU3_2024,0.7092567176870749
LU3,LU3_L15_24,3000,LU3_2024,0.6544865397837676
LU3,LU3_32_24,3000,LU3_2024,0.6977029583333336
LU3,LU3_W7_24,3000,LU3_2024,0.6746840208333339
LU3,LU3_45_24,3000,LU3_2024,0.704786819514237
LU3,LU3_50_24,3000,LU3_2024,0.7035052653399672
LU3,LU3_49_24,3000,LU3_2024,0.6938840937499997
LU3,LU3_Y8_24,3000,LU3_2024,0.6856239889705881
LU3,LU3_48_24,3000,LU3_2024,0.6884248437499998
LU2,LU2_21_24,3000,LU2_2024,0.7447418162393165
LU2,LU2_34_24,3000,LU2_2024,0.7526018674438687
LU2,LU2_O25_24,3000,LU2_2024,0.76363111252115
LU2,LU2_W21_24,3000,LU2_2024,0.7785537708333325
LU2,LU2_36_24,3000,LU2_2024,0.7758789763113366
LU2,LU2_15_24,3000,LU2_2024,0.7735508867521368
LU2,LU2_13_24,3000,LU2_2024,0.7716668154761905
LU2,LU2_5_24,3000,LU2_2024,0.6551795288661565
LU2,LU2_101_24,3000,LU2_2024,0.6220002863162212
LU2,LU2_32_24,3000,LU2_2024,0.6860387678079829
LU2,LU2_Q24_24,3000,LU2_2024,0.7461996231155779
LU2,LU2_56_24,3000,LU2_2024,0.7743965000000006
LU2,LU2_I15_24,3000,LU2_2024,0.7725266541038528
LU2,LU2_L20_24,3000,LU2_2024,0.7550308058375637
LU2,LU2_L46_24,3000,LU2_2024,0.751307883165829
LU2,LU2_110_24,3000,LU2_2024,0.7725471000837523
LU2,LU2_39_24,3000,LU2_2024,0.7664110762144049
LU2,LU2_17_24,3000,LU2_2024,0.7596630750868054
LU2,LU2_155_24,3000,LU2_2024,0.7704368091537134
LU2,LU2_50_24,3000,LU2_2024,0.756080947916666
LU2,LU2_O16_24,3000,LU2_2024,0.738411265034364
LU2,LU2_U13_24,3000,LU2_2024,0.7679132334183678
LU2,LU2_44_24,3000,LU2_2024,0.7684873639028472
LU2,LU2_143_24,3000,LU2_2024,0.7715350021258505
LU2,LU2_18_24,3000,LU2_2024,0.773904134450172
LU2,LU2_52_24,3000,LU2_2024,0.7743066373534335
LU2,LU2_123_24,3000,LU2_2024,0.7489053996598642
LU2,LU2_H16_24,3000,LU2_2024,0.7762432560137454
LU2,LU2_27_24,3000,LU2_2024,0.7664831507731962
LU2,LU2_31_24,3000,LU2_2024,0.7632390520833332
LU2,LU2_3_24,3000,LU2_2024,0.770482510683761
LU2,LU2_J27_24,3000,LU2_2024,0.7543635363247867
LU2,LU2_E27_24,3000,LU2_2024,0.7534436862244898
LU2,LU2_G25_24,3000,LU2_2024,0.7559554648241197
LU2,LU2_G26_24,3000,LU2_2024,0.7591437500000006
LU2,LU2_106_24,3000,LU2_2024,0.7395373848408708
LU2,LU2_20_24,3000,LU2_2024,0.747777072811448
LU2,LU2_25_24,3000,LU2_2024,0.7652990965136055
LU2,LU2_40_24,3000,LU2_2024,0.7480873193027213
LU2,LU2_38_24,3000,LU2_2024,0.754428709608843
LU2,LU2_137_24,3000,LU2_2024,0.7417507731958763
LU2,LU2_47_24,3000,LU2_2024,0.7679229166666669
LU2,LU2_26_24,3000,LU2_2024,0.7685482127749577
LU2,LU2_H26_24,3000,LU2_2024,0.7518114368556695
LU2,LU2_29_24,3000,LU2_2024,0.7503856421821304
LU2,LU2_K26_24,3000,LU2_2024,0.7487559294871794
LU2,LU2_100_24,3000,LU2_2024,0.735049885416666
LU2,LU2_30_24,3000,LU2_2024,0.7458748086734693
LU2,LU2_33_24,3000,LU2_2024,0.7678720269097224
LU2,LU2_M25_24,3000,LU2_2024,0.7560864637305696
LU8,LU8_N19_24,3000,LU8_2024,0.7604267192556635
LU8,LU8_M19_24,3000,LU8_2024,0.7616419358054228
LU8,LU8_N20_24,3000,LU8_2024,0.74695250400641
LU8,LU8_O20_24,3000,LU8_2024,0.6757469696969699
LU8,LU8_N18_24,3000,LU8_2024,0.7553457635566188
LU8,LU8_S25_24,3000,LU8_2024,0.7179886272141703
LU8,LU8_AC29_24,3000,LU8_2024,0.6836402976190479
LU8,LU8_AC28_24,3000,LU8_2024,0.6682911508899673
LU8,LU8_AB29_24,3000,LU8_2024,0.655713460760518
LU8,LU8_AC30_24,3000,LU8_2024,0.6912447115384618
LU8,LU8_T25_24,3000,LU8_2024,0.6983890051834128
LU8,LU8_S24_24,3000,LU8_2024,0.709726754385965
LU8,LU8_AE29_24,3000,LU8_2024,0.6426764923878203
LU8,LU8_AD29_24,3000,LU8_2024,0.6433775540865383
LU8,LU8_AD28_24,3000,LU8_2024,0.6359995215311006
LU8,LU8_AD27_24,3000,LU8_2024,0.6334617162698424
LU8,LU8_AC24_24,3000,LU8_2024,0.614959668284789
LU8,LU8_AC25_24,3000,LU8_2024,0.6284581339712912
LU8,LU8_AC31_24,3000,LU8_2024,0.6868120314992028
LU8,LU8_AB31_24,3000,LU8_2024,0.6998952323717952
LU2,LU2_3,3250,LU2_2021,0.7701301364942525
LU2,LU2_5,3250,LU2_2021,0.6453096817904831
LU2,LU2_100,3250,LU2_2021,0.7346769216954021
LU2,LU2_101,3250,LU2_2021,0.6179160464533175
LU2,LU2_106,3250,LU2_2021,0.7401139816810345
LU2,LU2_110,3250,LU2_2021,0.769959527658046
LU2,LU2_119,3250,LU2_2021,0.7392530537749281
LU2,LU2_123,3250,LU2_2021,0.749903654813219
LU2,LU2_13,3250,LU2_2021,0.7714284752155173
LU2,LU2_137,3250,LU2_2021,0.7406372934626435
LU2,LU2_143,3250,LU2_2021,0.7715637952898556
LU2,LU2_15,3250,LU2_2021,0.7741239313936773
LU2,LU2_153,3250,LU2_2021,0.7242887017111075
LU2,LU2_155,3250,LU2_2021,0.770857443019944
LU2,LU2_17,3250,LU2_2021,0.7610515402421653
LU2,LU2_18,3250,LU2_2021,0.7742098484848484
LU2,LU2_20,3250,LU2_2021,0.7498997764663807
LU2,LU2_21,3250,LU2_2021,0.7461805615164525
LU2,LU2_24,3250,LU2_2021,0.7350673791486295
LU2,LU2_25,3250,LU2_2021,0.7632724695994276
LU2,LU2_26,3250,LU2_2021,0.7683976944444452
LU2,LU2_27,3250,LU2_2021,0.764485362554113
LU2,LU2_29,3250,LU2_2021,0.7510752949852504
LU2,LU2_30,3250,LU2_2021,0.7477194895382393
LU2,LU2_31,3250,LU2_2021,0.7602551587301584
LU2,LU2_32,3250,LU2_2021,0.6876866123739045
LU2,LU2_33,3250,LU2_2021,0.7666649052217455
LU2,LU2_34,3250,LU2_2021,0.736405153985508
LU2,LU2_36,3250,LU2_2021,0.7746423881673881
LU2,LU2_38,3250,LU2_2021,0.7567315489130433
LU2,LU2_39,3250,LU2_2021,0.7671065566378066
LU2,LU2_40,3250,LU2_2021,0.7446040752923979
LU2,LU2_42,3250,LU2_2021,0.7732876803751801
LU2,LU2_44,3250,LU2_2021,0.7691816429093564
LU2,LU2_46,3250,LU2_2021,0.7495099206349198
LU2,LU2_47,3250,LU2_2021,0.7667512536873153
LU2,LU2_50,3250,LU2_2021,0.7539735054347821
LU2,LU2_51,3250,LU2_2021,0.7131327486857219
LU2,LU2_52,3250,LU2_2021,0.7747498376623374
LU2,LU2_54,3250,LU2_2021,0.7748727729885054
LU2,LU2_56,3250,LU2_2021,0.7724569683908056
LU2,LU2_57,3250,LU2_2021,0.7309358060765011
LU3,LU3_5,3250,LU3_2021,0.7040178857350801
LU3,LU3_7,3250,LU3_2021,0.6836698985042733
LU3,LU3_10,3250,LU3_2021,0.697579113247863
LU3,LU3_102,3250,LU3_2021,0.7041817708333333
LU3,LU3_103,3250,LU3_2021,0.714052750365497
LU3,LU3_106,3250,LU3_2021,0.7007111758474573
LU3,LU3_111,3250,LU3_2021,0.6810689835144109
LU3,LU3_126,3250,LU3_2021,0.7044107344632768
LU3,LU3_129,3250,LU3_2021,0.6436723735754989
LU3,LU3_13,3250,LU3_2021,0.7034966827610873
LU3,LU3_131,3250,LU3_2021,0.7235382543103445
LU3,LU3_137,3250,LU3_2021,0.6953105978260871
LU3,LU3_14,3250,LU3_2021,0.6963530455508474
LU3,LU3_147,3250,LU3_2021,0.672874845342067
LU3,LU3_15,3250,LU3_2021,0.6761476418439719
LU3,LU3_17,3250,LU3_2021,0.6733539788984265
LU3,LU3_18,3250,LU3_2021,0.6880596839689266
LU3,LU3_19,3250,LU3_2021,0.6820667109929079
LU3,LU3_20,3250,LU3_2021,0.6709882478632484
LU3,LU3_21,3250,LU3_2021,0.6943075975177305
LU3,LU3_25,3250,LU3_2021,0.6694409663120572
LU3,LU3_27,3250,LU3_2021,0.6909262998575503
LU3,LU3_28,3250,LU3_2021,0.6362950937950936
LU3,LU3_32,3250,LU3_2021,0.6985518528368793
LU3,LU3_36,3250,LU3_2021,0.6793550391737895
LU3,LU3_38,3250,LU3_2021,0.6852585372340428
LU3,LU3_39,3250,LU3_2021,0.6823242934782608
LU3,LU3_40,3250,LU3_2021,0.7124652127659578
LU3,LU3_41,3250,LU3_2021,0.7162976811594208
LU3,LU3_44,3250,LU3_2021,0.6762582715395483
LU3,LU3_45,3250,LU3_2021,0.7041635416666664
LU3,LU3_46,3250,LU3_2021,0.693817668439716
LU3,LU3_48,3250,LU3_2021,0.6890334915611815
LU3,LU3_50,3250,LU3_2021,0.6979471084770116
LU3,LU3_51,3250,LU3_2021,0.6677391666666671
LU3,LU3_52,3250,LU3_2021,0.631465477467811
LU3,LU3_49,3250,LU3_2021,0.6944261306980052
LU13,LU13_18,3250,LU13_2022,0.5460620833333333
LU13,LU13_15,3250,LU13_2022,0.6276614071038252
LU13,LU13_3,3250,LU13_2022,0.657802928620219
LU13,LU13_34,3250,LU13_2022,0.6490767699864501
LU13,LU13_57,3250,LU13_2022,0.686634476626017
LU13,LU13_16,3250,LU13_2022,0.5928551105442171
LU13,LU13_21,3250,LU13_2022,0.4980662482923495
LU13,LU13_37,3250,LU13_2022,0.6848506858710565
LU13,LU13_55,3250,LU13_2022,0.6964209863945582
LU13,LU13_47,3250,LU13_2022,0.7161905475206615
LU13,LU13_51,3250,LU13_2022,0.716383333333333
LU13,LU13_27,3250,LU13_2022,0.7134946159122083
LU13,LU13_5,3250,LU13_2022,0.7173063945578233
LU13,LU13_26,3250,LU13_2022,0.7114896343537414
LU13,LU13_35,3250,LU13_2022,0.6463417866941011
LU13,LU13_13,3250,LU13_2022,0.7079290226964763
LU13,LU13_128,3250,LU13_2022,0.7071626609078587
LU13,LU13_131,3250,LU13_2022,0.7025831510416664
LU13,LU13_12,3250,LU13_2022,0.7037768970189704
LU13,LU13_33,3250,LU13_2022,0.6962956764295675
LU13,LU13_32,3250,LU13_2022,0.680104260587432
LU13,LU13_30,3250,LU13_2022,0.6607473360655739
LU13,LU13_53,3250,LU13_2022,0.7026195259784074
LU13,LU13_22,3250,LU13_2022,0.7166619472789113
LU13,LU13_19,3250,LU13_2022,0.7167527551020407
LU13,LU13_45,3250,LU13_2022,0.7215145833333331
LU13,LU13_8,3250,LU13_2022,0.725116547131147
LU13,LU13_43,3250,LU13_2022,0.7241686144986451
LU13,LU13_41,3250,LU13_2022,0.7203339651639342
LU13,LU13_59,3250,LU13_2022,0.704298350340136
LU13,LU13_6,3250,LU13_2022,0.7137442665989159
LU13,LU13_14,3250,LU13_2022,0.7208172108843544
LU13,LU13_52,3250,LU13_2022,0.6533383588435371
LU13,LU13_36,3250,LU13_2022,0.6854068766937674
LU13,LU13_38,3250,LU13_2022,0.6899591836734695
LU13,LU13_20,3250,LU13_2022,0.715964244579945
LU13,LU13_17,3250,LU13_2022,0.7117680439330547
LU13,LU13_56,3250,LU13_2022,0.7098192452185795
LU13,LU13_49,3250,LU13_2022,0.7125796663279139
LU13,LU13_70,3250,LU13_2022,0.704260689890711
LU13,LU13_11,3250,LU13_2022,0.7068561294765837
LU15,LU15_44,3250,LU15_2022,0.7059321062853106
LU15,LU15_11,3250,LU15_2022,0.7065092819148936
LU15,LU15_19,3250,LU15_2022,0.7037302127659568
LU15,LU15_7,3250,LU15_2022,0.7335023404255318
LU15,LU15_34,3250,LU15_2022,0.7149208420868353
LU15,LU15_37,3250,LU15_2022,0.6917040348101267
LU15,LU15_18,3250,LU15_2022,0.7133019685734469
LU15,LU15_43,3250,LU15_2022,0.7059071565550907
LU15,LU15_10,3250,LU15_2022,0.7146542106188469
LU15,LU15_58,3250,LU15_2022,0.7212783211297076
LU15,LU15_8,3250,LU15_2022,0.7103007812500005
LU15,LU15_12,3250,LU15_2022,0.698090572478992
LU15,LU15_17,3250,LU15_2022,0.711604009762902
LU15,LU15_1,3250,LU15_2022,0.6839551995798318
LU15,LU15_26,3250,LU15_2022,0.6865017869595534
LU15,LU15_27,3250,LU15_2022,0.6881855636237899
LU15,LU15_28,3250,LU15_2022,0.6901910477684797
LU15,LU15_2,3250,LU15_2022,0.6920294555322136
LU15,LU15_29,3250,LU15_2022,0.6937579989711935
LU15,LU15_30,3250,LU15_2022,0.693652960069445
LU15,LU15_31,3250,LU15_2022,0.696372503516175
LU15,LU15_32,3250,LU15_2022,0.7005565225035169
LU15,LU15_20,3250,LU15_2022,0.7228246571729956
LU15,LU15_21,3250,LU15_2022,0.742305694444444
LU15,LU15_23,3250,LU15_2022,0.7240297332635977
LU15,LU15_41,3250,LU15_2022,0.7204262955182071
LU15,LU15_25,3250,LU15_2022,0.722081496132208
LU15,LU15_9,3250,LU15_2022,0.7326015624999997
LU15,LU15_24,3250,LU15_2022,0.7365077546296291
LU15,LU15_46,3250,LU15_2022,0.7413184397163114
LU15,LU15_40,3250,LU15_2022,0.7101401041666672
LU15,LU15_16,3250,LU15_2022,0.7117397916666675
LU15,LU15_4,3250,LU15_2022,0.6928131797316383
LU15,LU15_36,3250,LU15_2022,0.6980234094052555
LU15,LU15_3,3250,LU15_2022,0.7180051516736407
LU15,LU15_15,3250,LU15_2022,0.7179294891910739
LU15,LU15_14,3250,LU15_2022,0.7144192294281733
LU15,LU15_22,3250,LU15_2022,0.727058964384508
LU15,LU15_61,3250,LU15_2022,0.7202354866946787
LU21,LU21_106,3250,LU21_2022,0.7012717842323655
LU21,LU21_10,3250,LU21_2022,0.6796108834716458
LU21,LU21_16,3250,LU21_2022,0.6366000536480682
LU21,LU21_107,3250,LU21_2022,0.6967988985655736
LU21,LU21_41,3250,LU21_2022,0.6689499914266115
LU21,LU21_63,3250,LU21_2022,0.6534297778925623
LU21,LU21_27,3250,LU21_2022,0.6571367088607594
LU21,LU21_23,3250,LU21_2022,0.6717632866528349
LU21,LU21_21,3250,LU21_2022,0.6699714816735819
LU21,LU21_82,3250,LU21_2022,0.701710105463346
LU21,LU21_871,3250,LU21_2022,0.6974051521438452
LU21,LU21_164,3250,LU21_2022,0.6464258006198341
LU21,LU21_36,3250,LU21_2022,0.6605858110425237
LU21,LU21_14,3250,LU21_2022,0.657243004115226
LU21,LU21_32,3250,LU21_2022,0.6728822828389829
LU21,LU21_126,3250,LU21_2022,0.6698549554183808
LU21,LU21_122,3250,LU21_2022,0.6675804752066115
LU21,LU21_56,3250,LU21_2022,0.6859895660442603
LU21,LU21_57,3250,LU21_2022,0.6778175993723851
LU21,LU21_9,3250,LU21_2022,0.6695904910096824
LU21,LU21_98,3250,LU21_2022,0.712449938206215
LU21,LU21_119,3250,LU21_2022,0.6999043148535564
LU21,LU21_52,3250,LU21_2022,0.699222881504922
LU21,LU21_59,3250,LU21_2022,0.671104115226338
LU21,LU21_68,3250,LU21_2022,0.6567194473140499
LU21,LU21_109,3250,LU21_2022,0.6940907788326297
LU21,LU21_93,3250,LU21_2022,0.6848807851239668
LU21,LU21_114,3250,LU21_2022,0.7338705567081605
LU21,LU21_105,3250,LU21_2022,0.7256052599862257
LU21,LU21_100,3250,LU21_2022,0.7066957118055552
LU21,LU21_74,3250,LU21_2022,0.7143035451680673
LU21,LU21_78,3250,LU21_2022,0.7209497925311198
LU21,LU21_153,3250,LU21_2022,0.7326222135416667
LU21,LU21_6,3250,LU21_2022,0.7309595262793916
LU21,LU21_116,3250,LU21_2022,0.7041746974412173
LU21,LU21_97,3250,LU21_2022,0.6710931275933615
LU1,LU1_13,3250,LU1_2022,0.6709844756462917
LU1,LU1_30,3250,LU1_2022,0.7081013100436682
LU1,LU1_85,3250,LU1_2022,0.701159755434782
LU1,LU1_66,3250,LU1_2022,0.6880794970631421
LU1,LU1_76,3250,LU1_2022,0.6828357758620685
LU1,LU1_73,3250,LU1_2022,0.6773722161572049
LU1,LU1_75,3250,LU1_2022,0.6809758096797667
LU1,LU1_47,3250,LU1_2022,0.6191420429515413
LU1,LU1_74,3250,LU1_2022,0.7076969660207642
LU1,LU1_44,3250,LU1_2022,0.6265092511013215
LU1,LU1_41,3250,LU1_2022,0.6314903599683359
LU1,LU1_64,3250,LU1_2022,0.6852301855895199
LU1,LU1_86,3250,LU1_2022,0.6856224116161619
LU1,LU1_79,3250,LU1_2022,0.6669886098981073
LU1,LU1_63,3250,LU1_2022,0.6666518548976607
LU1,LU1_72,3250,LU1_2022,0.7008379842836262
LU1,LU1_67,3250,LU1_2022,0.7038226608187135
LU1,LU1_77,3250,LU1_2022,0.6775005072463773
LU1,LU1_32,3250,LU1_2022,0.7165005591630591
LU1,LU1_36,3250,LU1_2022,0.7054055494905387
LU1,LU1_84,3250,LU1_2022,0.7137645833333334
LU1,LU1_25,3250,LU1_2022,0.6656850739538239
LU1,LU1_83,3250,LU1_2022,0.7126280483405483
LU1,LU1_80,3250,LU1_2022,0.6911935425685428
LU1,LU1_70,3250,LU1_2022,0.7074710219109195
LU1,LU1_48,3250,LU1_2022,0.6681318924375923
LU1,LU1_45,3250,LU1_2022,0.6973721652930784
LU1,LU1_11,3250,LU1_2022,0.6478828216374264
LU1,LU1_40,3250,LU1_2022,0.7316769727138642
LU1,LU1_6,3250,LU1_2022,0.71236380567983
LU1,LU1_10,3250,LU1_2022,0.7372542127581121
LU1,LU1_43,3250,LU1_2022,0.6409958239910309
LU1,LU1_71,3250,LU1_2022,0.6323207974137934
LU1,LU1_22,3250,LU1_2022,0.6647312681950509
LU1,LU1_60,3250,LU1_2022,0.6770753713768114
LU1,LU1_78,3250,LU1_2022,0.6622550073099415
LU1,LU1_46,3250,LU1_2022,0.6362596105072458
LU1,LU1_82,3250,LU1_2022,0.7174146376811591
LU1,LU1_27,3250,LU1_2022,0.6898719647988496
LU9,LU9_5,3250,LU9_2023,0.5300324309564459
LU9,LU9_6,3250,LU9_2023,0.6060672592490762
LU9,LU9_7,3250,LU9_2023,0.6983326749118178
LU9,LU9_8,3250,LU9_2023,0.6972531539210164
LU9,LU9_100,3250,LU9_2023,0.6837383891213399
LU9,LU9_102,3250,LU9_2023,0.7645351996527775
LU9,LU9_106,3250,LU9_2023,0.6906925754458162
LU9,LU9_112,3250,LU9_2023,0.6798855056980052
LU9,LU9_113,3250,LU9_2023,0.6760501750700276
LU9,LU9_12,3250,LU9_2023,0.7167195090489495
LU9,LU9_13,3250,LU9_2023,0.7490632615546216
LU9,LU9_18,3250,LU9_2023,0.7352436460691109
LU9,LU9_21,3250,LU9_2023,0.735340655766527
LU9,LU9_24,3250,LU9_2023,0.7302584716459192
LU9,LU9_28,3250,LU9_2023,0.7349278969957075
LU9,LU9_29,3250,LU9_2023,0.7243792979691875
LU9,LU9_30,3250,LU9_2023,0.732376513532764
LU9,LU9_31,3250,LU9_2023,0.7382584834039553
LU9,LU9_32,3250,LU9_2023,0.749617108050848
LU9,LU9_33,3250,LU9_2023,0.7512258567821071
LU9,LU9_39,3250,LU9_2023,0.698673646723647
LU9,LU9_41,3250,LU9_2023,0.7404519237588651
LU9,LU9_44,3250,LU9_2023,0.6942089398734179
LU9,LU9_51,3250,LU9_2023,0.6952468354430373
LU9,LU9_55,3250,LU9_2023,0.7014204504985759
LU9,LU9_57,3250,LU9_2023,0.6882085815602842
LU9,LU9_62,3250,LU9_2023,0.7431414469057666
LU9,LU9_63,3250,LU9_2023,0.7364513075313809
LU9,LU9_64,3250,LU9_2023,0.7369762254901963
LU9,LU9_65,3250,LU9_2023,0.7118857269503543
LU9,LU9_67,3250,LU9_2023,0.6702277539341915
LU9,LU9_68,3250,LU9_2023,0.6814730585106381
LU9,LU9_72,3250,LU9_2023,0.7390408456920899
LU9,LU9_73,3250,LU9_2023,0.7151770566239313
LU9,LU9_75,3250,LU9_2023,0.6979217021276597
LU9,LU9_76,3250,LU9_2023,0.6897566455696201
LU9,LU9_77,3250,LU9_2023,0.6763075797872341
LU9,LU9_79,3250,LU9_2023,0.7318812323446326
LU9,LU9_80,3250,LU9_2023,0.7326793424753864
LU9,LU9_81,3250,LU9_2023,0.7069692294281733
LU9,LU9_82,3250,LU9_2023,0.7038715099715098
LU9,LU9_85,3250,LU9_2023,0.7390901306497175
LU9,LU9_86,3250,LU9_2023,0.7016286070936635
LU9,LU9_87,3250,LU9_2023,0.6784468923611114
LU9,LU9_90,3250,LU9_2023,0.689984357492997
LU9,LU9_93,3250,LU9_2023,0.7488501400560227
LU9,LU9_94,3250,LU9_2023,0.7562780024509804
LU9,LU9_96,3250,LU9_2023,0.7114866878531074
LU9,LU9_98,3250,LU9_2023,0.7031283613445382
LU9,LU9_27,3250,LU9_2023,0.7156052753934193
LU14,LU14_3,3250,LU14_2023,0.7092422753772286
LU14,LU14_7,3250,LU14_2023,0.7012395575068867
LU14,LU14_8,3250,LU14_2023,0.7042571258503401
LU14,LU14_9,3250,LU14_2023,0.7070786564625852
LU14,LU14_100,3250,LU14_2023,0.7184554979253116
LU14,LU14_102,3250,LU14_2023,0.7355022363945576
LU14,LU14_105,3250,LU14_2023,0.7308708248644983
LU14,LU14_110,3250,LU14_2023,0.7031199218750004
LU14,LU14_114,3250,LU14_2023,0.7197390816326525
LU14,LU14_115,3250,LU14_2023,0.7070541158536582
LU14,LU14_120,3250,LU14_2023,0.7105097984417345
LU14,LU14_121,3250,LU14_2023,0.6999432057823127
LU14,LU14_131,3250,LU14_2023,0.7121750337381914
LU14,LU14_135,3250,LU14_2023,0.6932002879403791
LU14,LU14_16,3250,LU14_2023,0.7103813524590161
LU14,LU14_17,3250,LU14_2023,0.7174961748633878
LU14,LU14_19,3250,LU14_2023,0.696942661564626
LU14,LU14_20,3250,LU14_2023,0.6947714783821476
LU14,LU14_250,3250,LU14_2023,0.737544307880056
LU14,LU14_30,3250,LU14_2023,0.7148318663194447
LU14,LU14_31,3250,LU14_2023,0.7069770746164575
LU14,LU14_33,3250,LU14_2023,0.7182114710884356
LU14,LU14_37,3250,LU14_2023,0.7278027237021861
LU14,LU14_47,3250,LU14_2023,0.7377567013888882
LU14,LU14_48,3250,LU14_2023,0.7367757342896176
LU14,LU14_49,3250,LU14_2023,0.7344646604938267
LU14,LU14_51,3250,LU14_2023,0.7507942879098357
LU14,LU14_54,3250,LU14_2023,0.7138587953277551
LU14,LU14_56,3250,LU14_2023,0.7319594307270237
LU14,LU14_57,3250,LU14_2023,0.725117454268292
LU14,LU14_61,3250,LU14_2023,0.702021673525377
LU14,LU14_62,3250,LU14_2023,0.7235279371584701
LU14,LU14_63,3250,LU14_2023,0.6902470078875175
LU14,LU14_66,3250,LU14_2023,0.6879210704607042
LU14,LU14_70,3250,LU14_2023,0.7142691156462585
LU14,LU14_71,3250,LU14_2023,0.7158588414634145
LU14,LU14_72,3250,LU14_2023,0.7162369877049182
LU14,LU14_74,3250,LU14_2023,0.7240824538934433
LU14,LU14_76,3250,LU14_2023,0.7269998206967213
LU14,LU14_78,3250,LU14_2023,0.7513391885080658
LU14,LU14_80,3250,LU14_2023,0.6923406547619054
LU14,LU14_84,3250,LU14_2023,0.7090987086776867
LU14,LU14_85,3250,LU14_2023,0.6953926067073175
LU14,LU14_86,3250,LU14_2023,0.7340396938775514
LU14,LU14_88,3250,LU14_2023,0.7205884392076503
LU14,LU14_91,3250,LU14_2023,0.7050008892276423
LU14,LU14_92,3250,LU14_2023,0.7165340792181076
LU14,LU14_96,3250,LU14_2023,0.7331088414634144
LU14,LU14_97,3250,LU14_2023,0.7094247170781888
LU14,LU14_75,3250,LU14_2023,0.708493010204081
LU16,LU16_2,3250,LU16_2023,0.6843522976680386
LU16,LU16_3,3250,LU16_2023,0.6815252914951985
LU16,LU16_15,3250,LU16_2023,0.6657169292005419
LU16,LU16_20,3250,LU16_2023,0.6888250340136051
LU16,LU16_200,3250,LU16_2023,0.6620998616874136
LU16,LU16_201,3250,LU16_2023,0.6674808743169404
LU16,LU16_202,3250,LU16_2023,0.6541479844173441
LU16,LU16_203,3250,LU16_2023,0.6633087652439024
LU16,LU16_22,3250,LU16_2023,0.6910269727891156
LU16,LU16_23,3250,LU16_2023,0.700323042674731
LU16,LU16_24,3250,LU16_2023,0.7179085562414266
LU16,LU16_25,3250,LU16_2023,0.6984722899729001
LU16,LU16_26,3250,LU16_2023,0.6877793991046832
LU16,LU16_270,3250,LU16_2023,0.6089668522267206
LU16,LU16_28,3250,LU16_2023,0.6937023809523808
LU16,LU16_300,3250,LU16_2023,0.6667510840108395
LU16,LU16_301,3250,LU16_2023,0.6323579437669383
LU16,LU16_302,3250,LU16_2023,0.6532590870596213
LU16,LU16_303,3250,LU16_2023,0.644609486914601
LU16,LU16_313,3250,LU16_2023,0.7029146267361113
LU16,LU16_314,3250,LU16_2023,0.6459119539650534
LU16,LU16_36,3250,LU16_2023,0.6913375428669408
LU16,LU16_37,3250,LU16_2023,0.6905596102150536
LU16,LU16_49,3250,LU16_2023,0.5363901761517618
LU16,LU16_52,3250,LU16_2023,0.5942549563172045
LU16,LU16_54,3250,LU16_2023,0.6245384996639785
LU16,LU16_55,3250,LU16_2023,0.6208739244579944
LU16,LU16_57,3250,LU16_2023,0.6199483147018973
LU16,LU16_58,3250,LU16_2023,0.6132594518442628
LU16,LU16_60,3250,LU16_2023,0.6046644296448099
LU16,LU16_62,3250,LU16_2023,0.5822092538063965
LU16,LU16_63,3250,LU16_2023,0.6136163605442178
LU16,LU16_64,3250,LU16_2023,0.600793237567205
LU16,LU16_67,3250,LU16_2023,0.616565725806452
LU16,LU16_68,3250,LU16_2023,0.5625945717131472
LU16,LU16_69,3250,LU16_2023,0.5667774384927616
LU16,LU16_70,3250,LU16_2023,0.5780236223118282
LU16,LU16_71,3250,LU16_2023,0.5576918367346938
LU16,LU16_72,3250,LU16_2023,0.610094578313253
LU16,LU16_73,3250,LU16_2023,0.6022818004742544
LU16,LU16_74,3250,LU16_2023,0.6060457503320048
LU16,LU16_75,3250,LU16_2023,0.5928112378592385
LU16,LU16_77,3250,LU16_2023,0.5496682583333333
LU16,LU16_80,3250,LU16_2023,0.5666487067592997
LU16,LU16_81,3250,LU16_2023,0.5672545711886645
LU16,LU16_83,3250,LU16_2023,0.6193238597393693
LU16,LU16_84,3250,LU16_2023,0.6114229079497914
LU16,LU16_85,3250,LU16_2023,0.593278045515395
LU16,LU16_88,3250,LU16_2023,0.5834233248299318
LU22,LU22_110,3250,LU22_2023,0.7417680102040811
LU22,LU22_48,3250,LU22_2023,0.7496180555555557
LU22,LU22_107,3250,LU22_2023,0.7399615397805213
LU22,LU22_49,3250,LU22_2023,0.7649159722222227
LU22,LU22_103,3250,LU22_2023,0.7506901663237312
LU22,LU22_44,3250,LU22_2023,0.7558999487704919
LU22,LU22_21,3250,LU22_2023,0.7785998774509805
LU22,LU22_15,3250,LU22_2023,0.7759657475490196
LU22,LU22_50,3250,LU22_2023,0.7367159664591979
LU22,LU22_38,3250,LU22_2023,0.7435150366108778
LU22,LU22_22,3250,LU22_2023,0.772026024590164
LU22,LU22_85,3250,LU22_2023,0.7213661989795908
LU22,LU22_33,3250,LU22_2023,0.7641809340846997
LU22,LU22_34,3250,LU22_2023,0.7529672839506176
LU22,LU22_11,3250,LU22_2023,0.7174567469301328
LU22,LU22_29,3250,LU22_2023,0.7638454585076706
LU22,LU22_86,3250,LU22_2023,0.7170592554644799
LU22,LU22_80,3250,LU22_2023,0.7144300819386334
LU22,LU22_17,3250,LU22_2023,0.7727706532921814
LU22,LU22_35,3250,LU22_2023,0.7447176868998631
LU22,LU22_63,3250,LU22_2023,0.6922267274305552
LU22,LU22_30,3250,LU22_2023,0.7689697786998614
LU22,LU22_4,3250,LU22_2023,0.6863652576735254
LU22,LU22_36,3250,LU22_2023,0.7404883744855975
LU22,LU22_76,3250,LU22_2023,0.6971313014403288
LU22,LU22_5,3250,LU22_2023,0.7418680584733888
LU22,LU22_87,3250,LU22_2023,0.7156968792866942
LU22,LU22_25,3250,LU22_2023,0.7627227280521255
LU22,LU22_89,3250,LU22_2023,0.7167362000688702
LU22,LU22_18,3250,LU22_2023,0.7596108624828538
LU22,LU22_32,3250,LU22_2023,0.7433680327868851
LU22,LU22_8,3250,LU22_2023,0.7612336663251372
LU22,LU22_6,3250,LU22_2023,0.7594370903068342
LU22,LU22_81,3250,LU22_2023,0.722277860314208
LU22,LU22_7,3250,LU22_2023,0.7638973765432098
LU22,LU22_69,3250,LU22_2023,0.7211611765710384
LU22,LU22_70,3250,LU22_2023,0.7444817751377414
LU22,LU22_82,3250,LU22_2023,0.7526917809423355
LU22,LU22_94,3250,LU22_2023,0.7543889200680274
LU22,LU22_101,3250,LU22_2023,0.7490170985772365
LU22,LU22_71,3250,LU22_2023,0.750131128472222
LU22,LU22_77,3250,LU22_2023,0.7524767759562838
LU22,LU22_72,3250,LU22_2023,0.750705951161202
LU22,LU22_65,3250,LU22_2023,0.7510462705761322
LU22,LU22_60,3250,LU22_2023,0.7554658995815905
LU22,LU22_61,3250,LU22_2023,0.7632301268861457
LU22,LU22_53,3250,LU22_2023,0.7630858176429568
LU22,LU22_46,3250,LU22_2023,0.7563867647058831
LU22,LU22_40,3250,LU22_2023,0.7483152894002787
LU22,LU22_47,3250,LU22_2023,0.7550296106557378
LU4,LU4_N15_24,3250,LU4_2024,0.6943635241596641
LU4,LU4_M14_24,3250,LU4_2024,0.6953126481868899
LU4,LU4_J14_24,3250,LU4_2024,0.6647711650648584
LU4,LU4_J15_24,3250,LU4_2024,0.6534028959368976
LU4,LU4_I12_24,3250,LU4_2024,0.6661984035640792
LU4,LU4_I13_24,3250,LU4_2024,0.6511472723403131
LU4,LU4_Q10_24,3250,LU4_2024,0.7227152925531911
LU4,LU4_O10_24,3250,LU4_2024,0.7221714450354614
LU4,LU4_R7_24,3250,LU4_2024,0.7161950177304971
LU4,LU4_R9_24,3250,LU4_2024,0.7215470746527778
LU4,LU4_T8_24,3250,LU4_2024,0.7277344936708859
LU4,LU4_O16_24,3250,LU4_2024,0.664359226744784
LU4,LU4_J26_24,3250,LU4_2024,0.683881561203319
LU4,LU4_K25_24,3250,LU4_2024,0.6848931727994234
LU4,LU4_L23_24,3250,LU4_2024,0.703965225694445
LU4,LU4_H26_24,3250,LU4_2024,0.6821408456920907
LU4,LU4_K23_24,3250,LU4_2024,0.694339565752461
LU4,LU4_J21_24,3250,LU4_2024,0.7241105680199432
LU4,LU4_I21_24,3250,LU4_2024,0.7197822738603993
LU4,LU4_N30_24,3250,LU4_2024,0.6951616859243694
LU4,LU4_O23_24,3250,LU4_2024,0.6764647509123295
LU4,LU4_O22_24,3250,LU4_2024,0.7141767492967659
LU4,LU4_L18_24,3250,LU4_2024,0.6771012444516703
LU4,LU4_L17_24,3250,LU4_2024,0.6691307158803357
LU4,LU4_K17_24,3250,LU4_2024,0.6866517539173791
LU4,LU4_K19_24,3250,LU4_2024,0.7204347018828453
LU4,LU4_I22_24,3250,LU4_2024,0.7190957204861107
LU4,LU4_Q20_24,3250,LU4_2024,0.6732762955678724
LU4,LU4_V25_24,3250,LU4_2024,0.6919322198275866
LU4,LU4_P22_24,3250,LU4_2024,0.6955886093380622
LU4,LU4_O21_24,3250,LU4_2024,0.710949566219003
LU4,LU4_P17_24,3250,LU4_2024,0.6733717567657792
LU4,LU4_Q16_24,3250,LU4_2024,0.687547995780591
LU4,LU4_V19_24,3250,LU4_2024,0.695985024407252
LU4,LU4_O17_24,3250,LU4_2024,0.660048460496111
LU4,LU4_W19_24,3250,LU4_2024,0.7022529236694677
LU4,LU4_Y25_24,3250,LU4_2024,0.7141311264124297
LU4,LU4_S17_24,3250,LU4_2024,0.6837549014522822
LU4,LU4_S18_24,3250,LU4_2024,0.6882119808566441
LU4,LU4_R14_24,3250,LU4_2024,0.692401071922545
LU4,LU4_V17_24,3250,LU4_2024,0.691947960434174
LU4,LU4_U15_24,3250,LU4_2024,0.6870228378851541
LU4,LU4_M12_24,3250,LU4_2024,0.707578628177966
LU4,LU4_O13_24,3250,LU4_2024,0.7230677604166671
LU4,LU4_P15_24,3250,LU4_2024,0.6983032899305555
LU4,LU4_E15_24,3250,LU4_2024,0.6773667629551816
LU4,LU4_G17_24,3250,LU4_2024,0.6961993262411342
LU4,LU4_G13_24,3250,LU4_2024,0.6715260903919518
LU4,LU4_G12_24,3250,LU4_2024,0.6757379532170336
LU4,LU4_F14_24,3250,LU4_2024,0.6654413421280619
LU3,LU3_102_24,3250,LU3_2024,0.7041817708333333
LU3,LU3_5_24,3250,LU3_2024,0.7040178857350801
LU3,LU3_103_24,3250,LU3_2024,0.714052750365497
LU3,LU3_131_24,3250,LU3_2024,0.7235382543103445
LU3,LU3_39_24,3250,LU3_2024,0.682788891882184
LU3,LU3_18_24,3250,LU3_2024,0.6877764124293786
LU3,LU3_20_24,3250,LU3_2024,0.6711369703389837
LU3,LU3_19_24,3250,LU3_2024,0.6820247774216525
LU3,LU3_111_24,3250,LU3_2024,0.680871945103948
LU3,LU3_AB21_24,3250,LU3_2024,0.7148198051948048
LU3,LU3_27_24,3250,LU3_2024,0.6906960836909876
LU3,LU3_36_24,3250,LU3_2024,0.6795447826867819
LU3,LU3_40_24,3250,LU3_2024,0.7127318133047212
LU3,LU3_41_24,3250,LU3_2024,0.7162976811594208
LU3,LU3_52_24,3250,LU3_2024,0.6312191630747124
LU3,LU3_15_24,3250,LU3_2024,0.6760982816951568
LU3,LU3_44_24,3250,LU3_2024,0.6762582715395483
LU3,LU3_17_24,3250,LU3_2024,0.6733539788984265
LU3,LU3_147_24,3250,LU3_2024,0.6730192370129872
LU3,LU3_51_24,3250,LU3_2024,0.6682466755319154
LU3,LU3_AH7_24,3250,LU3_2024,0.7020609728107344
LU3,LU3_126_24,3250,LU3_2024,0.7045637854609929
LU3,LU3_129_24,3250,LU3_2024,0.6436723735754989
LU3,LU3_28_24,3250,LU3_2024,0.6357222373188405
LU3,LU3_AH14_24,3250,LU3_2024,0.6986738555078692
LU3,LU3_38_24,3250,LU3_2024,0.6850892021276599
LU3,LU3_13_24,3250,LU3_2024,0.7034966827610873
LU3,LU3_25_24,3250,LU3_2024,0.6694409663120572
LU3,LU3_21_24,3250,LU3_2024,0.6943075975177305
LU3,LU3_AC10_24,3250,LU3_2024,0.7120272800429187
LU3,LU3_46_24,3250,LU3_2024,0.693817668439716
LU3,LU3_10_24,3250,LU3_2024,0.6977044426638175
LU3,LU3_AE12_24,3250,LU3_2024,0.6899472222222219
LU3,LU3_7_24,3250,LU3_2024,0.6837613170903952
LU3,LU3_14_24,3250,LU3_2024,0.6963018372011253
LU3,LU3_137_24,3250,LU3_2024,0.6953105978260871
LU3,LU3_M20_24,3250,LU3_2024,0.7107125357653795
LU3,LU3_L22_24,3250,LU3_2024,0.6783270786942006
LU3,LU3_J23_24,3250,LU3_2024,0.6889323361823366
LU3,LU3_U6_24,3250,LU3_2024,0.6875727848101267
LU3,LU3_L16_24,3250,LU3_2024,0.6508510428671974
LU3,LU3_N18_24,3250,LU3_2024,0.707160586552218
LU3,LU3_L15_24,3250,LU3_2024,0.6532500329221379
LU3,LU3_32_24,3250,LU3_2024,0.6985518528368793
LU3,LU3_W7_24,3250,LU3_2024,0.6782278217299585
LU3,LU3_45_24,3250,LU3_2024,0.7039008279914528
LU3,LU3_50_24,3250,LU3_2024,0.6981316287878789
LU3,LU3_49_24,3250,LU3_2024,0.6944261306980052
LU3,LU3_Y8_24,3250,LU3_2024,0.6852393857758623
LU3,LU3_48_24,3250,LU3_2024,0.6888606914893618
LU2,LU2_21_24,3250,LU2_2024,0.7461524066091958
LU2,LU2_34_24,3250,LU2_2024,0.736405153985508
LU2,LU2_O25_24,3250,LU2_2024,0.7629939744971257
LU2,LU2_W21_24,3250,LU2_2024,0.7778215277777769
LU2,LU2_36_24,3250,LU2_2024,0.7745768115942028
LU2,LU2_15_24,3250,LU2_2024,0.7741366148068661
LU2,LU2_13_24,3250,LU2_2024,0.7714284752155173
LU2,LU2_5_24,3250,LU2_2024,0.647994757704907
LU2,LU2_101_24,3250,LU2_2024,0.6280518328860387
LU2,LU2_32_24,3250,LU2_2024,0.6876866123739045
LU2,LU2_Q24_24,3250,LU2_2024,0.7429326177536231
LU2,LU2_56_24,3250,LU2_2024,0.7727860840548351
LU2,LU2_I15_24,3250,LU2_2024,0.772856433553598
LU2,LU2_L20_24,3250,LU2_2024,0.7540634379509386
LU2,LU2_L46_24,3250,LU2_2024,0.7495099206349198
LU2,LU2_110_24,3250,LU2_2024,0.769959527658046
LU2,LU2_39_24,3250,LU2_2024,0.7671065566378066
LU2,LU2_17_24,3250,LU2_2024,0.7610515402421653
LU2,LU2_155_24,3250,LU2_2024,0.7707967325498584
LU2,LU2_50_24,3250,LU2_2024,0.7541407377344872
LU2,LU2_O16_24,3250,LU2_2024,0.7309765619193602
LU2,LU2_U13_24,3250,LU2_2024,0.7591318627089484
LU2,LU2_44_24,3250,LU2_2024,0.7691816429093564
LU2,LU2_143_24,3250,LU2_2024,0.7715659115720528
LU2,LU2_18_24,3250,LU2_2024,0.7742098484848484
LU2,LU2_52_24,3250,LU2_2024,0.7747993534482756
LU2,LU2_123_24,3250,LU2_2024,0.7503820797258303
LU2,LU2_H16_24,3250,LU2_2024,0.7749224427753932
LU2,LU2_27_24,3250,LU2_2024,0.7644255072463773
LU2,LU2_31_24,3250,LU2_2024,0.7624005706521736
LU2,LU2_3_24,3250,LU2_2024,0.7702191720545974
LU2,LU2_J27_24,3250,LU2_2024,0.752431016522989
LU2,LU2_E27_24,3250,LU2_2024,0.7512530102790016
LU2,LU2_G25_24,3250,LU2_2024,0.756242631004366
LU2,LU2_G26_24,3250,LU2_2024,0.7594341179653676
LU2,LU2_106_24,3250,LU2_2024,0.7399302398989897
LU2,LU2_20_24,3250,LU2_2024,0.7498997764663807
LU2,LU2_25_24,3250,LU2_2024,0.7627768678160921
LU2,LU2_40_24,3250,LU2_2024,0.7447853260869568
LU2,LU2_38_24,3250,LU2_2024,0.7565874636098979
LU2,LU2_137_24,3250,LU2_2024,0.7408973150143676
LU2,LU2_47_24,3250,LU2_2024,0.7665593337004402
LU2,LU2_26_24,3250,LU2_2024,0.7683976944444452
LU2,LU2_H26_24,3250,LU2_2024,0.7516812686011897
LU2,LU2_29_24,3250,LU2_2024,0.7511999174008805
LU2,LU2_K26_24,3250,LU2_2024,0.749794255050505
LU2,LU2_100_24,3250,LU2_2024,0.7346006222943722
LU2,LU2_30_24,3250,LU2_2024,0.7477194895382393
LU2,LU2_33_24,3250,LU2_2024,0.7665877155172416
LU2,LU2_M25_24,3250,LU2_2024,0.7558317307692304
LU8,LU8_N19_24,3250,LU8_2024,0.760676156462585
LU8,LU8_M19_24,3250,LU8_2024,0.7608969427506772
LU8,LU8_N20_24,3250,LU8_2024,0.7453607118758433
LU8,LU8_O20_24,3250,LU8_2024,0.6665118027210883
LU8,LU8_N18_24,3250,LU8_2024,0.7486911779835391
LU8,LU8_S25_24,3250,LU8_2024,0.7173724678184278
LU8,LU8_AC29_24,3250,LU8_2024,0.6831975881742738
LU8,LU8_AC28_24,3250,LU8_2024,0.6677167431972784
LU8,LU8_AB29_24,3250,LU8_2024,0.660835433535762
LU8,LU8_AC30_24,3250,LU8_2024,0.6887907135627535
LU8,LU8_T25_24,3250,LU8_2024,0.6938619410569101
LU8,LU8_S24_24,3250,LU8_2024,0.7095223238482384
LU8,LU8_AE29_24,3250,LU8_2024,0.6358477423291485
LU8,LU8_AD29_24,3250,LU8_2024,0.6412202295918366
LU8,LU8_AD28_24,3250,LU8_2024,0.6339285119047627
LU8,LU8_AD27_24,3250,LU8_2024,0.6338688095238101
LU8,LU8_AC24_24,3250,LU8_2024,0.6141059438775507
LU8,LU8_AC25_24,3250,LU8_2024,0.6251950510204075
LU8,LU8_AC31_24,3250,LU8_2024,0.6827576020408161
LU8,LU8_AB31_24,3250,LU8_2024,0.6968745003387536
LU2,LU2_3,3500,LU2_2021,0.7696971177944855
LU2,LU2_5,3500,LU2_2021,0.6506278745615323
LU2,LU2_100,3500,LU2_2021,0.7348896298017346
LU2,LU2_101,3500,LU2_2021,0.6260012319790861
LU2,LU2_106,3500,LU2_2021,0.7381838327091134
LU2,LU2_110,3500,LU2_2021,0.7693434182098764
LU2,LU2_119,3500,LU2_2021,0.7386245601851849
LU2,LU2_123,3500,LU2_2021,0.7499431803995013
LU2,LU2_13,3500,LU2_2021,0.7703996305031443
LU2,LU2_137,3500,LU2_2021,0.7389876183712119
LU2,LU2_143,3500,LU2_2021,0.7718072605721393
LU2,LU2_15,3500,LU2_2021,0.7740847456304614
LU2,LU2_153,3500,LU2_2021,0.7174149665864905
LU2,LU2_155,3500,LU2_2021,0.7703548950501261
LU2,LU2_17,3500,LU2_2021,0.7626909748427675
LU2,LU2_18,3500,LU2_2021,0.7737463972431079
LU2,LU2_20,3500,LU2_2021,0.7513020055970152
LU2,LU2_21,3500,LU2_2021,0.7453086610486891
LU2,LU2_24,3500,LU2_2021,0.7357275108830843
LU2,LU2_25,3500,LU2_2021,0.7620910646387833
LU2,LU2_26,3500,LU2_2021,0.7682848057644117
LU2,LU2_27,3500,LU2_2021,0.7629154481132083
LU2,LU2_29,3500,LU2_2021,0.7517753994360898
LU2,LU2_30,3500,LU2_2021,0.7485015546085856
LU2,LU2_31,3500,LU2_2021,0.7579750542131348
LU2,LU2_32,3500,LU2_2021,0.6850328076968871
LU2,LU2_33,3500,LU2_2021,0.7660560361216727
LU2,LU2_34,3500,LU2_2021,0.7319623153964849
LU2,LU2_36,3500,LU2_2021,0.7733862671660423
LU2,LU2_38,3500,LU2_2021,0.7580701982651796
LU2,LU2_39,3500,LU2_2021,0.7676524395910778
LU2,LU2_40,3500,LU2_2021,0.7422863028606969
LU2,LU2_42,3500,LU2_2021,0.7725700707547163
LU2,LU2_44,3500,LU2_2021,0.7690437577160495
LU2,LU2_46,3500,LU2_2021,0.7464931095679004
LU2,LU2_47,3500,LU2_2021,0.7642664343246595
LU2,LU2_50,3500,LU2_2021,0.7522699261992614
LU2,LU2_51,3500,LU2_2021,0.7115606339470093
LU2,LU2_52,3500,LU2_2021,0.7754186419753083
LU2,LU2_54,3500,LU2_2021,0.7727337253997537
LU2,LU2_56,3500,LU2_2021,0.7684449185116858
LU2,LU2_57,3500,LU2_2021,0.7253302712790662
LU3,LU3_5,3500,LU3_2021,0.7019200462962965
LU3,LU3_7,3500,LU3_2021,0.6856327644526444
LU3,LU3_10,3500,LU3_2021,0.6982056226765799
LU3,LU3_102,3500,LU3_2021,0.7049299614197527
LU3,LU3_103,3500,LU3_2021,0.7138399830873303
LU3,LU3_106,3500,LU3_2021,0.6980105825592783
LU3,LU3_111,3500,LU3_2021,0.6848712845227004
LU3,LU3_126,3500,LU3_2021,0.7037087072649572
LU3,LU3_129,3500,LU3_2021,0.6465433608058612
LU3,LU3_13,3500,LU3_2021,0.7007007173382171
LU3,LU3_131,3500,LU3_2021,0.7214601026348033
LU3,LU3_137,3500,LU3_2021,0.6951333792892159
LU3,LU3_14,3500,LU3_2021,0.6959921313506814
LU3,LU3_147,3500,LU3_2021,0.6765150505514707
LU3,LU3_15,3500,LU3_2021,0.6766308134191182
LU3,LU3_17,3500,LU3_2021,0.6754940410539224
LU3,LU3_18,3500,LU3_2021,0.6884402548840051
LU3,LU3_19,3500,LU3_2021,0.6804656478102192
LU3,LU3_20,3500,LU3_2021,0.6739689126394056
LU3,LU3_21,3500,LU3_2021,0.6941885302197803
LU3,LU3_25,3500,LU3_2021,0.6708778240740749
LU3,LU3_27,3500,LU3_2021,0.6879013965201468
LU3,LU3_28,3500,LU3_2021,0.635895161782662
LU3,LU3_32,3500,LU3_2021,0.6981372289343251
LU3,LU3_36,3500,LU3_2021,0.6808297530864207
LU3,LU3_38,3500,LU3_2021,0.6791934963099637
LU3,LU3_39,3500,LU3_2021,0.682787674878346
LU3,LU3_40,3500,LU3_2021,0.7133656172839508
LU3,LU3_41,3500,LU3_2021,0.7144257631257637
LU3,LU3_44,3500,LU3_2021,0.6780965533088232
LU3,LU3_45,3500,LU3_2021,0.7038224305555553
LU3,LU3_46,3500,LU3_2021,0.6927774969362744
LU3,LU3_48,3500,LU3_2021,0.6894835851648353
LU3,LU3_50,3500,LU3_2021,0.6934462622549016
LU3,LU3_51,3500,LU3_2021,0.6678843521897809
LU3,LU3_52,3500,LU3_2021,0.6361425864779869
LU3,LU3_49,3500,LU3_2021,0.69499229545454555
LU13,LU13_18,3500,LU13_2022,0.549466299460432
LU13,LU13_15,3500,LU13_2022,0.6287831486406621
LU13,LU13_3,3500,LU13_2022,0.6612311693075122
LU13,LU13_34,3500,LU13_2022,0.6534601169590648
LU13,LU13_57,3500,LU13_2022,0.6885200059101657
LU13,LU13_16,3500,LU13_2022,0.5874607007575758
LU13,LU13_21,3500,LU13_2022,0.499304886091127
LU13,LU13_37,3500,LU13_2022,0.6847072177895988
LU13,LU13_55,3500,LU13_2022,0.6974270906949355
LU13,LU13_47,3500,LU13_2022,0.7162452412280704
LU13,LU13_51,3500,LU13_2022,0.7157983114035082
LU13,LU13_27,3500,LU13_2022,0.7139620337995334
LU13,LU13_5,3500,LU13_2022,0.7175186317966906
LU13,LU13_26,3500,LU13_2022,0.7118337765957441
LU13,LU13_35,3500,LU13_2022,0.6519468124263842
LU13,LU13_13,3500,LU13_2022,0.7080819765717667
LU13,LU13_128,3500,LU13_2022,0.7062553324308061
LU13,LU13_131,3500,LU13_2022,0.7021843860424025
LU13,LU13_12,3500,LU13_2022,0.7012495745305162
LU13,LU13_33,3500,LU13_2022,0.6941302816901405
LU13,LU13_32,3500,LU13_2022,0.6770821311230584
LU13,LU13_30,3500,LU13_2022,0.6531583406690141
LU13,LU13_53,3500,LU13_2022,0.7026789450354608
LU13,LU13_22,3500,LU13_2022,0.7164379548122065
LU13,LU13_19,3500,LU13_2022,0.7176129152097904
LU13,LU13_45,3500,LU13_2022,0.7205848087188617
LU13,LU13_8,3500,LU13_2022,0.7238193036130531
LU13,LU13_43,3500,LU13_2022,0.7233233068315665
LU13,LU13_41,3500,LU13_2022,0.7205544621749411
LU13,LU13_59,3500,LU13_2022,0.7044860491071427
LU13,LU13_6,3500,LU13_2022,0.7144628680800946
LU13,LU13_14,3500,LU13_2022,0.7204115204678371
LU13,LU13_52,3500,LU13_2022,0.6547534722222227
LU13,LU13_36,3500,LU13_2022,0.6846409967608955
LU13,LU13_38,3500,LU13_2022,0.6896030443075124
LU13,LU13_20,3500,LU13_2022,0.7162692781690136
LU13,LU13_17,3500,LU13_2022,0.7131480701754387
LU13,LU13_56,3500,LU13_2022,0.7109279846335698
LU13,LU13_49,3500,LU13_2022,0.712852852449224
LU13,LU13_70,3500,LU13_2022,0.7037233077617334
LU13,LU13_11,3500,LU13_2022,0.7051340522300461
LU15,LU15_44,3500,LU15_2022,0.7057787906137178
LU15,LU15_11,3500,LU15_2022,0.7070551122931445
LU15,LU15_19,3500,LU15_2022,0.703779098977136
LU15,LU15_7,3500,LU15_2022,0.7322502707581222
LU15,LU15_34,3500,LU15_2022,0.7143628725669106
LU15,LU15_37,3500,LU15_2022,0.692336360911271
LU15,LU15_18,3500,LU15_2022,0.7141255995203839
LU15,LU15_43,3500,LU15_2022,0.706531059914842
LU15,LU15_10,3500,LU15_2022,0.7156508393285376
LU15,LU15_58,3500,LU15_2022,0.7213781884707291
LU15,LU15_8,3500,LU15_2022,0.7109843484848487
LU15,LU15_12,3500,LU15_2022,0.6986146580047792
LU15,LU15_17,3500,LU15_2022,0.7100960597826095
LU15,LU15_1,3500,LU15_2022,0.6850597627737227
LU15,LU15_26,3500,LU15_2022,0.6870472773766546
LU15,LU15_27,3500,LU15_2022,0.6878900471411195
LU15,LU15_28,3500,LU15_2022,0.6901286231884056
LU15,LU15_2,3500,LU15_2022,0.6926657618613141
LU15,LU15_29,3500,LU15_2022,0.6938182481751825
LU15,LU15_30,3500,LU15_2022,0.6937566363636367
LU15,LU15_31,3500,LU15_2022,0.6972822109471101
LU15,LU15_32,3500,LU15_2022,0.7006319265067655
LU15,LU15_20,3500,LU15_2022,0.722789172749392
LU15,LU15_21,3500,LU15_2022,0.7412999925059947
LU15,LU15_23,3500,LU15_2022,0.7239091426858508
LU15,LU15_41,3500,LU15_2022,0.7209759626955475
LU15,LU15_25,3500,LU15_2022,0.722292320998796
LU15,LU15_9,3500,LU15_2022,0.7317804828519852
LU15,LU15_24,3500,LU15_2022,0.7335896054181389
LU15,LU15_46,3500,LU15_2022,0.7393911755952375
LU15,LU15_40,3500,LU15_2022,0.7093302458033575
LU15,LU15_16,3500,LU15_2022,0.7115220454545461
LU15,LU15_4,3500,LU15_2022,0.6940493456678702
LU15,LU15_36,3500,LU15_2022,0.6989547608303247
LU15,LU15_3,3500,LU15_2022,0.7171323296836984
LU15,LU15_15,3500,LU15_2022,0.7179385720802919
LU15,LU15_14,3500,LU15_2022,0.7132715328467155
LU15,LU15_22,3500,LU15_2022,0.7268121927458024
LU15,LU15_61,3500,LU15_2022,0.7210681700244204
LU21,LU21_106,3500,LU21_2022,0.7009055102657008
LU21,LU21_10,3500,LU21_2022,0.6784785552536231
LU21,LU21_16,3500,LU21_2022,0.6389852878787874
LU21,LU21_107,3500,LU21_2022,0.6958975719424461
LU21,LU21_41,3500,LU21_2022,0.6692459449404755
LU21,LU21_63,3500,LU21_2022,0.6540241741071424
LU21,LU21_27,3500,LU21_2022,0.6574674525504142
LU21,LU21_23,3500,LU21_2022,0.6722326564380262
LU21,LU21_21,3500,LU21_2022,0.6726981983985763
LU21,LU21_82,3500,LU21_2022,0.7027592038690463
LU21,LU21_871,3500,LU21_2022,0.6955949715227819
LU21,LU21_164,3500,LU21_2022,0.6482973560606053
LU21,LU21_36,3500,LU21_2022,0.6606054863582442
LU21,LU21_14,3500,LU21_2022,0.6567620697463756
LU21,LU21_32,3500,LU21_2022,0.6732476544289043
LU21,LU21_126,3500,LU21_2022,0.6689794082125595
LU21,LU21_122,3500,LU21_2022,0.6638954525089608
LU21,LU21_56,3500,LU21_2022,0.6867604759786479
LU21,LU21_57,3500,LU21_2022,0.6796524010047282
LU21,LU21_9,3500,LU21_2022,0.6722396660649821
LU21,LU21_98,3500,LU21_2022,0.7122490699404764
LU21,LU21_119,3500,LU21_2022,0.6972151339285715
LU21,LU21_52,3500,LU21_2022,0.7004946767497021
LU21,LU21_59,3500,LU21_2022,0.6728002737226283
LU21,LU21_68,3500,LU21_2022,0.6574484767025092
LU21,LU21_109,3500,LU21_2022,0.6958974479166662
LU21,LU21_93,3500,LU21_2022,0.6832389136904756
LU21,LU21_114,3500,LU21_2022,0.7342772569444443
LU21,LU21_105,3500,LU21_2022,0.7235948520531401
LU21,LU21_100,3500,LU21_2022,0.706730037878787
LU21,LU21_74,3500,LU21_2022,0.7140512768817207
LU21,LU21_78,3500,LU21_2022,0.720020362903225
LU21,LU21_153,3500,LU21_2022,0.7328240262681156
LU21,LU21_6,3500,LU21_2022,0.7306641287878796
LU21,LU21_116,3500,LU21_2022,0.7029928474729243
LU21,LU21_97,3500,LU21_2022,0.6728945035460996
LU1,LU1_13,3500,LU1_2022,0.6753030486091347
LU1,LU1_30,3500,LU1_2022,0.7112109141791042
LU1,LU1_85,3500,LU1_2022,0.7001526796778189
LU1,LU1_66,3500,LU1_2022,0.6910177700617278
LU1,LU1_76,3500,LU1_2022,0.6851093671679193
LU1,LU1_73,3500,LU1_2022,0.6816792998120291
LU1,LU1_75,3500,LU1_2022,0.6841613522012576
LU1,LU1_47,3500,LU1_2022,0.6223430009363295
LU1,LU1_74,3500,LU1_2022,0.6902039143958506
LU1,LU1_44,3500,LU1_2022,0.6307111756505573
LU1,LU1_41,3500,LU1_2022,0.6227603644584425
LU1,LU1_64,3500,LU1_2022,0.6876559816919187
LU1,LU1_86,3500,LU1_2022,0.6842407311320755
LU1,LU1_79,3500,LU1_2022,0.6702018960674154
LU1,LU1_63,3500,LU1_2022,0.6702391212406011
LU1,LU1_72,3500,LU1_2022,0.699708348997494
LU1,LU1_67,3500,LU1_2022,0.7024781172839502
LU1,LU1_77,3500,LU1_2022,0.6807981139520208
LU1,LU1_32,3500,LU1_2022,0.7147536419172933
LU1,LU1_36,3500,LU1_2022,0.7073812031835204
LU1,LU1_84,3500,LU1_2022,0.7131939840823966
LU1,LU1_25,3500,LU1_2022,0.6704309905660378
LU1,LU1_83,3500,LU1_2022,0.7134508348938825
LU1,LU1_80,3500,LU1_2022,0.6871988173558897
LU1,LU1_70,3500,LU1_2022,0.7053965901997508
LU1,LU1_48,3500,LU1_2022,0.6687640917602999
LU1,LU1_45,3500,LU1_2022,0.6895326710572157
LU1,LU1_11,3500,LU1_2022,0.6531977035984843
LU1,LU1_40,3500,LU1_2022,0.7317580612562187
LU1,LU1_6,3500,LU1_2022,0.7028195670494143
LU1,LU1_10,3500,LU1_2022,0.7365630169172929
LU1,LU1_43,3500,LU1_2022,0.6447476425438595
LU1,LU1_71,3500,LU1_2022,0.6307119889937112
LU1,LU1_22,3500,LU1_2022,0.6617734805764409
LU1,LU1_60,3500,LU1_2022,0.6759159176029957
LU1,LU1_78,3500,LU1_2022,0.6655374060150373
LU1,LU1_46,3500,LU1_2022,0.6366426378446116
LU1,LU1_82,3500,LU1_2022,0.7160079417293231
LU1,LU1_27,3500,LU1_2022,0.6934368236940289
LU9,LU9_5,3500,LU9_2023,0.5360017754975905
LU9,LU9_6,3500,LU9_2023,0.6061997567398738
LU9,LU9_7,3500,LU9_2023,0.688922425359291
LU9,LU9_8,3500,LU9_2023,0.6947231210632444
LU9,LU9_100,3500,LU9_2023,0.68616997863248
LU9,LU9_102,3500,LU9_2023,0.7606165157004827
LU9,LU9_106,3500,LU9_2023,0.6915842457420921
LU9,LU9_112,3500,LU9_2023,0.6795933965102281
LU9,LU9_113,3500,LU9_2023,0.6774880376344081
LU9,LU9_12,3500,LU9_2023,0.7010600820625982
LU9,LU9_13,3500,LU9_2023,0.7491976353406321
LU9,LU9_18,3500,LU9_2023,0.7270921327451969
LU9,LU9_21,3500,LU9_2023,0.7308382424242433
LU9,LU9_24,3500,LU9_2023,0.7314424862132352
LU9,LU9_28,3500,LU9_2023,0.7323939552919706
LU9,LU9_29,3500,LU9_2023,0.726985272201946
LU9,LU9_30,3500,LU9_2023,0.7321853038507824
LU9,LU9_31,3500,LU9_2023,0.7384355676328507
LU9,LU9_32,3500,LU9_2023,0.7452778429602896
LU9,LU9_33,3500,LU9_2023,0.7483530227272732
LU9,LU9_39,3500,LU9_2023,0.699139707711443
LU9,LU9_41,3500,LU9_2023,0.7405898390493382
LU9,LU9_44,3500,LU9_2023,0.6941182561728397
LU9,LU9_51,3500,LU9_2023,0.696432720588235
LU9,LU9_55,3500,LU9_2023,0.7013872056159424
LU9,LU9_57,3500,LU9_2023,0.6881710757575763
LU9,LU9_62,3500,LU9_2023,0.7419992673992672
LU9,LU9_63,3500,LU9_2023,0.7379378573600974
LU9,LU9_64,3500,LU9_2023,0.7373116136363637
LU9,LU9_65,3500,LU9_2023,0.7156271135265698
LU9,LU9_67,3500,LU9_2023,0.6717671462264149
LU9,LU9_68,3500,LU9_2023,0.6806104996980676
LU9,LU9_72,3500,LU9_2023,0.7382571492805755
LU9,LU9_73,3500,LU9_2023,0.7153359882671484
LU9,LU9_75,3500,LU9_2023,0.6972767524067389
LU9,LU9_76,3500,LU9_2023,0.688853911870504
LU9,LU9_77,3500,LU9_2023,0.6785463075248758
LU9,LU9_79,3500,LU9_2023,0.735221465102286
LU9,LU9_80,3500,LU9_2023,0.7313637826492534
LU9,LU9_81,3500,LU9_2023,0.7058289385644769
LU9,LU9_82,3500,LU9_2023,0.7009456590909089
LU9,LU9_85,3500,LU9_2023,0.740346961492178
LU9,LU9_86,3500,LU9_2023,0.7020080530303026
LU9,LU9_87,3500,LU9_2023,0.6783856666666669
LU9,LU9_90,3500,LU9_2023,0.6880024079106285
LU9,LU9_93,3500,LU9_2023,0.7475334012681157
LU9,LU9_94,3500,LU9_2023,0.7540414999999998
LU9,LU9_96,3500,LU9_2023,0.7121769852053145
LU9,LU9_98,3500,LU9_2023,0.703830530303031
LU9,LU9_27,3500,LU9_2023,0.7175577898550727
LU14,LU14_3,3500,LU14_2023,0.708857090773809
LU14,LU14_7,3500,LU14_2023,0.6992051861702124
LU14,LU14_8,3500,LU14_2023,0.7035649492234168
LU14,LU14_9,3500,LU14_2023,0.7063109855200944
LU14,LU14_100,3500,LU14_2023,0.7171951388888892
LU14,LU14_102,3500,LU14_2023,0.7354705774853795
LU14,LU14_105,3500,LU14_2023,0.7283971052631578
LU14,LU14_110,3500,LU14_2023,0.7051777948943666
LU14,LU14_114,3500,LU14_2023,0.7193112736406622
LU14,LU14_115,3500,LU14_2023,0.7087019060283686
LU14,LU14_120,3500,LU14_2023,0.7117324446386953
LU14,LU14_121,3500,LU14_2023,0.6994896871293
LU14,LU14_131,3500,LU14_2023,0.7112028462441307
LU14,LU14_135,3500,LU14_2023,0.6927786695906425
LU14,LU14_16,3500,LU14_2023,0.7090098130153117
LU14,LU14_17,3500,LU14_2023,0.7157384415776983
LU14,LU14_19,3500,LU14_2023,0.6969504490577147
LU14,LU14_20,3500,LU14_2023,0.6952825428487001
LU14,LU14_250,3500,LU14_2023,0.7383697660818715
LU14,LU14_30,3500,LU14_2023,0.7156433482142854
LU14,LU14_31,3500,LU14_2023,0.7084185233918131
LU14,LU14_33,3500,LU14_2023,0.7176473267622464
LU14,LU14_37,3500,LU14_2023,0.7279126693168438
LU14,LU14_47,3500,LU14_2023,0.7362417033450703
LU14,LU14_48,3500,LU14_2023,0.73574068801898
LU14,LU14_49,3500,LU14_2023,0.7354732947805456
LU14,LU14_51,3500,LU14_2023,0.7494311443236713
LU14,LU14_54,3500,LU14_2023,0.713886264619883
LU14,LU14_56,3500,LU14_2023,0.7328225938967136
LU14,LU14_57,3500,LU14_2023,0.7254843488649939
LU14,LU14_61,3500,LU14_2023,0.702719872359155
LU14,LU14_62,3500,LU14_2023,0.7243447511778568
LU14,LU14_63,3500,LU14_2023,0.6894011086309526
LU14,LU14_66,3500,LU14_2023,0.6877647310874698
LU14,LU14_70,3500,LU14_2023,0.7137001551418442
LU14,LU14_71,3500,LU14_2023,0.7163694666075652
LU14,LU14_72,3500,LU14_2023,0.7161903194935219
LU14,LU14_74,3500,LU14_2023,0.7227848149819499
LU14,LU14_76,3500,LU14_2023,0.7264131944444444
LU14,LU14_78,3500,LU14_2023,0.7496372991071434
LU14,LU14_80,3500,LU14_2023,0.6933426934523811
LU14,LU14_84,3500,LU14_2023,0.7107239216549307
LU14,LU14_85,3500,LU14_2023,0.6965802935943068
LU14,LU14_86,3500,LU14_2023,0.7331854831560283
LU14,LU14_88,3500,LU14_2023,0.7202445789319252
LU14,LU14_91,3500,LU14_2023,0.705485919030733
LU14,LU14_92,3500,LU14_2023,0.7159617811032871
LU14,LU14_96,3500,LU14_2023,0.7315242351398596
LU14,LU14_97,3500,LU14_2023,0.7087830190058473
LU14,LU14_75,3500,LU14_2023,0.7071463430851058
LU16,LU16_2,3500,LU16_2023,0.6828030223004695
LU16,LU16_3,3500,LU16_2023,0.6781302593240086
LU16,LU16_15,3500,LU16_2023,0.6638177631578941
LU16,LU16_20,3500,LU16_2023,0.6917966920549578
LU16,LU16_200,3500,LU16_2023,0.6537871576340328
LU16,LU16_201,3500,LU16_2023,0.6655623688811189
LU16,LU16_202,3500,LU16_2023,0.6573851461988306
LU16,LU16_203,3500,LU16_2023,0.6645966385933804
LU16,LU16_22,3500,LU16_2023,0.6827762966200465
LU16,LU16_23,3500,LU16_2023,0.7001003447769952
LU16,LU16_24,3500,LU16_2023,0.7195126023391809
LU16,LU16_25,3500,LU16_2023,0.6992480116959069
LU16,LU16_26,3500,LU16_2023,0.6856720486111105
LU16,LU16_270,3500,LU16_2023,0.610800580720093
LU16,LU16_28,3500,LU16_2023,0.692811706002331
LU16,LU16_300,3500,LU16_2023,0.6666742811032856
LU16,LU16_301,3500,LU16_2023,0.639878257978724
LU16,LU16_302,3500,LU16_2023,0.6545245467836267
LU16,LU16_303,3500,LU16_2023,0.6513590617715624
LU16,LU16_313,3500,LU16_2023,0.704713361307421
LU16,LU16_314,3500,LU16_2023,0.6501180112293138
LU16,LU16_36,3500,LU16_2023,0.6899603146853145
LU16,LU16_37,3500,LU16_2023,0.6883372587719299
LU16,LU16_49,3500,LU16_2023,0.5377366964285712
LU16,LU16_52,3500,LU16_2023,0.591718661971831
LU16,LU16_54,3500,LU16_2023,0.6249142191142188
LU16,LU16_55,3500,LU16_2023,0.6202330647502904
LU16,LU16_57,3500,LU16_2023,0.6225966783216789
LU16,LU16_58,3500,LU16_2023,0.6156598649825787
LU16,LU16_60,3500,LU16_2023,0.604782012195123
LU16,LU16_62,3500,LU16_2023,0.5825077946871088
LU16,LU16_63,3500,LU16_2023,0.6135433289779332
LU16,LU16_64,3500,LU16_2023,0.59798126875341
LU16,LU16_67,3500,LU16_2023,0.6177927156177161
LU16,LU16_68,3500,LU16_2023,0.5648156470070421
LU16,LU16_69,3500,LU16_2023,0.5633544037156958
LU16,LU16_70,3500,LU16_2023,0.5820510780885784
LU16,LU16_71,3500,LU16_2023,0.5610155709342555
LU16,LU16_72,3500,LU16_2023,0.6116129953379948
LU16,LU16_73,3500,LU16_2023,0.6020752729885058
LU16,LU16_74,3500,LU16_2023,0.6031322989510485
LU16,LU16_75,3500,LU16_2023,0.593522811038177
LU16,LU16_77,3500,LU16_2023,0.5514964692982453
LU16,LU16_80,3500,LU16_2023,0.5680852136907495
LU16,LU16_81,3500,LU16_2023,0.5613650210549647
LU16,LU16_83,3500,LU16_2023,0.6225880952380956
LU16,LU16_84,3500,LU16_2023,0.6145060612659702
LU16,LU16_85,3500,LU16_2023,0.5941880026223776
LU16,LU16_88,3500,LU16_2023,0.5827938836052419
LU22,LU22_110,3500,LU22_2023,0.7422709290341571
LU22,LU22_48,3500,LU22_2023,0.7474012121212122
LU22,LU22_107,3500,LU22_2023,0.7406393757413995
LU22,LU22_49,3500,LU22_2023,0.7630043001186247
LU22,LU22_103,3500,LU22_2023,0.7502681294326238
LU22,LU22_44,3500,LU22_2023,0.7570936305256868
LU22,LU22_21,3500,LU22_2023,0.7770736209964415
LU22,LU22_15,3500,LU22_2023,0.7756231934731932
LU22,LU22_50,3500,LU22_2023,0.7354692855046949
LU22,LU22_38,3500,LU22_2023,0.7418770089285707
LU22,LU22_22,3500,LU22_2023,0.7707228871158393
LU22,LU22_85,3500,LU22_2023,0.7234320569248813
LU22,LU22_33,3500,LU22_2023,0.7641311165480429
LU22,LU22_34,3500,LU22_2023,0.7537046800595241
LU22,LU22_11,3500,LU22_2023,0.71372644506735
LU22,LU22_29,3500,LU22_2023,0.7634473330378253
LU22,LU22_86,3500,LU22_2023,0.7178062720848043
LU22,LU22_80,3500,LU22_2023,0.7131536111111111
LU22,LU22_17,3500,LU22_2023,0.7706462202380953
LU22,LU22_35,3500,LU22_2023,0.7456773057532625
LU22,LU22_63,3500,LU22_2023,0.6943360087719296
LU22,LU22_30,3500,LU22_2023,0.7663364950117368
LU22,LU22_4,3500,LU22_2023,0.6841679653449384
LU22,LU22_36,3500,LU22_2023,0.740225260416667
LU22,LU22_76,3500,LU22_2023,0.6967460328014184
LU22,LU22_5,3500,LU22_2023,0.7379976860119047
LU22,LU22_87,3500,LU22_2023,0.7136197657176748
LU22,LU22_25,3500,LU22_2023,0.7622472072879324
LU22,LU22_89,3500,LU22_2023,0.719010734338061
LU22,LU22_18,3500,LU22_2023,0.7598980056346392
LU22,LU22_32,3500,LU22_2023,0.743044586320191
LU22,LU22_8,3500,LU22_2023,0.7615113147820973
LU22,LU22_6,3500,LU22_2023,0.7588394345238099
LU22,LU22_81,3500,LU22_2023,0.7248264136904761
LU22,LU22_7,3500,LU22_2023,0.7642372610513745
LU22,LU22_69,3500,LU22_2023,0.7211445877817324
LU22,LU22_70,3500,LU22_2023,0.7449558362884167
LU22,LU22_82,3500,LU22_2023,0.7519101720047459
LU22,LU22_94,3500,LU22_2023,0.7540946376173713
LU22,LU22_101,3500,LU22_2023,0.7483940665488822
LU22,LU22_71,3500,LU22_2023,0.7497971904342721
LU22,LU22_77,3500,LU22_2023,0.7523258482142854
LU22,LU22_72,3500,LU22_2023,0.7507976810954057
LU22,LU22_65,3500,LU22_2023,0.7520166445035458
LU22,LU22_60,3500,LU22_2023,0.756063803904429
LU22,LU22_61,3500,LU22_2023,0.7633386598699764
LU22,LU22_53,3500,LU22_2023,0.7608852245862884
LU22,LU22_46,3500,LU22_2023,0.7558307328605205
LU22,LU22_40,3500,LU22_2023,0.7501270240213527
LU22,LU22_47,3500,LU22_2023,0.7550997842261906
LU4,LU4_N15_24,3500,LU4_2024,0.6928499924242421
LU4,LU4_M14_24,3500,LU4_2024,0.6954545984848486
LU4,LU4_J14_24,3500,LU4_2024,0.6640711602165412
LU4,LU4_J15_24,3500,LU4_2024,0.6554643565575772
LU4,LU4_I12_24,3500,LU4_2024,0.6667645146258053
LU4,LU4_I13_24,3500,LU4_2024,0.6515064922234364
LU4,LU4_Q10_24,3500,LU4_2024,0.7233423106060604
LU4,LU4_O10_24,3500,LU4_2024,0.7218845000000005
LU4,LU4_R7_24,3500,LU4_2024,0.7166264643719816
LU4,LU4_R9_24,3500,LU4_2024,0.7208473464111923
LU4,LU4_T8_24,3500,LU4_2024,0.7271670510455107
LU4,LU4_O16_24,3500,LU4_2024,0.6677000285085424
LU4,LU4_J26_24,3500,LU4_2024,0.6845276851851848
LU4,LU4_K25_24,3500,LU4_2024,0.686786683153477
LU4,LU4_L23_24,3500,LU4_2024,0.7047595390720398
LU4,LU4_H26_24,3500,LU4_2024,0.6849077932098768
LU4,LU4_K23_24,3500,LU4_2024,0.693946146214896
LU4,LU4_J21_24,3500,LU4_2024,0.7239624545454545
LU4,LU4_I21_24,3500,LU4_2024,0.7192720486111114
LU4,LU4_N30_24,3500,LU4_2024,0.6966432045454544
LU4,LU4_O23_24,3500,LU4_2024,0.6793323564052863
LU4,LU4_O22_24,3500,LU4_2024,0.7117695740049756
LU4,LU4_L18_24,3500,LU4_2024,0.6816153240667546
LU4,LU4_L17_24,3500,LU4_2024,0.6702123340562394
LU4,LU4_K17_24,3500,LU4_2024,0.6828070609354415
LU4,LU4_K19_24,3500,LU4_2024,0.7147049002513145
LU4,LU4_I22_24,3500,LU4_2024,0.7190235042735046
LU4,LU4_Q20_24,3500,LU4_2024,0.6761433926830422
LU4,LU4_V25_24,3500,LU4_2024,0.6933971136363637
LU4,LU4_P22_24,3500,LU4_2024,0.690736364162906
LU4,LU4_O21_24,3500,LU4_2024,0.7083833181696606
LU4,LU4_P17_24,3500,LU4_2024,0.672765024972073
LU4,LU4_Q16_24,3500,LU4_2024,0.6868748867753627
LU4,LU4_V19_24,3500,LU4_2024,0.6961725973236008
LU4,LU4_O17_24,3500,LU4_2024,0.660928187697029
LU4,LU4_W19_24,3500,LU4_2024,0.7018551287878784
LU4,LU4_Y25_24,3500,LU4_2024,0.7140755778588815
LU4,LU4_S17_24,3500,LU4_2024,0.6849064806273066
LU4,LU4_S18_24,3500,LU4_2024,0.6860858272937478
LU4,LU4_R14_24,3500,LU4_2024,0.6927644459706959
LU4,LU4_V17_24,3500,LU4_2024,0.689468879257908
LU4,LU4_U15_24,3500,LU4_2024,0.6880564393939395
LU4,LU4_M12_24,3500,LU4_2024,0.7067026893939391
LU4,LU4_O13_24,3500,LU4_2024,0.7214968750000005
LU4,LU4_P15_24,3500,LU4_2024,0.6982551018856442
LU4,LU4_E15_24,3500,LU4_2024,0.6783327326642332
LU4,LU4_G17_24,3500,LU4_2024,0.6955124545454539
LU4,LU4_G13_24,3500,LU4_2024,0.6694992415596979
LU4,LU4_G12_24,3500,LU4_2024,0.673517771404032
LU4,LU4_F14_24,3500,LU4_2024,0.663944165147246
LU3,LU3_102_24,3500,LU3_2024,0.7049056459107803
LU3,LU3_5_24,3500,LU3_2024,0.7019200462962965
LU3,LU3_103_24,3500,LU3_2024,0.7138399830873303
LU3,LU3_131_24,3500,LU3_2024,0.7214601026348033
LU3,LU3_39_24,3500,LU3_2024,0.683536492673993
LU3,LU3_18_24,3500,LU3_2024,0.6885798458485961
LU3,LU3_20_24,3500,LU3_2024,0.6740273853779435
LU3,LU3_19_24,3500,LU3_2024,0.6804479927007302
LU3,LU3_111_24,3500,LU3_2024,0.6847614303035046
LU3,LU3_AB21_24,3500,LU3_2024,0.7154208716299018
LU3,LU3_27_24,3500,LU3_2024,0.6879013965201468
LU3,LU3_36_24,3500,LU3_2024,0.6808297530864207
LU3,LU3_40_24,3500,LU3_2024,0.7133656172839508
LU3,LU3_41_24,3500,LU3_2024,0.7145288232600738
LU3,LU3_52_24,3500,LU3_2024,0.6365071898496236
LU3,LU3_15_24,3500,LU3_2024,0.6766308134191182
LU3,LU3_44_24,3500,LU3_2024,0.6786064037515374
LU3,LU3_17_24,3500,LU3_2024,0.6759654750922518
LU3,LU3_147_24,3500,LU3_2024,0.6769933746936276
LU3,LU3_51_24,3500,LU3_2024,0.6684145377128954
LU3,LU3_AH7_24,3500,LU3_2024,0.7006114431265209
LU3,LU3_126_24,3500,LU3_2024,0.7038660485347984
LU3,LU3_129_24,3500,LU3_2024,0.6465433608058612
LU3,LU3_28_24,3500,LU3_2024,0.636352516727494
LU3,LU3_AH14_24,3500,LU3_2024,0.6945861340048846
LU3,LU3_38_24,3500,LU3_2024,0.6787007276348046
LU3,LU3_13_24,3500,LU3_2024,0.7007007173382171
LU3,LU3_25_24,3500,LU3_2024,0.6708778240740749
LU3,LU3_21_24,3500,LU3_2024,0.6940951516544118
LU3,LU3_AC10_24,3500,LU3_2024,0.7078389652014649
LU3,LU3_46_24,3500,LU3_2024,0.6928321155024509
LU3,LU3_10_24,3500,LU3_2024,0.6982056226765799
LU3,LU3_AE12_24,3500,LU3_2024,0.6869909259259256
LU3,LU3_7_24,3500,LU3_2024,0.6854993672839503
LU3,LU3_14_24,3500,LU3_2024,0.6958076822916663
LU3,LU3_137_24,3500,LU3_2024,0.6951333792892159
LU3,LU3_M20_24,3500,LU3_2024,0.7071961353779438
LU3,LU3_L22_24,3500,LU3_2024,0.6776416856706452
LU3,LU3_J23_24,3500,LU3_2024,0.6869970693407961
LU3,LU3_U6_24,3500,LU3_2024,0.6884954744069915
LU3,LU3_L16_24,3500,LU3_2024,0.6507523986777584
LU3,LU3_N18_24,3500,LU3_2024,0.7064201622971292
LU3,LU3_L15_24,3500,LU3_2024,0.6474559181465783
LU3,LU3_32_24,3500,LU3_2024,0.6981372289343251
LU3,LU3_W7_24,3500,LU3_2024,0.6800561887254908
LU3,LU3_45_24,3500,LU3_2024,0.7035188189338233
LU3,LU3_50_24,3500,LU3_2024,0.6928989774114771
LU3,LU3_49_24,3500,LU3_2024,0.6950069647201947
LU3,LU3_Y8_24,3500,LU3_2024,0.6865158777573537
LU3,LU3_48_24,3500,LU3_2024,0.6894140701593139
LU2,LU2_21_24,3500,LU2_2024,0.7452365164188353
LU2,LU2_34_24,3500,LU2_2024,0.7342072678117054
LU2,LU2_O25_24,3500,LU2_2024,0.7617345693407955
LU2,LU2_W21_24,3500,LU2_2024,0.7762702546296294
LU2,LU2_36_24,3500,LU2_2024,0.7733230733082705
LU2,LU2_15_24,3500,LU2_2024,0.7741253289473677
LU2,LU2_13_24,3500,LU2_2024,0.7703996305031443
LU2,LU2_5_24,3500,LU2_2024,0.6510934153004608
LU2,LU2_101_24,3500,LU2_2024,0.6303439554313822
LU2,LU2_32_24,3500,LU2_2024,0.6850328076968871
LU2,LU2_Q24_24,3500,LU2_2024,0.7410932136194026
LU2,LU2_56_24,3500,LU2_2024,0.7684749537037043
LU2,LU2_I15_24,3500,LU2_2024,0.771844493494424
LU2,LU2_L20_24,3500,LU2_2024,0.7490127340823971
LU2,LU2_L46_24,3500,LU2_2024,0.7464931095679004
LU2,LU2_110_24,3500,LU2_2024,0.7693434182098764
LU2,LU2_39_24,3500,LU2_2024,0.7676524395910778
LU2,LU2_17_24,3500,LU2_2024,0.7628711387844612
LU2,LU2_155_24,3500,LU2_2024,0.7703548950501261
LU2,LU2_50_24,3500,LU2_2024,0.752253179012345
LU2,LU2_O16_24,3500,LU2_2024,0.7215564633655387
LU2,LU2_U13_24,3500,LU2_2024,0.7487067633299216
LU2,LU2_44_24,3500,LU2_2024,0.7690437577160495
LU2,LU2_143_24,3500,LU2_2024,0.7717778401997503
LU2,LU2_18_24,3500,LU2_2024,0.7736689630681819
LU2,LU2_52_24,3500,LU2_2024,0.775422132533825
LU2,LU2_123_24,3500,LU2_2024,0.7502312186716796
LU2,LU2_H16_24,3500,LU2_2024,0.773053004057428
LU2,LU2_27_24,3500,LU2_2024,0.7629535590277785
LU2,LU2_31_24,3500,LU2_2024,0.7580572608024688
LU2,LU2_3_24,3500,LU2_2024,0.7695656918238987
LU2,LU2_J27_24,3500,LU2_2024,0.7515167379594426
LU2,LU2_E27_24,3500,LU2_2024,0.7506790889303478
LU2,LU2_G25_24,3500,LU2_2024,0.7552582484567893
LU2,LU2_G26_24,3500,LU2_2024,0.7583188894052032
LU2,LU2_106_24,3500,LU2_2024,0.7389824349442375
LU2,LU2_20_24,3500,LU2_2024,0.7513020055970152
LU2,LU2_25_24,3500,LU2_2024,0.7617361137515842
LU2,LU2_40_24,3500,LU2_2024,0.7422278296019903
LU2,LU2_38_24,3500,LU2_2024,0.757981592039801
LU2,LU2_137_24,3500,LU2_2024,0.7394898387611747
LU2,LU2_47_24,3500,LU2_2024,0.7641762701363076
LU2,LU2_26_24,3500,LU2_2024,0.7682848057644117
LU2,LU2_H26_24,3500,LU2_2024,0.7518229634831455
LU2,LU2_29_24,3500,LU2_2024,0.7519138888888885
LU2,LU2_K26_24,3500,LU2_2024,0.7508255963740456
LU2,LU2_100_24,3500,LU2_2024,0.7348896298017346
LU2,LU2_30_24,3500,LU2_2024,0.7485015546085856
LU2,LU2_33_24,3500,LU2_2024,0.7660560361216727
LU2,LU2_M25_24,3500,LU2_2024,0.7569180792297977
LU8,LU8_N19_24,3500,LU8_2024,0.7605673561151082
LU8,LU8_M19_24,3500,LU8_2024,0.7604965522300464
LU8,LU8_N20_24,3500,LU8_2024,0.7391081939553991
LU8,LU8_O20_24,3500,LU8_2024,0.6551971617305455
LU8,LU8_N18_24,3500,LU8_2024,0.7416202473958335
LU8,LU8_S25_24,3500,LU8_2024,0.716606382978723
LU8,LU8_AC29_24,3500,LU8_2024,0.681873106725146
LU8,LU8_AC28_24,3500,LU8_2024,0.6662643593189956
LU8,LU8_AB29_24,3500,LU8_2024,0.6652505300353352
LU8,LU8_AC30_24,3500,LU8_2024,0.6885515111502353
LU8,LU8_T25_24,3500,LU8_2024,0.6924525601525817
LU8,LU8_S24_24,3500,LU8_2024,0.7020546728286384
LU8,LU8_AE29_24,3500,LU8_2024,0.6285735431235422
LU8,LU8_AD29_24,3500,LU8_2024,0.640747382858837
LU8,LU8_AD28_24,3500,LU8_2024,0.6284411091549301
LU8,LU8_AD27_24,3500,LU8_2024,0.6309572183098598
LU8,LU8_AC24_24,3500,LU8_2024,0.6110546856465008
LU8,LU8_AC25_24,3500,LU8_2024,0.6227270687645686
LU8,LU8_AC31_24,3500,LU8_2024,0.6787039619883042
LU8,LU8_AB31_24,3500,LU8_2024,0.6952892213356977
LU2,LU2_3,3750,LU2_2021,0.7692354437229427
LU2,LU2_5,3750,LU2_2021,0.6504440048115404
LU2,LU2_100,3750,LU2_2021,0.7344599986515634
LU2,LU2_101,3750,LU2_2021,0.6353894988039129
LU2,LU2_106,3750,LU2_2021,0.7354665144219419
LU2,LU2_110,3750,LU2_2021,0.7677954576502729
LU2,LU2_119,3750,LU2_2021,0.7384742128121606
LU2,LU2_123,3750,LU2_2021,0.7508005443548396
LU2,LU2_13,3750,LU2_2021,0.7699163767529661
LU2,LU2_137,3750,LU2_2021,0.739050060679612
LU2,LU2_143,3750,LU2_2021,0.7716818249458874
LU2,LU2_15,3750,LU2_2021,0.7733316964285712
LU2,LU2_153,3750,LU2_2021,0.7152141335355704
LU2,LU2_155,3750,LU2_2021,0.7700397253787887
LU2,LU2_17,3750,LU2_2021,0.7632883977521929
LU2,LU2_18,3750,LU2_2021,0.7727491090568056
LU2,LU2_20,3750,LU2_2021,0.7511956580366773
LU2,LU2_21,3750,LU2_2021,0.7441128382034632
LU2,LU2_24,3750,LU2_2021,0.7362588897937026
LU2,LU2_25,3750,LU2_2021,0.759771693548387
LU2,LU2_26,3750,LU2_2021,0.7683909745065797
LU2,LU2_27,3750,LU2_2021,0.7615881810897444
LU2,LU2_29,3750,LU2_2021,0.752050479714912
LU2,LU2_30,3750,LU2_2021,0.7496905474649402
LU2,LU2_31,3750,LU2_2021,0.7535566325136611
LU2,LU2_32,3750,LU2_2021,0.6879878405386627
LU2,LU2_33,3750,LU2_2021,0.7651843308903358
LU2,LU2_34,3750,LU2_2021,0.7176760097508673
LU2,LU2_36,3750,LU2_2021,0.7721130582788671
LU2,LU2_38,3750,LU2_2021,0.7599589199029126
LU2,LU2_39,3750,LU2_2021,0.7668635586319216
LU2,LU2_40,3750,LU2_2021,0.7407777551574377
LU2,LU2_42,3750,LU2_2021,0.7718492095391208
LU2,LU2_44,3750,LU2_2021,0.7690905975877191
LU2,LU2_46,3750,LU2_2021,0.7452341923701292
LU2,LU2_47,3750,LU2_2021,0.7629601851851852
LU2,LU2_50,3750,LU2_2021,0.7453748114676643
LU2,LU2_51,3750,LU2_2021,0.7081849354333142
LU2,LU2_52,3750,LU2_2021,0.775604618969298
LU2,LU2_54,3750,LU2_2021,0.7706263003812639
LU2,LU2_56,3750,LU2_2021,0.7632012622149844
LU2,LU2_57,3750,LU2_2021,0.7203725419132572
LU3,LU3_5,3750,LU3_2021,0.7022460572747016
LU3,LU3_7,3750,LU3_2021,0.688218611111111
LU3,LU3_10,3750,LU3_2021,0.6948271165074311
LU3,LU3_102,3750,LU3_2021,0.7056037067099562
LU3,LU3_103,3750,LU3_2021,0.7135495873917743
LU3,LU3_106,3750,LU3_2021,0.6969679836867959
LU3,LU3_111,3750,LU3_2021,0.6873986066641419
LU3,LU3_126,3750,LU3_2021,0.7023571981837607
LU3,LU3_129,3750,LU3_2021,0.6481489749733765
LU3,LU3_13,3750,LU3_2021,0.7003999458874457
LU3,LU3_131,3750,LU3_2021,0.7188830164509162
LU3,LU3_137,3750,LU3_2021,0.6963705762987017
LU3,LU3_14,3750,LU3_2021,0.6951101075268815
LU3,LU3_147,3750,LU3_2021,0.6789172045206978
LU3,LU3_15,3750,LU3_2021,0.6767937035562639
LU3,LU3_17,3750,LU3_2021,0.6781140120967746
LU3,LU3_18,3750,LU3_2021,0.6888659005376347
LU3,LU3_19,3750,LU3_2021,0.679323259408602
LU3,LU3_20,3750,LU3_2021,0.6774276041666675
LU3,LU3_21,3750,LU3_2021,0.6956004047239918
LU3,LU3_25,3750,LU3_2021,0.669829863322718
LU3,LU3_27,3750,LU3_2021,0.684471701388889
LU3,LU3_28,3750,LU3_2021,0.6410570538585211
LU3,LU3_32,3750,LU3_2021,0.6982256276709407
LU3,LU3_36,3750,LU3_2021,0.6820321275455529
LU3,LU3_38,3750,LU3_2021,0.6811677216880345
LU3,LU3_39,3750,LU3_2021,0.6847494250541132
LU3,LU3_40,3750,LU3_2021,0.7108159833869242
LU3,LU3_41,3750,LU3_2021,0.7118634537337666
LU3,LU3_44,3750,LU3_2021,0.6814125000000002
LU3,LU3_45,3750,LU3_2021,0.7023621583601283
LU3,LU3_46,3750,LU3_2021,0.6911107627795532
LU3,LU3_48,3750,LU3_2021,0.6896043064430247
LU3,LU3_50,3750,LU3_2021,0.6905541194714129
LU3,LU3_51,3750,LU3_2021,0.6659885383386582
LU3,LU3_52,3750,LU3_2021,0.6415015591825898
LU3,LU3_49,3750,LU3_2021,0.6948651795284035
LU13,LU13_18,3750,LU13_2022,0.554888704128441
LU13,LU13_15,3750,LU13_2022,0.6336496646026833
LU13,LU13_3,3750,LU13_2022,0.6642242862654323
LU13,LU13_34,3750,LU13_2022,0.6566983846153852
LU13,LU13_57,3750,LU13_2022,0.6837865128205128
LU13,LU13_16,3750,LU13_2022,0.5881971753578733
LU13,LU13_21,3750,LU13_2022,0.5059300522426102
LU13,LU13_37,3750,LU13_2022,0.6841189434984524
LU13,LU13_55,3750,LU13_2022,0.698926878834356
LU13,LU13_47,3750,LU13_2022,0.7164060623706006
LU13,LU13_51,3750,LU13_2022,0.715751692307692
LU13,LU13_27,3750,LU13_2022,0.7139362938596487
LU13,LU13_5,3750,LU13_2022,0.7172682518115949
LU13,LU13_26,3750,LU13_2022,0.7123043808411206
LU13,LU13_35,3750,LU13_2022,0.6559889917695482
LU13,LU13_13,3750,LU13_2022,0.7079430619855962
LU13,LU13_128,3750,LU13_2022,0.7061510126418984
LU13,LU13_131,3750,LU13_2022,0.7019994288681197
LU13,LU13_12,3750,LU13_2022,0.6993707636778114
LU13,LU13_33,3750,LU13_2022,0.6913338220164607
LU13,LU13_32,3750,LU13_2022,0.6735420833333331
LU13,LU13_30,3750,LU13_2022,0.6494025945807769
LU13,LU13_53,3750,LU13_2022,0.7039662051282052
LU13,LU13_22,3750,LU13_2022,0.7162346521406723
LU13,LU13_19,3750,LU13_2022,0.7176261886503067
LU13,LU13_45,3750,LU13_2022,0.71952553219107
LU13,LU13_8,3750,LU13_2022,0.7235819062181444
LU13,LU13_43,3750,LU13_2022,0.7225998158028458
LU13,LU13_41,3750,LU13_2022,0.7215707107843138
LU13,LU13_59,3750,LU13_2022,0.7055102179487174
LU13,LU13_6,3750,LU13_2022,0.7150640640830801
LU13,LU13_14,3750,LU13_2022,0.7204585889570557
LU13,LU13_52,3750,LU13_2022,0.6580687051282056
LU13,LU13_36,3750,LU13_2022,0.683856832573455
LU13,LU13_38,3750,LU13_2022,0.6899587410805302
LU13,LU13_20,3750,LU13_2022,0.7152234964322118
LU13,LU13_17,3750,LU13_2022,0.7132724184782605
LU13,LU13_56,3750,LU13_2022,0.7115738411854104
LU13,LU13_49,3750,LU13_2022,0.7135011722731911
LU13,LU13_70,3750,LU13_2022,0.6999715426891623
LU13,LU13_11,3750,LU13_2022,0.704147035751028
LU15,LU15_44,3750,LU15_2022,0.7059919164037853
LU15,LU15_11,3750,LU15_2022,0.7079836168248949
LU15,LU15_19,3750,LU15_2022,0.7052112869198315
LU15,LU15_7,3750,LU15_2022,0.7312859408174098
LU15,LU15_34,3750,LU15_2022,0.714956256613757
LU15,LU15_37,3750,LU15_2022,0.6925774801587299
LU15,LU15_18,3750,LU15_2022,0.7130301819620254
LU15,LU15_43,3750,LU15_2022,0.7054634757383966
LU15,LU15_10,3750,LU15_2022,0.7151038370253169
LU15,LU15_58,3750,LU15_2022,0.7216866374734612
LU15,LU15_8,3750,LU15_2022,0.710955875394322
LU15,LU15_12,3750,LU15_2022,0.699719285527691
LU15,LU15_17,3750,LU15_2022,0.7094411964472312
LU15,LU15_1,3750,LU15_2022,0.68628009765625
LU15,LU15_26,3750,LU15_2022,0.6879845068565401
LU15,LU15_27,3750,LU15_2022,0.6885561982401658
LU15,LU15_28,3750,LU15_2022,0.6905598646161936
LU15,LU15_2,3750,LU15_2022,0.6928178430599371
LU15,LU15_29,3750,LU15_2022,0.6940790028825999
LU15,LU15_30,3750,LU15_2022,0.694526609553479
LU15,LU15_31,3750,LU15_2022,0.697779748677249
LU15,LU15_32,3750,LU15_2022,0.7002683068783072
LU15,LU15_20,3750,LU15_2022,0.7209847505224666
LU15,LU15_21,3750,LU15_2022,0.7400420448513797
LU15,LU15_23,3750,LU15_2022,0.7228455959915607
LU15,LU15_41,3750,LU15_2022,0.7202520374737942
LU15,LU15_25,3750,LU15_2022,0.721351090956887
LU15,LU15_9,3750,LU15_2022,0.7307218125657201
LU15,LU15_24,3750,LU15_2022,0.7313888004246284
LU15,LU15_46,3750,LU15_2022,0.7369511640211637
LU15,LU15_40,3750,LU15_2022,0.7085010185185185
LU15,LU15_16,3750,LU15_2022,0.7114836422187172
LU15,LU15_4,3750,LU15_2022,0.6949334578092246
LU15,LU15_36,3750,LU15_2022,0.6995009404388716
LU15,LU15_3,3750,LU15_2022,0.7169557093881858
LU15,LU15_15,3750,LU15_2022,0.7178921031746026
LU15,LU15_14,3750,LU15_2022,0.7119161588541668
LU15,LU15_22,3750,LU15_2022,0.7258598288923712
LU15,LU15_61,3750,LU15_2022,0.7217308544303801
LU21,LU21_106,3750,LU21_2022,0.6995006987983287
LU21,LU21_10,3750,LU21_2022,0.6770570728840126
LU21,LU21_16,3750,LU21_2022,0.6403866203703699
LU21,LU21_107,3750,LU21_2022,0.6958726966873707
LU21,LU21_41,3750,LU21_2022,0.6691958138020829
LU21,LU21_63,3750,LU21_2022,0.6552953960905342
LU21,LU21_27,3750,LU21_2022,0.6586973502604159
LU21,LU21_23,3750,LU21_2022,0.6739599428868119
LU21,LU21_21,3750,LU21_2022,0.6744529022536689
LU21,LU21_82,3750,LU21_2022,0.7047686591381096
LU21,LU21_871,3750,LU21_2022,0.6928026804257531
LU21,LU21_164,3750,LU21_2022,0.650218348861283
LU21,LU21_36,3750,LU21_2022,0.6622359374999999
LU21,LU21_14,3750,LU21_2022,0.65720623706004
LU21,LU21_32,3750,LU21_2022,0.6737680621693125
LU21,LU21_126,3750,LU21_2022,0.6689730316973408
LU21,LU21_122,3750,LU21_2022,0.664560436076605
LU21,LU21_56,3750,LU21_2022,0.6860705198537098
LU21,LU21_57,3750,LU21_2022,0.6799727278645837
LU21,LU21_9,3750,LU21_2022,0.6722349414062501
LU21,LU21_98,3750,LU21_2022,0.7124160007911395
LU21,LU21_119,3750,LU21_2022,0.6957945768229166
LU21,LU21_52,3750,LU21_2022,0.7017188744758897
LU21,LU21_59,3750,LU21_2022,0.6738988901869165
LU21,LU21_68,3750,LU21_2022,0.6620236607142855
LU21,LU21_109,3750,LU21_2022,0.6942667123824446
LU21,LU21_93,3750,LU21_2022,0.6844479556074757
LU21,LU21_114,3750,LU21_2022,0.7350344335937498
LU21,LU21_105,3750,LU21_2022,0.7213847981770829
LU21,LU21_100,3750,LU21_2022,0.7068244205729154
LU21,LU21_74,3750,LU21_2022,0.713592610062893
LU21,LU21_78,3750,LU21_2022,0.7196113867187492
LU21,LU21_153,3750,LU21_2022,0.7324233658854163
LU21,LU21_6,3750,LU21_2022,0.7305270247395839
LU21,LU21_116,3750,LU21_2022,0.7036319010416664
LU21,LU21_97,3750,LU21_2022,0.6743128799790354
LU1,LU1_13,3750,LU1_2022,0.6809604059453306
LU1,LU1_30,3750,LU1_2022,0.7130726259689921
LU1,LU1_85,3750,LU1_2022,0.6994054550438593
LU1,LU1_66,3750,LU1_2022,0.693208963178294
LU1,LU1_76,3750,LU1_2022,0.6873221726190473
LU1,LU1_73,3750,LU1_2022,0.6852978415300539
LU1,LU1_75,3750,LU1_2022,0.6875026075708061
LU1,LU1_47,3750,LU1_2022,0.627160285160576
LU1,LU1_74,3750,LU1_2022,0.6877739268350984
LU1,LU1_44,3750,LU1_2022,0.636390597406181
LU1,LU1_41,3750,LU1_2022,0.6297121782130392
LU1,LU1_64,3750,LU1_2022,0.6892708806818176
LU1,LU1_86,3750,LU1_2022,0.6818005787037038
LU1,LU1_79,3750,LU1_2022,0.6718428989651412
LU1,LU1_63,3750,LU1_2022,0.6739924410635957
LU1,LU1_72,3750,LU1_2022,0.6994449257425744
LU1,LU1_67,3750,LU1_2022,0.7027366022478067
LU1,LU1_77,3750,LU1_2022,0.6798983713355051
LU1,LU1_32,3750,LU1_2022,0.7130878083881577
LU1,LU1_36,3750,LU1_2022,0.7066989242919386
LU1,LU1_84,3750,LU1_2022,0.7108946525515744
LU1,LU1_25,3750,LU1_2022,0.6742772683662279
LU1,LU1_83,3750,LU1_2022,0.7124658973311545
LU1,LU1_80,3750,LU1_2022,0.690251795504386
LU1,LU1_70,3750,LU1_2022,0.7035576912568311
LU1,LU1_48,3750,LU1_2022,0.6689643927015255
LU1,LU1_45,3750,LU1_2022,0.6805045332196253
LU1,LU1_11,3750,LU1_2022,0.6583859667216719
LU1,LU1_40,3750,LU1_2022,0.7321553876931565
LU1,LU1_6,3750,LU1_2022,0.6964200275970518
LU1,LU1_10,3750,LU1_2022,0.735793922461368
LU1,LU1_43,3750,LU1_2022,0.6445311041666666
LU1,LU1_71,3750,LU1_2022,0.63204061814693
LU1,LU1_22,3750,LU1_2022,0.6604109767759564
LU1,LU1_60,3750,LU1_2022,0.6730946106557376
LU1,LU1_78,3750,LU1_2022,0.6676959899237471
LU1,LU1_46,3750,LU1_2022,0.6386642739273927
LU1,LU1_82,3750,LU1_2022,0.71716526416122
LU1,LU1_27,3750,LU1_2022,0.6939240642076491
LU9,LU9_5,3750,LU9_2023,0.5326597178797425
LU9,LU9_6,3750,LU9_2023,0.6053931990413155
LU9,LU9_7,3750,LU9_2023,0.6872951119408853
LU9,LU9_8,3750,LU9_2023,0.6948726653691498
LU9,LU9_100,3750,LU9_2023,0.6843795715778489
LU9,LU9_102,3750,LU9_2023,0.7556974674479162
LU9,LU9_106,3750,LU9_2023,0.6946354623824451
LU9,LU9_112,3750,LU9_2023,0.679666821236559
LU9,LU9_113,3750,LU9_2023,0.6787128877497368
LU9,LU9_12,3750,LU9_2023,0.6886548070071953
LU9,LU9_13,3750,LU9_2023,0.7487526041666662
LU9,LU9_18,3750,LU9_2023,0.7193247825112602
LU9,LU9_21,3750,LU9_2023,0.7207064757591696
LU9,LU9_24,3750,LU9_2023,0.7328739550473187
LU9,LU9_28,3750,LU9_2023,0.7299338104838705
LU9,LU9_29,3750,LU9_2023,0.727760889852786
LU9,LU9_30,3750,LU9_2023,0.7328140326433122
LU9,LU9_31,3750,LU9_2023,0.7386886677282383
LU9,LU9_32,3750,LU9_2023,0.7412337977707013
LU9,LU9_33,3750,LU9_2023,0.7465179004854375
LU9,LU9_39,3750,LU9_2023,0.7004430666135883
LU9,LU9_41,3750,LU9_2023,0.7413587566137565
LU9,LU9_44,3750,LU9_2023,0.6931819177350429
LU9,LU9_51,3750,LU9_2023,0.6960265049947422
LU9,LU9_55,3750,LU9_2023,0.7013566160809375
LU9,LU9_57,3750,LU9_2023,0.6875847046413502
LU9,LU9_62,3750,LU9_2023,0.7407976133966244
LU9,LU9_63,3750,LU9_2023,0.738755185617861
LU9,LU9_64,3750,LU9_2023,0.7370182324423479
LU9,LU9_65,3750,LU9_2023,0.7169065618365177
LU9,LU9_67,3750,LU9_2023,0.6717101844479832
LU9,LU9_68,3750,LU9_2023,0.6803478042328042
LU9,LU9_72,3750,LU9_2023,0.7366015211640208
LU9,LU9_73,3750,LU9_2023,0.7162074747071352
LU9,LU9_75,3750,LU9_2023,0.6971936571125268
LU9,LU9_76,3750,LU9_2023,0.6886543304507339
LU9,LU9_77,3750,LU9_2023,0.6804916401273887
LU9,LU9_79,3750,LU9_2023,0.736938176751592
LU9,LU9_80,3750,LU9_2023,0.7322844708994704
LU9,LU9_81,3750,LU9_2023,0.7045294856770832
LU9,LU9_82,3750,LU9_2023,0.6988307692307691
LU9,LU9_85,3750,LU9_2023,0.7416470436507933
LU9,LU9_86,3750,LU9_2023,0.702779325902335
LU9,LU9_87,3750,LU9_2023,0.6794951716457026
LU9,LU9_90,3750,LU9_2023,0.6870558438155145
LU9,LU9_93,3750,LU9_2023,0.7476260026041666
LU9,LU9_94,3750,LU9_2023,0.7513418966876968
LU9,LU9_96,3750,LU9_2023,0.7141466442510552
LU9,LU9_98,3750,LU9_2023,0.7034772817460324
LU9,LU9_27,3750,LU9_2023,0.7176381543803421
LU14,LU14_3,3750,LU14_2023,0.7077711484053496
LU14,LU14_7,3750,LU14_2023,0.6973220201238387
LU14,LU14_8,3750,LU14_2023,0.7016496794871793
LU14,LU14_9,3750,LU14_2023,0.7037723606850713
LU14,LU14_100,3750,LU14_2023,0.7162808682712221
LU14,LU14_102,3750,LU14_2023,0.7355957823649332
LU14,LU14_105,3750,LU14_2023,0.7272211912065438
LU14,LU14_110,3750,LU14_2023,0.7063427435897438
LU14,LU14_114,3750,LU14_2023,0.7176294381313131
LU14,LU14_115,3750,LU14_2023,0.709782724358974
LU14,LU14_120,3750,LU14_2023,0.7133962920489301
LU14,LU14_121,3750,LU14_2023,0.6999990260577919
LU14,LU14_131,3750,LU14_2023,0.7112513442915381
LU14,LU14_135,3750,LU14_2023,0.6919602191641177
LU14,LU14_16,3750,LU14_2023,0.7074324250508126
LU14,LU14_17,3750,LU14_2023,0.714189364711934
LU14,LU14_19,3750,LU14_2023,0.6977093622967476
LU14,LU14_20,3750,LU14_2023,0.695671894290124
LU14,LU14_250,3750,LU14_2023,0.7383036246081504
LU14,LU14_30,3750,LU14_2023,0.7175349558670822
LU14,LU14_31,3750,LU14_2023,0.7097333855799374
LU14,LU14_33,3750,LU14_2023,0.7153534743589743
LU14,LU14_37,3750,LU14_2023,0.7275942093685307
LU14,LU14_47,3750,LU14_2023,0.7353111068111458
LU14,LU14_48,3750,LU14_2023,0.7347530705128209
LU14,LU14_49,3750,LU14_2023,0.7343020961538461
LU14,LU14_51,3750,LU14_2023,0.7478811480632004
LU14,LU14_54,3750,LU14_2023,0.7139121720679015
LU14,LU14_56,3750,LU14_2023,0.7325919375644996
LU14,LU14_57,3750,LU14_2023,0.7250502386480906
LU14,LU14_61,3750,LU14_2023,0.7034086687306504
LU14,LU14_62,3750,LU14_2023,0.7247463299793605
LU14,LU14_63,3750,LU14_2023,0.690323897808359
LU14,LU14_66,3750,LU14_2023,0.6869785823170723
LU14,LU14_70,3750,LU14_2023,0.7126931905864201
LU14,LU14_71,3750,LU14_2023,0.7166015401329243
LU14,LU14_72,3750,LU14_2023,0.7168375889227646
LU14,LU14_74,3750,LU14_2023,0.7202770897043836
LU14,LU14_76,3750,LU14_2023,0.7269752321981429
LU14,LU14_78,3750,LU14_2023,0.7462235919979617
LU14,LU14_80,3750,LU14_2023,0.6947085314417182
LU14,LU14_84,3750,LU14_2023,0.7114397580227757
LU14,LU14_85,3750,LU14_2023,0.6984275881901839
LU14,LU14_86,3750,LU14_2023,0.7326758863871637
LU14,LU14_88,3750,LU14_2023,0.7210027303312627
LU14,LU14_91,3750,LU14_2023,0.7065756815843625
LU14,LU14_92,3750,LU14_2023,0.7147085784313728
LU14,LU14_96,3750,LU14_2023,0.730177898827726
LU14,LU14_97,3750,LU14_2023,0.708468115384615
LU14,LU14_75,3750,LU14_2023,0.7066562177502577
LU16,LU16_2,3750,LU16_2023,0.6810319830246915
LU16,LU16_3,3750,LU16_2023,0.6789507352941174
LU16,LU16_15,3750,LU16_2023,0.6618436030163591
LU16,LU16_20,3750,LU16_2023,0.6947711837410802
LU16,LU16_200,3750,LU16_2023,0.6440237512939956
LU16,LU16_201,3750,LU16_2023,0.6699110812883436
LU16,LU16_202,3750,LU16_2023,0.661352228096677
LU16,LU16_203,3750,LU16_2023,0.6656387179487177
LU16,LU16_22,3750,LU16_2023,0.6808751405930469
LU16,LU16_23,3750,LU16_2023,0.7014968813516257
LU16,LU16_24,3750,LU16_2023,0.7184770898033122
LU16,LU16_25,3750,LU16_2023,0.6967651217948724
LU16,LU16_26,3750,LU16_2023,0.6850965991692624
LU16,LU16_270,3750,LU16_2023,0.6115712386018237
LU16,LU16_28,3750,LU16_2023,0.6914163098878697
LU16,LU16_300,3750,LU16_2023,0.6661204668209871
LU16,LU16_301,3750,LU16_2023,0.6472239964430901
LU16,LU16_302,3750,LU16_2023,0.657574288617887
LU16,LU16_303,3750,LU16_2023,0.6542840320910982
LU16,LU16_313,3750,LU16_2023,0.7058037640593049
LU16,LU16_314,3750,LU16_2023,0.6583201473577234
LU16,LU16_36,3750,LU16_2023,0.6884398227225674
LU16,LU16_37,3750,LU16_2023,0.6843323829305138
LU16,LU16_49,3750,LU16_2023,0.5407171620934959
LU16,LU16_52,3750,LU16_2023,0.5868680703760163
LU16,LU16_54,3750,LU16_2023,0.6247452045223576
LU16,LU16_55,3750,LU16_2023,0.6180030245983938
LU16,LU16_57,3750,LU16_2023,0.623199059343435
LU16,LU16_58,3750,LU16_2023,0.61667288451646185
LU16,LU16_60,3750,LU16_2023,0.6030255271849598
LU16,LU16_62,3750,LU16_2023,0.5838961012667996
LU16,LU16_63,3750,LU16_2023,0.6128428176440338
LU16,LU16_64,3750,LU16_2023,0.5952988049376747
LU16,LU16_67,3750,LU16_2023,0.6183642530487814
LU16,LU16_68,3750,LU16_2023,0.5667710429369914
LU16,LU16_69,3750,LU16_2023,0.5600362114234244
LU16,LU16_70,3750,LU16_2023,0.5851484123995984
LU16,LU16_71,3750,LU16_2023,0.5635115889398565
LU16,LU16_72,3750,LU16_2023,0.6153452731621342
LU16,LU16_73,3750,LU16_2023,0.6030736237373737
LU16,LU16_74,3750,LU16_2023,0.5972827371987944
LU16,LU16_75,3750,LU16_2023,0.5939969313025855
LU16,LU16_77,3750,LU16_2023,0.551762318022088
LU16,LU16_80,3750,LU16_2023,0.5648958846584542
LU16,LU16_81,3750,LU16_2023,0.5574639263887988
LU16,LU16_83,3750,LU16_2023,0.6228468750000002
LU16,LU16_84,3750,LU16_2023,0.6132964009287926
LU16,LU16_85,3750,LU16_2023,0.5959146406727829
LU16,LU16_88,3750,LU16_2023,0.5802353278777949
LU22,LU22_110,3750,LU22_2023,0.7428894363496927
LU22,LU22_48,3750,LU22_2023,0.7452689317237804
LU22,LU22_107,3750,LU22_2023,0.7411337512860079
LU22,LU22_49,3750,LU22_2023,0.7608705672377991
LU22,LU22_103,3750,LU22_2023,0.7495184190031153
LU22,LU22_44,3750,LU22_2023,0.7579389230769228
LU22,LU22_21,3750,LU22_2023,0.7763491071428579
LU22,LU22_15,3750,LU22_2023,0.774657005208333
LU22,LU22_50,3750,LU22_2023,0.7352034635416662
LU22,LU22_38,3750,LU22_2023,0.7408396943573667
LU22,LU22_22,3750,LU22_2023,0.7699475661993772
LU22,LU22_85,3750,LU22_2023,0.7249959494324032
LU22,LU22_33,3750,LU22_2023,0.7629852243589745
LU22,LU22_34,3750,LU22_2023,0.7532933525641028
LU22,LU22_11,3750,LU22_2023,0.7176337772819094
LU22,LU22_29,3750,LU22_2023,0.7630243338557997
LU22,LU22_86,3750,LU22_2023,0.7179355380879334
LU22,LU22_80,3750,LU22_2023,0.7126256008359454
LU22,LU22_17,3750,LU22_2023,0.7693281314699795
LU22,LU22_35,3750,LU22_2023,0.7470152412280703
LU22,LU22_63,3750,LU22_2023,0.6964694986979165
LU22,LU22_30,3750,LU22_2023,0.7646465732087226
LU22,LU22_4,3750,LU22_2023,0.6902649170919773
LU22,LU22_36,3750,LU22_2023,0.7409058735721707
LU22,LU22_76,3750,LU22_2023,0.6963232486979167
LU22,LU22_5,3750,LU22_2023,0.7320648556231002
LU22,LU22_87,3750,LU22_2023,0.711795756172839
LU22,LU22_25,3750,LU22_2023,0.7615667507763975
LU22,LU22_89,3750,LU22_2023,0.719494487577639
LU22,LU22_18,3750,LU22_2023,0.7600964648437504
LU22,LU22_32,3750,LU22_2023,0.7426375193498453
LU22,LU22_8,3750,LU22_2023,0.7621067367601257
LU22,LU22_6,3750,LU22_2023,0.7588013434579439
LU22,LU22_81,3750,LU22_2023,0.7269233205128209
LU22,LU22_7,3750,LU22_2023,0.7633262681159424
LU22,LU22_69,3750,LU22_2023,0.7222635513415901
LU22,LU22_70,3750,LU22_2023,0.7446967614226382
LU22,LU22_82,3750,LU22_2023,0.7516162552246614
LU22,LU22_94,3750,LU22_2023,0.7529701410256417
LU22,LU22_101,3750,LU22_2023,0.748026427469137
LU22,LU22_71,3750,LU22_2023,0.7498442398119121
LU22,LU22_77,3750,LU22_2023,0.7529482692307693
LU22,LU22_72,3750,LU22_2023,0.7509729614008176
LU22,LU22_65,3750,LU22_2023,0.7533738567073163
LU22,LU22_60,3750,LU22_2023,0.7570505273437498
LU22,LU22_61,3750,LU22_2023,0.7628144791666668
LU22,LU22_53,3750,LU22_2023,0.7593698468328144
LU22,LU22_46,3750,LU22_2023,0.755321268172378
LU22,LU22_40,3750,LU22_2023,0.7505984228971962
LU22,LU22_47,3750,LU22_2023,0.7551220975232203
LU4,LU4_N15_24,3750,LU4_2024,0.6883392529330571
LU4,LU4_M14_24,3750,LU4_2024,0.6928011530398324
LU4,LU4_J14_24,3750,LU4_2024,0.6629957817057367
LU4,LU4_J15_24,3750,LU4_2024,0.659463544285238
LU4,LU4_I12_24,3750,LU4_2024,0.6609823338090545
LU4,LU4_I13_24,3750,LU4_2024,0.655675056398907
LU4,LU4_Q10_24,3750,LU4_2024,0.7233898338607601
LU4,LU4_O10_24,3750,LU4_2024,0.7215133109177219
LU4,LU4_R7_24,3750,LU4_2024,0.7173502711640216
LU4,LU4_R9_24,3750,LU4_2024,0.7199235611979169
LU4,LU4_T8_24,3750,LU4_2024,0.726584007745727
LU4,LU4_O16_24,3750,LU4_2024,0.6699443721922221
LU4,LU4_J26_24,3750,LU4_2024,0.685018504511677
LU4,LU4_K25_24,3750,LU4_2024,0.687568120310825
LU4,LU4_L23_24,3750,LU4_2024,0.7062161884171906
LU4,LU4_H26_24,3750,LU4_2024,0.6866924145299149
LU4,LU4_K23_24,3750,LU4_2024,0.6941539337060706
LU4,LU4_J21_24,3750,LU4_2024,0.7244454894179896
LU4,LU4_I21_24,3750,LU4_2024,0.719527906050956
LU4,LU4_N30_24,3750,LU4_2024,0.6977143179405519
LU4,LU4_O23_24,3750,LU4_2024,0.6815363009915406
LU4,LU4_O22_24,3750,LU4_2024,0.7094855952380958
LU4,LU4_L18_24,3750,LU4_2024,0.6857030270022076
LU4,LU4_L17_24,3750,LU4_2024,0.6686662230493811
LU4,LU4_K17_24,3750,LU4_2024,0.6780880495945758
LU4,LU4_K19_24,3750,LU4_2024,0.712097993820831
LU4,LU4_I22_24,3750,LU4_2024,0.717269044811321
LU4,LU4_Q20_24,3750,LU4_2024,0.679030971375224
LU4,LU4_V25_24,3750,LU4_2024,0.6934096554487181
LU4,LU4_P22_24,3750,LU4_2024,0.6897632120627227
LU4,LU4_O21_24,3750,LU4_2024,0.7069275739628611
LU4,LU4_P17_24,3750,LU4_2024,0.6680821791864919
LU4,LU4_Q16_24,3750,LU4_2024,0.6867355080982238
LU4,LU4_V19_24,3750,LU4_2024,0.6975021230158728
LU4,LU4_O17_24,3750,LU4_2024,0.664054689350664
LU4,LU4_W19_24,3750,LU4_2024,0.7024687962962959
LU4,LU4_Y25_24,3750,LU4_2024,0.7143766839723119
LU4,LU4_S17_24,3750,LU4_2024,0.6870010318086227
LU4,LU4_S18_24,3750,LU4_2024,0.6838636120422944
LU4,LU4_R14_24,3750,LU4_2024,0.6944311842797057
LU4,LU4_V17_24,3750,LU4_2024,0.6864089992088617
LU4,LU4_U15_24,3750,LU4_2024,0.6872487473628696
LU4,LU4_M12_24,3750,LU4_2024,0.7064875530785566
LU4,LU4_O13_24,3750,LU4_2024,0.7199892371995827
LU4,LU4_P15_24,3750,LU4_2024,0.6982397471174002
LU4,LU4_E15_24,3750,LU4_2024,0.6785943900208987
LU4,LU4_G17_24,3750,LU4_2024,0.6924333799254524
LU4,LU4_G13_24,3750,LU4_2024,0.6681350929091746
LU4,LU4_G12_24,3750,LU4_2024,0.6698669866696598
LU4,LU4_F14_24,3750,LU4_2024,0.6629900951468849
LU3,LU3_102_24,3750,LU3_2024,0.7056176814516124
LU3,LU3_5_24,3750,LU3_2024,0.7022009093376766
LU3,LU3_103_24,3750,LU3_2024,0.7136443946796953
LU3,LU3_131_24,3750,LU3_2024,0.7188830164509162
LU3,LU3_39_24,3750,LU3_2024,0.6856736244658125
LU3,LU3_18_24,3750,LU3_2024,0.6890304821047011
LU3,LU3_20_24,3750,LU3_2024,0.6775274839743598
LU3,LU3_19_24,3750,LU3_2024,0.679323259408602
LU3,LU3_111_24,3750,LU3_2024,0.6873986066641419
LU3,LU3_AB21_24,3750,LU3_2024,0.7156976055194803
LU3,LU3_27_24,3750,LU3_2024,0.684471701388889
LU3,LU3_36_24,3750,LU3_2024,0.6819426038295585
LU3,LU3_40_24,3750,LU3_2024,0.7110706189710614
LU3,LU3_41_24,3750,LU3_2024,0.7121389247311832
LU3,LU3_52_24,3750,LU3_2024,0.6415015591825898
LU3,LU3_15_24,3750,LU3_2024,0.6767551749465819
LU3,LU3_44_24,3750,LU3_2024,0.6814125000000002
LU3,LU3_17_24,3750,LU3_2024,0.678068883547009
LU3,LU3_147_24,3750,LU3_2024,0.6787215951995691
LU3,LU3_51_24,3750,LU3_2024,0.667051497603834
LU3,LU3_AH7_24,3750,LU3_2024,0.7008711872329066
LU3,LU3_126_24,3750,LU3_2024,0.7022749866452991
LU3,LU3_129_24,3750,LU3_2024,0.6481489749733765
LU3,LU3_28_24,3750,LU3_2024,0.6408676914778857
LU3,LU3_AH14_24,3750,LU3_2024,0.691500770364416
LU3,LU3_38_24,3750,LU3_2024,0.6810914863782054
LU3,LU3_13_24,3750,LU3_2024,0.7004380700325732
LU3,LU3_25_24,3750,LU3_2024,0.669829863322718
LU3,LU3_21_24,3750,LU3_2024,0.6956004047239918
LU3,LU3_AC10_24,3750,LU3_2024,0.7035983969155842
LU3,LU3_46_24,3750,LU3_2024,0.6911107627795532
LU3,LU3_10_24,3750,LU3_2024,0.6947147830138447
LU3,LU3_AE12_24,3750,LU3_2024,0.6881485731511245
LU3,LU3_7_24,3750,LU3_2024,0.688218611111111
LU3,LU3_14_24,3750,LU3_2024,0.6949998727224007
LU3,LU3_137_24,3750,LU3_2024,0.6963028317152108
LU3,LU3_M20_24,3750,LU3_2024,0.7046256497856381
LU3,LU3_L22_24,3750,LU3_2024,0.6772422459884744
LU3,LU3_J23_24,3750,LU3_2024,0.6750551724765997
LU3,LU3_U6_24,3750,LU3_2024,0.6894247337593187
LU3,LU3_L16_24,3750,LU3_2024,0.6523615023356393
LU3,LU3_N18_24,3750,LU3_2024,0.7048271033013853
LU3,LU3_L15_24,3750,LU3_2024,0.6451604310393442
LU3,LU3_32_24,3750,LU3_2024,0.6980545780254783
LU3,LU3_W7_24,3750,LU3_2024,0.6833107715562571
LU3,LU3_45_24,3750,LU3_2024,0.7022758172561626
LU3,LU3_50_24,3750,LU3_2024,0.6905541194714129
LU3,LU3_49_24,3750,LU3_2024,0.6948651795284035
LU3,LU3_Y8_24,3750,LU3_2024,0.6884300336021512
LU3,LU3_48_24,3750,LU3_2024,0.6896043064430247
LU2,LU2_21_24,3750,LU2_2024,0.7441785416666666
LU2,LU2_34_24,3750,LU2_2024,0.7176760097508673
LU2,LU2_O25_24,3750,LU2_2024,0.7609380174291935
LU2,LU2_W21_24,3750,LU2_2024,0.7752059887238721
LU2,LU2_36_24,3750,LU2_2024,0.7721144204668837
LU2,LU2_15_24,3750,LU2_2024,0.7733316964285712
LU2,LU2_13_24,3750,LU2_2024,0.7699163767529661
LU2,LU2_5_24,3750,LU2_2024,0.6508121003840518
LU2,LU2_101_24,3750,LU2_2024,0.6409745210092035
LU2,LU2_32_24,3750,LU2_2024,0.6879878405386627
LU2,LU2_Q24_24,3750,LU2_2024,0.7357536187626867
LU2,LU2_56_24,3750,LU2_2024,0.7636150990770908
LU2,LU2_I15_24,3750,LU2_2024,0.7714559084699457
LU2,LU2_L20_24,3750,LU2_2024,0.7476338255124061
LU2,LU2_L46_24,3750,LU2_2024,0.7456862608932454
LU2,LU2_110_24,3750,LU2_2024,0.7677954576502729
LU2,LU2_39_24,3750,LU2_2024,0.7669220441017311
LU2,LU2_17_24,3750,LU2_2024,0.7634460640608036
LU2,LU2_155_24,3750,LU2_2024,0.7699994910423459
LU2,LU2_50_24,3750,LU2_2024,0.7464738725970503
LU2,LU2_O16_24,3750,LU2_2024,0.7172208120204597
LU2,LU2_U13_24,3750,LU2_2024,0.7450202420057912
LU2,LU2_44_24,3750,LU2_2024,0.7690905975877191
LU2,LU2_143_24,3750,LU2_2024,0.7716818249458874
LU2,LU2_18_24,3750,LU2_2024,0.7727477831196579
LU2,LU2_52_24,3750,LU2_2024,0.775604618969298
LU2,LU2_123_24,3750,LU2_2024,0.7507993797195263
LU2,LU2_H16_24,3750,LU2_2024,0.7703007778679652
LU2,LU2_27_24,3750,LU2_2024,0.7611690419320603
LU2,LU2_31_24,3750,LU2_2024,0.75439982696567
LU2,LU2_3_24,3750,LU2_2024,0.7692354437229427
LU2,LU2_J27_24,3750,LU2_2024,0.7486899226384366
LU2,LU2_E27_24,3750,LU2_2024,0.7502331420765023
LU2,LU2_G25_24,3750,LU2_2024,0.7544537652270199
LU2,LU2_G26_24,3750,LU2_2024,0.7559990167766762
LU2,LU2_106_24,3750,LU2_2024,0.735211587711844
LU2,LU2_20_24,3750,LU2_2024,0.7511956580366773
LU2,LU2_25_24,3750,LU2_2024,0.759610626352814
LU2,LU2_40_24,3750,LU2_2024,0.7406909564393942
LU2,LU2_38_24,3750,LU2_2024,0.7597998167752443
LU2,LU2_137_24,3750,LU2_2024,0.7380464630225083
LU2,LU2_47_24,3750,LU2_2024,0.7627561683006536
LU2,LU2_26_24,3750,LU2_2024,0.7683909745065797
LU2,LU2_H26_24,3750,LU2_2024,0.7517976545253854
LU2,LU2_29_24,3750,LU2_2024,0.7522982923497266
LU2,LU2_K26_24,3750,LU2_2024,0.751113946945337
LU2,LU2_100_24,3750,LU2_2024,0.7344599986515634
LU2,LU2_30_24,3750,LU2_2024,0.7496905474649402
LU2,LU2_33_24,3750,LU2_2024,0.7651843308903358
LU2,LU2_M25_24,3750,LU2_2024,0.7577170654565454
LU8,LU8_N19_24,3750,LU8_2024,0.7604070296523525
LU8,LU8_M19_24,3750,LU8_2024,0.7596629179331302
LU8,LU8_N20_24,3750,LU8_2024,0.7340762058080806
LU8,LU8_O20_24,3750,LU8_2024,0.6451850244341564
LU8,LU8_N18_24,3750,LU8_2024,0.7356161555383031
LU8,LU8_S25_24,3750,LU8_2024,0.7164650462962961
LU8,LU8_AC29_24,3750,LU8_2024,0.6798122412008277
LU8,LU8_AC28_24,3750,LU8_2024,0.6637089831804279
LU8,LU8_AB29_24,3750,LU8_2024,0.668998765197568
LU8,LU8_AC30_24,3750,LU8_2024,0.686710391260163
LU8,LU8_T25_24,3750,LU8_2024,0.6867545643939389
LU8,LU8_S24_24,3750,LU8_2024,0.6981561363636365
LU8,LU8_AE29_24,3750,LU8_2024,0.6241024102564094
LU8,LU8_AD29_24,3750,LU8_2024,0.6363860897435891
LU8,LU8_AD28_24,3750,LU8_2024,0.6269967316513769
LU8,LU8_AD27_24,3750,LU8_2024,0.6310458333333335
LU8,LU8_AC24_24,3750,LU8_2024,0.608113260480573
LU8,LU8_AC25_24,3750,LU8_2024,0.6215725292174797
LU8,LU8_AC31_24,3750,LU8_2024,0.675867906441718
LU8,LU8_AB31_24,3750,LU8_2024,0.6928343686094072
LU2,LU2_3,4000,LU2_2021,0.7680744285714282
LU2,LU2_5,4000,LU2_2021,0.6551050758903172
LU2,LU2_100,4000,LU2_2021,0.7343656488095233
LU2,LU2_101,4000,LU2_2021,0.6431762562752462
LU2,LU2_106,4000,LU2_2021,0.7320521378368836
LU2,LU2_110,4000,LU2_2021,0.7682040773809522
LU2,LU2_119,4000,LU2_2021,0.7375672424026584
LU2,LU2_123,4000,LU2_2021,0.7504620654761915
LU2,LU2_13,4000,LU2_2021,0.7654135715996161
LU2,LU2_137,4000,LU2_2021,0.7376770893027701
LU2,LU2_143,4000,LU2_2021,0.7716247277462123
LU2,LU2_15,4000,LU2_2021,0.7731437320916902
LU2,LU2_153,4000,LU2_2021,0.7165716155396916
LU2,LU2_155,4000,LU2_2021,0.7697451469171488
LU2,LU2_17,4000,LU2_2021,0.7642682276482022
LU2,LU2_18,4000,LU2_2021,0.7716910859674332
LU2,LU2_20,4000,LU2_2021,0.7485245809386973
LU2,LU2_21,4000,LU2_2021,0.7419167142857143
LU2,LU2_24,4000,LU2_2021,0.7356028072033899
LU2,LU2_25,4000,LU2_2021,0.7580260086455328
LU2,LU2_26,4000,LU2_2021,0.7686674064867429
LU2,LU2_27,4000,LU2_2021,0.7595346324233723
LU2,LU2_29,4000,LU2_2021,0.7518932619047615
LU2,LU2_30,4000,LU2_2021,0.7499460854947163
LU2,LU2_31,4000,LU2_2021,0.7495487416904075
LU2,LU2_32,4000,LU2_2021,0.6863466643256899
LU2,LU2_33,4000,LU2_2021,0.7644693859011619
LU2,LU2_34,4000,LU2_2021,0.7145478366064556
LU2,LU2_36,4000,LU2_2021,0.7718985789980729
LU2,LU2_38,4000,LU2_2021,0.7603732916666666
LU2,LU2_39,4000,LU2_2021,0.7663208813640728
LU2,LU2_40,4000,LU2_2021,0.7391663589015148
LU2,LU2_42,4000,LU2_2021,0.7711860255491881
LU2,LU2_44,4000,LU2_2021,0.769140434523809
LU2,LU2_46,4000,LU2_2021,0.7415798630952373
LU2,LU2_47,4000,LU2_2021,0.7610397743553013
LU2,LU2_50,4000,LU2_2021,0.7380883110844971
LU2,LU2_51,4000,LU2_2021,0.7067024704102385
LU2,LU2_52,4000,LU2_2021,0.7752646602746207
LU2,LU2_54,4000,LU2_2021,0.7661288817663822
LU2,LU2_56,4000,LU2_2021,0.7585148630952381
LU2,LU2_57,4000,LU2_2021,0.7148625918374593
LU3,LU3_5,4000,LU3_2021,0.7028243679775279
LU3,LU3_7,4000,LU3_2021,0.6902723314606741
LU3,LU3_10,4000,LU3_2021,0.693321748111426
LU3,LU3_102,4000,LU3_2021,0.7060247410546132
LU3,LU3_103,4000,LU3_2021,0.7127719248826284
LU3,LU3_106,4000,LU3_2021,0.697982098368996
LU3,LU3_111,4000,LU3_2021,0.6900079351484552
LU3,LU3_126,4000,LU3_2021,0.7024293024079323
LU3,LU3_129,4000,LU3_2021,0.6488674354460099
LU3,LU3_13,4000,LU3_2021,0.6989949138733706
LU3,LU3_131,4000,LU3_2021,0.7160995691690267
LU3,LU3_137,4000,LU3_2021,0.6979228460451978
LU3,LU3_14,4000,LU3_2021,0.6948701092117759
LU3,LU3_147,4000,LU3_2021,0.6797605980805248
LU3,LU3_15,4000,LU3_2021,0.6793954870892024
LU3,LU3_17,4000,LU3_2021,0.6818810515873022
LU3,LU3_18,4000,LU3_2021,0.689293615402622
LU3,LU3_19,4000,LU3_2021,0.679588354400749
LU3,LU3_20,4000,LU3_2021,0.6797957327178037
LU3,LU3_21,4000,LU3_2021,0.6949112769194759
LU3,LU3_25,4000,LU3_2021,0.6691887289325846
LU3,LU3_27,4000,LU3_2021,0.6829114084507044
LU3,LU3_28,4000,LU3_2021,0.6438338643790849
LU3,LU3_32,4000,LU3_2021,0.6982929886685555
LU3,LU3_36,4000,LU3_2021,0.6838185861423227
LU3,LU3_38,4000,LU3_2021,0.680311414319249
LU3,LU3_39,4000,LU3_2021,0.687381039325843
LU3,LU3_40,4000,LU3_2021,0.7086643354579791
LU3,LU3_41,4000,LU3_2021,0.7091756203183526
LU3,LU3_44,4000,LU3_2021,0.6849183345037456
LU3,LU3_45,4000,LU3_2021,0.7014072798295452
LU3,LU3_46,4000,LU3_2021,0.6918370246478879
LU3,LU3_48,4000,LU3_2021,0.6901741878531078
LU3,LU3_50,4000,LU3_2021,0.6887969218164794
LU3,LU3_51,4000,LU3_2021,0.6663096986817325
LU3,LU3_52,4000,LU3_2021,0.6435776281130259
LU3,LU3_49,4000,LU3_2021,0.694422569444445
LU13,LU13_18,4000,LU13_2022,0.5607328239468868
LU13,LU13_15,4000,LU13_2022,0.6353858108108109
LU13,LU13_3,4000,LU13_2022,0.6668248371518418
LU13,LU13_34,4000,LU13_2022,0.6601664069557365
LU13,LU13_57,4000,LU13_2022,0.6860038666213771
LU13,LU13_16,4000,LU13_2022,0.587904804652213
LU13,LU13_21,4000,LU13_2022,0.5142776312785395
LU13,LU13_37,4000,LU13_2022,0.6835465709459457
LU13,LU13_55,4000,LU13_2022,0.6994195199275358
LU13,LU13_47,4000,LU13_2022,0.7151283512064344
LU13,LU13_51,4000,LU13_2022,0.7157813063063055
LU13,LU13_27,4000,LU13_2022,0.7139345687331539
LU13,LU13_5,4000,LU13_2022,0.7175484684684689
LU13,LU13_26,4000,LU13_2022,0.7128535472972966
LU13,LU13_35,4000,LU13_2022,0.659780497529201
LU13,LU13_13,4000,LU13_2022,0.7078826691643955
LU13,LU13_128,4000,LU13_2022,0.7051291145833325
LU13,LU13_131,4000,LU13_2022,0.7015671959459453
LU13,LU13_12,4000,LU13_2022,0.6957209123757901
LU13,LU13_33,4000,LU13_2022,0.6887760247747748
LU13,LU13_32,4000,LU13_2022,0.6701373858447482
LU13,LU13_30,4000,LU13_2022,0.6382422225965856
LU13,LU13_53,4000,LU13_2022,0.7041837817892828
LU13,LU13_22,4000,LU13_2022,0.7165675079042455
LU13,LU13_19,4000,LU13_2022,0.7176985775089606
LU13,LU13_45,4000,LU13_2022,0.7196021112600538
LU13,LU13_8,4000,LU13_2022,0.72244578279425
LU13,LU13_43,4000,LU13_2022,0.7221489923007249
LU13,LU13_41,4000,LU13_2022,0.7217286036036035
LU13,LU13_59,4000,LU13_2022,0.7062165129781411
LU13,LU13_6,4000,LU13_2022,0.7153643637387386
LU13,LU13_14,4000,LU13_2022,0.7203915992812222
LU13,LU13_52,4000,LU13_2022,0.6605862157534249
LU13,LU13_36,4000,LU13_2022,0.6828617905405404
LU13,LU13_38,4000,LU13_2022,0.689948853884372
LU13,LU13_20,4000,LU13_2022,0.7149056899641576
LU13,LU13_17,4000,LU13_2022,0.7143850179694511
LU13,LU13_56,4000,LU13_2022,0.7117296509009012
LU13,LU13_49,4000,LU13_2022,0.7139478371934612
LU13,LU13_70,4000,LU13_2022,0.6993553857600738
LU13,LU13_11,4000,LU13_2022,0.7030394545250891
LU15,LU15_44,4000,LU15_2022,0.7049395142725599
LU15,LU15_11,4000,LU15_2022,0.7076127423822719
LU15,LU15_19,4000,LU15_2022,0.7050871154729111
LU15,LU15_7,4000,LU15_2022,0.729756462937385
LU15,LU15_34,4000,LU15_2022,0.7135159936797754
LU15,LU15_37,4000,LU15_2022,0.6929119459833795
LU15,LU15_18,4000,LU15_2022,0.7136585462707186
LU15,LU15_43,4000,LU15_2022,0.7055405255149811
LU15,LU15_10,4000,LU15_2022,0.7158900161588183
LU15,LU15_58,4000,LU15_2022,0.7209227846648303
LU15,LU15_8,4000,LU15_2022,0.711705571030641
LU15,LU15_12,4000,LU15_2022,0.6999460520257832
LU15,LU15_17,4000,LU15_2022,0.7088385676361959
LU15,LU15_1,4000,LU15_2022,0.6868890146239557
LU15,LU15_26,4000,LU15_2022,0.6886554803240742
LU15,LU15_27,4000,LU15_2022,0.6886666782729806
LU15,LU15_28,4000,LU15_2022,0.6910475091827367
LU15,LU15_2,4000,LU15_2022,0.693199746075716
LU15,LU15_29,4000,LU15_2022,0.6942000232126281
LU15,LU15_30,4000,LU15_2022,0.6951330663881156
LU15,LU15_31,4000,LU15_2022,0.6979985540604349
LU15,LU15_32,4000,LU15_2022,0.7002958686440685
LU15,LU15_20,4000,LU15_2022,0.7182433531746036
LU15,LU15_21,4000,LU15_2022,0.7375503090659343
LU15,LU15_23,4000,LU15_2022,0.7213539709944746
LU15,LU15_41,4000,LU15_2022,0.7201371527777778
LU15,LU15_25,4000,LU15_2022,0.721145440904894
LU15,LU15_9,4000,LU15_2022,0.7296049838858192
LU15,LU15_24,4000,LU15_2022,0.7285328356481483
LU15,LU15_46,4000,LU15_2022,0.7344493017082178
LU15,LU15_40,4000,LU15_2022,0.7083249253902663
LU15,LU15_16,4000,LU15_2022,0.7107943552141528
LU15,LU15_4,4000,LU15_2022,0.6954808114035087
LU15,LU15_36,4000,LU15_2022,0.7003021005985268
LU15,LU15_3,4000,LU15_2022,0.7159318277310924
LU15,LU15_15,4000,LU15_2022,0.7174866104868913
LU15,LU15_14,4000,LU15_2022,0.7108332518621973
LU15,LU15_22,4000,LU15_2022,0.725285107600732
LU15,LU15_61,4000,LU15_2022,0.7215876877934271
LU21,LU21_106,4000,LU21_2022,0.6976749482044201
LU21,LU21_10,4000,LU21_2022,0.6762472548342543
LU21,LU21_16,4000,LU21_2022,0.6434572320617614
LU21,LU21_107,4000,LU21_2022,0.6945347012362639
LU21,LU21_41,4000,LU21_2022,0.6700134637580788
LU21,LU21_63,4000,LU21_2022,0.6558669938016526
LU21,LU21_27,4000,LU21_2022,0.6585320355191246
LU21,LU21_23,4000,LU21_2022,0.6722697287087913
LU21,LU21_21,4000,LU21_2022,0.675814771174864
LU21,LU21_82,4000,LU21_2022,0.7057324600456616
LU21,LU21_871,4000,LU21_2022,0.6911211824633698
LU21,LU21_164,4000,LU21_2022,0.6515806547619044
LU21,LU21_36,4000,LU21_2022,0.6622916780510019
LU21,LU21_14,4000,LU21_2022,0.6572590720221595
LU21,LU21_32,4000,LU21_2022,0.6747680612477236
LU21,LU21_126,4000,LU21_2022,0.6685315197428824
LU21,LU21_122,4000,LU21_2022,0.6660139709249087
LU21,LU21_56,4000,LU21_2022,0.6866770776255713
LU21,LU21_57,4000,LU21_2022,0.6794482543498175
LU21,LU21_9,4000,LU21_2022,0.6734471554487184
LU21,LU21_98,4000,LU21_2022,0.7127644516941394
LU21,LU21_119,4000,LU21_2022,0.6934055631244321
LU21,LU21_52,4000,LU21_2022,0.7041165125570769
LU21,LU21_59,4000,LU21_2022,0.6755679745370375
LU21,LU21_68,4000,LU21_2022,0.6634371719613253
LU21,LU21_109,4000,LU21_2022,0.6929431181693984
LU21,LU21_93,4000,LU21_2022,0.6855173076923067
LU21,LU21_114,4000,LU21_2022,0.7354518887362632
LU21,LU21_105,4000,LU21_2022,0.7203541206261506
LU21,LU21_100,4000,LU21_2022,0.7075083046372805
LU21,LU21_74,4000,LU21_2022,0.7132123683608057
LU21,LU21_78,4000,LU21_2022,0.7189967896174857
LU21,LU21_153,4000,LU21_2022,0.7304070741758238
LU21,LU21_6,4000,LU21_2022,0.730319973453371
LU21,LU21_116,4000,LU21_2022,0.7032889290633606
LU21,LU21_97,4000,LU21_2022,0.676154274230072
LU1,LU1_13,4000,LU1_2022,0.6854359730498757
LU1,LU1_30,4000,LU1_2022,0.7149841332378221
LU1,LU1_85,4000,LU1_2022,0.6989705091258404
LU1,LU1_66,4000,LU1_2022,0.695650803571428
LU1,LU1_76,4000,LU1_2022,0.6888051245210725
LU1,LU1_73,4000,LU1_2022,0.6890550252161378
LU1,LU1_75,4000,LU1_2022,0.6900555475504319
LU1,LU1_47,4000,LU1_2022,0.6312807605062084
LU1,LU1_74,4000,LU1_2022,0.675659408147196
LU1,LU1_44,4000,LU1_2022,0.6421812916666664
LU1,LU1_41,4000,LU1_2022,0.6209562423783305
LU1,LU1_64,4000,LU1_2022,0.6910283152173909
LU1,LU1_86,4000,LU1_2022,0.6803352365513928
LU1,LU1_79,4000,LU1_2022,0.6732110332854401
LU1,LU1_63,4000,LU1_2022,0.6777430974616853
LU1,LU1_72,4000,LU1_2022,0.6974606038647344
LU1,LU1_67,4000,LU1_2022,0.702678392857143
LU1,LU1_77,4000,LU1_2022,0.6830734132751941
LU1,LU1_32,4000,LU1_2022,0.7090680217287482
LU1,LU1_36,4000,LU1_2022,0.7073864762931036
LU1,LU1_84,4000,LU1_2022,0.7115424628831417
LU1,LU1_25,4000,LU1_2022,0.6778253743961357
LU1,LU1_83,4000,LU1_2022,0.7125065081652253
LU1,LU1_80,4000,LU1_2022,0.6912418875358167
LU1,LU1_70,4000,LU1_2022,0.7039654394157091
LU1,LU1_48,4000,LU1_2022,0.6688429843304844
LU1,LU1_45,4000,LU1_2022,0.6717906929071387
LU1,LU1_11,4000,LU1_2022,0.6614583393719806
LU1,LU1_40,4000,LU1_2022,0.7319760566762724
LU1,LU1_6,4000,LU1_2022,0.693886223066211
LU1,LU1_10,4000,LU1_2022,0.7355532028256698
LU1,LU1_43,4000,LU1_2022,0.6476104106454725
LU1,LU1_71,4000,LU1_2022,0.6354470725574712
LU1,LU1_22,4000,LU1_2022,0.6565068435422603
LU1,LU1_60,4000,LU1_2022,0.6712445365033619
LU1,LU1_78,4000,LU1_2022,0.6708265804597697
LU1,LU1_46,4000,LU1_2022,0.6402197286263213
LU1,LU1_82,4000,LU1_2022,0.7187997380952379
LU1,LU1_27,4000,LU1_2022,0.6951875417860541
LU9,LU9_5,4000,LU9_2023,0.5324157566467057
LU9,LU9_6,4000,LU9_2023,0.6074625038359064
LU9,LU9_7,4000,LU9_2023,0.6742486512430628
LU9,LU9_8,4000,LU9_2023,0.6922610264446141
LU9,LU9_100,4000,LU9_2023,0.686374639199256
LU9,LU9_102,4000,LU9_2023,0.7504219586795934
LU9,LU9_106,4000,LU9_2023,0.6951881365740745
LU9,LU9_112,4000,LU9_2023,0.6808561412545788
LU9,LU9_113,4000,LU9_2023,0.6802019506001843
LU9,LU9_12,4000,LU9_2023,0.6829865309989023
LU9,LU9_13,4000,LU9_2023,0.748111165273909
LU9,LU9_18,4000,LU9_2023,0.707728699344076
LU9,LU9_21,4000,LU9_2023,0.7171885415263752
LU9,LU9_24,4000,LU9_2023,0.7333800686685287
LU9,LU9_28,4000,LU9_2023,0.729080076694139
LU9,LU9_29,4000,LU9_2023,0.7290583740689013
LU9,LU9_30,4000,LU9_2023,0.7335288358867222
LU9,LU9_31,4000,LU9_2023,0.7377720471521944
LU9,LU9_32,4000,LU9_2023,0.7385439866112654
LU9,LU9_33,4000,LU9_2023,0.7436881330570908
LU9,LU9_39,4000,LU9_2023,0.7003211182336183
LU9,LU9_41,4000,LU9_2023,0.7413615747206704
LU9,LU9_44,4000,LU9_2023,0.6926001829556189
LU9,LU9_51,4000,LU9_2023,0.6951860119047616
LU9,LU9_55,4000,LU9_2023,0.6998743424115458
LU9,LU9_57,4000,LU9_2023,0.6862630412011173
LU9,LU9_62,4000,LU9_2023,0.7405162140204271
LU9,LU9_63,4000,LU9_2023,0.7395261729691881
LU9,LU9_64,4000,LU9_2023,0.7373551675977653
LU9,LU9_65,4000,LU9_2023,0.7174758425669434
LU9,LU9_67,4000,LU9_2023,0.6738553665234003
LU9,LU9_68,4000,LU9_2023,0.6802984143518513
LU9,LU9_72,4000,LU9_2023,0.7349172800925919
LU9,LU9_73,4000,LU9_2023,0.7160506712962964
LU9,LU9_75,4000,LU9_2023,0.6969031539351849
LU9,LU9_76,4000,LU9_2023,0.6870074470534069
LU9,LU9_77,4000,LU9_2023,0.6815701982431152
LU9,LU9_79,4000,LU9_2023,0.7387847028783653
LU9,LU9_80,4000,LU9_2023,0.7325340833333324
LU9,LU9_81,4000,LU9_2023,0.7037505266853931
LU9,LU9_82,4000,LU9_2023,0.6965710814866111
LU9,LU9_85,4000,LU9_2023,0.7425286168981483
LU9,LU9_86,4000,LU9_2023,0.7052297997237568
LU9,LU9_87,4000,LU9_2023,0.6809493767313022
LU9,LU9_90,4000,LU9_2023,0.686490414358265
LU9,LU9_93,4000,LU9_2023,0.7464128993055558
LU9,LU9_94,4000,LU9_2023,0.7479131192129626
LU9,LU9_96,4000,LU9_2023,0.7142462719298251
LU9,LU9_98,4000,LU9_2023,0.7036557611731846
LU9,LU9_27,4000,LU9_2023,0.7171072599261308
LU14,LU14_3,4000,LU14_2023,0.7066809767759563
LU14,LU14_7,4000,LU14_2023,0.6967727924570908
LU14,LU14_8,4000,LU14_2023,0.7009349499089249
LU14,LU14_9,4000,LU14_2023,0.7020169780344204
LU14,LU14_100,4000,LU14_2023,0.7162657706093192
LU14,LU14_102,4000,LU14_2023,0.7355708389639637
LU14,LU14_105,4000,LU14_2023,0.7256732685433422
LU14,LU14_110,4000,LU14_2023,0.7073113996872207
LU14,LU14_114,4000,LU14_2023,0.7161495183691753
LU14,LU14_115,4000,LU14_2023,0.7115221544715444
LU14,LU14_120,4000,LU14_2023,0.7141932571684587
LU14,LU14_121,4000,LU14_2023,0.700575325696317
LU14,LU14_131,4000,LU14_2023,0.7107211749551958
LU14,LU14_135,4000,LU14_2023,0.6913337757616488
LU14,LU14_16,4000,LU14_2023,0.7063469316123185
LU14,LU14_17,4000,LU14_2023,0.7125021404109588
LU14,LU14_19,4000,LU14_2023,0.6972811766034321
LU14,LU14_20,4000,LU14_2023,0.69646401463964
LU14,LU14_250,4000,LU14_2023,0.7378925158514492
LU14,LU14_30,4000,LU14_2023,0.7184627421171175
LU14,LU14_31,4000,LU14_2023,0.7104158910778982
LU14,LU14_33,4000,LU14_2023,0.7145566142987247
LU14,LU14_37,4000,LU14_2023,0.7273722446236557
LU14,LU14_47,4000,LU14_2023,0.7333362105855863
LU14,LU14_48,4000,LU14_2023,0.7341476662112945
LU14,LU14_49,4000,LU14_2023,0.7342134763851041
LU14,LU14_51,4000,LU14_2023,0.7461692722841223
LU14,LU14_54,4000,LU14_2023,0.7143418868563683
LU14,LU14_56,4000,LU14_2023,0.7325976814516134
LU14,LU14_57,4000,LU14_2023,0.7254662795992711
LU14,LU14_61,4000,LU14_2023,0.7032033614864869
LU14,LU14_62,4000,LU14_2023,0.7249435641891896
LU14,LU14_63,4000,LU14_2023,0.6906032673041895
LU14,LU14_66,4000,LU14_2023,0.6869441252240143
LU14,LU14_70,4000,LU14_2023,0.7123009961293261
LU14,LU14_71,4000,LU14_2023,0.7176057107175297
LU14,LU14_72,4000,LU14_2023,0.7164567303395893
LU14,LU14_74,4000,LU14_2023,0.7191757136279925
LU14,LU14_76,4000,LU14_2023,0.7268200415543584
LU14,LU14_78,4000,LU14_2023,0.7444684604904632
LU14,LU14_80,4000,LU14_2023,0.6960934824681241
LU14,LU14_84,4000,LU14_2023,0.7131493335573481
LU14,LU14_85,4000,LU14_2023,0.6991628008628517
LU14,LU14_86,4000,LU14_2023,0.7326223495058408
LU14,LU14_88,4000,LU14_2023,0.7214177923387094
LU14,LU14_91,4000,LU14_2023,0.7073026253387538
LU14,LU14_92,4000,LU14_2023,0.7120310371863805
LU14,LU14_96,4000,LU14_2023,0.7288309027777773
LU14,LU14_97,4000,LU14_2023,0.7081475460467201
LU14,LU14_75,4000,LU14_2023,0.7053995357789852
LU16,LU16_2,4000,LU16_2023,0.6799738376010781
LU16,LU16_3,4000,LU16_2023,0.677184548611111
LU16,LU16_15,4000,LU16_2023,0.6638182545045042
LU16,LU16_20,4000,LU16_2023,0.6958384107468121
LU16,LU16_200,4000,LU16_2023,0.6360995475871308
LU16,LU16_201,4000,LU16_2023,0.669460672222222
LU16,LU16_202,4000,LU16_2023,0.6637164189189191
LU16,LU16_203,4000,LU16_2023,0.6664788053297197
LU16,LU16_22,4000,LU16_2023,0.6744323670688113
LU16,LU16_23,4000,LU16_2023,0.7033088569819815
LU16,LU16_24,4000,LU16_2023,0.7169776626559715
LU16,LU16_25,4000,LU16_2023,0.6952678451742628
LU16,LU16_26,4000,LU16_2023,0.680683623771224
LU16,LU16_270,4000,LU16_2023,0.6113215909090907
LU16,LU16_28,4000,LU16_2023,0.6894315460232353
LU16,LU16_300,4000,LU16_2023,0.667389173405211
LU16,LU16_301,4000,LU16_2023,0.6531279457885312
LU16,LU16_302,4000,LU16_2023,0.6592188738738748
LU16,LU16_303,4000,LU16_2023,0.657968934316355
LU16,LU16_313,4000,LU16_2023,0.7069223444444445
LU16,LU16_314,4000,LU16_2023,0.6626032891757246
LU16,LU16_36,4000,LU16_2023,0.6848236055107526
LU16,LU16_37,4000,LU16_2023,0.6798120810991958
LU16,LU16_49,4000,LU16_2023,0.5463023558128974
LU16,LU16_52,4000,LU16_2023,0.5893923873873874
LU16,LU16_54,4000,LU16_2023,0.6238604333333335
LU16,LU16_55,4000,LU16_2023,0.6152330484807866
LU16,LU16_57,4000,LU16_2023,0.6240983970062565
LU16,LU16_58,4000,LU16_2023,0.6158734166666675
LU16,LU16_60,4000,LU16_2023,0.5987208197761056
LU16,LU16_62,4000,LU16_2023,0.5863315914732039
LU16,LU16_63,4000,LU16_2023,0.6131170120320864
LU16,LU16_64,4000,LU16_2023,0.5943867482460665
LU16,LU16_67,4000,LU16_2023,0.6193962956773628
LU16,LU16_68,4000,LU16_2023,0.5649702586412333
LU16,LU16_69,4000,LU16_2023,0.5581689759371832
LU16,LU16_70,4000,LU16_2023,0.5872398762157379
LU16,LU16_71,4000,LU16_2023,0.5666623511904753
LU16,LU16_72,4000,LU16_2023,0.6173614722222214
LU16,LU16_73,4000,LU16_2023,0.6039511968085102
LU16,LU16_74,4000,LU16_2023,0.5961646224307413
LU16,LU16_75,4000,LU16_2023,0.5918672839370489
LU16,LU16_77,4000,LU16_2023,0.5520126135415477
LU16,LU16_80,4000,LU16_2023,0.5656929974389276
LU16,LU16_81,4000,LU16_2023,0.5565789926138989
LU16,LU16_83,4000,LU16_2023,0.6234218888152075
LU16,LU16_84,4000,LU16_2023,0.614636995789007
LU16,LU16_85,4000,LU16_2023,0.5981095142602495
LU16,LU16_88,4000,LU16_2023,0.5770054452805158
LU22,LU22_110,4000,LU22_2023,0.7426278003613369
LU22,LU22_48,4000,LU22_2023,0.7435849988393688
LU22,LU22_107,4000,LU22_2023,0.7414386807447767
LU22,LU22_49,4000,LU22_2023,0.7590685631793478
LU22,LU22_103,4000,LU22_2023,0.7493327027027035
LU22,LU22_44,4000,LU22_2023,0.7583148573059363
LU22,LU22_21,4000,LU22_2023,0.7749045120018122
LU22,LU22_15,4000,LU22_2023,0.7730251192098089
LU22,LU22_50,4000,LU22_2023,0.7347588640469733
LU22,LU22_38,4000,LU22_2023,0.7398606700450451
LU22,LU22_22,4000,LU22_2023,0.7686600168918925
LU22,LU22_85,4000,LU22_2023,0.7263698678861777
LU22,LU22_33,4000,LU22_2023,0.7623526753187622
LU22,LU22_34,4000,LU22_2023,0.7524389515027332
LU22,LU22_11,4000,LU22_2023,0.715972595361973
LU22,LU22_29,4000,LU22_2023,0.761575417795845
LU22,LU22_86,4000,LU22_2023,0.7187656759510858
LU22,LU22_80,4000,LU22_2023,0.7112299875452892
LU22,LU22_17,4000,LU22_2023,0.7673092782331513
LU22,LU22_35,4000,LU22_2023,0.7494351441871028
LU22,LU22_63,4000,LU22_2023,0.6980436486486483
LU22,LU22_30,4000,LU22_2023,0.762656914168937
LU22,LU22_4,4000,LU22_2023,0.6927870382168747
LU22,LU22_36,4000,LU22_2023,0.7401941123188412
LU22,LU22_76,4000,LU22_2023,0.6973801743659422
LU22,LU22_5,4000,LU22_2023,0.7285461370949042
LU22,LU22_87,4000,LU22_2023,0.7087980921648539
LU22,LU22_25,4000,LU22_2023,0.7604176426940636
LU22,LU22_89,4000,LU22_2023,0.72075814137308
LU22,LU22_18,4000,LU22_2023,0.7606101035974494
LU22,LU22_32,4000,LU22_2023,0.7420941552511413
LU22,LU22_8,4000,LU22_2023,0.7623469118982742
LU22,LU22_6,4000,LU22_2023,0.7589975260416667
LU22,LU22_81,4000,LU22_2023,0.7270700079690346
LU22,LU22_7,4000,LU22_2023,0.7630072632058289
LU22,LU22_69,4000,LU22_2023,0.7225481204710157
LU22,LU22_70,4000,LU22_2023,0.7444290706865413
LU22,LU22_82,4000,LU22_2023,0.75021426411290415
LU22,LU22_94,4000,LU22_2023,0.7529709073315126
LU22,LU22_101,4000,LU22_2023,0.7472590975996379
LU22,LU22_71,4000,LU22_2023,0.749967372402891
LU22,LU22_77,4000,LU22_2023,0.7522647252497736
LU22,LU22_72,4000,LU22_2023,0.7507601964769647
LU22,LU22_65,4000,LU22_2023,0.753673183469573
LU22,LU22_60,4000,LU22_2023,0.7567271510840107
LU22,LU22_61,4000,LU22_2023,0.7632577785326083
LU22,LU22_53,4000,LU22_2023,0.7583725892050583
LU22,LU22_46,4000,LU22_2023,0.7551007057362247
LU22,LU22_40,4000,LU22_2023,0.7513130476513096
LU22,LU22_47,4000,LU22_2023,0.7552266369047624
LU4,LU4_N15_24,4000,LU4_2024,0.6883008533163779
LU4,LU4_M14_24,4000,LU4_2024,0.6932451896067415
LU4,LU4_J14_24,4000,LU4_2024,0.6649046286787554
LU4,LU4_J15_24,4000,LU4_2024,0.6621319779503587
LU4,LU4_I12_24,4000,LU4_2024,0.6617227788991444
LU4,LU4_I13_24,4000,LU4_2024,0.6589421854233828
LU4,LU4_Q10_24,4000,LU4_2024,0.7238421135097501
LU4,LU4_O10_24,4000,LU4_2024,0.7202421657381619
LU4,LU4_R7_24,4000,LU4_2024,0.7179320370370376
LU4,LU4_R9_24,4000,LU4_2024,0.7194732638888892
LU4,LU4_T8_24,4000,LU4_2024,0.7260802992957751
LU4,LU4_O16_24,4000,LU4_2024,0.6722791595084955
LU4,LU4_J26_24,4000,LU4_2024,0.68582031103286345
LU4,LU4_K25_24,4000,LU4_2024,0.6886548708100553
LU4,LU4_L23_24,4000,LU4_2024,0.7070392351439181
LU4,LU4_H26_24,4000,LU4_2024,0.6891409096244134
LU4,LU4_K23_24,4000,LU4_2024,0.6947734548611114
LU4,LU4_J21_24,4000,LU4_2024,0.7240390464519141
LU4,LU4_I21_24,4000,LU4_2024,0.7199134004237294
LU4,LU4_N30_24,4000,LU4_2024,0.6995001995305162
LU4,LU4_O23_24,4000,LU4_2024,0.6835747664761249
LU4,LU4_O22_24,4000,LU4_2024,0.7068738231844317
LU4,LU4_L18_24,4000,LU4_2024,0.688945309754014
LU4,LU4_L17_24,4000,LU4_2024,0.6702987126211104
LU4,LU4_K17_24,4000,LU4_2024,0.6797390626564639
LU4,LU4_K19_24,4000,LU4_2024,0.7104966147411232
LU4,LU4_I22_24,4000,LU4_2024,0.7169190517641602
LU4,LU4_Q20_24,4000,LU4_2024,0.6819504447897575
LU4,LU4_V25_24,4000,LU4_2024,0.6940658029878619
LU4,LU4_P22_24,4000,LU4_2024,0.6904846347203182
LU4,LU4_O21_24,4000,LU4_2024,0.7047984113458665
LU4,LU4_P17_24,4000,LU4_2024,0.6664262356384639
LU4,LU4_Q16_24,4000,LU4_2024,0.6861949421296301
LU4,LU4_V19_24,4000,LU4_2024,0.6975972416201112
LU4,LU4_O17_24,4000,LU4_2024,0.6669603048328993
LU4,LU4_W19_24,4000,LU4_2024,0.7015842062383612
LU4,LU4_Y25_24,4000,LU4_2024,0.7138958625936338
LU4,LU4_S17_24,4000,LU4_2024,0.6884177025139667
LU4,LU4_S18_24,4000,LU4_2024,0.6816531192136509
LU4,LU4_R14_24,4000,LU4_2024,0.6958180942432687
LU4,LU4_V17_24,4000,LU4_2024,0.6845662910798127
LU4,LU4_U15_24,4000,LU4_2024,0.6876161966109565
LU4,LU4_M12_24,4000,LU4_2024,0.7063231192129639
LU4,LU4_O13_24,4000,LU4_2024,0.719209724162012
LU4,LU4_P15_24,4000,LU4_2024,0.6983486673649907
LU4,LU4_E15_24,4000,LU4_2024,0.677677160749916
LU4,LU4_G17_24,4000,LU4_2024,0.6871299780526735
LU4,LU4_G13_24,4000,LU4_2024,0.6657600406899288
LU4,LU4_G12_24,4000,LU4_2024,0.6680867203090413
LU4,LU4_F14_24,4000,LU4_2024,0.6647128864648286
LU3,LU3_102_24,4000,LU3_2024,0.7058383602528084
LU3,LU3_5_24,4000,LU3_2024,0.7028243679775279
LU3,LU3_103_24,4000,LU3_2024,0.7127100655430705
LU3,LU3_131_24,4000,LU3_2024,0.7160995691690267
LU3,LU3_39_24,4000,LU3_2024,0.6884040434272305
LU3,LU3_18_24,4000,LU3_2024,0.6893315854519776
LU3,LU3_20_24,4000,LU3_2024,0.6797082739791079
LU3,LU3_19_24,4000,LU3_2024,0.679588354400749
LU3,LU3_111_24,4000,LU3_2024,0.690049340709419
LU3,LU3_AB21_24,4000,LU3_2024,0.7156253884180793
LU3,LU3_27_24,4000,LU3_2024,0.6829114084507044
LU3,LU3_36_24,4000,LU3_2024,0.6838348004694842
LU3,LU3_40_24,4000,LU3_2024,0.7086857168079095
LU3,LU3_41_24,4000,LU3_2024,0.7091756203183526
LU3,LU3_52_24,4000,LU3_2024,0.644029148809523
LU3,LU3_15_24,4000,LU3_2024,0.6792465802987866
LU3,LU3_44_24,4000,LU3_2024,0.6849183345037456
LU3,LU3_17_24,4000,LU3_2024,0.6816136996722852
LU3,LU3_147_24,4000,LU3_2024,0.6796976657329604
LU3,LU3_51_24,4000,LU3_2024,0.6670630563446969
LU3,LU3_AH7_24,4000,LU3_2024,0.6989190864022666
LU3,LU3_126_24,4000,LU3_2024,0.7026217043314504
LU3,LU3_129_24,4000,LU3_2024,0.6481054131554312
LU3,LU3_28_24,4000,LU3_2024,0.6436797869850185
LU3,LU3_AH14_24,4000,LU3_2024,0.68923547008547
LU3,LU3_38_24,4000,LU3_2024,0.6801949988162882
LU3,LU3_13_24,4000,LU3_2024,0.6990025035014007
LU3,LU3_25_24,4000,LU3_2024,0.6694054038281982
LU3,LU3_21_24,4000,LU3_2024,0.6949266549295777
LU3,LU3_AC10_24,4000,LU3_2024,0.6990287011173184
LU3,LU3_46_24,4000,LU3_2024,0.6918370246478879
LU3,LU3_10_24,4000,LU3_2024,0.693382410037879
LU3,LU3_AE12_24,4000,LU3_2024,0.689789820075757
LU3,LU3_7_24,4000,LU3_2024,0.6902724589201877
LU3,LU3_14_24,4000,LU3_2024,0.6946987748579546
LU3,LU3_137_24,4000,LU3_2024,0.6979228460451978
LU3,LU3_M20_24,4000,LU3_2024,0.7031650725831766
LU3,LU3_L22_24,4000,LU3_2024,0.679022549612145
LU3,LU3_J23_24,4000,LU3_2024,0.6774808346913098
LU3,LU3_U6_24,4000,LU3_2024,0.6901667559523815
LU3,LU3_L16_24,4000,LU3_2024,0.6508066023317778
LU3,LU3_N18_24,4000,LU3_2024,0.7037918862773036
LU3,LU3_L15_24,4000,LU3_2024,0.6482295569545904
LU3,LU3_32_24,4000,LU3_2024,0.6982446411709162
LU3,LU3_W7_24,4000,LU3_2024,0.6856353875698331
LU3,LU3_45_24,4000,LU3_2024,0.7013660075329564
LU3,LU3_50_24,4000,LU3_2024,0.6888789906103285
LU3,LU3_49_24,4000,LU3_2024,0.694422569444445
LU3,LU3_Y8_24,4000,LU3_2024,0.6898690426029969
LU3,LU3_48_24,4000,LU3_2024,0.6902201291079816
LU2,LU2_21_24,4000,LU2_2024,0.7418128273809523
LU2,LU2_34_24,4000,LU2_2024,0.7164104360566589
LU2,LU2_O25_24,4000,LU2_2024,0.7599558523266845
LU2,LU2_W21_24,4000,LU2_2024,0.7740545099431814
LU2,LU2_36_24,4000,LU2_2024,0.7718985789980729
LU2,LU2_15_24,4000,LU2_2024,0.7731562619047614
LU2,LU2_13_24,4000,LU2_2024,0.7654514505730651
LU2,LU2_5_24,4000,LU2_2024,0.6556742043555279
LU2,LU2_101_24,4000,LU2_2024,0.6473278263048969
LU2,LU2_32_24,4000,LU2_2024,0.6866229021643236
LU2,LU2_Q24_24,4000,LU2_2024,0.7314129433290584
LU2,LU2_56_24,4000,LU2_2024,0.7585148630952381
LU2,LU2_I15_24,4000,LU2_2024,0.766292871017871
LU2,LU2_L20_24,4000,LU2_2024,0.7436219914040115
LU2,LU2_L46_24,4000,LU2_2024,0.7414769878223486
LU2,LU2_110_24,4000,LU2_2024,0.7682040773809522
LU2,LU2_39_24,4000,LU2_2024,0.7663154992816089
LU2,LU2_17_24,4000,LU2_2024,0.7642769746376812
LU2,LU2_155_24,4000,LU2_2024,0.7697239765019385
LU2,LU2_50_24,4000,LU2_2024,0.7381097781941903
LU2,LU2_O16_24,4000,LU2_2024,0.7122073061021936
LU2,LU2_U13_24,4000,LU2_2024,0.7411616659572557
LU2,LU2_44_24,4000,LU2_2024,0.769140434523809
LU2,LU2_143_24,4000,LU2_2024,0.7716230769230771
LU2,LU2_18_24,4000,LU2_2024,0.7717378223495703
LU2,LU2_52_24,4000,LU2_2024,0.775314013532763
LU2,LU2_123_24,4000,LU2_2024,0.7504581892411153
LU2,LU2_H16_24,4000,LU2_2024,0.767915976224784
LU2,LU2_27_24,4000,LU2_2024,0.7595346324233723
LU2,LU2_31_24,4000,LU2_2024,0.7494388749999993
LU2,LU2_3_24,4000,LU2_2024,0.7681312380611265
LU2,LU2_J27_24,4000,LU2_2024,0.747323734253876
LU2,LU2_E27_24,4000,LU2_2024,0.7500216869627501
LU2,LU2_G25_24,4000,LU2_2024,0.7532339940476187
LU2,LU2_G26_24,4000,LU2_2024,0.7535950698390139
LU2,LU2_106_24,4000,LU2_2024,0.7317451217099781
LU2,LU2_20_24,4000,LU2_2024,0.7485245809386973
LU2,LU2_25_24,4000,LU2_2024,0.7577715700483091
LU2,LU2_40_24,4000,LU2_2024,0.7393137583095916
LU2,LU2_38_24,4000,LU2_2024,0.7602837606837607
LU2,LU2_137_24,4000,LU2_2024,0.737822982708934
LU2,LU2_47_24,4000,LU2_2024,0.7611002916666672
LU2,LU2_26_24,4000,LU2_2024,0.7686674064867429
LU2,LU2_H26_24,4000,LU2_2024,0.7511504214150039
LU2,LU2_29_24,4000,LU2_2024,0.7518602316141352
LU2,LU2_K26_24,4000,LU2_2024,0.7508651221264363
LU2,LU2_100_24,4000,LU2_2024,0.7344204990448896
LU2,LU2_30_24,4000,LU2_2024,0.7499460854947163
LU2,LU2_33_24,4000,LU2_2024,0.7644187317784247
LU2,LU2_M25_24,4000,LU2_2024,0.7584571914480068
LU8,LU8_N19_24,4000,LU8_2024,0.7592787946428579
LU8,LU8_M19_24,4000,LU8_2024,0.7585826239946382
LU8,LU8_N20_24,4000,LU8_2024,0.7249624327956985
LU8,LU8_O20_24,4000,LU8_2024,0.6391931333333335
LU8,LU8_N18_24,4000,LU8_2024,0.7311564957551397
LU8,LU8_S25_24,4000,LU8_2024,0.7141438173854444
LU8,LU8_AC29_24,4000,LU8_2024,0.6766997255824366
LU8,LU8_AC28_24,4000,LU8_2024,0.6625296264759306
LU8,LU8_AB29_24,4000,LU8_2024,0.671889460125448
LU8,LU8_AC30_24,4000,LU8_2024,0.6854834459459461
LU8,LU8_T25_24,4000,LU8_2024,0.6826408558558555
LU8,LU8_S24_24,4000,LU8_2024,0.6905214977477478
LU8,LU8_AE29_24,4000,LU8_2024,0.6211074853998195
LU8,LU8_AD29_24,4000,LU8_2024,0.6348001305631239
LU8,LU8_AD28_24,4000,LU8_2024,0.6275510163971256
LU8,LU8_AD27_24,4000,LU8_2024,0.6294891453279425
LU8,LU8_AC24_24,4000,LU8_2024,0.6036405824250688
LU8,LU8_AC25_24,4000,LU8_2024,0.6212950548835129
LU8,LU8_AC31_24,4000,LU8_2024,0.6751195542895444
LU8,LU8_AB31_24,4000,LU8_2024,0.6920209408967395
LU2,LU2_3,4250,LU2_2021,0.7660435860829105
LU2,LU2_5,4250,LU2_2021,0.6614368174576184
LU2,LU2_100,4250,LU2_2021,0.7334462246192889
LU2,LU2_101,4250,LU2_2021,0.6526173965091673
LU2,LU2_106,4250,LU2_2021,0.7274811811525188
LU2,LU2_110,4250,LU2_2021,0.7672207379134856
LU2,LU2_119,4250,LU2_2021,0.7372919807370181
LU2,LU2_123,4250,LU2_2021,0.7501661989795925
LU2,LU2_13,4250,LU2_2021,0.7625635759493664
LU2,LU2_137,4250,LU2_2021,0.7390799065910999
LU2,LU2_143,4250,LU2_2021,0.771617487373737
LU2,LU2_15,4250,LU2_2021,0.7718685978169605
LU2,LU2_153,4250,LU2_2021,0.7149454323329847
LU2,LU2_155,4250,LU2_2021,0.7695814183501687
LU2,LU2_17,4250,LU2_2021,0.7641309810126584
LU2,LU2_18,4250,LU2_2021,0.7705145675505055
LU2,LU2_20,4250,LU2_2021,0.7466063560220527
LU2,LU2_21,4250,LU2_2021,0.7413028127623842
LU2,LU2_24,4250,LU2_2021,0.7353991078925272
LU2,LU2_25,4250,LU2_2021,0.7559865630234511
LU2,LU2_26,4250,LU2_2021,0.7689168002136757
LU2,LU2_27,4250,LU2_2021,0.7561863607667593
LU2,LU2_29,4250,LU2_2021,0.7516424392583115
LU2,LU2_30,4250,LU2_2021,0.74992979957806
LU2,LU2_31,4250,LU2_2021,0.744349736327764
LU2,LU2_32,4250,LU2_2021,0.6900921202500212
LU2,LU2_33,4250,LU2_2021,0.7636114240506326
LU2,LU2_34,4250,LU2_2021,0.7061219010506701
LU2,LU2_36,4250,LU2_2021,0.7717316359983089
LU2,LU2_38,4250,LU2_2021,0.7612932579564493
LU2,LU2_39,4250,LU2_2021,0.7655638765822784
LU2,LU2_40,4250,LU2_2021,0.7394447837552733
LU2,LU2_42,4250,LU2_2021,0.7704731271043778
LU2,LU2_44,4250,LU2_2021,0.7694142147435896
LU2,LU2_46,4250,LU2_2021,0.741212294303797
LU2,LU2_47,4250,LU2_2021,0.7586520036139467
LU2,LU2_50,4250,LU2_2021,0.7351453119513094
LU2,LU2_51,4250,LU2_2021,0.7044254486577507
LU2,LU2_52,4250,LU2_2021,0.7752312765055123
LU2,LU2_54,4250,LU2_2021,0.760181831641286
LU2,LU2_56,4250,LU2_2021,0.7527561047819975
LU2,LU2_57,4250,LU2_2021,0.7100415876681924
LU3,LU3_5,4250,LU3_2021,0.7036898772040301
LU3,LU3_7,4250,LU3_2021,0.6925520520050128
LU3,LU3_10,4250,LU3_2021,0.6901907685881373
LU3,LU3_102,4250,LU3_2021,0.706449239583333
LU3,LU3_103,4250,LU3_2021,0.7119694566582914
LU3,LU3_106,4250,LU3_2021,0.6985083194813834
LU3,LU3_111,4250,LU3_2021,0.6919653024284045
LU3,LU3_126,4250,LU3_2021,0.7016101840363934
LU3,LU3_129,4250,LU3_2021,0.6489194825436411
LU3,LU3_13,4250,LU3_2021,0.6980967928329098
LU3,LU3_131,4250,LU3_2021,0.7140625894360265
LU3,LU3_137,4250,LU3_2021,0.6977242552083335
LU3,LU3_14,4250,LU3_2021,0.694132659618574
LU3,LU3_147,4250,LU3_2021,0.6800228431989926
LU3,LU3_15,4250,LU3_2021,0.6812020102339185
LU3,LU3_17,4250,LU3_2021,0.6828703750000003
LU3,LU3_18,4250,LU3_2021,0.6892366915422885
LU3,LU3_19,4250,LU3_2021,0.6812247204641352
LU3,LU3_20,4250,LU3_2021,0.6822929693961961
LU3,LU3_21,4250,LU3_2021,0.6944320760598504
LU3,LU3_25,4250,LU3_2021,0.6687556338763578
LU3,LU3_27,4250,LU3_2021,0.6818712846347611
LU3,LU3_28,4250,LU3_2021,0.6485029374999995
LU3,LU3_32,4250,LU3_2021,0.6984998320738875
LU3,LU3_36,4250,LU3_2021,0.6853336762261023
LU3,LU3_38,4250,LU3_2021,0.6836687188279296
LU3,LU3_39,4250,LU3_2021,0.6901768006700174
LU3,LU3_40,4250,LU3_2021,0.7056976828761428
LU3,LU3_41,4250,LU3_2021,0.7064619189698496
LU3,LU3_44,4250,LU3_2021,0.689125805278471
LU3,LU3_45,4250,LU3_2021,0.7002920156250003
LU3,LU3_46,4250,LU3_2021,0.6914710976368159
LU3,LU3_48,4250,LU3_2021,0.691023087262201
LU3,LU3_50,4250,LU3_2021,0.6882563238396626
LU3,LU3_51,4250,LU3_2021,0.6617980106516289
LU3,LU3_52,4250,LU3_2021,0.6467171342477134
LU3,LU3_49,4250,LU3_2021,0.6947779522613068
LU13,LU13_18,4250,LU13_2022,0.5642483652312604
LU13,LU13_15,4250,LU13_2022,0.6370838888888891
LU13,LU13_3,4250,LU13_2022,0.6691490885416671
LU13,LU13_34,4250,LU13_2022,0.6630431818181818
LU13,LU13_57,4250,LU13_2022,0.6821155475619499
LU13,LU13_16,4250,LU13_2022,0.5910641109785204
LU13,LU13_21,4250,LU13_2022,0.5249164074960135
LU13,LU13_37,4250,LU13_2022,0.6824128729116942
LU13,LU13_55,4250,LU13_2022,0.6994836913285598
LU13,LU13_47,4250,LU13_2022,0.7148227008032139
LU13,LU13_51,4250,LU13_2022,0.7150944961939095
LU13,LU13_27,4250,LU13_2022,0.7140799687247785
LU13,LU13_5,4250,LU13_2022,0.7175926362370726
LU13,LU13_26,4250,LU13_2022,0.7123465891010339
LU13,LU13_35,4250,LU13_2022,0.6625824819711544
LU13,LU13_13,4250,LU13_2022,0.707766225961537
LU13,LU13_128,4250,LU13_2022,0.703248076156299
LU13,LU13_131,4250,LU13_2022,0.7003358463229405
LU13,LU13_12,4250,LU13_2022,0.6933638421474346
LU13,LU13_33,4250,LU13_2022,0.6848667718349346
LU13,LU13_32,4250,LU13_2022,0.6639812248995975
LU13,LU13_30,4250,LU13_2022,0.6318758613782044
LU13,LU13_53,4250,LU13_2022,0.7052454694976071
LU13,LU13_22,4250,LU13_2022,0.7168640662291171
LU13,LU13_19,4250,LU13_2022,0.7180126748601118
LU13,LU13_45,4250,LU13_2022,0.7196474246987952
LU13,LU13_8,4250,LU13_2022,0.7219561398237186
LU13,LU13_43,4250,LU13_2022,0.7218713466905906
LU13,LU13_41,4250,LU13_2022,0.7219196371610836
LU13,LU13_59,4250,LU13_2022,0.7070492056354909
LU13,LU13_6,4250,LU13_2022,0.7156592703349282
LU13,LU13_14,4250,LU13_2022,0.7205935546875
LU13,LU13_52,4250,LU13_2022,0.6637402278177459
LU13,LU13_36,4250,LU13_2022,0.6823107321714738
LU13,LU13_38,4250,LU13_2022,0.69009658592504
LU13,LU13_20,4250,LU13_2022,0.715404246031746
LU13,LU13_17,4250,LU13_2022,0.7144620752427178
LU13,LU13_56,4250,LU13_2022,0.7125850827352471
LU13,LU13_49,4250,LU13_2022,0.7111366497613365
LU13,LU13_70,4250,LU13_2022,0.695541885441527
LU13,LU13_11,4250,LU13_2022,0.7022566437400315
LU15,LU15_44,4250,LU15_2022,0.7054315490924096
LU15,LU15_11,4250,LU15_2022,0.7076994238683131
LU15,LU15_19,4250,LU15_2022,0.7062062089490966
LU15,LU15_7,4250,LU15_2022,0.7285802599009904
LU15,LU15_34,4250,LU15_2022,0.7126472957717568
LU15,LU15_37,4250,LU15_2022,0.6928980298353915
LU15,LU15_18,4250,LU15_2022,0.7134059318555005
LU15,LU15_43,4250,LU15_2022,0.705944104938272
LU15,LU15_10,4250,LU15_2022,0.7147811165845648
LU15,LU15_58,4250,LU15_2022,0.7206261926699427
LU15,LU15_8,4250,LU15_2022,0.7102792641625618
LU15,LU15_12,4250,LU15_2022,0.7001559103811842
LU15,LU15_17,4250,LU15_2022,0.7090583888216316
LU15,LU15_1,4250,LU15_2022,0.6883031326781324
LU15,LU15_26,4250,LU15_2022,0.6896284654471542
LU15,LU15_27,4250,LU15_2022,0.6895175988182556
LU15,LU15_28,4250,LU15_2022,0.6918089307598042
LU15,LU15_2,4250,LU15_2022,0.6934754053776683
LU15,LU15_29,4250,LU15_2022,0.6939519766260165
LU15,LU15_30,4250,LU15_2022,0.6960329554738564
LU15,LU15_31,4250,LU15_2022,0.6983205767651892
LU15,LU15_32,4250,LU15_2022,0.6998468161343164
LU15,LU15_20,4250,LU15_2022,0.7166657926829277
LU15,LU15_21,4250,LU15_2022,0.7354974531377352
LU15,LU15_23,4250,LU15_2022,0.7208079912173201
LU15,LU15_41,4250,LU15_2022,0.7194946816134317
LU15,LU15_25,4250,LU15_2022,0.7213777469135798
LU15,LU15_9,4250,LU15_2022,0.728785509488449
LU15,LU15_24,4250,LU15_2022,0.7261282738095244
LU15,LU15_46,4250,LU15_2022,0.7317946288254761
LU15,LU15_40,4250,LU15_2022,0.7084601748971203
LU15,LU15_16,4250,LU15_2022,0.7103599434156386
LU15,LU15_4,4250,LU15_2022,0.6961639552696085
LU15,LU15_36,4250,LU15_2022,0.7008439983779405
LU15,LU15_3,4250,LU15_2022,0.7153401939655172
LU15,LU15_15,4250,LU15_2022,0.7166751488095241
LU15,LU15_14,4250,LU15_2022,0.7100584146341469
LU15,LU15_22,4250,LU15_2022,0.7250609564164645
LU15,LU15_61,4250,LU15_2022,0.7211233598207001
LU21,LU21_106,4250,LU21_2022,0.6961921571601942
LU21,LU21_10,4250,LU21_2022,0.6741561387540457
LU21,LU21_16,4250,LU21_2022,0.6459631504065034
LU21,LU21_107,4250,LU21_2022,0.693978724593496
LU21,LU21_41,4250,LU21_2022,0.6702522704288022
LU21,LU21_63,4250,LU21_2022,0.6559418453839858
LU21,LU21_27,4250,LU21_2022,0.659908126011327
LU21,LU21_23,4250,LU21_2022,0.6716488369741099
LU21,LU21_21,4250,LU21_2022,0.6764712692619641
LU21,LU21_82,4250,LU21_2022,0.7068494184870548
LU21,LU21_871,4250,LU21_2022,0.6892265851449275
LU21,LU21_164,4250,LU21_2022,0.6518330572289163
LU21,LU21_36,4250,LU21_2022,0.662791641260163
LU21,LU21_14,4250,LU21_2022,0.6573597121578091
LU21,LU21_32,4250,LU21_2022,0.6757815776003279
LU21,LU21_126,4250,LU21_2022,0.6691139376513308
LU21,LU21_122,4250,LU21_2022,0.6691636574074074
LU21,LU21_56,4250,LU21_2022,0.685389201303994
LU21,LU21_57,4250,LU21_2022,0.6797322127139378
LU21,LU21_9,4250,LU21_2022,0.6736143495934963
LU21,LU21_98,4250,LU21_2022,0.7132043987211223
LU21,LU21_119,4250,LU21_2022,0.6916742351046697
LU21,LU21_52,4250,LU21_2022,0.704924594622331
LU21,LU21_59,4250,LU21_2022,0.6771853713768118
LU21,LU21_68,4250,LU21_2022,0.6641839532520324
LU21,LU21_109,4250,LU21_2022,0.6915659007352941
LU21,LU21_93,4250,LU21_2022,0.6876644667477694
LU21,LU21_114,4250,LU21_2022,0.7361162076271172
LU21,LU21_105,4250,LU21_2022,0.7193537177158991
LU21,LU21_100,4250,LU21_2022,0.7079358649144248
LU21,LU21_74,4250,LU21_2022,0.7125519613821141
LU21,LU21_78,4250,LU21_2022,0.7187825753012053
LU21,LU21_153,4250,LU21_2022,0.7272233394458026
LU21,LU21_6,4250,LU21_2022,0.7288270933977459
LU21,LU21_116,4250,LU21_2022,0.7034901432606941
LU21,LU21_97,4250,LU21_2022,0.6774042379788101
LU1,LU1_13,4250,LU1_2022,0.6903314881449228
LU1,LU1_30,4250,LU1_2022,0.7146385362972515
LU1,LU1_85,4250,LU1_2022,0.6997758163698051
LU1,LU1_66,4250,LU1_2022,0.6970043416030527
LU1,LU1_76,4250,LU1_2022,0.689692428087985
LU1,LU1_73,4250,LU1_2022,0.6915200106837595
LU1,LU1_75,4250,LU1_2022,0.6931399198717952
LU1,LU1_47,4250,LU1_2022,0.6341596293916029
LU1,LU1_74,4250,LU1_2022,0.6740702797681084
LU1,LU1_44,4250,LU1_2022,0.646668256997455
LU1,LU1_41,4250,LU1_2022,0.620596482741908
LU1,LU1_64,4250,LU1_2022,0.6931008037225042
LU1,LU1_86,4250,LU1_2022,0.6791794597186699
LU1,LU1_79,4250,LU1_2022,0.6737048806479105
LU1,LU1_63,4250,LU1_2022,0.6793757580576757
LU1,LU1_72,4250,LU1_2022,0.6956004422421135
LU1,LU1_67,4250,LU1_2022,0.7036809168781731
LU1,LU1_77,4250,LU1_2022,0.6805940566835876
LU1,LU1_32,4250,LU1_2022,0.7073733375959076
LU1,LU1_36,4250,LU1_2022,0.7055905905428327
LU1,LU1_84,4250,LU1_2022,0.7110668469041561
LU1,LU1_25,4250,LU1_2022,0.6801783343935541
LU1,LU1_83,4250,LU1_2022,0.7123048469387755
LU1,LU1_80,4250,LU1_2022,0.6933495843989769
LU1,LU1_70,4250,LU1_2022,0.7004151710747276
LU1,LU1_48,4250,LU1_2022,0.6660243529048993
LU1,LU1_45,4250,LU1_2022,0.6619903121070537
LU1,LU1_11,4250,LU1_2022,0.6657865593112244
LU1,LU1_40,4250,LU1_2022,0.7308947247215078
LU1,LU1_6,4250,LU1_2022,0.6918414782915606
LU1,LU1_10,4250,LU1_2022,0.7355485395188996
LU1,LU1_43,4250,LU1_2022,0.648731991710297
LU1,LU1_71,4250,LU1_2022,0.6385031809462917
LU1,LU1_22,4250,LU1_2022,0.6564705795262269
LU1,LU1_60,4250,LU1_2022,0.6717874627976196
LU1,LU1_78,4250,LU1_2022,0.6740058279914524
LU1,LU1_46,4250,LU1_2022,0.6431968962585041
LU1,LU1_82,4250,LU1_2022,0.7200062711505921
LU1,LU1_27,4250,LU1_2022,0.695573903232577
LU9,LU9_5,4250,LU9_2023,0.5301710948350637
LU9,LU9_6,4250,LU9_2023,0.6142331383008475
LU9,LU9_7,4250,LU9_2023,0.6719095107120917
LU9,LU9_8,4250,LU9_2023,0.6892275283600072
LU9,LU9_100,4250,LU9_2023,0.6830375306372554
LU9,LU9_102,4250,LU9_2023,0.7460273634881819
LU9,LU9_106,4250,LU9_2023,0.6970504940912802
LU9,LU9_112,4250,LU9_2023,0.6811578254560531
LU9,LU9_113,4250,LU9_2023,0.6812170547385615
LU9,LU9_12,4250,LU9_2023,0.6752041038949117
LU9,LU9_13,4250,LU9_2023,0.7477081679073618
LU9,LU9_18,4250,LU9_2023,0.6954554139461882
LU9,LU9_21,4250,LU9_2023,0.7108397293369785
LU9,LU9_24,4250,LU9_2023,0.7342972732843134
LU9,LU9_28,4250,LU9_2023,0.7286655600581876
LU9,LU9_29,4250,LU9_2023,0.7293316109735971
LU9,LU9_30,4250,LU9_2023,0.7346509230610562
LU9,LU9_31,4250,LU9_2023,0.7372032723325056
LU9,LU9_32,4250,LU9_2023,0.7367485008271303
LU9,LU9_33,4250,LU9_2023,0.7417660016625107
LU9,LU9_39,4250,LU9_2023,0.700511980452675
LU9,LU9_41,4250,LU9_2023,0.7421525010313533
LU9,LU9_44,4250,LU9_2023,0.6931920936213997
LU9,LU9_51,4250,LU9_2023,0.6939932432432432
LU9,LU9_55,4250,LU9_2023,0.6976485818894393
LU9,LU9_57,4250,LU9_2023,0.6843059156378598
LU9,LU9_62,4250,LU9_2023,0.7404245740968805
LU9,LU9_63,4250,LU9_2023,0.7386550338669956
LU9,LU9_64,4250,LU9_2023,0.7371471232596236
LU9,LU9_65,4250,LU9_2023,0.7172151911886941
LU9,LU9_67,4250,LU9_2023,0.6775063577586208
LU9,LU9_68,4250,LU9_2023,0.6808688120347389
LU9,LU9_72,4250,LU9_2023,0.7333865614686468
LU9,LU9_73,4250,LU9_2023,0.7166547004560533
LU9,LU9_75,4250,LU9_2023,0.6962980507425734
LU9,LU9_76,4250,LU9_2023,0.6868606815403416
LU9,LU9_77,4250,LU9_2023,0.6810871767241377
LU9,LU9_79,4250,LU9_2023,0.7397100350660059
LU9,LU9_80,4250,LU9_2023,0.7342260878489321
LU9,LU9_81,4250,LU9_2023,0.7032624027436528
LU9,LU9_82,4250,LU9_2023,0.6941762656250003
LU9,LU9_85,4250,LU9_2023,0.743028639371382
LU9,LU9_86,4250,LU9_2023,0.7071618244636967
LU9,LU9_87,4250,LU9_2023,0.6830458333333336
LU9,LU9_90,4250,LU9_2023,0.686092609967717
LU9,LU9_93,4250,LU9_2023,0.7450145579268295
LU9,LU9_94,4250,LU9_2023,0.7461656378600824
LU9,LU9_96,4250,LU9_2023,0.7143941790736148
LU9,LU9_98,4250,LU9_2023,0.7029972393267657
LU9,LU9_27,4250,LU9_2023,0.7164264458955214
LU14,LU14_3,4250,LU14_2023,0.7048783023581137
LU14,LU14_7,4250,LU14_2023,0.6955048208534621
LU14,LU14_8,4250,LU14_2023,0.6998240284455126
LU14,LU14_9,4250,LU14_2023,0.6998034988038275
LU14,LU14_100,4250,LU14_2023,0.7167604714912278
LU14,LU14_102,4250,LU14_2023,0.7352240304295943
LU14,LU14_105,4250,LU14_2023,0.7249942434210525
LU14,LU14_110,4250,LU14_2023,0.7079379535486435
LU14,LU14_114,4250,LU14_2023,0.7146741617647052
LU14,LU14_115,4250,LU14_2023,0.7126498806682575
LU14,LU14_120,4250,LU14_2023,0.7146546451355676
LU14,LU14_121,4250,LU14_2023,0.7019633184523811
LU14,LU14_131,4250,LU14_2023,0.7106841027178247
LU14,LU14_135,4250,LU14_2023,0.6913850877192984
LU14,LU14_16,4250,LU14_2023,0.704902183977456
LU14,LU14_17,4250,LU14_2023,0.7109926282051281
LU14,LU14_19,4250,LU14_2023,0.6979853514056213
LU14,LU14_20,4250,LU14_2023,0.697130120481928
LU14,LU14_250,4250,LU14_2023,0.7367237935928633
LU14,LU14_30,4250,LU14_2023,0.7199937752219536
LU14,LU14_31,4250,LU14_2023,0.7115192264801299
LU14,LU14_33,4250,LU14_2023,0.7129453847687399
LU14,LU14_37,4250,LU14_2023,0.7267892086330939
LU14,LU14_47,4250,LU14_2023,0.732143123998398
LU14,LU14_48,4250,LU14_2023,0.7330298111510802
LU14,LU14_49,4250,LU14_2023,0.7325798461231018
LU14,LU14_51,4250,LU14_2023,0.7436077937649879
LU14,LU14_54,4250,LU14_2023,0.7138428535657056
LU14,LU14_56,4250,LU14_2023,0.7323748343373493
LU14,LU14_57,4250,LU14_2023,0.7251040871121722
LU14,LU14_61,4250,LU14_2023,0.7036663798309187
LU14,LU14_62,4250,LU14_2023,0.7254755245803364
LU14,LU14_63,4250,LU14_2023,0.6918091826538774
LU14,LU14_66,4250,LU14_2023,0.6867963209219858
LU14,LU14_70,4250,LU14_2023,0.7119777496022272
LU14,LU14_71,4250,LU14_2023,0.7181512858851677
LU14,LU14_72,4250,LU14_2023,0.7163745153876903
LU14,LU14_74,4250,LU14_2023,0.7170717254784688
LU14,LU14_76,4250,LU14_2023,0.7275124252392352
LU14,LU14_78,4250,LU14_2023,0.7418622921615192
LU14,LU14_80,4250,LU14_2023,0.6978615457633899
LU14,LU14_84,4250,LU14_2023,0.7139815604967945
LU14,LU14_85,4250,LU14_2023,0.7008834821428571
LU14,LU14_86,4250,LU14_2023,0.7316465145186956
LU14,LU14_88,4250,LU14_2023,0.7212839328537168
LU14,LU14_91,4250,LU14_2023,0.7077176412092291
LU14,LU14_92,4250,LU14_2023,0.7112328150161036
LU14,LU14_96,4250,LU14_2023,0.7275309344951919
LU14,LU14_97,4250,LU14_2023,0.707808243405275
LU14,LU14_75,4250,LU14_2023,0.7050394487639551
LU16,LU16_2,4250,LU16_2023,0.6780682017543856
LU16,LU16_3,4250,LU16_2023,0.6762860526842951
LU16,LU16_15,4250,LU16_2023,0.6661823755924166
LU16,LU16_20,4250,LU16_2023,0.6958466785998413
LU16,LU16_200,4250,LU16_2023,0.6306169064748195
LU16,LU16_201,4250,LU16_2023,0.6726368189102565
LU16,LU16_202,4250,LU16_2023,0.6676917609126982
LU16,LU16_203,4250,LU16_2023,0.6659309325396819
LU16,LU16_22,4250,LU16_2023,0.6728737698412701
LU16,LU16_23,4250,LU16_2023,0.7045159491290572
LU16,LU16_24,4250,LU16_2023,0.7161666265060237
LU16,LU16_25,4250,LU16_2023,0.6955190085521084
LU16,LU16_26,4250,LU16_2023,0.6799823849878933
LU16,LU16_270,4250,LU16_2023,0.6129035998408908
LU16,LU16_28,4250,LU16_2023,0.6863891627078383
LU16,LU16_300,4250,LU16_2023,0.6696493371212123
LU16,LU16_301,4250,LU16_2023,0.6594978125000005
LU16,LU16_302,4250,LU16_2023,0.6611998508353226
LU16,LU16_303,4250,LU16_2023,0.659443126993621
LU16,LU16_313,4250,LU16_2023,0.7059414677804293
LU16,LU16_314,4250,LU16_2023,0.6679393966194969
LU16,LU16_36,4250,LU16_2023,0.6842018129006409
LU16,LU16_37,4250,LU16_2023,0.6733422343996835
LU16,LU16_49,4250,LU16_2023,0.5511526339285714
LU16,LU16_52,4250,LU16_2023,0.5887851451421803
LU16,LU16_54,4250,LU16_2023,0.6227736886381636
LU16,LU16_55,4250,LU16_2023,0.6126656964145
LU16,LU16_57,4250,LU16_2023,0.624017334905661
LU16,LU16_58,4250,LU16_2023,0.6152567969371527
LU16,LU16_60,4250,LU16_2023,0.5977912517561235
LU16,LU16_62,4250,LU16_2023,0.5871556375317993
LU16,LU16_63,4250,LU16_2023,0.612649900793651
LU16,LU16_64,4250,LU16_2023,0.5937665199022703
LU16,LU16_67,4250,LU16_2023,0.6202701372432868
LU16,LU16_68,4250,LU16_2023,0.564074304788906
LU16,LU16_69,4250,LU16_2023,0.5549754586508853
LU16,LU16_70,4250,LU16_2023,0.5898289509803918
LU16,LU16_71,4250,LU16_2023,0.5686762281225131
LU16,LU16_72,4250,LU16_2023,0.6200699921752728
LU16,LU16_73,4250,LU16_2023,0.6052001666666663
LU16,LU16_74,4250,LU16_2023,0.5943655049019604
LU16,LU16_75,4250,LU16_2023,0.5909108259816631
LU16,LU16_77,4250,LU16_2023,0.550071822382144
LU16,LU16_80,4250,LU16_2023,0.5631558106874511
LU16,LU16_81,4250,LU16_2023,0.5563471609792026
LU16,LU16_83,4250,LU16_2023,0.6222664722886757
LU16,LU16_84,4250,LU16_2023,0.6148851957831323
LU16,LU16_85,4250,LU16_2023,0.5998465622537429
LU16,LU16_88,4250,LU16_2023,0.5757093193507111
LU22,LU22_110,4250,LU22_2023,0.7430456638755979
LU22,LU22_48,4250,LU22_2023,0.7427882781124492
LU22,LU22_107,4250,LU22_2023,0.7417528027577938
LU22,LU22_49,4250,LU22_2023,0.7573677008393284
LU22,LU22_103,4250,LU22_2023,0.7487158822941657
LU22,LU22_44,4250,LU22_2023,0.7587129907852567
LU22,LU22_21,4250,LU22_2023,0.7740316949838195
LU22,LU22_15,4250,LU22_2023,0.7715305402369284
LU22,LU22_50,4250,LU22_2023,0.7349682089401288
LU22,LU22_38,4250,LU22_2023,0.7390447437449554
LU22,LU22_22,4250,LU22_2023,0.7675388439248604
LU22,LU22_85,4250,LU22_2023,0.7265939457831316
LU22,LU22_33,4250,LU22_2023,0.7614186094377522
LU22,LU22_34,4250,LU22_2023,0.7521541566746608
LU22,LU22_11,4250,LU22_2023,0.7212337025762627
LU22,LU22_29,4250,LU22_2023,0.7608085748792272
LU22,LU22_86,4250,LU22_2023,0.7193368589743581
LU22,LU22_80,4250,LU22_2023,0.7113392791970785
LU22,LU22_17,4250,LU22_2023,0.7662283423261388
LU22,LU22_35,4250,LU22_2023,0.7503507512019237
LU22,LU22_63,4250,LU22_2023,0.699365533980582
LU22,LU22_30,4250,LU22_2023,0.7619590766585761
LU22,LU22_4,4250,LU22_2023,0.699492475915718
LU22,LU22_36,4250,LU22_2023,0.740356579736211
LU22,LU22_76,4250,LU22_2023,0.6981489459029437
LU22,LU22_5,4250,LU22_2023,0.7223092117012693
LU22,LU22_87,4250,LU22_2023,0.707573080357141
LU22,LU22_25,4250,LU22_2023,0.7598758213141014
LU22,LU22_89,4250,LU22_2023,0.721193065619968
LU22,LU22_18,4250,LU22_2023,0.7609234525240379
LU22,LU22_32,4250,LU22_2023,0.7424420180722886
LU22,LU22_8,4250,LU22_2023,0.7624711822410994
LU22,LU22_6,4250,LU22_2023,0.7588660606971159
LU22,LU22_81,4250,LU22_2023,0.7288705471887549
LU22,LU22_7,4250,LU22_2023,0.7620322188755018
LU22,LU22_69,4250,LU22_2023,0.7234838828936864
LU22,LU22_70,4250,LU22_2023,0.7441352118305375
LU22,LU22_82,4250,LU22_2023,0.7498877635847531
LU22,LU22_94,4250,LU22_2023,0.752210286770584
LU22,LU22_101,4250,LU22_2023,0.7463931239983977
LU22,LU22_71,4250,LU22_2023,0.7499048274818417
LU22,LU22_77,4250,LU22_2023,0.751926511044178
LU22,LU22_72,4250,LU22_2023,0.750972275641026
LU22,LU22_65,4250,LU22_2023,0.75462214673913
LU22,LU22_60,4250,LU22_2023,0.7572059487336599
LU22,LU22_61,4250,LU22_2023,0.7619746810207326
LU22,LU22_53,4250,LU22_2023,0.7581095338983039
LU22,LU22_46,4250,LU22_2023,0.7555847340210362
LU22,LU22_40,4250,LU22_2023,0.7508538936084137
LU22,LU22_47,4250,LU22_2023,0.7548433363237651
LU4,LU4_N15_24,4250,LU4_2024,0.686056783831335
LU4,LU4_M14_24,4250,LU4_2024,0.6900752368491675
LU4,LU4_J14_24,4250,LU4_2024,0.6674239499170718
LU4,LU4_J15_24,4250,LU4_2024,0.6655856836666525
LU4,LU4_I12_24,4250,LU4_2024,0.6608092818526613
LU4,LU4_I13_24,4250,LU4_2024,0.6615579311368026
LU4,LU4_Q10_24,4250,LU4_2024,0.7235758921204614
LU4,LU4_O10_24,4250,LU4_2024,0.7197249431348216
LU4,LU4_R7_24,4250,LU4_2024,0.7180950423904054
LU4,LU4_R9_24,4250,LU4_2024,0.7195453419328429
LU4,LU4_T8_24,4250,LU4_2024,0.7250296746715927
LU4,LU4_O16_24,4250,LU4_2024,0.6746634350659041
LU4,LU4_J26_24,4250,LU4_2024,0.6856827410130721
LU4,LU4_K25_24,4250,LU4_2024,0.6890117637844612
LU4,LU4_L23_24,4250,LU4_2024,0.7075791513104016
LU4,LU4_H26_24,4250,LU4_2024,0.6902537902227738
LU4,LU4_K23_24,4250,LU4_2024,0.6955883884039898
LU4,LU4_J21_24,4250,LU4_2024,0.723112003722084
LU4,LU4_I21_24,4250,LU4_2024,0.7205343543729371
LU4,LU4_N30_24,4250,LU4_2024,0.7014215398102307
LU4,LU4_O23_24,4250,LU4_2024,0.684892756876274
LU4,LU4_O22_24,4250,LU4_2024,0.7052660861491958
LU4,LU4_L18_24,4250,LU4_2024,0.6921848188107591
LU4,LU4_L17_24,4250,LU4_2024,0.6722788894625608
LU4,LU4_K17_24,4250,LU4_2024,0.6795369714745804
LU4,LU4_K19_24,4250,LU4_2024,0.7101300173276462
LU4,LU4_I22_24,4250,LU4_2024,0.7154475737100743
LU4,LU4_Q20_24,4250,LU4_2024,0.6841474721136984
LU4,LU4_V25_24,4250,LU4_2024,0.6943411135235725
LU4,LU4_P22_24,4250,LU4_2024,0.6900199545371889
LU4,LU4_O21_24,4250,LU4_2024,0.7042209791962171
LU4,LU4_P17_24,4250,LU4_2024,0.6663343506125179
LU4,LU4_Q16_24,4250,LU4_2024,0.6869360294117651
LU4,LU4_V19_24,4250,LU4_2024,0.6980775371287127
LU4,LU4_O17_24,4250,LU4_2024,0.6711922659199787
LU4,LU4_W19_24,4250,LU4_2024,0.7015336383374686
LU4,LU4_Y25_24,4250,LU4_2024,0.7135416769801997
LU4,LU4_S17_24,4250,LU4_2024,0.6889064440359483
LU4,LU4_S18_24,4250,LU4_2024,0.6795706619164266
LU4,LU4_R14_24,4250,LU4_2024,0.6973609285421793
LU4,LU4_V17_24,4250,LU4_2024,0.6835232767489712
LU4,LU4_U15_24,4250,LU4_2024,0.6886074596774194
LU4,LU4_M12_24,4250,LU4_2024,0.7063189365671649
LU4,LU4_O13_24,4250,LU4_2024,0.717600454452615
LU4,LU4_P15_24,4250,LU4_2024,0.6978423628173631
LU4,LU4_E15_24,4250,LU4_2024,0.6761472580233338
LU4,LU4_G17_24,4250,LU4_2024,0.6850205639902889
LU4,LU4_G13_24,4250,LU4_2024,0.6679028434001513
LU4,LU4_G12_24,4250,LU4_2024,0.6689336079843483
LU4,LU4_F14_24,4250,LU4_2024,0.6676958900259797
LU3,LU3_102_24,4250,LU3_2024,0.7064269262981573
LU3,LU3_5_24,4250,LU3_2024,0.7036720885416663
LU3,LU3_103_24,4250,LU3_2024,0.7119839981155779
LU3,LU3_131_24,4250,LU3_2024,0.7139980946398657
LU3,LU3_39_24,4250,LU3_2024,0.6912915201005028
LU3,LU3_18_24,4250,LU3_2024,0.6893167133084577
LU3,LU3_20_24,4250,LU3_2024,0.682117112354893
LU3,LU3_19_24,4250,LU3_2024,0.6812247204641352
LU3,LU3_111_24,4250,LU3_2024,0.6919653024284045
LU3,LU3_AB21_24,4250,LU3_2024,0.7154460747271196
LU3,LU3_27_24,4250,LU3_2024,0.6818712846347611
LU3,LU3_36_24,4250,LU3_2024,0.6852281119465339
LU3,LU3_40_24,4250,LU3_2024,0.7056976828761428
LU3,LU3_41_24,4250,LU3_2024,0.7064619189698496
LU3,LU3_52_24,4250,LU3_2024,0.6467171342477134
LU3,LU3_15_24,4250,LU3_2024,0.6812473475355058
LU3,LU3_44_24,4250,LU3_2024,0.689125805278471
LU3,LU3_17_24,4250,LU3_2024,0.6829126670843778
LU3,LU3_147_24,4250,LU3_2024,0.6797106510416668
LU3,LU3_51_24,4250,LU3_2024,0.6632404717373229
LU3,LU3_AH7_24,4250,LU3_2024,0.6985618279569893
LU3,LU3_126_24,4250,LU3_2024,0.7016101840363934
LU3,LU3_129_24,4250,LU3_2024,0.6489194825436411
LU3,LU3_28_24,4250,LU3_2024,0.648576112155388
LU3,LU3_AH14_24,4250,LU3_2024,0.685420760050251
LU3,LU3_38_24,4250,LU3_2024,0.6839167858623544
LU3,LU3_13_24,4250,LU3_2024,0.6980927689873424
LU3,LU3_25_24,4250,LU3_2024,0.6683644475772769
LU3,LU3_21_24,4250,LU3_2024,0.6946990967000835
LU3,LU3_AC10_24,4250,LU3_2024,0.697740159686972
LU3,LU3_46_24,4250,LU3_2024,0.6915474968905472
LU3,LU3_10_24,4250,LU3_2024,0.690049176112511
LU3,LU3_AE12_24,4250,LU3_2024,0.6925931503308519
LU3,LU3_7_24,4250,LU3_2024,0.6926028854166671
LU3,LU3_14_24,4250,LU3_2024,0.6939597136062863
LU3,LU3_137_24,4250,LU3_2024,0.6977242552083335
LU3,LU3_M20_24,4250,LU3_2024,0.7026008307796762
LU3,LU3_L22_24,4250,LU3_2024,0.6796362365478203
LU3,LU3_J23_24,4250,LU3_2024,0.6748461699484142
LU3,LU3_U6_24,4250,LU3_2024,0.6914527604166674
LU3,LU3_L16_24,4250,LU3_2024,0.6524076009933594
LU3,LU3_N18_24,4250,LU3_2024,0.7016176641729017
LU3,LU3_L15_24,4250,LU3_2024,0.6507188984134592
LU3,LU3_32_24,4250,LU3_2024,0.6984998320738875
LU3,LU3_W7_24,4250,LU3_2024,0.6872220542394016
LU3,LU3_45_24,4250,LU3_2024,0.7003792183622836
LU3,LU3_50_24,4250,LU3_2024,0.6879743686868689
LU3,LU3_49_24,4250,LU3_2024,0.6947779522613068
LU3,LU3_Y8_24,4250,LU3_2024,0.6908212135416676
LU3,LU3_48_24,4250,LU3_2024,0.691023087262201
LU2,LU2_21_24,4250,LU2_2024,0.7413233930066998
LU2,LU2_34_24,4250,LU2_2024,0.7061219010506701
LU2,LU2_O25_24,4250,LU2_2024,0.7602526785714274
LU2,LU2_W21_24,4250,LU2_2024,0.7733683418150977
LU2,LU2_36_24,4250,LU2_2024,0.7717316359983089
LU2,LU2_15_24,4250,LU2_2024,0.7718685978169605
LU2,LU2_13_24,4250,LU2_2024,0.7626693377413929
LU2,LU2_5_24,4250,LU2_2024,0.6613676883780034
LU2,LU2_101_24,4250,LU2_2024,0.6534652127105208
LU2,LU2_32_24,4250,LU2_2024,0.6900921202500212
LU2,LU2_Q24_24,4250,LU2_2024,0.7285527271006296
LU2,LU2_56_24,4250,LU2_2024,0.7527561047819975
LU2,LU2_I15_24,4250,LU2_2024,0.7623609529790102
LU2,LU2_L20_24,4250,LU2_2024,0.7432700527426154
LU2,LU2_L46_24,4250,LU2_2024,0.7412865482233497
LU2,LU2_110_24,4250,LU2_2024,0.7672207379134856
LU2,LU2_39_24,4250,LU2_2024,0.7655224725042301
LU2,LU2_17_24,4250,LU2_2024,0.7640760892554993
LU2,LU2_155_24,4250,LU2_2024,0.7696075158227851
LU2,LU2_50_24,4250,LU2_2024,0.7352281017497249
LU2,LU2_O16_24,4250,LU2_2024,0.7104735440933784
LU2,LU2_U13_24,4250,LU2_2024,0.7348878336137415
LU2,LU2_44_24,4250,LU2_2024,0.7694142147435896
LU2,LU2_143_24,4250,LU2_2024,0.7716605327004217
LU2,LU2_18_24,4250,LU2_2024,0.7705145675505055
LU2,LU2_52_24,4250,LU2_2024,0.7752340880102031
LU2,LU2_123_24,4250,LU2_2024,0.7502650474683549
LU2,LU2_H16_24,4250,LU2_2024,0.7652788615319865
LU2,LU2_27_24,4250,LU2_2024,0.7548719323921035
LU2,LU2_31_24,4250,LU2_2024,0.7442682212726325
LU2,LU2_3_24,4250,LU2_2024,0.7656511919831226
LU2,LU2_J27_24,4250,LU2_2024,0.7442953493265995
LU2,LU2_E27_24,4250,LU2_2024,0.7496414002557537
LU2,LU2_G25_24,4250,LU2_2024,0.7522629240882106
LU2,LU2_G26_24,4250,LU2_2024,0.7523924818840569
LU2,LU2_106_24,4250,LU2_2024,0.7281829102134325
LU2,LU2_20_24,4250,LU2_2024,0.7466063560220527
LU2,LU2_25_24,4250,LU2_2024,0.7559865630234511
LU2,LU2_40_24,4250,LU2_2024,0.7394776505513136
LU2,LU2_38_24,4250,LU2_2024,0.7612932579564493
LU2,LU2_137_24,4250,LU2_2024,0.7392626727386934
LU2,LU2_47_24,4250,LU2_2024,0.7585598759541996
LU2,LU2_26_24,4250,LU2_2024,0.7689168002136757
LU2,LU2_H26_24,4250,LU2_2024,0.7509209031357386
LU2,LU2_29_24,4250,LU2_2024,0.7517962382779195
LU2,LU2_K26_24,4250,LU2_2024,0.7511303586497885
LU2,LU2_100_24,4250,LU2_2024,0.7333301318565395
LU2,LU2_30_24,4250,LU2_2024,0.749860289763114
LU2,LU2_33_24,4250,LU2_2024,0.7636532302188549
LU2,LU2_M25_24,4250,LU2_2024,0.7588142131979692
LU8,LU8_N19_24,4250,LU8_2024,0.7570757607398574
LU8,LU8_M19_24,4250,LU8_2024,0.757699826801267
LU8,LU8_N20_24,4250,LU8_2024,0.7172476330203436
LU8,LU8_O20_24,4250,LU8_2024,0.6308720863166274
LU8,LU8_N18_24,4250,LU8_2024,0.7255788791364004
LU8,LU8_S25_24,4250,LU8_2024,0.7133253124999993
LU8,LU8_AC29_24,4250,LU8_2024,0.67307269736842
LU8,LU8_AC28_24,4250,LU8_2024,0.659340325956938
LU8,LU8_AB29_24,4250,LU8_2024,0.6731097238600633
LU8,LU8_AC30_24,4250,LU8_2024,0.6832999602227529
LU8,LU8_T25_24,4250,LU8_2024,0.6738809728820269
LU8,LU8_S24_24,4250,LU8_2024,0.6857143501984124
LU8,LU8_AE29_24,4250,LU8_2024,0.6198927857713821
LU8,LU8_AD29_24,4250,LU8_2024,0.6296656774580337
LU8,LU8_AD28_24,4250,LU8_2024,0.6314054186460816
LU8,LU8_AD27_24,4250,LU8_2024,0.6296032795055823
LU8,LU8_AC24_24,4250,LU8_2024,0.5943999850835326
LU8,LU8_AC25_24,4250,LU8_2024,0.6202601083929996
LU8,LU8_AC31_24,4250,LU8_2024,0.6742226169064751
LU8,LU8_AB31_24,4250,LU8_2024,0.6896805803571432
LU2,LU2_3,4500,LU2_2021,0.7631656795747912
LU2,LU2_5,4500,LU2_2021,0.6683624342918257
LU2,LU2_100,4500,LU2_2021,0.7334111943815993
LU2,LU2_101,4500,LU2_2021,0.6596602777481503
LU2,LU2_106,4500,LU2_2021,0.7243171738653762
LU2,LU2_110,4500,LU2_2021,0.7670598911411414
LU2,LU2_119,4500,LU2_2021,0.7363925018768774
LU2,LU2_123,4500,LU2_2021,0.748848356009071
LU2,LU2_13,4500,LU2_2021,0.7567538636363632
LU2,LU2_137,4500,LU2_2021,0.7399515435606061
LU2,LU2_143,4500,LU2_2021,0.7715404687500002
LU2,LU2_15,4500,LU2_2021,0.7716729355631141
LU2,LU2_153,4500,LU2_2021,0.7156694889592993
LU2,LU2_155,4500,LU2_2021,0.7692877806316587
LU2,LU2_17,4500,LU2_2021,0.7642245757055687
LU2,LU2_18,4500,LU2_2021,0.769482062547241
LU2,LU2_20,4500,LU2_2021,0.7452619650900895
LU2,LU2_21,4500,LU2_2021,0.7413371559200599
LU2,LU2_24,4500,LU2_2021,0.7354857646726861
LU2,LU2_25,4500,LU2_2021,0.753564039855074
LU2,LU2_26,4500,LU2_2021,0.769235734304933
LU2,LU2_27,4500,LU2_2021,0.7505162718765602
LU2,LU2_29,4500,LU2_2021,0.7517888541666671
LU2,LU2_30,4500,LU2_2021,0.7499479547184181
LU2,LU2_31,4500,LU2_2021,0.7395355146768623
LU2,LU2_32,4500,LU2_2021,0.6907648420706314
LU2,LU2_33,4500,LU2_2021,0.7633507423371645
LU2,LU2_34,4500,LU2_2021,0.7069910579646921
LU2,LU2_36,4500,LU2_2021,0.7717893560606067
LU2,LU2_38,4500,LU2_2021,0.7610391061980344
LU2,LU2_39,4500,LU2_2021,0.7646570411985023
LU2,LU2_40,4500,LU2_2021,0.7397411540632046
LU2,LU2_42,4500,LU2_2021,0.7693204931972795
LU2,LU2_44,4500,LU2_2021,0.7699880818318323
LU2,LU2_46,4500,LU2_2021,0.7393397955660621
LU2,LU2_47,4500,LU2_2021,0.7563102718609869
LU2,LU2_50,4500,LU2_2021,0.7272682539616251
LU2,LU2_51,4500,LU2_2021,0.702973346407117
LU2,LU2_52,4500,LU2_2021,0.7741797275641018
LU2,LU2_54,4500,LU2_2021,0.7544489749183199
LU2,LU2_56,4500,LU2_2021,0.7477714932789585
LU2,LU2_57,4500,LU2_2021,0.7043937431470575
LU3,LU3_5,4500,LU3_2021,0.7051567880794699
LU3,LU3_7,4500,LU3_2021,0.6940183333333346
LU3,LU3_10,4500,LU3_2021,0.6906360971290086
LU3,LU3_102,4500,LU3_2021,0.7060585861423224
LU3,LU3_103,4500,LU3_2021,0.7113856522542502
LU3,LU3_106,4500,LU3_2021,0.6979951342508671
LU3,LU3_111,4500,LU3_2021,0.694508027313691
LU3,LU3_126,4500,LU3_2021,0.7008068148148139
LU3,LU3_129,4500,LU3_2021,0.6499471729490022
LU3,LU3_13,4500,LU3_2021,0.6957014480568016
LU3,LU3_131,4500,LU3_2021,0.7120515438988095
LU3,LU3_137,4500,LU3_2021,0.6981190750915751
LU3,LU3_14,4500,LU3_2021,0.6935478006681519
LU3,LU3_147,4500,LU3_2021,0.6788659428359316
LU3,LU3_15,4500,LU3_2021,0.6841422824074074
LU3,LU3_17,4500,LU3_2021,0.6863041620473029
LU3,LU3_18,4500,LU3_2021,0.68996712398374
LU3,LU3_19,4500,LU3_2021,0.6826853050595244
LU3,LU3_20,4500,LU3_2021,0.6836201808351983
LU3,LU3_21,4500,LU3_2021,0.6910525251116076
LU3,LU3_25,4500,LU3_2021,0.6695569754464291
LU3,LU3_27,4500,LU3_2021,0.6811118008948546
LU3,LU3_28,4500,LU3_2021,0.6540003198099409
LU3,LU3_32,4500,LU3_2021,0.6980111360239158
LU3,LU3_36,4500,LU3_2021,0.6846456445291008
LU3,LU3_38,4500,LU3_2021,0.686656750936329
LU3,LU3_39,4500,LU3_2021,0.6935704899267401
LU3,LU3_40,4500,LU3_2021,0.7045746605282737
LU3,LU3_41,4500,LU3_2021,0.7023139468864471
LU3,LU3_44,4500,LU3_2021,0.6925803307464901
LU3,LU3_45,4500,LU3_2021,0.6997550389755024
LU3,LU3_46,4500,LU3_2021,0.6913542738627891
LU3,LU3_48,4500,LU3_2021,0.6915290967561529
LU3,LU3_50,4500,LU3_2021,0.687381717592592
LU3,LU3_51,4500,LU3_2021,0.6601071335565472
LU3,LU3_52,4500,LU3_2021,0.6491071764484568
LU3,LU3_49,4500,LU3_2021,0.6954397228422621
LU13,LU13_18,4500,LU13_2022,0.5699197375541131
LU13,LU13_15,4500,LU13_2022,0.6381055199430201
LU13,LU13_3,4500,LU13_2022,0.6716185407763534
LU13,LU13_34,4500,LU13_2022,0.6656384905828007
LU13,LU13_57,4500,LU13_2022,0.6824617549964302
LU13,LU13_16,4500,LU13_2022,0.5948198072139299
LU13,LU13_21,4500,LU13_2022,0.5332129175646564
LU13,LU13_37,4500,LU13_2022,0.6810960608493919
LU13,LU13_55,4500,LU13_2022,0.6991661614806856
LU13,LU13_47,4500,LU13_2022,0.7135386480496458
LU13,LU13_51,4500,LU13_2022,0.7155549069148934
LU13,LU13_27,4500,LU13_2022,0.714103418458782
LU13,LU13_5,4500,LU13_2022,0.7181485844017095
LU13,LU13_26,4500,LU13_2022,0.7123160363018594
LU13,LU13_35,4500,LU13_2022,0.6652639734686613
LU13,LU13_13,4500,LU13_2022,0.7080227774784471
LU13,LU13_128,4500,LU13_2022,0.702430659271283
LU13,LU13_131,4500,LU13_2022,0.6987050916138114
LU13,LU13_12,4500,LU13_2022,0.6897194696162038
LU13,LU13_33,4500,LU13_2022,0.6817912704772066
LU13,LU13_32,4500,LU13_2022,0.6583422471202293
LU13,LU13_30,4500,LU13_2022,0.6217444488960102
LU13,LU13_53,4500,LU13_2022,0.7058339560931893
LU13,LU13_22,4500,LU13_2022,0.7173746705840454
LU13,LU13_19,4500,LU13_2022,0.7182678634751768
LU13,LU13_45,4500,LU13_2022,0.7198592123769335
LU13,LU13_8,4500,LU13_2022,0.7212449290780144
LU13,LU13_43,4500,LU13_2022,0.7206751568100369
LU13,LU13_41,4500,LU13_2022,0.7218115631691646
LU13,LU13_59,4500,LU13_2022,0.7077651376967091
LU13,LU13_6,4500,LU13_2022,0.7158888666310533
LU13,LU13_14,4500,LU13_2022,0.7203489849290775
LU13,LU13_52,4500,LU13_2022,0.666438962383009
LU13,LU13_36,4500,LU13_2022,0.6811119991134738
LU13,LU13_38,4500,LU13_2022,0.6896712695868936
LU13,LU13_20,4500,LU13_2022,0.7146603011727086
LU13,LU13_17,4500,LU13_2022,0.7149944266381764
LU13,LU13_56,4500,LU13_2022,0.7127656095187549
LU13,LU13_49,4500,LU13_2022,0.7099461559139781
LU13,LU13_70,4500,LU13_2022,0.696534361471861
LU13,LU13_11,4500,LU13_2022,0.7017092268223639
LU15,LU15_44,4500,LU15_2022,0.7064066912299858
LU15,LU15_11,4500,LU15_2022,0.7081768604439594
LU15,LU15_19,4500,LU15_2022,0.7069226157913929
LU15,LU15_7,4500,LU15_2022,0.7277982913011702
LU15,LU15_34,4500,LU15_2022,0.7116137198464908
LU15,LU15_37,4500,LU15_2022,0.6935051788307929
LU15,LU15_18,4500,LU15_2022,0.7137130185589521
LU15,LU15_43,4500,LU15_2022,0.7067701768781914
LU15,LU15_10,4500,LU15_2022,0.7141703830058224
LU15,LU15_58,4500,LU15_2022,0.719359841485507
LU15,LU15_8,4500,LU15_2022,0.7102138949671776
LU15,LU15_12,4500,LU15_2022,0.7006003812636165
LU15,LU15_17,4500,LU15_2022,0.7089334108315107
LU15,LU15_1,4500,LU15_2022,0.6893126147209979
LU15,LU15_26,4500,LU15_2022,0.6904872573260072
LU15,LU15_27,4500,LU15_2022,0.6898199058845024
LU15,LU15_28,4500,LU15_2022,0.6926025366300365
LU15,LU15_2,4500,LU15_2022,0.69354606077147
LU15,LU15_29,4500,LU15_2022,0.6942724516776069
LU15,LU15_30,4500,LU15_2022,0.6959502207505516
LU15,LU15_31,4500,LU15_2022,0.6976960181079084
LU15,LU15_32,4500,LU15_2022,0.6997343289085548
LU15,LU15_20,4500,LU15_2022,0.714561038901181
LU15,LU15_21,4500,LU15_2022,0.732190688405798
LU15,LU15_23,4500,LU15_2022,0.720141429613421
LU15,LU15_41,4500,LU15_2022,0.7186287280701751
LU15,LU15_25,4500,LU15_2022,0.7209489241429616
LU15,LU15_9,4500,LU15_2022,0.7271817822052405
LU15,LU15_24,4500,LU15_2022,0.7216699690684145
LU15,LU15_46,4500,LU15_2022,0.7288277233115474
LU15,LU15_40,4500,LU15_2022,0.7084097343522571
LU15,LU15_16,4500,LU15_2022,0.7098053388278394
LU15,LU15_4,4500,LU15_2022,0.6974750272925773
LU15,LU15_36,4500,LU15_2022,0.7010729075091584
LU15,LU15_3,4500,LU15_2022,0.714868213245997
LU15,LU15_15,4500,LU15_2022,0.7159699063876658
LU15,LU15_14,4500,LU15_2022,0.7085877171101262
LU15,LU15_22,4500,LU15_2022,0.7253734023238922
LU15,LU15_61,4500,LU15_2022,0.7204356753510708
LU21,LU21_106,4500,LU21_2022,0.6951105706521745
LU21,LU21_10,4500,LU21_2022,0.6732741259057976
LU21,LU21_16,4500,LU21_2022,0.6503640803062675
LU21,LU21_107,4500,LU21_2022,0.6925100905797102
LU21,LU21_41,4500,LU21_2022,0.6709013344226581
LU21,LU21_63,4500,LU21_2022,0.6568262499999992
LU21,LU21_27,4500,LU21_2022,0.6609186469534045
LU21,LU21_23,4500,LU21_2022,0.672241671166307
LU21,LU21_21,4500,LU21_2022,0.6765629022053518
LU21,LU21_82,4500,LU21_2022,0.7062182574114246
LU21,LU21_871,4500,LU21_2022,0.687767077020202
LU21,LU21_164,4500,LU21_2022,0.6517050362318842
LU21,LU21_36,4500,LU21_2022,0.6622512671356421
LU21,LU21_14,4500,LU21_2022,0.6580921366594352
LU21,LU21_32,4500,LU21_2022,0.6767293474331165
LU21,LU21_126,4500,LU21_2022,0.669095018115941
LU21,LU21_122,4500,LU21_2022,0.6704394021739131
LU21,LU21_56,4500,LU21_2022,0.6850716829356485
LU21,LU21_57,4500,LU21_2022,0.6794437184343448
LU21,LU21_9,4500,LU21_2022,0.6732936596167751
LU21,LU21_98,4500,LU21_2022,0.7135359611231111
LU21,LU21_119,4500,LU21_2022,0.6887960628149752
LU21,LU21_52,4500,LU21_2022,0.7061872750179985
LU21,LU21_59,4500,LU21_2022,0.67909385007278
LU21,LU21_68,4500,LU21_2022,0.6661326509399863
LU21,LU21_109,4500,LU21_2022,0.6903612509018758
LU21,LU21_93,4500,LU21_2022,0.6900553815694747
LU21,LU21_114,4500,LU21_2022,0.7367736322463759
LU21,LU21_105,4500,LU21_2022,0.7193867295769506
LU21,LU21_100,4500,LU21_2022,0.7070572668112797
LU21,LU21_74,4500,LU21_2022,0.7123519164862923
LU21,LU21_78,4500,LU21_2022,0.7191714130434789
LU21,LU21_153,4500,LU21_2022,0.7251186279826463
LU21,LU21_6,4500,LU21_2022,0.7274345714546779
LU21,LU21_116,4500,LU21_2022,0.7032146382783884
LU21,LU21_97,4500,LU21_2022,0.6791549197330448
LU1,LU1_13,4500,LU1_2022,0.6933538095688612
LU1,LU1_30,4500,LU1_2022,0.7151163757507517
LU1,LU1_85,4500,LU1_2022,0.7003742309843402
LU1,LU1_66,4500,LU1_2022,0.697392357954545
LU1,LU1_76,4500,LU1_2022,0.6906617252456531
LU1,LU1_73,4500,LU1_2022,0.6946174544419126
LU1,LU1_75,4500,LU1_2022,0.6945312594482237
LU1,LU1_47,4500,LU1_2022,0.6374954892533943
LU1,LU1_74,4500,LU1_2022,0.6653857781571111
LU1,LU1_44,4500,LU1_2022,0.651768082386364
LU1,LU1_41,4500,LU1_2022,0.6151542931890498
LU1,LU1_64,4500,LU1_2022,0.6946693090596323
LU1,LU1_86,4500,LU1_2022,0.6795426800527903
LU1,LU1_79,4500,LU1_2022,0.6772667045454537
LU1,LU1_63,4500,LU1_2022,0.681582767313546
LU1,LU1_72,4500,LU1_2022,0.692677453492787
LU1,LU1_67,4500,LU1_2022,0.7041776502267578
LU1,LU1_77,4500,LU1_2022,0.6834253194126623
LU1,LU1_32,4500,LU1_2022,0.7057445588788557
LU1,LU1_36,4500,LU1_2022,0.7056387670842823
LU1,LU1_84,4500,LU1_2022,0.7111797272047836
LU1,LU1_25,4500,LU1_2022,0.6831148342803025
LU1,LU1_83,4500,LU1_2022,0.711479980248307
LU1,LU1_80,4500,LU1_2022,0.694608220466516
LU1,LU1_70,4500,LU1_2022,0.6993656487823438
LU1,LU1_48,4500,LU1_2022,0.6628803542447699
LU1,LU1_45,4500,LU1_2022,0.6578986768365053
LU1,LU1_11,4500,LU1_2022,0.6676488197629967
LU1,LU1_40,4500,LU1_2022,0.7281194460120388
LU1,LU1_6,4500,LU1_2022,0.6957478739336606
LU1,LU1_10,4500,LU1_2022,0.7349644882039563
LU1,LU1_43,4500,LU1_2022,0.6524801607686457
LU1,LU1_71,4500,LU1_2022,0.6422041666666674
LU1,LU1_22,4500,LU1_2022,0.6534490983295369
LU1,LU1_60,4500,LU1_2022,0.6732414777021924
LU1,LU1_78,4500,LU1_2022,0.6771954601284951
LU1,LU1_46,4500,LU1_2022,0.6446196381330318
LU1,LU1_82,4500,LU1_2022,0.7217567293090358
LU1,LU1_27,4500,LU1_2022,0.6970916524621206
LU9,LU9_5,4500,LU9_2023,0.5375121767345651
LU9,LU9_6,4500,LU9_2023,0.6199745998412446
LU9,LU9_7,4500,LU9_2023,0.6652087900072369
LU9,LU9_8,4500,LU9_2023,0.6889667937632501
LU9,LU9_100,4500,LU9_2023,0.6846500599188795
LU9,LU9_102,4500,LU9_2023,0.7396369551282052
LU9,LU9_106,4500,LU9_2023,0.6978221108058615
LU9,LU9_112,4500,LU9_2023,0.6826943413391556
LU9,LU9_113,4500,LU9_2023,0.6820805206053967
LU9,LU9_12,4500,LU9_2023,0.668158280328362
LU9,LU9_13,4500,LU9_2023,0.7443935163331934
LU9,LU9_18,4500,LU9_2023,0.679708450315629
LU9,LU9_21,4500,LU9_2023,0.7068474893745017
LU9,LU9_24,4500,LU9_2023,0.734943381268436
LU9,LU9_28,4500,LU9_2023,0.7281620714806701
LU9,LU9_29,4500,LU9_2023,0.7302442834804997
LU9,LU9_30,4500,LU9_2023,0.7354761533552148
LU9,LU9_31,4500,LU9_2023,0.7370278628738144
LU9,LU9_32,4500,LU9_2023,0.7355571580014755
LU9,LU9_33,4500,LU9_2023,0.7385584837709707
LU9,LU9_39,4500,LU9_2023,0.7004756586322871
LU9,LU9_41,4500,LU9_2023,0.7419109694809938
LU9,LU9_44,4500,LU9_2023,0.6935570530469892
LU9,LU9_51,4500,LU9_2023,0.6934888118994826
LU9,LU9_55,4500,LU9_2023,0.6962903355215171
LU9,LU9_57,4500,LU9_2023,0.6829352197802198
LU9,LU9_62,4500,LU9_2023,0.7402492386943836
LU9,LU9_63,4500,LU9_2023,0.7394230779867264
LU9,LU9_64,4500,LU9_2023,0.7375168418141601
LU9,LU9_65,4500,LU9_2023,0.715078515051395
LU9,LU9_67,4500,LU9_2023,0.6798477899774777
LU9,LU9_68,4500,LU9_2023,0.6810293818681321
LU9,LU9_72,4500,LU9_2023,0.7328171169941778
LU9,LU9_73,4500,LU9_2023,0.7171976755822425
LU9,LU9_75,4500,LU9_2023,0.6955935448577681
LU9,LU9_76,4500,LU9_2023,0.6857937545587158
LU9,LU9_77,4500,LU9_2023,0.6820891629297456
LU9,LU9_79,4500,LU9_2023,0.7406423915025525
LU9,LU9_80,4500,LU9_2023,0.7349646534005975
LU9,LU9_81,4500,LU9_2023,0.7033584027777778
LU9,LU9_82,4500,LU9_2023,0.6925958562775326
LU9,LU9_85,4500,LU9_2023,0.7427438867614878
LU9,LU9_86,4500,LU9_2023,0.7087761059104258
LU9,LU9_87,4500,LU9_2023,0.6845526739926754
LU9,LU9_90,4500,LU9_2023,0.6861196840659346
LU9,LU9_93,4500,LU9_2023,0.7426859856828191
LU9,LU9_94,4500,LU9_2023,0.7437011104992662
LU9,LU9_96,4500,LU9_2023,0.7140529057017552
LU9,LU9_98,4500,LU9_2023,0.7032870897861364
LU9,LU9_27,4500,LU9_2023,0.7153531249999997
LU14,LU14_3,4500,LU14_2023,0.7036027553763441
LU14,LU14_7,4500,LU14_2023,0.6950192184154184
LU14,LU14_8,4500,LU14_2023,0.6990086072198275
LU14,LU14_9,4500,LU14_2023,0.6992443490700997
LU14,LU14_100,4500,LU14_2023,0.7173933500351612
LU14,LU14_102,4500,LU14_2023,0.7344423789173792
LU14,LU14_105,4500,LU14_2023,0.7233977216312049
LU14,LU14_110,4500,LU14_2023,0.7083547151450804
LU14,LU14_114,4500,LU14_2023,0.7139438826963904
LU14,LU14_115,4500,LU14_2023,0.7143329816595443
LU14,LU14_120,4500,LU14_2023,0.7158944873845081
LU14,LU14_121,4500,LU14_2023,0.7032625801282054
LU14,LU14_131,4500,LU14_2023,0.7100658820921979
LU14,LU14_135,4500,LU14_2023,0.6913389375442318
LU14,LU14_16,4500,LU14_2023,0.7039536435979974
LU14,LU14_17,4500,LU14_2023,0.7101832345545978
LU14,LU14_19,4500,LU14_2023,0.6983379157725309
LU14,LU14_20,4500,LU14_2023,0.6978183849715105
LU14,LU14_250,4500,LU14_2023,0.734957632978724
LU14,LU14_30,4500,LU14_2023,0.7209243423375714
LU14,LU14_31,4500,LU14_2023,0.7123903060314064
LU14,LU14_33,4500,LU14_2023,0.7129662292568539
LU14,LU14_37,4500,LU14_2023,0.7265835028551034
LU14,LU14_47,4500,LU14_2023,0.7304935278962339
LU14,LU14_48,4500,LU14_2023,0.732058856402004
LU14,LU14_49,4500,LU14_2023,0.7317680570457803
LU14,LU14_51,4500,LU14_2023,0.7415334241103848
LU14,LU14_54,4500,LU14_2023,0.713827632978724
LU14,LU14_56,4500,LU14_2023,0.7318936968085106
LU14,LU14_57,4500,LU14_2023,0.7251871818996424
LU14,LU14_61,4500,LU14_2023,0.703484658687944
LU14,LU14_62,4500,LU14_2023,0.7259272840827979
LU14,LU14_63,4500,LU14_2023,0.692939337446352
LU14,LU14_66,4500,LU14_2023,0.6873440238864938
LU14,LU14_70,4500,LU14_2023,0.7123887768817196
LU14,LU14_71,4500,LU14_2023,0.7187049075071837
LU14,LU14_72,4500,LU14_2023,0.7156734275053307
LU14,LU14_74,4500,LU14_2023,0.716563745471015
LU14,LU14_76,4500,LU14_2023,0.727597042291221
LU14,LU14_78,4500,LU14_2023,0.7405624507168442
LU14,LU14_80,4500,LU14_2023,0.6993618338698152
LU14,LU14_84,4500,LU14_2023,0.7155562544045094
LU14,LU14_85,4500,LU14_2023,0.7023127458869817
LU14,LU14_86,4500,LU14_2023,0.7317555466524214
LU14,LU14_88,4500,LU14_2023,0.7216865804904053
LU14,LU14_91,4500,LU14_2023,0.7080222266737896
LU14,LU14_92,4500,LU14_2023,0.710049235232067
LU14,LU14_96,4500,LU14_2023,0.7261950221631194
LU14,LU14_97,4500,LU14_2023,0.707985173905367
LU14,LU14_75,4500,LU14_2023,0.7044328535891968
LU16,LU16_2,4500,LU16_2023,0.6781292108050847
LU16,LU16_3,4500,LU16_2023,0.6756254483122366
LU16,LU16_15,4500,LU16_2023,0.6674269683297949
LU16,LU16_20,4500,LU16_2023,0.6932774633404862
LU16,LU16_200,4500,LU16_2023,0.6253665394736836
LU16,LU16_201,4500,LU16_2023,0.6736971010638292
LU16,LU16_202,4500,LU16_2023,0.6706593882415263
LU16,LU16_203,4500,LU16_2023,0.6640850035536604
LU16,LU16_22,4500,LU16_2023,0.6719332269503547
LU16,LU16_23,4500,LU16_2023,0.7046644628836544
LU16,LU16_24,4500,LU16_2023,0.714631948867657
LU16,LU16_25,4500,LU16_2023,0.692975336879433
LU16,LU16_26,4500,LU16_2023,0.6750547739361706
LU16,LU16_270,4500,LU16_2023,0.6131830998942915
LU16,LU16_28,4500,LU16_2023,0.6825718262411338
LU16,LU16_300,4500,LU16_2023,0.6699561746453906
LU16,LU16_301,4500,LU16_2023,0.6652945103727149
LU16,LU16_302,4500,LU16_2023,0.6619099058280029
LU16,LU16_303,4500,LU16_2023,0.6625655898382565
LU16,LU16_313,4500,LU16_2023,0.7060584392655368
LU16,LU16_314,4500,LU16_2023,0.6714183638649425
LU16,LU16_36,4500,LU16_2023,0.6806684182590228
LU16,LU16_37,4500,LU16_2023,0.6668617549964309
LU16,LU16_49,4500,LU16_2023,0.5574667112776588
LU16,LU16_52,4500,LU16_2023,0.5891305332977212
LU16,LU16_54,4500,LU16_2023,0.6216097177990101
LU16,LU16_55,4500,LU16_2023,0.6079283175770314
LU16,LU16_57,4500,LU16_2023,0.6242649824561409
LU16,LU16_58,4500,LU16_2023,0.6132185138457561
LU16,LU16_60,4500,LU16_2023,0.5977456631058057
LU16,LU16_62,4500,LU16_2023,0.5877502769231573
LU16,LU16_63,4500,LU16_2023,0.6137719537815122
LU16,LU16_64,4500,LU16_2023,0.5917473390935376
LU16,LU16_67,4500,LU16_2023,0.6219427568855926
LU16,LU16_68,4500,LU16_2023,0.5612423003154586
LU16,LU16_69,4500,LU16_2023,0.5541076416814021
LU16,LU16_70,4500,LU16_2023,0.5901443886539811
LU16,LU16_71,4500,LU16_2023,0.5714599200070315
LU16,LU16_72,4500,LU16_2023,0.6220023349223156
LU16,LU16_73,4500,LU16_2023,0.6057656490216629
LU16,LU16_74,4500,LU16_2023,0.5962032618290961
LU16,LU16_75,4500,LU16_2023,0.5873855805273226
LU16,LU16_77,4500,LU16_2023,0.548264185536167
LU16,LU16_80,4500,LU16_2023,0.5625117876139812
LU16,LU16_81,4500,LU16_2023,0.5547037644332602
LU16,LU16_83,4500,LU16_2023,0.6216882427918414
LU16,LU16_84,4500,LU16_2023,0.6155328475140049
LU16,LU16_85,4500,LU16_2023,0.6011257867440217
LU16,LU16_88,4500,LU16_2023,0.5695792792688387
LU22,LU22_110,4500,LU22_2023,0.7422430733618235
LU22,LU22_48,4500,LU22_2023,0.7420283205967968
LU22,LU22_107,4500,LU22_2023,0.7419627963362075
LU22,LU22_49,4500,LU22_2023,0.7560095833333327
LU22,LU22_103,4500,LU22_2023,0.7481356675627252
LU22,LU22_44,4500,LU22_2023,0.7588947554347827
LU22,LU22_21,4500,LU22_2023,0.7725859978540771
LU22,LU22_15,4500,LU22_2023,0.7699458919552669
LU22,LU22_50,4500,LU22_2023,0.7356245171673821
LU22,LU22_38,4500,LU22_2023,0.7389039587756546
LU22,LU22_22,4500,LU22_2023,0.7669380456349206
LU22,LU22_85,4500,LU22_2023,0.7268526804956894
LU22,LU22_33,4500,LU22_2023,0.7598229976601882
LU22,LU22_34,4500,LU22_2023,0.75221129220546
LU22,LU22_11,4500,LU22_2023,0.7220539131968274
LU22,LU22_29,4500,LU22_2023,0.7595147840827987
LU22,LU22_86,4500,LU22_2023,0.7193176636266089
LU22,LU22_80,4500,LU22_2023,0.7101278299356201
LU22,LU22_17,4500,LU22_2023,0.7650122930165585
LU22,LU22_35,4500,LU22_2023,0.7520005844039979
LU22,LU22_63,4500,LU22_2023,0.7006275985663084
LU22,LU22_30,4500,LU22_2023,0.7606519708423327
LU22,LU22_4,4500,LU22_2023,0.7046012319604756
LU22,LU22_36,4500,LU22_2023,0.7391487973891273
LU22,LU22_76,4500,LU22_2023,0.6993538268955655
LU22,LU22_5,4500,LU22_2023,0.7181258689651767
LU22,LU22_87,4500,LU22_2023,0.7071200296336191
LU22,LU22_25,4500,LU22_2023,0.7581352186825047
LU22,LU22_89,4500,LU22_2023,0.7223903997144906
LU22,LU22_18,4500,LU22_2023,0.761038768898488
LU22,LU22_32,4500,LU22_2023,0.7421488146551722
LU22,LU22_8,4500,LU22_2023,0.761421417025862
LU22,LU22_6,4500,LU22_2023,0.7578935618279574
LU22,LU22_81,4500,LU22_2023,0.7293503059755214
LU22,LU22_7,4500,LU22_2023,0.7617406340187588
LU22,LU22_69,4500,LU22_2023,0.7234016765021473
LU22,LU22_70,4500,LU22_2023,0.7434395250896079
LU22,LU22_82,4500,LU22_2023,0.7485723328025482
LU22,LU22_94,4500,LU22_2023,0.7515364583333337
LU22,LU22_101,4500,LU22_2023,0.7462916038074708
LU22,LU22_71,4500,LU22_2023,0.7499575214132783
LU22,LU22_77,4500,LU22_2023,0.7507275703463215
LU22,LU22_72,4500,LU22_2023,0.750879735252311
LU22,LU22_65,4500,LU22_2023,0.7542909318996415
LU22,LU22_60,4500,LU22_2023,0.7571767465876429
LU22,LU22_61,4500,LU22_2023,0.7617283574749629
LU22,LU22_53,4500,LU22_2023,0.7583242242907793
LU22,LU22_46,4500,LU22_2023,0.7560154051172713
LU22,LU22_40,4500,LU22_2023,0.7507680792466238
LU22,LU22_47,4500,LU22_2023,0.7552723336948671
LU4,LU4_N15_24,4500,LU4_2024,0.6870678659713553
LU4,LU4_M14_24,4500,LU4_2024,0.6899608869998075
LU4,LU4_J14_24,4500,LU4_2024,0.6699597393179034
LU4,LU4_J15_24,4500,LU4_2024,0.6689396453340614
LU4,LU4_I12_24,4500,LU4_2024,0.6617940540929937
LU4,LU4_I13_24,4500,LU4_2024,0.6642848768155437
LU4,LU4_Q10_24,4500,LU4_2024,0.7230169265134921
LU4,LU4_O10_24,4500,LU4_2024,0.7187830586080581
LU4,LU4_R7_24,4500,LU4_2024,0.7179060032894733
LU4,LU4_R9_24,4500,LU4_2024,0.7195361800956589
LU4,LU4_T8_24,4500,LU4_2024,0.7240134887785139
LU4,LU4_O16_24,4500,LU4_2024,0.6764168128072647
LU4,LU4_J26_24,4500,LU4_2024,0.6860276705816566
LU4,LU4_K25_24,4500,LU4_2024,0.690003248355263
LU4,LU4_L23_24,4500,LU4_2024,0.7083351800296961
LU4,LU4_H26_24,4500,LU4_2024,0.6913303532008843
LU4,LU4_K23_24,4500,LU4_2024,0.6958963116261949
LU4,LU4_J21_24,4500,LU4_2024,0.7228710034952166
LU4,LU4_I21_24,4500,LU4_2024,0.7202536515820452
LU4,LU4_N30_24,4500,LU4_2024,0.7028532546296291
LU4,LU4_O23_24,4500,LU4_2024,0.6869311991100735
LU4,LU4_O22_24,4500,LU4_2024,0.7027140717231621
LU4,LU4_L18_24,4500,LU4_2024,0.6932783112975675
LU4,LU4_L17_24,4500,LU4_2024,0.6750405616847636
LU4,LU4_K17_24,4500,LU4_2024,0.678414070532431
LU4,LU4_K19_24,4500,LU4_2024,0.7104164156333876
LU4,LU4_I22_24,4500,LU4_2024,0.7151995416666672
LU4,LU4_Q20_24,4500,LU4_2024,0.6866897912309398
LU4,LU4_V25_24,4500,LU4_2024,0.6952780656067243
LU4,LU4_P22_24,4500,LU4_2024,0.6910897811151302
LU4,LU4_O21_24,4500,LU4_2024,0.7033036216078794
LU4,LU4_P17_24,4500,LU4_2024,0.668633129076522
LU4,LU4_Q16_24,4500,LU4_2024,0.6875921921091449
LU4,LU4_V19_24,4500,LU4_2024,0.6977542772861357
LU4,LU4_O17_24,4500,LU4_2024,0.673985081581688
LU4,LU4_W19_24,4500,LU4_2024,0.7007625689845467
LU4,LU4_Y25_24,4500,LU4_2024,0.7133231014412428
LU4,LU4_S17_24,4500,LU4_2024,0.6876359057295851
LU4,LU4_S18_24,4500,LU4_2024,0.6796772118468886
LU4,LU4_R14_24,4500,LU4_2024,0.6982250831485589
LU4,LU4_V17_24,4500,LU4_2024,0.6838745288248329
LU4,LU4_U15_24,4500,LU4_2024,0.6892095382634296
LU4,LU4_M12_24,4500,LU4_2024,0.7065037169603526
LU4,LU4_O13_24,4500,LU4_2024,0.7164732155997066
LU4,LU4_P15_24,4500,LU4_2024,0.6970917496312685
LU4,LU4_E15_24,4500,LU4_2024,0.6748727521868156
LU4,LU4_G17_24,4500,LU4_2024,0.6821325927104139
LU4,LU4_G13_24,4500,LU4_2024,0.6701448329257491
LU4,LU4_G12_24,4500,LU4_2024,0.6694619151522423
LU4,LU4_F14_24,4500,LU4_2024,0.669175195824822
LU3,LU3_102_24,4500,LU3_2024,0.7059766452274426
LU3,LU3_5_24,4500,LU3_2024,0.7051830671806164
LU3,LU3_103_24,4500,LU3_2024,0.7113762260324488
LU3,LU3_131_24,4500,LU3_2024,0.7120515438988095
LU3,LU3_39_24,4500,LU3_2024,0.6937608967188666
LU3,LU3_18_24,4500,LU3_2024,0.6898472314814816
LU3,LU3_20_24,4500,LU3_2024,0.6837496930803578
LU3,LU3_19_24,4500,LU3_2024,0.6826853050595244
LU3,LU3_111_24,4500,LU3_2024,0.694508027313691
LU3,LU3_AB21_24,4500,LU3_2024,0.7152477247191008
LU3,LU3_27_24,4500,LU3_2024,0.6811118008948546
LU3,LU3_36_24,4500,LU3_2024,0.6848876526901722
LU3,LU3_40_24,4500,LU3_2024,0.7045564695440955
LU3,LU3_41_24,4500,LU3_2024,0.7023139468864471
LU3,LU3_52_24,4500,LU3_2024,0.6493051285660655
LU3,LU3_15_24,4500,LU3_2024,0.6841759423503326
LU3,LU3_44_24,4500,LU3_2024,0.6925667638888896
LU3,LU3_17_24,4500,LU3_2024,0.6860595046296303
LU3,LU3_147_24,4500,LU3_2024,0.6790654166666666
LU3,LU3_51_24,4500,LU3_2024,0.6612064541573863
LU3,LU3_AH7_24,4500,LU3_2024,0.6966724259259249
LU3,LU3_126_24,4500,LU3_2024,0.7006112962962955
LU3,LU3_129_24,4500,LU3_2024,0.6499471729490022
LU3,LU3_28_24,4500,LU3_2024,0.6538977152014647
LU3,LU3_AH14_24,4500,LU3_2024,0.6824063749999996
LU3,LU3_38_24,4500,LU3_2024,0.6870052685185176
LU3,LU3_13_24,4500,LU3_2024,0.6957014480568016
LU3,LU3_25_24,4500,LU3_2024,0.6695569754464291
LU3,LU3_21_24,4500,LU3_2024,0.6911123144023763
LU3,LU3_AC10_24,4500,LU3_2024,0.6949706091180877
LU3,LU3_46_24,4500,LU3_2024,0.6913542738627891
LU3,LU3_10_24,4500,LU3_2024,0.6905270879940346
LU3,LU3_AE12_24,4500,LU3_2024,0.6943207356770836
LU3,LU3_7_24,4500,LU3_2024,0.6940183333333346
LU3,LU3_14_24,4500,LU3_2024,0.6935069910514547
LU3,LU3_137_24,4500,LU3_2024,0.6980756011380324
LU3,LU3_M20_24,4500,LU3_2024,0.7015202973327732
LU3,LU3_L22_24,4500,LU3_2024,0.6812530884841107
LU3,LU3_J23_24,4500,LU3_2024,0.6782463023401175
LU3,LU3_U6_24,4500,LU3_2024,0.6920303043071164
LU3,LU3_L16_24,4500,LU3_2024,0.6543323841727323
LU3,LU3_N18_24,4500,LU3_2024,0.6993022187967117
LU3,LU3_L15_24,4500,LU3_2024,0.6518462841515165
LU3,LU3_32_24,4500,LU3_2024,0.6980579829970102
LU3,LU3_W7_24,4500,LU3_2024,0.6883848514573997
LU3,LU3_45_24,4500,LU3_2024,0.6999480092592607
LU3,LU3_50_24,4500,LU3_2024,0.687381717592592
LU3,LU3_49_24,4500,LU3_2024,0.6954397228422621
LU3,LU3_Y8_24,4500,LU3_2024,0.6911576251827493
LU3,LU3_48_24,4500,LU3_2024,0.6915290967561529
LU2,LU2_21_24,4500,LU2_2024,0.7413106439393935
LU2,LU2_34_24,4500,LU2_2024,0.7068513828687211
LU2,LU2_O25_24,4500,LU2_2024,0.7600960960960954
LU2,LU2_W21_24,4500,LU2_2024,0.7725344054307122
LU2,LU2_36_24,4500,LU2_2024,0.7717893560606067
LU2,LU2_15_24,4500,LU2_2024,0.7716685704837489
LU2,LU2_13_24,4500,LU2_2024,0.7567538636363632
LU2,LU2_5_24,4500,LU2_2024,0.6684790398222997
LU2,LU2_101_24,4500,LU2_2024,0.6603153883567643
LU2,LU2_32_24,4500,LU2_2024,0.6908963453072506
LU2,LU2_Q24_24,4500,LU2_2024,0.7247671181179246
LU2,LU2_56_24,4500,LU2_2024,0.7478268516086849
LU2,LU2_I15_24,4500,LU2_2024,0.758178726631067
LU2,LU2_L20_24,4500,LU2_2024,0.7415553287981849
LU2,LU2_L46_24,4500,LU2_2024,0.7393397955660621
LU2,LU2_110_24,4500,LU2_2024,0.7670598911411414
LU2,LU2_39_24,4500,LU2_2024,0.7646319538288293
LU2,LU2_17_24,4500,LU2_2024,0.7642648021308985
LU2,LU2_155_24,4500,LU2_2024,0.7692877806316587
LU2,LU2_50_24,4500,LU2_2024,0.7278848968459478
LU2,LU2_O16_24,4500,LU2_2024,0.713583081263743
LU2,LU2_U13_24,4500,LU2_2024,0.7324188051666553
LU2,LU2_44_24,4500,LU2_2024,0.7699880818318323
LU2,LU2_143_24,4500,LU2_2024,0.7716035808767953
LU2,LU2_18_24,4500,LU2_2024,0.7694927554675716
LU2,LU2_52_24,4500,LU2_2024,0.7741786963882611
LU2,LU2_123_24,4500,LU2_2024,0.7490680965909098
LU2,LU2_H16_24,4500,LU2_2024,0.7623548295454545
LU2,LU2_27_24,4500,LU2_2024,0.7505414509035524
LU2,LU2_31_24,4500,LU2_2024,0.7394758288126321
LU2,LU2_3_24,4500,LU2_2024,0.7632253882575757
LU2,LU2_J27_24,4500,LU2_2024,0.7415627844703796
LU2,LU2_E27_24,4500,LU2_2024,0.7490148278781034
LU2,LU2_G25_24,4500,LU2_2024,0.7508777149321278
LU2,LU2_G26_24,4500,LU2_2024,0.750647564752252
LU2,LU2_106_24,4500,LU2_2024,0.7242848718036399
LU2,LU2_20_24,4500,LU2_2024,0.7452619650900895
LU2,LU2_25_24,4500,LU2_2024,0.7534441131498487
LU2,LU2_40_24,4500,LU2_2024,0.7399556500377923
LU2,LU2_38_24,4500,LU2_2024,0.7610386007180646
LU2,LU2_137_24,4500,LU2_2024,0.739950898318043
LU2,LU2_47_24,4500,LU2_2024,0.7563735346441951
LU2,LU2_26_24,4500,LU2_2024,0.769235734304933
LU2,LU2_H26_24,4500,LU2_2024,0.7502966157616902
LU2,LU2_29_24,4500,LU2_2024,0.7519690045248872
LU2,LU2_K26_24,4500,LU2_2024,0.7498966371765603
LU2,LU2_100_24,4500,LU2_2024,0.7334412819069075
LU2,LU2_30_24,4500,LU2_2024,0.7500553585049593
LU2,LU2_33_24,4500,LU2_2024,0.7633140051605503
LU2,LU2_M25_24,4500,LU2_2024,0.7588938936781611
LU8,LU8_N19_24,4500,LU8_2024,0.7518007665945173
LU8,LU8_M19_24,4500,LU8_2024,0.7558205053191491
LU8,LU8_N20_24,4500,LU8_2024,0.7083692620056495
LU8,LU8_O20_24,4500,LU8_2024,0.626951316948555
LU8,LU8_N18_24,4500,LU8_2024,0.7213098625886524
LU8,LU8_S25_24,4500,LU8_2024,0.7085702469793886
LU8,LU8_AC29_24,4500,LU8_2024,0.6691017668776363
LU8,LU8_AC28_24,4500,LU8_2024,0.6557494289793014
LU8,LU8_AB29_24,4500,LU8_2024,0.6737234363894816
LU8,LU8_AC30_24,4500,LU8_2024,0.6797138216845876
LU8,LU8_T25_24,4500,LU8_2024,0.6702920635146624
LU8,LU8_S24_24,4500,LU8_2024,0.6775188566098076
LU8,LU8_AE29_24,4500,LU8_2024,0.6179766277423915
LU8,LU8_AD29_24,4500,LU8_2024,0.6262757494646687
LU8,LU8_AD28_24,4500,LU8_2024,0.6302014601139607
LU8,LU8_AD27_24,4500,LU8_2024,0.6249416224345362
LU8,LU8_AC24_24,4500,LU8_2024,0.5838394678393749
LU8,LU8_AC25_24,4500,LU8_2024,0.6193854432059444
LU8,LU8_AC31_24,4500,LU8_2024,0.6740036879432624
LU8,LU8_AB31_24,4500,LU8_2024,0.6870646503934197
LU2,LU2_3,4750,LU2_2021,0.7595561909581644
LU2,LU2_5,4750,LU2_2021,0.6744443908250296
LU2,LU2_100,4750,LU2_2021,0.7327320934547911
LU2,LU2_101,4750,LU2_2021,0.6670594078684681
LU2,LU2_106,4750,LU2_2021,0.7228428939911679
LU2,LU2_110,4750,LU2_2021,0.76692262389681
LU2,LU2_119,4750,LU2_2021,0.7355226753048785
LU2,LU2_123,4750,LU2_2021,0.7452067673469444
LU2,LU2_13,4750,LU2_2021,0.7520932344489514
LU2,LU2_137,4750,LU2_2021,0.7412846602434073
LU2,LU2_143,4750,LU2_2021,0.7711045089587563
LU2,LU2_15,4750,LU2_2021,0.770666742577598
LU2,LU2_153,4750,LU2_2021,0.7162925572741342
LU2,LU2_155,4750,LU2_2021,0.7691720015182175
LU2,LU2_17,4750,LU2_2021,0.7633550799663298
LU2,LU2_18,4750,LU2_2021,0.7684825336700343
LU2,LU2_20,4750,LU2_2021,0.7441624284511782
LU2,LU2_21,4750,LU2_2021,0.7413467231781375
LU2,LU2_24,4750,LU2_2021,0.7355140266531714
LU2,LU2_25,4750,LU2_2021,0.7511468033063438
LU2,LU2_26,4750,LU2_2021,0.7695961389462811
LU2,LU2_27,4750,LU2_2021,0.7490746855213822
LU2,LU2_29,4750,LU2_2021,0.752340847908094
LU2,LU2_30,4750,LU2_2021,0.7499188640973642
LU2,LU2_31,4750,LU2_2021,0.7337955789981296
LU2,LU2_32,4750,LU2_2021,0.6918507016319004
LU2,LU2_33,4750,LU2_2021,0.7624758831981068
LU2,LU2_34,4750,LU2_2021,0.7023149165720116
LU2,LU2_36,4750,LU2_2021,0.7716168395748993
LU2,LU2_38,4750,LU2_2021,0.7608589490553295
LU2,LU2_39,4750,LU2_2021,0.7642213995943209
LU2,LU2_40,4750,LU2_2021,0.7404518546747961
LU2,LU2_42,4750,LU2_2021,0.768213836875844
LU2,LU2_44,4750,LU2_2021,0.7699951360544225
LU2,LU2_46,4750,LU2_2021,0.7372318725968646
LU2,LU2_47,4750,LU2_2021,0.7539283316291753
LU2,LU2_50,4750,LU2_2021,0.7264114084294485
LU2,LU2_51,4750,LU2_2021,0.6958987503610358
LU2,LU2_52,4750,LU2_2021,0.7723554962737119
LU2,LU2_54,4750,LU2_2021,0.7498324619751263
LU2,LU2_56,4750,LU2_2021,0.744573808287148
LU2,LU2_57,4750,LU2_2021,0.6996174921313124
LU3,LU3_5,4750,LU3_2021,0.7057620707070699
LU3,LU3_7,4750,LU3_2021,0.6956246083333347
LU3,LU3_10,4750,LU3_2021,0.6896106916666669
LU3,LU3_102,4750,LU3_2021,0.7062897837341352
LU3,LU3_103,4750,LU3_2021,0.7107723088531192
LU3,LU3_106,4750,LU3_2021,0.6980772144428785
LU3,LU3_111,4750,LU3_2021,0.6963535518964855
LU3,LU3_126,4750,LU3_2021,0.7003220683632726
LU3,LU3_129,4750,LU3_2021,0.6463251670006678
LU3,LU3_13,4750,LU3_2021,0.693546739311958
LU3,LU3_131,4750,LU3_2021,0.7109704434942994
LU3,LU3_137,4750,LU3_2021,0.6967838395247666
LU3,LU3_14,4750,LU3_2021,0.6931493952948979
LU3,LU3_147,4750,LU3_2021,0.6771439650809714
LU3,LU3_15,4750,LU3_2021,0.6861898171342687
LU3,LU3_17,4750,LU3_2021,0.687992806446226
LU3,LU3_18,4750,LU3_2021,0.6910579722775568
LU3,LU3_19,4750,LU3_2021,0.6834266431924887
LU3,LU3_20,4750,LU3_2021,0.6860749916998677
LU3,LU3_21,4750,LU3_2021,0.6890882069194955
LU3,LU3_25,4750,LU3_2021,0.6715127245508985
LU3,LU3_27,4750,LU3_2021,0.6822181619623656
LU3,LU3_28,4750,LU3_2021,0.6579417626920501
LU3,LU3_32,4750,LU3_2021,0.6962562708750831
LU3,LU3_36,4750,LU3_2021,0.684735627804643
LU3,LU3_38,4750,LU3_2021,0.6889831711576839
LU3,LU3_39,4750,LU3_2021,0.6948241599462363
LU3,LU3_40,4750,LU3_2021,0.7030478293413168
LU3,LU3_41,4750,LU3_2021,0.700234247149564
LU3,LU3_44,4750,LU3_2021,0.6950275532268803
LU3,LU3_45,4750,LU3_2021,0.6990218271789769
LU3,LU3_46,4750,LU3_2021,0.6901315333333335
LU3,LU3_48,4750,LU3_2021,0.6924335291666676
LU3,LU3_50,4750,LU3_2021,0.6867224200336696
LU3,LU3_51,4750,LU3_2021,0.6570131429525712
LU3,LU3_52,4750,LU3_2021,0.6536759065202917
LU3,LU3_49,4750,LU3_2021,0.6957895707578805
LU13,LU13_18,4750,LU13_2022,0.5713754333651401
LU13,LU13_15,4750,LU13_2022,0.6385691841937545
LU13,LU13_3,4750,LU13_2022,0.6733375995857235
LU13,LU13_34,4750,LU13_2022,0.6679792310167315
LU13,LU13_57,4750,LU13_2022,0.6813138755598199
LU13,LU13_16,4750,LU13_2022,0.5994442072201016
LU13,LU13_21,4750,LU13_2022,0.5401492482405634
LU13,LU13_37,4750,LU13_2022,0.6797242869662196
LU13,LU13_55,4750,LU13_2022,0.6992557590996157
LU13,LU13_47,4750,LU13_2022,0.7127224911689143
LU13,LU13_51,4750,LU13_2022,0.7151465847646318
LU13,LU13_27,4750,LU13_2022,0.7142260658914736
LU13,LU13_5,4750,LU13_2022,0.7181251991714469
LU13,LU13_26,4750,LU13_2022,0.7124610209923661
LU13,LU13_35,4750,LU13_2022,0.6674848350860421
LU13,LU13_13,4750,LU13_2022,0.7078829454574531
LU13,LU13_128,4750,LU13_2022,0.699355583333332
LU13,LU13_131,4750,LU13_2022,0.6975127815315306
LU13,LU13_12,4750,LU13_2022,0.6865832853486873
LU13,LU13_33,4750,LU13_2022,0.676761220409468
LU13,LU13_32,4750,LU13_2022,0.65012519157088
LU13,LU13_30,4750,LU13_2022,0.618456916345535
LU13,LU13_53,4750,LU13_2022,0.7065721040471632
LU13,LU13_22,4750,LU13_2022,0.7177886169201523
LU13,LU13_19,4750,LU13_2022,0.7181915227127311
LU13,LU13_45,4750,LU13_2022,0.7198115530303028
LU13,LU13_8,4750,LU13_2022,0.7208267227564105
LU13,LU13_43,4750,LU13_2022,0.7201532777777782
LU13,LU13_41,4750,LU13_2022,0.7215522026081427
LU13,LU13_59,4750,LU13_2022,0.7087240439770548
LU13,LU13_6,4750,LU13_2022,0.7160610033524896
LU13,LU13_14,4750,LU13_2022,0.7204969791666662
LU13,LU13_52,4750,LU13_2022,0.668870474137931
LU13,LU13_36,4750,LU13_2022,0.67954546216475
LU13,LU13_38,4750,LU13_2022,0.6895638637086503
LU13,LU13_20,4750,LU13_2022,0.7147045523218836
LU13,LU13_17,4750,LU13_2022,0.714768782237266
LU13,LU13_56,4750,LU13_2022,0.7132570817338453
LU13,LU13_49,4750,LU13_2022,0.7064235766539437
LU13,LU13_70,4750,LU13_2022,0.6928175263915538
LU13,LU13_11,4750,LU13_2022,0.7018958053959135
LU15,LU15_44,4750,LU15_2022,0.7070242794795789
LU15,LU15_11,4750,LU15_2022,0.7087172430830047
LU15,LU15_19,4750,LU15_2022,0.7076924901185775
LU15,LU15_7,4750,LU15_2022,0.727262318121694
LU15,LU15_34,4750,LU15_2022,0.7115757568359367
LU15,LU15_37,4750,LU15_2022,0.693768204560368
LU15,LU15_18,4750,LU15_2022,0.714296163366337
LU15,LU15_43,4750,LU15_2022,0.7075174983692114
LU15,LU15_10,4750,LU15_2022,0.7135264616271414
LU15,LU15_58,4750,LU15_2022,0.7189558390861277
LU15,LU15_8,4750,LU15_2022,0.7102709150326797
LU15,LU15_12,4750,LU15_2022,0.7010904937664046
LU15,LU15_17,4750,LU15_2022,0.709425519810086
LU15,LU15_1,4750,LU15_2022,0.6906567401960784
LU15,LU15_26,4750,LU15_2022,0.690856746227034
LU15,LU15_27,4750,LU15_2022,0.6898819512393994
LU15,LU15_28,4750,LU15_2022,0.691998055555556
LU15,LU15_2,4750,LU15_2022,0.6934768259803916
LU15,LU15_29,4750,LU15_2022,0.6930088867187502
LU15,LU15_30,4750,LU15_2022,0.6957308782679741
LU15,LU15_31,4750,LU15_2022,0.6971251759986911
LU15,LU15_32,4750,LU15_2022,0.6988710387902701
LU15,LU15_20,4750,LU15_2022,0.7128645915193197
LU15,LU15_21,4750,LU15_2022,0.7287912942043232
LU15,LU15_23,4750,LU15_2022,0.7185205918467589
LU15,LU15_41,4750,LU15_2022,0.7170836655183729
LU15,LU15_25,4750,LU15_2022,0.7208154322506568
LU15,LU15_9,4750,LU15_2022,0.72648281867589
LU15,LU15_24,4750,LU15_2022,0.7202398032868536
LU15,LU15_46,4750,LU15_2022,0.7259190698818903
LU15,LU15_40,4750,LU15_2022,0.7083001435367464
LU15,LU15_16,4750,LU15_2022,0.7095875408496735
LU15,LU15_4,4750,LU15_2022,0.6978860630764168
LU15,LU15_36,4750,LU15_2022,0.7019191101833658
LU15,LU15_3,4750,LU15_2022,0.7144024714052284
LU15,LU15_15,4750,LU15_2022,0.7153080749671917
LU15,LU15_14,4750,LU15_2022,0.7083827591863519
LU15,LU15_22,4750,LU15_2022,0.7258746575342464
LU15,LU15_61,4750,LU15_2022,0.72032500406901
LU21,LU21_106,4750,LU21_2022,0.693870679909561
LU21,LU21_10,4750,LU21_2022,0.6725271479328164
LU21,LU21_16,4750,LU21_2022,0.6527265291262137
LU21,LU21_107,4750,LU21_2022,0.6917404093424481
LU21,LU21_41,4750,LU21_2022,0.6710477467637538
LU21,LU21_63,4750,LU21_2022,0.6580166545307436
LU21,LU21_27,4750,LU21_2022,0.6620545656028367
LU21,LU21_23,4750,LU21_2022,0.6728691820090447
LU21,LU21_21,4750,LU21_2022,0.6772758194716252
LU21,LU21_82,4750,LU21_2022,0.7057662856679637
LU21,LU21_871,4750,LU21_2022,0.6871488956310685
LU21,LU21_164,4750,LU21_2022,0.6521268653100779
LU21,LU21_36,4750,LU21_2022,0.6618575138617085
LU21,LU21_14,4750,LU21_2022,0.6585826321727909
LU21,LU21_32,4750,LU21_2022,0.6768651216305067
LU21,LU21_126,4750,LU21_2022,0.6693773613797541
LU21,LU21_122,4750,LU21_2022,0.6722999474110033
LU21,LU21_56,4750,LU21_2022,0.6852370016339876
LU21,LU21_57,4750,LU21_2022,0.6794145220588245
LU21,LU21_9,4750,LU21_2022,0.673182115695793
LU21,LU21_98,4750,LU21_2022,0.7139767244224426
LU21,LU21_119,4750,LU21_2022,0.6867713956310684
LU21,LU21_52,4750,LU21_2022,0.7059716567852434
LU21,LU21_59,4750,LU21_2022,0.6802260639158572
LU21,LU21_68,4750,LU21_2022,0.6683099532559648
LU21,LU21_109,4750,LU21_2022,0.6899871819960859
LU21,LU21_93,4750,LU21_2022,0.6920710449218758
LU21,LU21_114,4750,LU21_2022,0.7370705820363163
LU21,LU21_105,4750,LU21_2022,0.7198014037216826
LU21,LU21_100,4750,LU21_2022,0.7073973098705502
LU21,LU21_74,4750,LU21_2022,0.7124097344054592
LU21,LU21_78,4750,LU21_2022,0.7197267307068752
LU21,LU21_153,4750,LU21_2022,0.7240760598705498
LU21,LU21_6,4750,LU21_2022,0.7261050728155332
LU21,LU21_116,4750,LU21_2022,0.7031456796116504
LU21,LU21_97,4750,LU21_2022,0.6813260131835939
LU1,LU1_13,4750,LU1_2022,0.6956892073299829
LU1,LU1_30,4750,LU1_2022,0.715145205771859
LU1,LU1_85,4750,LU1_2022,0.701311428692412
LU1,LU1_66,4750,LU1_2022,0.6965089400882553
LU1,LU1_76,4750,LU1_2022,0.6925307832654441
LU1,LU1_73,4750,LU1_2022,0.6979896302937151
LU1,LU1_75,4750,LU1_2022,0.695892090970808
LU1,LU1_47,4750,LU1_2022,0.6409136910860659
LU1,LU1_74,4750,LU1_2022,0.6634736499322013
LU1,LU1_44,4750,LU1_2022,0.6571196811224495
LU1,LU1_41,4750,LU1_2022,0.6118218861821212
LU1,LU1_64,4750,LU1_2022,0.6953316776761509
LU1,LU1_86,4750,LU1_2022,0.6798259910593789
LU1,LU1_79,4750,LU1_2022,0.6795462797619047
LU1,LU1_63,4750,LU1_2022,0.6837467535787319
LU1,LU1_72,4750,LU1_2022,0.6898786202185795
LU1,LU1_67,4750,LU1_2022,0.705320382653061
LU1,LU1_77,4750,LU1_2022,0.684279945799458
LU1,LU1_32,4750,LU1_2022,0.7055561352040819
LU1,LU1_36,4750,LU1_2022,0.7038774914965984
LU1,LU1_84,4750,LU1_2022,0.7117156482420558
LU1,LU1_25,4750,LU1_2022,0.6841013296070458
LU1,LU1_83,4750,LU1_2022,0.7093688556457067
LU1,LU1_80,4750,LU1_2022,0.6975704506802719
LU1,LU1_70,4750,LU1_2022,0.6982593343600266
LU1,LU1_48,4750,LU1_2022,0.6618773397860427
LU1,LU1_45,4750,LU1_2022,0.6555793616097721
LU1,LU1_11,4750,LU1_2022,0.6710088744035445
LU1,LU1_40,4750,LU1_2022,0.7258441649555096
LU1,LU1_6,4750,LU1_2022,0.6995190129901007
LU1,LU1_10,4750,LU1_2022,0.7349931271477655
LU1,LU1_43,4750,LU1_2022,0.6538708551255233
LU1,LU1_71,4750,LU1_2022,0.6445563135162605
LU1,LU1_22,4750,LU1_2022,0.6518630251024584
LU1,LU1_60,4750,LU1_2022,0.6761413350340145
LU1,LU1_78,4750,LU1_2022,0.6800700622017719
LU1,LU1_46,4750,LU1_2022,0.6485196349932248
LU1,LU1_82,4750,LU1_2022,0.7228859948979596
LU1,LU1_27,4750,LU1_2022,0.699327096114519
LU9,LU9_5,4750,LU9_2023,0.5482299510029288
LU9,LU9_6,4750,LU9_2023,0.6288887640197642
LU9,LU9_7,4750,LU9_2023,0.6608512796583226
LU9,LU9_8,4750,LU9_2023,0.6872396428258136
LU9,LU9_100,4750,LU9_2023,0.6862304330065363
LU9,LU9_102,4750,LU9_2023,0.7360089674254483
LU9,LU9_106,4750,LU9_2023,0.6975519977168956
LU9,LU9_112,4750,LU9_2023,0.6836398065476194
LU9,LU9_113,4750,LU9_2023,0.6832384305006581
LU9,LU9_12,4750,LU9_2023,0.658659289067091
LU9,LU9_13,4750,LU9_2023,0.7419788869285877
LU9,LU9_18,4750,LU9_2023,0.6738289681512589
LU9,LU9_21,4750,LU9_2023,0.7023393815415301
LU9,LU9_24,4750,LU9_2023,0.7345521037581693
LU9,LU9_28,4750,LU9_2023,0.7279610308764936
LU9,LU9_29,4750,LU9_2023,0.7298725057527936
LU9,LU9_30,4750,LU9_2023,0.7369079440026501
LU9,LU9_31,4750,LU9_2023,0.7365339438943889
LU9,LU9_32,4750,LU9_2023,0.7345699226546905
LU9,LU9_33,4750,LU9_2023,0.7366946740924095
LU9,LU9_39,4750,LU9_2023,0.7008167656765667
LU9,LU9_41,4750,LU9_2023,0.7417282879537955
LU9,LU9_44,4750,LU9_2023,0.6949765748031491
LU9,LU9_51,4750,LU9_2023,0.6930320726915513
LU9,LU9_55,4750,LU9_2023,0.6946704950495052
LU9,LU9_57,4750,LU9_2023,0.6835309859735971
LU9,LU9_62,4750,LU9_2023,0.7414132434640526
LU9,LU9_63,4750,LU9_2023,0.7388753717320272
LU9,LU9_64,4750,LU9_2023,0.7368187171916016
LU9,LU9_65,4750,LU9_2023,0.7150057967398533
LU9,LU9_67,4750,LU9_2023,0.6830578901590459
LU9,LU9_68,4750,LU9_2023,0.6807365059642156
LU9,LU9_72,4750,LU9_2023,0.732746416170635
LU9,LU9_73,4750,LU9_2023,0.7173619165023022
LU9,LU9_75,4750,LU9_2023,0.6947841073781283
LU9,LU9_76,4750,LU9_2023,0.6862976119894588
LU9,LU9_77,4750,LU9_2023,0.6811345775462966
LU9,LU9_79,4750,LU9_2023,0.7407941006600659
LU9,LU9_80,4750,LU9_2023,0.735362856791339
LU9,LU9_81,4750,LU9_2023,0.7035203166010499
LU9,LU9_82,4750,LU9_2023,0.6908617514970053
LU9,LU9_85,4750,LU9_2023,0.742600806051587
LU9,LU9_86,4750,LU9_2023,0.7115846456692915
LU9,LU9_87,4750,LU9_2023,0.6861034899934396
LU9,LU9_90,4750,LU9_2023,0.6855281969099277
LU9,LU9_93,4750,LU9_2023,0.7396133752465485
LU9,LU9_94,4750,LU9_2023,0.741990711462451
LU9,LU9_96,4750,LU9_2023,0.71327527997365
LU9,LU9_98,4750,LU9_2023,0.7028284954158488
LU9,LU9_27,4750,LU9_2023,0.7145519593253964
LU14,LU14_3,4750,LU14_2023,0.7029845536287744
LU14,LU14_7,4750,LU14_2023,0.6946241609922188
LU14,LU14_8,4750,LU14_2023,0.6978098838141028
LU14,LU14_9,4750,LU14_2023,0.6988584732885473
LU14,LU14_100,4750,LU14_2023,0.7185145392628199
LU14,LU14_102,4750,LU14_2023,0.7337012142857144
LU14,LU14_105,4750,LU14_2023,0.7225443538067808
LU14,LU14_110,4750,LU14_2023,0.7089036931818171
LU14,LU14_114,4750,LU14_2023,0.713884361111111
LU14,LU14_115,4750,LU14_2023,0.7149536458333333
LU14,LU14_120,4750,LU14_2023,0.7164063255407144
LU14,LU14_121,4750,LU14_2023,0.70498912213740506
LU14,LU14_131,4750,LU14_2023,0.7096195817338457
LU14,LU14_135,4750,LU14_2023,0.6913814013702996
LU14,LU14_16,4750,LU14_2023,0.7029727167306467
LU14,LU14_17,4750,LU14_2023,0.709814363403711
LU14,LU14_19,4750,LU14_2023,0.6992335256410241
LU14,LU14_20,4750,LU14_2023,0.6978826095649393
LU14,LU14_250,4750,LU14_2023,0.7336453572591151
LU14,LU14_30,4750,LU14_2023,0.72141687217924
LU14,LU14_31,4750,LU14_2023,0.7131797352176746
LU14,LU14_33,4750,LU14_2023,0.7124675191204589
LU14,LU14_37,4750,LU14_2023,0.7258663248069496
LU14,LU14_47,4750,LU14_2023,0.7291009916826622
LU14,LU14_48,4750,LU14_2023,0.7307266954574542
LU14,LU14_49,4750,LU14_2023,0.7303770753205134
LU14,LU14_51,4750,LU14_2023,0.738049446303378
LU14,LU14_54,4750,LU14_2023,0.7131202015355086
LU14,LU14_56,4750,LU14_2023,0.7311344189016604
LU14,LU14_57,4750,LU14_2023,0.7244320561941257
LU14,LU14_61,4750,LU14_2023,0.7035861749680724
LU14,LU14_62,4750,LU14_2023,0.7262247800703778
LU14,LU14_63,4750,LU14_2023,0.6952079907584444
LU14,LU14_66,4750,LU14_2023,0.6877765814212867
LU14,LU14_70,4750,LU14_2023,0.7128357831421283
LU14,LU14_71,4750,LU14_2023,0.7189009857918266
LU14,LU14_72,4750,LU14_2023,0.7153141514715299
LU14,LU14_74,4750,LU14_2023,0.7160721113782054
LU14,LU14_76,4750,LU14_2023,0.7281875477099234
LU14,LU14_78,4750,LU14_2023,0.7390100151081406
LU14,LU14_80,4750,LU14_2023,0.700827935787126
LU14,LU14_84,4750,LU14_2023,0.7159495569923363
LU14,LU14_85,4750,LU14_2023,0.7041977370689663
LU14,LU14_86,4750,LU14_2023,0.731375873015873
LU14,LU14_88,4750,LU14_2023,0.7220959176300578
LU14,LU14_91,4750,LU14_2023,0.7086548624363871
LU14,LU14_92,4750,LU14_2023,0.7101965586718235
LU14,LU14_96,4750,LU14_2023,0.7256257463282242
LU14,LU14_97,4750,LU14_2023,0.7085018209287534
LU14,LU14_75,4750,LU14_2023,0.7042261631612493
LU16,LU16_2,4750,LU16_2023,0.6778090118135378
LU16,LU16_3,4750,LU16_2023,0.6737646515735387
LU16,LU16_15,4750,LU16_2023,0.6685981765834932
LU16,LU16_20,4750,LU16_2023,0.6879372654262089
LU16,LU16_200,4750,LU16_2023,0.6224403725961536
LU16,LU16_201,4750,LU16_2023,0.6748576682692302
LU16,LU16_202,4750,LU16_2023,0.6732533420968769
LU16,LU16_203,4750,LU16_2023,0.6632148377862599
LU16,LU16_22,4750,LU16_2023,0.6733460412667944
LU16,LU16_23,4750,LU16_2023,0.7033648922686943
LU16,LU16_24,4750,LU16_2023,0.7139131370192295
LU16,LU16_25,4750,LU16_2023,0.6946397698412703
LU16,LU16_26,4750,LU16_2023,0.6727863198458572
LU16,LU16_270,4750,LU16_2023,0.6146210151802652
LU16,LU16_28,4750,LU16_2023,0.6773972421775213
LU16,LU16_300,4750,LU16_2023,0.6716458373091615
LU16,LU16_301,4750,LU16_2023,0.6697796376117496
LU16,LU16_302,4750,LU16_2023,0.6636221518483104
LU16,LU16_303,4750,LU16_2023,0.664812231570513
LU16,LU16_313,4750,LU16_2023,0.7041166745580806
LU16,LU16_314,4750,LU16_2023,0.6768786448450352
LU16,LU16_36,4750,LU16_2023,0.6814279454022983
LU16,LU16_37,4750,LU16_2023,0.6583221007604557
LU16,LU16_49,4750,LU16_2023,0.562090962998102
LU16,LU16_52,4750,LU16_2023,0.5868273753156565
LU16,LU16_54,4750,LU16_2023,0.6197895833333343
LU16,LU16_55,4750,LU16_2023,0.6052714500316262
LU16,LU16_57,4750,LU16_2023,0.6233124960468059
LU16,LU16_58,4750,LU16_2023,0.6106377751182281
LU16,LU16_60,4750,LU16_2023,0.5989922656356705
LU16,LU16_62,4750,LU16_2023,0.5868312469798932
LU16,LU16_63,4750,LU16_2023,0.6144292779898208
LU16,LU16_64,4750,LU16_2023,0.5908456255669411
LU16,LU16_67,4750,LU16_2023,0.6228710814429739
LU16,LU16_68,4750,LU16_2023,0.5615341210283005
LU16,LU16_69,4750,LU16_2023,0.5522117017493071
LU16,LU16_70,4750,LU16_2023,0.5922352079395073
LU16,LU16_71,4750,LU16_2023,0.5746552457466909
LU16,LU16_72,4750,LU16_2023,0.6243999607658499
LU16,LU16_73,4750,LU16_2023,0.6059606691919184
LU16,LU16_74,4750,LU16_2023,0.5967621883806817
LU16,LU16_75,4750,LU16_2023,0.5846711951788861
LU16,LU16_77,4750,LU16_2023,0.5477571615750928
LU16,LU16_80,4750,LU16_2023,0.5602717514005809
LU16,LU16_81,4750,LU16_2023,0.5545771171745362
LU16,LU16_83,4750,LU16_2023,0.6200685269279785
LU16,LU16_84,4750,LU16_2023,0.6162255297960477
LU16,LU16_85,4750,LU16_2023,0.6016274180844353
LU16,LU16_88,4750,LU16_2023,0.5689500320230917
LU22,LU22_110,4750,LU22_2023,0.7415551545570431
LU22,LU22_48,4750,LU22_2023,0.7410146509223907
LU22,LU22_107,4750,LU22_2023,0.7417086012476013
LU22,LU22_49,4750,LU22_2023,0.7545695192307682
LU22,LU22_103,4750,LU22_2023,0.7477055675287367
LU22,LU22_44,4750,LU22_2023,0.7582978765253695
LU22,LU22_21,4750,LU22_2023,0.7716762644508675
LU22,LU22_15,4750,LU22_2023,0.768808076985677
LU22,LU22_50,4750,LU22_2023,0.735830785691214
LU22,LU22_38,4750,LU22_2023,0.7384716432946484
LU22,LU22_22,4750,LU22_2023,0.7652468709781209
LU22,LU22_85,4750,LU22_2023,0.7265238466536715
LU22,LU22_33,4750,LU22_2023,0.7584121909120107
LU22,LU22_34,4750,LU22_2023,0.7517889921171175
LU22,LU22_11,4750,LU22_2023,0.7251421380279859
LU22,LU22_29,4750,LU22_2023,0.7595628465506137
LU22,LU22_86,4750,LU22_2023,0.7191565751445083
LU22,LU22_80,4750,LU22_2023,0.7099000851167293
LU22,LU22_17,4750,LU22_2023,0.7640619500642258
LU22,LU22_35,4750,LU22_2023,0.752535915379666
LU22,LU22_63,4750,LU22_2023,0.7020536296834624
LU22,LU22_30,4750,LU22_2023,0.7608071917808221
LU22,LU22_4,4750,LU22_2023,0.7106437517081406
LU22,LU22_36,4750,LU22_2023,0.7399047516025643
LU22,LU22_76,4750,LU22_2023,0.7004289102564099
LU22,LU22_5,4750,LU22_2023,0.7165829167693527
LU22,LU22_87,4750,LU22_2023,0.7074180156449543
LU22,LU22_25,4750,LU22_2023,0.758324979929351
LU22,LU22_89,4750,LU22_2023,0.7230148568211074
LU22,LU22_18,4750,LU22_2023,0.7612557995495493
LU22,LU22_32,4750,LU22_2023,0.7422553209459459
LU22,LU22_8,4750,LU22_2023,0.7600107869466142
LU22,LU22_6,4750,LU22_2023,0.7570392972275947
LU22,LU22_81,4750,LU22_2023,0.7296992802303262
LU22,LU22_7,4750,LU22_2023,0.7607852443910249
LU22,LU22_69,4750,LU22_2023,0.7240362124120295
LU22,LU22_70,4750,LU22_2023,0.7433566538707629
LU22,LU22_82,4750,LU22_2023,0.7479804571197414
LU22,LU22_94,4750,LU22_2023,0.75085465756705
LU22,LU22_101,4750,LU22_2023,0.7459563756485071
LU22,LU22_71,4750,LU22_2023,0.7503186331399113
LU22,LU22_77,4750,LU22_2023,0.7504887139423086
LU22,LU22_72,4750,LU22_2023,0.7510486057382352
LU22,LU22_65,4750,LU22_2023,0.7541831129807693
LU22,LU22_60,4750,LU22_2023,0.7578982166018153
LU22,LU22_61,4750,LU22_2023,0.7606410999361418
LU22,LU22_53,4750,LU22_2023,0.7580894422952922
LU22,LU22_46,4750,LU22_2023,0.7565992853682173
LU22,LU22_40,4750,LU22_2023,0.7500286942829462
LU22,LU22_47,4750,LU22_2023,0.7549983020231226
LU4,LU4_N15_24,4750,LU4_2024,0.6874446566700144
LU4,LU4_M14_24,4750,LU4_2024,0.6861121333695417
LU4,LU4_J14_24,4750,LU4_2024,0.6710183224673228
LU4,LU4_J15_24,4750,LU4_2024,0.6716099668329911
LU4,LU4_I12_24,4750,LU4_2024,0.6626737010940911
LU4,LU4_I13_24,4750,LU4_2024,0.666889184786128
LU4,LU4_Q10_24,4750,LU4_2024,0.7222330363036288
LU4,LU4_O10_24,4750,LU4_2024,0.7184760808580861
LU4,LU4_R7_24,4750,LU4_2024,0.7179443399339932
LU4,LU4_R9_24,4750,LU4_2024,0.7198547233136873
LU4,LU4_T8_24,4750,LU4_2024,0.7229242208005249
LU4,LU4_O16_24,4750,LU4_2024,0.6778910969164258
LU4,LU4_J26_24,4750,LU4_2024,0.6837761998685089
LU4,LU4_K25_24,4750,LU4_2024,0.6902875041750168
LU4,LU4_L23_24,4750,LU4_2024,0.7081498019801982
LU4,LU4_H26_24,4750,LU4_2024,0.6910628746706202
LU4,LU4_K23_24,4750,LU4_2024,0.6971881916996044
LU4,LU4_J21_24,4750,LU4_2024,0.7224255342942341
LU4,LU4_I21_24,4750,LU4_2024,0.7203646332335325
LU4,LU4_N30_24,4750,LU4_2024,0.703456026785714
LU4,LU4_O23_24,4750,LU4_2024,0.6879787334296564
LU4,LU4_O22_24,4750,LU4_2024,0.6998013822589217
LU4,LU4_L18_24,4750,LU4_2024,0.6949081885963656
LU4,LU4_L17_24,4750,LU4_2024,0.6759295364097387
LU4,LU4_K17_24,4750,LU4_2024,0.6785916427505398
LU4,LU4_K19_24,4750,LU4_2024,0.7097490909632305
LU4,LU4_I22_24,4750,LU4_2024,0.7138980074257433
LU4,LU4_Q20_24,4750,LU4_2024,0.6886209738991153
LU4,LU4_V25_24,4750,LU4_2024,0.6953192947438447
LU4,LU4_P22_24,4750,LU4_2024,0.6888911864939155
LU4,LU4_O21_24,4750,LU4_2024,0.7020532080248746
LU4,LU4_P17_24,4750,LU4_2024,0.6718882607974536
LU4,LU4_Q16_24,4750,LU4_2024,0.6886074876237622
LU4,LU4_V19_24,4750,LU4_2024,0.696670923913044
LU4,LU4_O17_24,4750,LU4_2024,0.6782295116209052
LU4,LU4_W19_24,4750,LU4_2024,0.7002618882275128
LU4,LU4_Y25_24,4750,LU4_2024,0.7133199009900995
LU4,LU4_S17_24,4750,LU4_2024,0.6867230189427791
LU4,LU4_S18_24,4750,LU4_2024,0.6801622588392963
LU4,LU4_R14_24,4750,LU4_2024,0.6984456569881898
LU4,LU4_V17_24,4750,LU4_2024,0.6845648668639047
LU4,LU4_U15_24,4750,LU4_2024,0.6889585148514856
LU4,LU4_M12_24,4750,LU4_2024,0.7066592818091451
LU4,LU4_O13_24,4750,LU4_2024,0.7147978879593182
LU4,LU4_P15_24,4750,LU4_2024,0.6972797953648915
LU4,LU4_E15_24,4750,LU4_2024,0.6754727031478032
LU4,LU4_G17_24,4750,LU4_2024,0.679211213340909
LU4,LU4_G13_24,4750,LU4_2024,0.6693880110675835
LU4,LU4_G12_24,4750,LU4_2024,0.6679009243159548
LU4,LU4_F14_24,4750,LU4_2024,0.6700331080534545
LU3,LU3_102_24,4750,LU3_2024,0.7062573084002681
LU3,LU3_5_24,4750,LU3_2024,0.7057901671706982
LU3,LU3_103_24,4750,LU3_2024,0.7107816364247317
LU3,LU3_131_24,4750,LU3_2024,0.7109704434942994
LU3,LU3_39_24,4750,LU3_2024,0.6956193518518515
LU3,LU3_18_24,4750,LU3_2024,0.6908703394754319
LU3,LU3_20_24,4750,LU3_2024,0.6858365952855251
LU3,LU3_19_24,4750,LU3_2024,0.6836338677354712
LU3,LU3_111_24,4750,LU3_2024,0.696403725536179
LU3,LU3_AB21_24,4750,LU3_2024,0.7150264549595137
LU3,LU3_27_24,4750,LU3_2024,0.6822574698189136
LU3,LU3_36_24,4750,LU3_2024,0.6848502194713098
LU3,LU3_40_24,4750,LU3_2024,0.7028881958333327
LU3,LU3_41_24,4750,LU3_2024,0.7001338729919677
LU3,LU3_52_24,4750,LU3_2024,0.6536759065202917
LU3,LU3_15_24,4750,LU3_2024,0.6861430235470944
LU3,LU3_44_24,4750,LU3_2024,0.6950462649402398
LU3,LU3_17_24,4750,LU3_2024,0.687992806446226
LU3,LU3_147_24,4750,LU3_2024,0.6770107178714856
LU3,LU3_51_24,4750,LU3_2024,0.6581557187081654
LU3,LU3_AH7_24,4750,LU3_2024,0.6962786603585647
LU3,LU3_126_24,4750,LU3_2024,0.7001826942231065
LU3,LU3_129_24,4750,LU3_2024,0.6463251670006678
LU3,LU3_28_24,4750,LU3_2024,0.6577162783901128
LU3,LU3_AH14_24,4750,LU3_2024,0.6823967195900531
LU3,LU3_38_24,4750,LU3_2024,0.6888901606425696
LU3,LU3_13_24,4750,LU3_2024,0.693546739311958
LU3,LU3_25_24,4750,LU3_2024,0.6715127245508985
LU3,LU3_21_24,4750,LU3_2024,0.6889795333333344
LU3,LU3_AC10_24,4750,LU3_2024,0.6942062206572776
LU3,LU3_46_24,4750,LU3_2024,0.6901658765801731
LU3,LU3_10_24,4750,LU3_2024,0.6895706955577823
LU3,LU3_AE12_24,4750,LU3_2024,0.6950638930472393
LU3,LU3_7_24,4750,LU3_2024,0.6956246083333347
LU3,LU3_14_24,4750,LU3_2024,0.6930275241184304
LU3,LU3_137_24,4750,LU3_2024,0.6968401773761722
LU3,LU3_M20_24,4750,LU3_2024,0.7010550663041053
LU3,LU3_L22_24,4750,LU3_2024,0.6831498269331304
LU3,LU3_J23_24,4750,LU3_2024,0.6786026942920649
LU3,LU3_U6_24,4750,LU3_2024,0.6927743774900399
LU3,LU3_L16_24,4750,LU3_2024,0.6549128729735653
LU3,LU3_N18_24,4750,LU3_2024,0.6978653215425535
LU3,LU3_L15_24,4750,LU3_2024,0.6549254025846757
LU3,LU3_32_24,4750,LU3_2024,0.6963560749999996
LU3,LU3_W7_24,4750,LU3_2024,0.6898582085828344
LU3,LU3_45_24,4750,LU3_2024,0.69896642964072
LU3,LU3_50_24,4750,LU3_2024,0.6869179503366999
LU3,LU3_49_24,4750,LU3_2024,0.6957895707578805
LU3,LU3_Y8_24,4750,LU3_2024,0.6916271538844627
LU3,LU3_48_24,4750,LU3_2024,0.6924744386227553
LU2,LU2_21_24,4750,LU2_2024,0.7413877530364371
LU2,LU2_34_24,4750,LU2_2024,0.7024357611851887
LU2,LU2_O25_24,4750,LU2_2024,0.7601216861846569
LU2,LU2_W21_24,4750,LU2_2024,0.7724561864837403
LU2,LU2_36_24,4750,LU2_2024,0.7715946712305617
LU2,LU2_15_24,4750,LU2_2024,0.770666742577598
LU2,LU2_13_24,4750,LU2_2024,0.7520932344489514
LU2,LU2_5_24,4750,LU2_2024,0.6745071443747255
LU2,LU2_101_24,4750,LU2_2024,0.6687415855044416
LU2,LU2_32_24,4750,LU2_2024,0.6918507016319004
LU2,LU2_Q24_24,4750,LU2_2024,0.7228178835472752
LU2,LU2_56_24,4750,LU2_2024,0.744573808287148
LU2,LU2_I15_24,4750,LU2_2024,0.7548322689624373
LU2,LU2_L20_24,4750,LU2_2024,0.7421250378787873
LU2,LU2_L46_24,4750,LU2_2024,0.7366337043227366
LU2,LU2_110_24,4750,LU2_2024,0.76692262389681
LU2,LU2_39_24,4750,LU2_2024,0.7642213995943209
LU2,LU2_17_24,4750,LU2_2024,0.7633786015519567
LU2,LU2_155_24,4750,LU2_2024,0.7691720015182175
LU2,LU2_50_24,4750,LU2_2024,0.7270510760862992
LU2,LU2_O16_24,4750,LU2_2024,0.7152455037596245
LU2,LU2_U13_24,4750,LU2_2024,0.7262604232682484
LU2,LU2_44_24,4750,LU2_2024,0.7699951360544225
LU2,LU2_143_24,4750,LU2_2024,0.7710612085027103
LU2,LU2_18_24,4750,LU2_2024,0.7685132801956821
LU2,LU2_52_24,4750,LU2_2024,0.7724006845841777
LU2,LU2_123_24,4750,LU2_2024,0.7463383675582619
LU2,LU2_H16_24,4750,LU2_2024,0.759355164141414
LU2,LU2_27_24,4750,LU2_2024,0.7490453501637576
LU2,LU2_31_24,4750,LU2_2024,0.735092232529816
LU2,LU2_3_24,4750,LU2_2024,0.7595504437119673
LU2,LU2_J27_24,4750,LU2_2024,0.7389268024076191
LU2,LU2_E27_24,4750,LU2_2024,0.7481028077846362
LU2,LU2_G25_24,4750,LU2_2024,0.7494336400818004
LU2,LU2_G26_24,4750,LU2_2024,0.7497561401284654
LU2,LU2_106_24,4750,LU2_2024,0.7227533834800656
LU2,LU2_20_24,4750,LU2_2024,0.7441624284511782
LU2,LU2_25_24,4750,LU2_2024,0.7510934932659943
LU2,LU2_40_24,4750,LU2_2024,0.7403779942645067
LU2,LU2_38_24,4750,LU2_2024,0.760868864097362
LU2,LU2_137_24,4750,LU2_2024,0.7412860492577593
LU2,LU2_47_24,4750,LU2_2024,0.7539094176912569
LU2,LU2_26_24,4750,LU2_2024,0.769617366838488
LU2,LU2_H26_24,4750,LU2_2024,0.7503026268115954
LU2,LU2_29_24,4750,LU2_2024,0.7524256901577508
LU2,LU2_K26_24,4750,LU2_2024,0.7487936150472345
LU2,LU2_100_24,4750,LU2_2024,0.7327158722109535
LU2,LU2_30_24,4750,LU2_2024,0.7499188640973642
LU2,LU2_33_24,4750,LU2_2024,0.7624758831981068
LU2,LU2_M25_24,4750,LU2_2024,0.7586262778340084
LU8,LU8_N19_24,4750,LU8_2024,0.7449928622840691
LU8,LU8_M19_24,4750,LU8_2024,0.7530629348513601
LU8,LU8_N20_24,4750,LU8_2024,0.7023756443706514
LU8,LU8_O20_24,4750,LU8_2024,0.6231087888149551
LU8,LU8_N18_24,4750,LU8_2024,0.7167924147361645
LU8,LU8_S25_24,4750,LU8_2024,0.7056312381404166
LU8,LU8_AC29_24,4750,LU8_2024,0.6652038114623238
LU8,LU8_AC28_24,4750,LU8_2024,0.6533586706349218
LU8,LU8_AB29_24,4750,LU8_2024,0.6732973095238107
LU8,LU8_AC30_24,4750,LU8_2024,0.6747426107393236
LU8,LU8_T25_24,4750,LU8_2024,0.6638651349865912
LU8,LU8_S24_24,4750,LU8_2024,0.6721011706349201
LU8,LU8_AE29_24,4750,LU8_2024,0.6161597606552168
LU8,LU8_AD29_24,4750,LU8_2024,0.6195657460317473
LU8,LU8_AD28_24,4750,LU8_2024,0.630476201771031
LU8,LU8_AD27_24,4750,LU8_2024,0.6236351661895672
LU8,LU8_AC24_24,4750,LU8_2024,0.5757610448473285
LU8,LU8_AC25_24,4750,LU8_2024,0.6185143678160917
LU8,LU8_AC31_24,4750,LU8_2024,0.672170933686577
LU8,LU8_AB31_24,4750,LU8_2024,0.6842306501919382
LU2,LU2_3,5000,LU2_2021,0.7561992619926193
LU2,LU2_5,5000,LU2_2021,0.6799471054807762
LU2,LU2_100,5000,LU2_2021,0.7331402170613236
LU2,LU2_101,5000,LU2_2021,0.6735195510810738
LU2,LU2_106,5000,LU2_2021,0.7223421639153353
LU2,LU2_110,5000,LU2_2021,0.7664860477493923
LU2,LU2_119,5000,LU2_2021,0.7349290863914372
LU2,LU2_123,5000,LU2_2021,0.7435317209662321
LU2,LU2_13,5000,LU2_2021,0.7463410727668055
LU2,LU2_137,5000,LU2_2021,0.7418355273199018
LU2,LU2_143,5000,LU2_2021,0.7706663467397935
LU2,LU2_15,5000,LU2_2021,0.7706514361213239
LU2,LU2_153,5000,LU2_2021,0.7150971966086244
LU2,LU2_155,5000,LU2_2021,0.76920021829044
LU2,LU2_17,5000,LU2_2021,0.7624598411602205
LU2,LU2_18,5000,LU2_2021,0.767938659118916
LU2,LU2_20,5000,LU2_2021,0.7437727787990198
LU2,LU2_21,5000,LU2_2021,0.7415587852328431
LU2,LU2_24,5000,LU2_2021,0.735393650611621
LU2,LU2_25,5000,LU2_2021,0.7488652726715687
LU2,LU2_26,5000,LU2_2021,0.770273732383578
LU2,LU2_27,5000,LU2_2021,0.7485756084988795
LU2,LU2_29,5000,LU2_2021,0.749714084561081
LU2,LU2_30,5000,LU2_2021,0.7499329854740069
LU2,LU2_31,5000,LU2_2021,0.7310714742245222
LU2,LU2_32,5000,LU2_2021,0.6911644118245385
LU2,LU2_33,5000,LU2_2021,0.7616859586408361
LU2,LU2_34,5000,LU2_2021,0.7035139394273232
LU2,LU2_36,5000,LU2_2021,0.7714438109384532
LU2,LU2_38,5000,LU2_2021,0.7601596827217117
LU2,LU2_39,5000,LU2_2021,0.7638669854280512
LU2,LU2_40,5000,LU2_2021,0.7409669261294253
LU2,LU2_42,5000,LU2_2021,0.7674469077325942
LU2,LU2_44,5000,LU2_2021,0.7704703939393945
LU2,LU2_46,5000,LU2_2021,0.7323304496141892
LU2,LU2_47,5000,LU2_2021,0.7514935129969427
LU2,LU2_50,5000,LU2_2021,0.726046023613165
LU2,LU2_51,5000,LU2_2021,0.6966352750588385
LU2,LU2_52,5000,LU2_2021,0.7690390653357524
LU2,LU2_54,5000,LU2_2021,0.7438066514482599
LU2,LU2_56,5000,LU2_2021,0.7388907617010595
LU2,LU2_57,5000,LU2_2021,0.6987737119981596
LU3,LU3_5,5000,LU3_2021,0.706314995462794
LU3,LU3_7,5000,LU3_2021,0.6970779761904771
LU3,LU3_10,5000,LU3_2021,0.6899684722222229
LU3,LU3_102,5000,LU3_2021,0.7065596075317602
LU3,LU3_103,5000,LU3_2021,0.7102498452596616
LU3,LU3_106,5000,LU3_2021,0.6982288276634365
LU3,LU3_111,5000,LU3_2021,0.6976691702159784
LU3,LU3_126,5000,LU3_2021,0.6994487740673878
LU3,LU3_129,5000,LU3_2021,0.646687942942943
LU3,LU3_13,5000,LU3_2021,0.6926352852852863
LU3,LU3_131,5000,LU3_2021,0.7102393309222423
LU3,LU3_137,5000,LU3_2021,0.6952391973920878
LU3,LU3_14,5000,LU3_2021,0.6929422355334546
LU3,LU3_147,5000,LU3_2021,0.6724973573573566
LU3,LU3_15,5000,LU3_2021,0.6880788432611313
LU3,LU3_17,5000,LU3_2021,0.6898483904933812
LU3,LU3_18,5000,LU3_2021,0.6918810920577623
LU3,LU3_19,5000,LU3_2021,0.6845954497593266
LU3,LU3_20,5000,LU3_2021,0.6873217289010325
LU3,LU3_21,5000,LU3_2021,0.6872799074909761
LU3,LU3_25,5000,LU3_2021,0.6733039527027027
LU3,LU3_27,5000,LU3_2021,0.6843679715703966
LU3,LU3_28,5000,LU3_2021,0.6617556675627236
LU3,LU3_32,5000,LU3_2021,0.6929591136728946
LU3,LU3_36,5000,LU3_2021,0.6838158481945782
LU3,LU3_38,5000,LU3_2021,0.6912631606606592
LU3,LU3_39,5000,LU3_2021,0.696350588279376
LU3,LU3_40,5000,LU3_2021,0.7024388901515144
LU3,LU3_41,5000,LU3_2021,0.6984522594424457
LU3,LU3_44,5000,LU3_2021,0.6965237627858012
LU3,LU3_45,5000,LU3_2021,0.6981497727272743
LU3,LU3_46,5000,LU3_2021,0.6895910644823464
LU3,LU3_48,5000,LU3_2021,0.6940645346223024
LU3,LU3_50,5000,LU3_2021,0.6867974466004813
LU3,LU3_51,5000,LU3_2021,0.657911096096096
LU3,LU3_52,5000,LU3_2021,0.6554214731870804
LU3,LU3_49,5000,LU3_2021,0.6961682272864018
LU13,LU13_18,5000,LU13_2022,0.5747010871146017
LU13,LU13_15,5000,LU13_2022,0.6366892764298093
LU13,LU13_3,5000,LU13_2022,0.6749714018422567
LU13,LU13_34,5000,LU13_2022,0.6705197772491351
LU13,LU13_57,5000,LU13_2022,0.6834686200173303
LU13,LU13_16,5000,LU13_2022,0.604070156973379
LU13,LU13_21,5000,LU13_2022,0.5441452018002323
LU13,LU13_37,5000,LU13_2022,0.6788886642156855
LU13,LU13_55,5000,LU13_2022,0.6994577422145323
LU13,LU13_47,5000,LU13_2022,0.7122478806850892
LU13,LU13_51,5000,LU13_2022,0.7150190900630014
LU13,LU13_27,5000,LU13_2022,0.71407137049942
LU13,LU13_5,5000,LU13_2022,0.7183264762931036
LU13,LU13_26,5000,LU13_2022,0.7122910971741633
LU13,LU13_35,5000,LU13_2022,0.6695709877873565
LU13,LU13_13,5000,LU13_2022,0.707276848642403
LU13,LU13_128,5000,LU13_2022,0.6993691666666657
LU13,LU13_131,5000,LU13_2022,0.6942989709268849
LU13,LU13_12,5000,LU13_2022,0.6813955589254754
LU13,LU13_33,5000,LU13_2022,0.672747269868495
LU13,LU13_32,5000,LU13_2022,0.6446007926119826
LU13,LU13_30,5000,LU13_2022,0.61009052010995235
LU13,LU13_53,5000,LU13_2022,0.7070120317944244
LU13,LU13_22,5000,LU13_2022,0.7175537025043182
LU13,LU13_19,5000,LU13_2022,0.7184599039572495
LU13,LU13_45,5000,LU13_2022,0.719644162363741
LU13,LU13_8,5000,LU13_2022,0.7207001989293985
LU13,LU13_43,5000,LU13_2022,0.719539525663207
LU13,LU13_41,5000,LU13_2022,0.7209623954728953
LU13,LU13_59,5000,LU13_2022,0.7094045441347268
LU13,LU13_6,5000,LU13_2022,0.7162120638696655
LU13,LU13_14,5000,LU13_2022,0.720356658001156
LU13,LU13_52,5000,LU13_2022,0.6707546530197442
LU13,LU13_36,5000,LU13_2022,0.6790158405172406
LU13,LU13_38,5000,LU13_2022,0.6895627414936555
LU13,LU13_20,5000,LU13_2022,0.7149463857596771
LU13,LU13_17,5000,LU13_2022,0.7146947988505743
LU13,LU13_56,5000,LU13_2022,0.71277910899654
LU13,LU13_49,5000,LU13_2022,0.7028656612950057
LU13,LU13_70,5000,LU13_2022,0.693527243310063
LU13,LU13_11,5000,LU13_2022,0.7018911933448087
LU15,LU15_44,5000,LU15_2022,0.708467706489676
LU15,LU15_11,5000,LU15_2022,0.7094798012030523
LU15,LU15_19,5000,LU15_2022,0.7084525921828918
LU15,LU15_7,5000,LU15_2022,0.7265638888888901
LU15,LU15_34,5000,LU15_2022,0.7105659265837772
LU15,LU15_37,5000,LU15_2022,0.6945172315140852
LU15,LU15_18,5000,LU15_2022,0.7146310572360622
LU15,LU15_43,5000,LU15_2022,0.7083543043154766
LU15,LU15_10,5000,LU15_2022,0.7136027064896758
LU15,LU15_58,5000,LU15_2022,0.7169667585243975
LU15,LU15_8,5000,LU15_2022,0.7108046754307787
LU15,LU15_12,5000,LU15_2022,0.7015061165480432
LU15,LU15_17,5000,LU15_2022,0.709372857669617
LU15,LU15_1,5000,LU15_2022,0.6915318404634581
LU15,LU15_26,5000,LU15_2022,0.6913344804618115
LU15,LU15_27,5000,LU15_2022,0.6897848790322579
LU15,LU15_28,5000,LU15_2022,0.6914393354055655
LU15,LU15_2,5000,LU15_2022,0.6925443842182891
LU15,LU15_29,5000,LU15_2022,0.6933258767985614
LU15,LU15_30,5000,LU15_2022,0.6954432356887303
LU15,LU15_31,5000,LU15_2022,0.6965935271836013
LU15,LU15_32,5000,LU15_2022,0.698379051749704
LU15,LU15_20,5000,LU15_2022,0.7103506127450988
LU15,LU15_21,5000,LU15_2022,0.7254493742638404
LU15,LU15_23,5000,LU15_2022,0.7161662367724879
LU15,LU15_41,5000,LU15_2022,0.7156739527827114
LU15,LU15_25,5000,LU15_2022,0.7206041556242646
LU15,LU15_9,5000,LU15_2022,0.7252308067375898
LU15,LU15_24,5000,LU15_2022,0.7179736221340397
LU15,LU15_46,5000,LU15_2022,0.7229981103801177
LU15,LU15_40,5000,LU15_2022,0.708452079652533
LU15,LU15_16,5000,LU15_2022,0.7091494578134286
LU15,LU15_4,5000,LU15_2022,0.6985614062500003
LU15,LU15_36,5000,LU15_2022,0.7021223071808508
LU15,LU15_3,5000,LU15_2022,0.7137487425595236
LU15,LU15_15,5000,LU15_2022,0.7144325892857135
LU15,LU15_14,5000,LU15_2022,0.7075429561717355
LU15,LU15_22,5000,LU15_2022,0.726649371693122
LU15,LU15_61,5000,LU15_2022,0.7204126108156024
LU21,LU21_106,5000,LU21_2022,0.6922885269953056
LU21,LU21_10,5000,LU21_2022,0.6718559162265256
LU21,LU21_16,5000,LU21_2022,0.6559425386748398
LU21,LU21_107,5000,LU21_2022,0.6904292984768602
LU21,LU21_41,5000,LU21_2022,0.6712877558479533
LU21,LU21_63,5000,LU21_2022,0.6592820869883039
LU21,LU21_27,5000,LU21_2022,0.6639140277777779
LU21,LU21_23,5000,LU21_2022,0.6740799428822496
LU21,LU21_21,5000,LU21_2022,0.6766902753368492
LU21,LU21_82,5000,LU21_2022,0.7051034832451498
LU21,LU21_871,5000,LU21_2022,0.6860261133156971
LU21,LU21_164,5000,LU21_2022,0.6509187426253693
LU21,LU21_36,5000,LU21_2022,0.6611479677466425
LU21,LU21_14,5000,LU21_2022,0.6589291999703968
LU21,LU21_32,5000,LU21_2022,0.6778481574722712
LU21,LU21_126,5000,LU21_2022,0.6698420508274223
LU21,LU21_122,5000,LU21_2022,0.6735707236842104
LU21,LU21_56,5000,LU21_2022,0.6855450621345033
LU21,LU21_57,5000,LU21_2022,0.6794623175715124
LU21,LU21_9,5000,LU21_2022,0.6729322806631456
LU21,LU21_98,5000,LU21_2022,0.7137366747359163
LU21,LU21_119,5000,LU21_2022,0.6845572149122812
LU21,LU21_52,5000,LU21_2022,0.7054216812865496
LU21,LU21_59,5000,LU21_2022,0.6824026420959141
LU21,LU21_68,5000,LU21_2022,0.6688890414469838
LU21,LU21_109,5000,LU21_2022,0.689619651687027
LU21,LU21_93,5000,LU21_2022,0.6929441081871347
LU21,LU21_114,5000,LU21_2022,0.7369838706140347
LU21,LU21_105,5000,LU21_2022,0.7201264770723104
LU21,LU21_100,5000,LU21_2022,0.7063157701352147
LU21,LU21_74,5000,LU21_2022,0.7124237828947377
LU21,LU21_78,5000,LU21_2022,0.7203880336257324
LU21,LU21_153,5000,LU21_2022,0.7238762507335681
LU21,LU21_6,5000,LU21_2022,0.7248395500886513
LU21,LU21_116,5000,LU21_2022,0.7033309450323338
LU21,LU21_97,5000,LU21_2022,0.6832648062865497
LU1,LU1_13,5000,LU1_2022,0.6971138920031935
LU1,LU1_30,5000,LU1_2022,0.7134169836956532
LU1,LU1_85,5000,LU1_2022,0.6992517335766424
LU1,LU1_66,5000,LU1_2022,0.6962503542047529
LU1,LU1_76,5000,LU1_2022,0.6939238528238181
LU1,LU1_73,5000,LU1_2022,0.6999484586408361
LU1,LU1_75,5000,LU1_2022,0.6975853207489253
LU1,LU1_47,5000,LU1_2022,0.6450260127849663
LU1,LU1_74,5000,LU1_2022,0.654801312729625
LU1,LU1_44,5000,LU1_2022,0.6608963331807087
LU1,LU1_41,5000,LU1_2022,0.6042802941914938
LU1,LU1_64,5000,LU1_2022,0.6951641898148148
LU1,LU1_86,5000,LU1_2022,0.6810493822897481
LU1,LU1_79,5000,LU1_2022,0.6830735689073051
LU1,LU1_63,5000,LU1_2022,0.6839878867953432
LU1,LU1_72,5000,LU1_2022,0.6858733466802751
LU1,LU1_67,5000,LU1_2022,0.7057212103900063
LU1,LU1_77,5000,LU1_2022,0.6872379689421889
LU1,LU1_32,5000,LU1_2022,0.7062498353247557
LU1,LU1_36,5000,LU1_2022,0.7041561617556784
LU1,LU1_84,5000,LU1_2022,0.7127785013686141
LU1,LU1_25,5000,LU1_2022,0.686165867158671
LU1,LU1_83,5000,LU1_2022,0.7076091045119709
LU1,LU1_80,5000,LU1_2022,0.697147564338235
LU1,LU1_70,5000,LU1_2022,0.6975647674953955
LU1,LU1_48,5000,LU1_2022,0.659804642748524
LU1,LU1_45,5000,LU1_2022,0.6508772067534605
LU1,LU1_11,5000,LU1_2022,0.6725179600371749
LU1,LU1_40,5000,LU1_2022,0.7195928576899506
LU1,LU1_6,5000,LU1_2022,0.7030496816614583
LU1,LU1_10,5000,LU1_2022,0.7330977276234562
LU1,LU1_43,5000,LU1_2022,0.6565220032649252
LU1,LU1_71,5000,LU1_2022,0.6473473958333333
LU1,LU1_22,5000,LU1_2022,0.6510736111111114
LU1,LU1_60,5000,LU1_2022,0.6788161266850499
LU1,LU1_78,5000,LU1_2022,0.6819810168195717
LU1,LU1_46,5000,LU1_2022,0.6513329510703365
LU1,LU1_82,5000,LU1_2022,0.7239276079963242
LU1,LU1_27,5000,LU1_2022,0.7005734740159892
LU9,LU9_5,5000,LU9_2023,0.5644482633720453
LU9,LU9_6,5000,LU9_2023,0.6336489339336546
LU9,LU9_7,5000,LU9_2023,0.656177247262077
LU9,LU9_8,5000,LU9_2023,0.6864979596796966
LU9,LU9_100,5000,LU9_2023,0.6879279538690483
LU9,LU9_102,5000,LU9_2023,0.7304524244870817
LU9,LU9_106,5000,LU9_2023,0.698425629496403
LU9,LU9_112,5000,LU9_2023,0.6846023423623446
LU9,LU9_113,5000,LU9_2023,0.684124504144464
LU9,LU9_12,5000,LU9_2023,0.6535183164674893
LU9,LU9_13,5000,LU9_2023,0.7367564483975955
LU9,LU9_18,5000,LU9_2023,0.6681556796116846
LU9,LU9_21,5000,LU9_2023,0.6994648767272047
LU9,LU9_24,5000,LU9_2023,0.7337432414104873
LU9,LU9_28,5000,LU9_2023,0.7278301879810535
LU9,LU9_29,5000,LU9_2023,0.7293026674107135
LU9,LU9_30,5000,LU9_2023,0.7378087345406354
LU9,LU9_31,5000,LU9_2023,0.7355121749408975
LU9,LU9_32,5000,LU9_2023,0.7330019451911585
LU9,LU9_33,5000,LU9_2023,0.7336310312870699
LU9,LU9_39,5000,LU9_2023,0.7010725650807891
LU9,LU9_41,5000,LU9_2023,0.7397774243772245
LU9,LU9_44,5000,LU9_2023,0.6960240180704891
LU9,LU9_51,5000,LU9_2023,0.6915727380952379
LU9,LU9_55,5000,LU9_2023,0.6940950215005931
LU9,LU9_57,5000,LU9_2023,0.683670348837209
LU9,LU9_62,5000,LU9_2023,0.7411686648904683
LU9,LU9_63,5000,LU9_2023,0.7387222607334536
LU9,LU9_64,5000,LU9_2023,0.736223482142858
LU9,LU9_65,5000,LU9_2023,0.713860576351753
LU9,LU9_67,5000,LU9_2023,0.6846959799939835
LU9,LU9_68,5000,LU9_2023,0.6812380963029225
LU9,LU9_72,5000,LU9_2023,0.7324762919611308
LU9,LU9_73,5000,LU9_2023,0.7176225073746317
LU9,LU9_75,5000,LU9_2023,0.6935668816725973
LU9,LU9_76,5000,LU9_2023,0.6867441176470577
LU9,LU9_77,5000,LU9_2023,0.6816971050269299
LU9,LU9_79,5000,LU9_2023,0.7412095929373518
LU9,LU9_80,5000,LU9_2023,0.7361616232014392
LU9,LU9_81,5000,LU9_2023,0.7035119372391169
LU9,LU9_82,5000,LU9_2023,0.6911919275491951
LU9,LU9_85,5000,LU9_2023,0.7424985187647748
LU9,LU9_86,5000,LU9_2023,0.7126762047746145
LU9,LU9_87,5000,LU9_2023,0.6873634251036133
LU9,LU9_90,5000,LU9_2023,0.68485897606383
LU9,LU9_93,5000,LU9_2023,0.7364203022875816
LU9,LU9_94,5000,LU9_2023,0.7409320261437914
LU9,LU9_96,5000,LU9_2023,0.7131900512477721
LU9,LU9_98,5000,LU9_2023,0.7026906937017238
LU9,LU9_27,5000,LU9_2023,0.7135641207815272
LU14,LU14_3,5000,LU14_2023,0.7025825146198844
LU14,LU14_7,5000,LU14_2023,0.6948982396922189
LU14,LU14_8,5000,LU14_2023,0.6972063009016871
LU14,LU14_9,5000,LU14_2023,0.6986611607142853
LU14,LU14_100,5000,LU14_2023,0.7198083940823321
LU14,LU14_102,5000,LU14_2023,0.7327257533160325
LU14,LU14_105,5000,LU14_2023,0.7209088334772589
LU14,LU14_110,5000,LU14_2023,0.709662514318441
LU14,LU14_114,5000,LU14_2023,0.7142548057481222
LU14,LU14_115,5000,LU14_2023,0.7161519571799307
LU14,LU14_120,5000,LU14_2023,0.7174677677029373
LU14,LU14_121,5000,LU14_2023,0.706906678180772
LU14,LU14_131,5000,LU14_2023,0.7088930555555565
LU14,LU14_135,5000,LU14_2023,0.6914211058519798
LU14,LU14_16,5000,LU14_2023,0.7025328643106457
LU14,LU14_17,5000,LU14_2023,0.7100426282051283
LU14,LU14_19,5000,LU14_2023,0.6995477097851321
LU14,LU14_20,5000,LU14_2023,0.6983235287800686
LU14,LU14_250,5000,LU14_2023,0.7315465313946764
LU14,LU14_30,5000,LU14_2023,0.722127341954024
LU14,LU14_31,5000,LU14_2023,0.7137562752306811
LU14,LU14_33,5000,LU14_2023,0.7128673259032634
LU14,LU14_37,5000,LU14_2023,0.7251426432291663
LU14,LU14_47,5000,LU14_2023,0.7273145475372285
LU14,LU14_48,5000,LU14_2023,0.7291878853984878
LU14,LU14_49,5000,LU14_2023,0.7297942562645692
LU14,LU14_51,5000,LU14_2023,0.7367956290134273
LU14,LU14_54,5000,LU14_2023,0.7128700493986257
LU14,LU14_56,5000,LU14_2023,0.7306233297413793
LU14,LU14_57,5000,LU14_2023,0.72410245483683
LU14,LU14_61,5000,LU14_2023,0.7033554489942536
LU14,LU14_62,5000,LU14_2023,0.7266575079296427
LU14,LU14_63,5000,LU14_2023,0.6959677574171026
LU14,LU14_66,5000,LU14_2023,0.6885929420289846
LU14,LU14_70,5000,LU14_2023,0.7134199259581873
LU14,LU14_71,5000,LU14_2023,0.7190381029751589
LU14,LU14_72,5000,LU14_2023,0.7146890715737516
LU14,LU14_74,5000,LU14_2023,0.7162711440058483
LU14,LU14_76,5000,LU14_2023,0.7286565512048185
LU14,LU14_78,5000,LU14_2023,0.7376538467132041
LU14,LU14_80,5000,LU14_2023,0.7021734202898556
LU14,LU14_84,5000,LU14_2023,0.716663790877796
LU14,LU14_85,5000,LU14_2023,0.7058340265742353
LU14,LU14_86,5000,LU14_2023,0.731373566810345
LU14,LU14_88,5000,LU14_2023,0.7220511514104774
LU14,LU14_91,5000,LU14_2023,0.709109622328134
LU14,LU14_92,5000,LU14_2023,0.71051975229095
LU14,LU14_96,5000,LU14_2023,0.7250182661756206
LU14,LU14_97,5000,LU14_2023,0.7085365332477167
LU14,LU14_75,5000,LU14_2023,0.7044635470826118
LU16,LU16_2,5000,LU16_2023,0.6789492187500002
LU16,LU16_3,5000,LU16_2023,0.6740864654680373
LU16,LU16_15,5000,LU16_2023,0.6707322736447516
LU16,LU16_20,5000,LU16_2023,0.6841942482668976
LU16,LU16_200,5000,LU16_2023,0.619185883190883
LU16,LU16_201,5000,LU16_2023,0.6758086154513883
LU16,LU16_202,5000,LU16_2023,0.6764171534936997
LU16,LU16_203,5000,LU16_2023,0.6620777227011496
LU16,LU16_22,5000,LU16_2023,0.6751118487334477
LU16,LU16_23,5000,LU16_2023,0.7011200678798376
LU16,LU16_24,5000,LU16_2023,0.7132682040229872
LU16,LU16_25,5000,LU16_2023,0.6909089586906816
LU16,LU16_26,5000,LU16_2023,0.6678580639367813
LU16,LU16_270,5000,LU16_2023,0.6150298563708761
LU16,LU16_28,5000,LU16_2023,0.670686804360297
LU16,LU16_300,5000,LU16_2023,0.6735689982728852
LU16,LU16_301,5000,LU16_2023,0.6741393390804592
LU16,LU16_302,5000,LU16_2023,0.6649783160322953
LU16,LU16_303,5000,LU16_2023,0.6682504752715832
LU16,LU16_313,5000,LU16_2023,0.7038410724513167
LU16,LU16_314,5000,LU16_2023,0.6798467766608397
LU16,LU16_36,5000,LU16_2023,0.6795199563287506
LU16,LU16_37,5000,LU16_2023,0.6531092488465973
LU16,LU16_49,5000,LU16_2023,0.5663058747855922
LU16,LU16_52,5000,LU16_2023,0.5875393466724039
LU16,LU16_54,5000,LU16_2023,0.6181581692351605
LU16,LU16_55,5000,LU16_2023,0.6038510505394666
LU16,LU16_57,5000,LU16_2023,0.621888345462329
LU16,LU16_58,5000,LU16_2023,0.6114089918249713
LU16,LU16_60,5000,LU16_2023,0.6015955561852057
LU16,LU16_62,5000,LU16_2023,0.5872917292695701
LU16,LU16_63,5000,LU16_2023,0.6158052652161535
LU16,LU16_64,5000,LU16_2023,0.5902760306314013
LU16,LU16_67,5000,LU16_2023,0.6244493067467121
LU16,LU16_68,5000,LU16_2023,0.5603030130729264
LU16,LU16_69,5000,LU16_2023,0.5524628216408198
LU16,LU16_70,5000,LU16_2023,0.5917017402801592
LU16,LU16_71,5000,LU16_2023,0.5780260131278534
LU16,LU16_72,5000,LU16_2023,0.6263268606321835
LU16,LU16_73,5000,LU16_2023,0.6063849029680363
LU16,LU16_74,5000,LU16_2023,0.5971604713638661
LU16,LU16_75,5000,LU16_2023,0.5812592767992931
LU16,LU16_77,5000,LU16_2023,0.5501584894149566
LU16,LU16_80,5000,LU16_2023,0.5591817800473433
LU16,LU16_81,5000,LU16_2023,0.5523091882134209
LU16,LU16_83,5000,LU16_2023,0.6169052635327624
LU16,LU16_84,5000,LU16_2023,0.6167787862627983
LU16,LU16_85,5000,LU16_2023,0.6028144159544154
LU16,LU16_88,5000,LU16_2023,0.5656103791424067
LU22,LU22_110,5000,LU22_2023,0.7404294352497103
LU22,LU22_48,5000,LU22_2023,0.7412463093145858
LU22,LU22_107,5000,LU22_2023,0.7416042936991873
LU22,LU22_49,5000,LU22_2023,0.7529893292682915
LU22,LU22_103,5000,LU22_2023,0.7468778776718673
LU22,LU22_44,5000,LU22_2023,0.7578170205779333
LU22,LU22_21,5000,LU22_2023,0.7708603298611117
LU22,LU22_15,5000,LU22_2023,0.7671324513646923
LU22,LU22_50,5000,LU22_2023,0.7359005662020902
LU22,LU22_38,5000,LU22_2023,0.7380833513552476
LU22,LU22_22,5000,LU22_2023,0.76410856602676
LU22,LU22_85,5000,LU22_2023,0.7265192862318842
LU22,LU22_33,5000,LU22_2023,0.7580273814717863
LU22,LU22_34,5000,LU22_2023,0.7514767361111112
LU22,LU22_11,5000,LU22_2023,0.7262170178668844
LU22,LU22_29,5000,LU22_2023,0.7590163711072673
LU22,LU22_86,5000,LU22_2023,0.7190176793981479
LU22,LU22_80,5000,LU22_2023,0.7092557670126853
LU22,LU22_17,5000,LU22_2023,0.7626123727457823
LU22,LU22_35,5000,LU22_2023,0.7535939492753628
LU22,LU22_63,5000,LU22_2023,0.7036715494791671
LU22,LU22_30,5000,LU22_2023,0.7593013293997676
LU22,LU22_4,5000,LU22_2023,0.714205794341932
LU22,LU22_36,5000,LU22_2023,0.7405600137921023
LU22,LU22_76,5000,LU22_2023,0.7022328550724628
LU22,LU22_5,5000,LU22_2023,0.7175676682084484
LU22,LU22_87,5000,LU22_2023,0.7083563371080134
LU22,LU22_25,5000,LU22_2023,0.7575705550673693
LU22,LU22_89,5000,LU22_2023,0.7237668941363377
LU22,LU22_18,5000,LU22_2023,0.7608847258580564
LU22,LU22_32,5000,LU22_2023,0.7428960692508713
LU22,LU22_8,5000,LU22_2023,0.7576170884235011
LU22,LU22_6,5000,LU22_2023,0.7556252170138884
LU22,LU22_81,5000,LU22_2023,0.7299193804347825
LU22,LU22_7,5000,LU22_2023,0.759548646380618
LU22,LU22_69,5000,LU22_2023,0.7238137246376823
LU22,LU22_70,5000,LU22_2023,0.7431056340579725
LU22,LU22_82,5000,LU22_2023,0.7472739925158318
LU22,LU22_94,5000,LU22_2023,0.7497057210144927
LU22,LU22_101,5000,LU22_2023,0.7455455089388682
LU22,LU22_71,5000,LU22_2023,0.7506354094579026
LU22,LU22_77,5000,LU22_2023,0.749828938008131
LU22,LU22_72,5000,LU22_2023,0.7512581293706309
LU22,LU22_65,5000,LU22_2023,0.7539129246515685
LU22,LU22_60,5000,LU22_2023,0.7580955865272928
LU22,LU22_61,5000,LU22_2023,0.7599920326086943
LU22,LU22_53,5000,LU22_2023,0.7582653076592073
LU22,LU22_46,5000,LU22_2023,0.7567479563148789
LU22,LU22_40,5000,LU22_2023,0.7501544478085358
LU22,LU22_47,5000,LU22_2023,0.7550772614892386
LU4,LU4_N15_24,5000,LU4_2024,0.689184165086662
LU4,LU4_M14_24,5000,LU4_2024,0.6852367524522542
LU4,LU4_J14_24,5000,LU4_2024,0.6720796228091733
LU4,LU4_J15_24,5000,LU4_2024,0.6741410161576649
LU4,LU4_I12_24,5000,LU4_2024,0.6643565512296062
LU4,LU4_I13_24,5000,LU4_2024,0.6686839821136809
LU4,LU4_Q10_24,5000,LU4_2024,0.7211817022538546
LU4,LU4_O10_24,5000,LU4_2024,0.7180378875968985
LU4,LU4_R7_24,5000,LU4_2024,0.7180985193452377
LU4,LU4_R9_24,5000,LU4_2024,0.7196637261478825
LU4,LU4_T8_24,5000,LU4_2024,0.721880326152004
LU4,LU4_O16_24,5000,LU4_2024,0.6793828744388102
LU4,LU4_J26_24,5000,LU4_2024,0.6838709845735035
LU4,LU4_K25_24,5000,LU4_2024,0.6915146055358208
LU4,LU4_L23_24,5000,LU4_2024,0.7080764264264268
LU4,LU4_H26_24,5000,LU4_2024,0.6906813213213218
LU4,LU4_K23_24,5000,LU4_2024,0.6981442336309526
LU4,LU4_J21_24,5000,LU4_2024,0.7222188958707357
LU4,LU4_I21_24,5000,LU4_2024,0.7197289583333328
LU4,LU4_N30_24,5000,LU4_2024,0.703999348021583
LU4,LU4_O23_24,5000,LU4_2024,0.6890404686880528
LU4,LU4_O22_24,5000,LU4_2024,0.6966442722197602
LU4,LU4_L18_24,5000,LU4_2024,0.6946261611042468
LU4,LU4_L17_24,5000,LU4_2024,0.6774983094077497
LU4,LU4_K17_24,5000,LU4_2024,0.6794343389555139
LU4,LU4_K19_24,5000,LU4_2024,0.7096497203767772
LU4,LU4_I22_24,5000,LU4_2024,0.7130345795795798
LU4,LU4_Q20_24,5000,LU4_2024,0.690024306825817
LU4,LU4_V25_24,5000,LU4_2024,0.6960776711309512
LU4,LU4_P22_24,5000,LU4_2024,0.6895467025967578
LU4,LU4_O21_24,5000,LU4_2024,0.6996091052083605
LU4,LU4_P17_24,5000,LU4_2024,0.6753568428258867
LU4,LU4_Q16_24,5000,LU4_2024,0.6871556932211034
LU4,LU4_V19_24,5000,LU4_2024,0.6957451226810295
LU4,LU4_O17_24,5000,LU4_2024,0.6807303412540893
LU4,LU4_W19_24,5000,LU4_2024,0.6995013988629555
LU4,LU4_Y25_24,5000,LU4_2024,0.7134133430755402
LU4,LU4_S17_24,5000,LU4_2024,0.6855470012269209
LU4,LU4_S18_24,5000,LU4_2024,0.6817627827592035
LU4,LU4_R14_24,5000,LU4_2024,0.6988568892900126
LU4,LU4_V17_24,5000,LU4_2024,0.6851379181600948
LU4,LU4_U15_24,5000,LU4_2024,0.6892076997614794
LU4,LU4_M12_24,5000,LU4_2024,0.7067432319618367
LU4,LU4_O13_24,5000,LU4_2024,0.7133985510510517
LU4,LU4_P15_24,5000,LU4_2024,0.6971172886690652
LU4,LU4_E15_24,5000,LU4_2024,0.6763484398914964
LU4,LU4_G17_24,5000,LU4_2024,0.6775947763571755
LU4,LU4_G13_24,5000,LU4_2024,0.6705204218924827
LU4,LU4_G12_24,5000,LU4_2024,0.6688642562431205
LU4,LU4_F14_24,5000,LU4_2024,0.6706490450480329
LU3,LU3_102_24,5000,LU3_2024,0.7065226898064123
LU3,LU3_5_24,5000,LU3_2024,0.7064593524368221
LU3,LU3_103_24,5000,LU3_2024,0.7102498452596616
LU3,LU3_131_24,5000,LU3_2024,0.710213270908544
LU3,LU3_39_24,5000,LU3_2024,0.6961152564681101
LU3,LU3_18_24,5000,LU3_2024,0.691812270607702
LU3,LU3_20_24,5000,LU3_2024,0.687294055706522
LU3,LU3_19_24,5000,LU3_2024,0.6846424112515046
LU3,LU3_111_24,5000,LU3_2024,0.6976655126531274
LU3,LU3_AB21_24,5000,LU3_2024,0.7151384305304398
LU3,LU3_27_24,5000,LU3_2024,0.6842753428270038
LU3,LU3_36_24,5000,LU3_2024,0.6837788263960295
LU3,LU3_40_24,5000,LU3_2024,0.7022914368595531
LU3,LU3_41_24,5000,LU3_2024,0.6984522594424457
LU3,LU3_52_24,5000,LU3_2024,0.655572141119221
LU3,LU3_15_24,5000,LU3_2024,0.6881845367027679
LU3,LU3_44_24,5000,LU3_2024,0.6965237627858012
LU3,LU3_17_24,5000,LU3_2024,0.6899396170563546
LU3,LU3_147_24,5000,LU3_2024,0.6722744117206227
LU3,LU3_51_24,5000,LU3_2024,0.6589018430930931
LU3,LU3_AH7_24,5000,LU3_2024,0.6951008777878233
LU3,LU3_126_24,5000,LU3_2024,0.6992283077154906
LU3,LU3_129_24,5000,LU3_2024,0.646687942942943
LU3,LU3_28_24,5000,LU3_2024,0.6618898488928779
LU3,LU3_AH14_24,5000,LU3_2024,0.680979859855334
LU3,LU3_38_24,5000,LU3_2024,0.6913055643459901
LU3,LU3_13_24,5000,LU3_2024,0.6926101393884901
LU3,LU3_25_24,5000,LU3_2024,0.6732394817990374
LU3,LU3_21_24,5000,LU3_2024,0.6873547796329736
LU3,LU3_AC10_24,5000,LU3_2024,0.6930766178678684
LU3,LU3_46_24,5000,LU3_2024,0.6896805867805761
LU3,LU3_10_24,5000,LU3_2024,0.6901325135379067
LU3,LU3_AE12_24,5000,LU3_2024,0.6960980638586965
LU3,LU3_7_24,5000,LU3_2024,0.6969961008137441
LU3,LU3_14_24,5000,LU3_2024,0.6926589183272954
LU3,LU3_137_24,5000,LU3_2024,0.6950881085722834
LU3,LU3_M20_24,5000,LU3_2024,0.6985681064355349
LU3,LU3_L22_24,5000,LU3_2024,0.685663773428458
LU3,LU3_J23_24,5000,LU3_2024,0.6807532262397188
LU3,LU3_U6_24,5000,LU3_2024,0.6924794213807783
LU3,LU3_L16_24,5000,LU3_2024,0.6569361217659507
LU3,LU3_N18_24,5000,LU3_2024,0.6959660770470668
LU3,LU3_L15_24,5000,LU3_2024,0.6548235126995211
LU3,LU3_32_24,5000,LU3_2024,0.6929591136728946
LU3,LU3_W7_24,5000,LU3_2024,0.6900172393007833
LU3,LU3_45_24,5000,LU3_2024,0.6982462598128035
LU3,LU3_50_24,5000,LU3_2024,0.6867768309222422
LU3,LU3_49_24,5000,LU3_2024,0.6961682272864018
LU3,LU3_Y8_24,5000,LU3_2024,0.6925967261904765
LU3,LU3_48_24,5000,LU3_2024,0.694088442549372
LU2,LU2_21_24,5000,LU2_2024,0.7415536591880342
LU2,LU2_34_24,5000,LU2_2024,0.7041511685832625
LU2,LU2_O25_24,5000,LU2_2024,0.7600325754113344
LU2,LU2_W21_24,5000,LU2_2024,0.7722450520833342
LU2,LU2_36_24,5000,LU2_2024,0.7713955045871569
LU2,LU2_15_24,5000,LU2_2024,0.7706187806936775
LU2,LU2_13_24,5000,LU2_2024,0.7461504770976229
LU2,LU2_5_24,5000,LU2_2024,0.6803340142968124
LU2,LU2_101_24,5000,LU2_2024,0.6719326432053123
LU2,LU2_32_24,5000,LU2_2024,0.6913842981222995
LU2,LU2_Q24_24,5000,LU2_2024,0.722107164051826
LU2,LU2_56_24,5000,LU2_2024,0.7388907617010595
LU2,LU2_I15_24,5000,LU2_2024,0.750806367800635
LU2,LU2_L20_24,5000,LU2_2024,0.7426863855698522
LU2,LU2_L46_24,5000,LU2_2024,0.7323304496141892
LU2,LU2_110_24,5000,LU2_2024,0.7664860477493923
LU2,LU2_39_24,5000,LU2_2024,0.7638854660888079
LU2,LU2_17_24,5000,LU2_2024,0.7624607318573181
LU2,LU2_155_24,5000,LU2_2024,0.7691267226826262
LU2,LU2_50_24,5000,LU2_2024,0.7261052282280245
LU2,LU2_O16_24,5000,LU2_2024,0.7173172917283245
LU2,LU2_U13_24,5000,LU2_2024,0.7229790475927691
LU2,LU2_44_24,5000,LU2_2024,0.7704586217364913
LU2,LU2_143_24,5000,LU2_2024,0.7706663467397935
LU2,LU2_18_24,5000,LU2_2024,0.767938659118916
LU2,LU2_52_24,5000,LU2_2024,0.7690390653357524
LU2,LU2_123_24,5000,LU2_2024,0.7436930508486828
LU2,LU2_H16_24,5000,LU2_2024,0.7551585640054392
LU2,LU2_27_24,5000,LU2_2024,0.7485756084988795
LU2,LU2_31_24,5000,LU2_2024,0.7312973279546148
LU2,LU2_3_24,5000,LU2_2024,0.7562494590239404
LU2,LU2_J27_24,5000,LU2_2024,0.7381669297154928
LU2,LU2_E27_24,5000,LU2_2024,0.7475428752302026
LU2,LU2_G25_24,5000,LU2_2024,0.7478820378787883
LU2,LU2_G26_24,5000,LU2_2024,0.7487130056265212
LU2,LU2_106_24,5000,LU2_2024,0.7223201221111608
LU2,LU2_20_24,5000,LU2_2024,0.7437727787990198
LU2,LU2_25_24,5000,LU2_2024,0.7487817958179585
LU2,LU2_40_24,5000,LU2_2024,0.7408625837903708
LU2,LU2_38_24,5000,LU2_2024,0.760126369810744
LU2,LU2_137_24,5000,LU2_2024,0.7419297878086413
LU2,LU2_47_24,5000,LU2_2024,0.7515075969169727
LU2,LU2_26_24,5000,LU2_2024,0.770273732383578
LU2,LU2_H26_24,5000,LU2_2024,0.7505369541820424
LU2,LU2_29_24,5000,LU2_2024,0.7496420702644533
LU2,LU2_K26_24,5000,LU2_2024,0.7456027932098772
LU2,LU2_100_24,5000,LU2_2024,0.7331402170613236
LU2,LU2_30_24,5000,LU2_2024,0.7499329854740069
LU2,LU2_33_24,5000,LU2_2024,0.7616859586408361
LU2,LU2_M25_24,5000,LU2_2024,0.7584136860751697
LU8,LU8_N19_24,5000,LU8_2024,0.7361842169540226
LU8,LU8_M19_24,5000,LU8_2024,0.7482194743258744
LU8,LU8_N20_24,5000,LU8_2024,0.6949080011554017
LU8,LU8_O20_24,5000,LU8_2024,0.6197456050228309
LU8,LU8_N18_24,5000,LU8_2024,0.7117145474137927
LU8,LU8_S25_24,5000,LU8_2024,0.7002027370689645
LU8,LU8_AC29_24,5000,LU8_2024,0.6621735552226029
LU8,LU8_AC28_24,5000,LU8_2024,0.6519353334780108
LU8,LU8_AB29_24,5000,LU8_2024,0.6703356086956535
LU8,LU8_AC30_24,5000,LU8_2024,0.6701042675893879
LU8,LU8_T25_24,5000,LU8_2024,0.6600314676155877
LU8,LU8_S24_24,5000,LU8_2024,0.6631013551712922
LU8,LU8_AE29_24,5000,LU8_2024,0.6122063645475384
LU8,LU8_AD29_24,5000,LU8_2024,0.6148042896412053
LU8,LU8_AD28_24,5000,LU8_2024,0.626211454741379
LU8,LU8_AD27_24,5000,LU8_2024,0.6216659902130108
LU8,LU8_AC24_24,5000,LU8_2024,0.5649095681686888
LU8,LU8_AC25_24,5000,LU8_2024,0.615505712134251
LU8,LU8_AC31_24,5000,LU8_2024,0.6682744099021305
LU8,LU8_AB31_24,5000,LU8_2024,0.6810340662911608
LU2,LU2_3,10000,LU2_2021,0.7179060655716919
LU2,LU2_5,10000,LU2_2021,0.7276955109034813
LU2,LU2_100,10000,LU2_2021,0.7332425275231168
LU2,LU2_101,10000,LU2_2021,0.7250688962891715
LU2,LU2_106,10000,LU2_2021,0.7039407592652598
LU2,LU2_110,10000,LU2_2021,0.7455754489566765
LU2,LU2_119,10000,LU2_2021,0.7293342780221919
LU2,LU2_123,10000,LU2_2021,0.7274460544175092
LU2,LU2_13,10000,LU2_2021,0.7376633781703205
LU2,LU2_137,10000,LU2_2021,0.741800607866645
LU2,LU2_143,10000,LU2_2021,0.7508265501721018
LU2,LU2_15,10000,LU2_2021,0.742913696550429
LU2,LU2_153,10000,LU2_2021,0.7311636148877914
LU2,LU2_155,10000,LU2_2021,0.7405817573367035
LU2,LU2_17,10000,LU2_2021,0.7497777038165712
LU2,LU2_18,10000,LU2_2021,0.7456456181713464
LU2,LU2_20,10000,LU2_2021,0.7338669432792405
LU2,LU2_21,10000,LU2_2021,0.7386521165716312
LU2,LU2_24,10000,LU2_2021,0.7283317204158304
LU2,LU2_25,10000,LU2_2021,0.7300694349884511
LU2,LU2_26,10000,LU2_2021,0.7422771856052851
LU2,LU2_27,10000,LU2_2021,0.7269336112771744
LU2,LU2_29,10000,LU2_2021,0.7360768401641087
LU2,LU2_30,10000,LU2_2021,0.7401107740322962
LU2,LU2_31,10000,LU2_2021,0.7165357306022849
LU2,LU2_32,10000,LU2_2021,0.7193774264644451
LU2,LU2_33,10000,LU2_2021,0.7158123605017258
LU2,LU2_34,10000,LU2_2021,0.7329597400325262
LU2,LU2_36,10000,LU2_2021,0.7456516309679264
LU2,LU2_38,10000,LU2_2021,0.7500826351545262
LU2,LU2_39,10000,LU2_2021,0.7480530942860787
LU2,LU2_40,10000,LU2_2021,0.7453501631308778
LU2,LU2_42,10000,LU2_2021,0.7477369725662214
LU2,LU2_44,10000,LU2_2021,0.7501070529779985
LU2,LU2_46,10000,LU2_2021,0.7317193798203507
LU2,LU2_47,10000,LU2_2021,0.7301234144954274
LU2,LU2_50,10000,LU2_2021,0.7314817882613209
LU2,LU2_51,10000,LU2_2021,0.7296239586199516
LU2,LU2_52,10000,LU2_2021,0.7301237849336861
LU2,LU2_54,10000,LU2_2021,0.7259923839377806
LU2,LU2_56,10000,LU2_2021,0.7170349539315167
LU2,LU2_57,10000,LU2_2021,0.7096918556888784
LU3,LU3_5,10000,LU3_2021,0.709134561482824
LU3,LU3_7,10000,LU3_2021,0.7054498009133454
LU3,LU3_10,10000,LU3_2021,0.7020846904708006
LU3,LU3_102,10000,LU3_2021,0.7104470093933922
LU3,LU3_103,10000,LU3_2021,0.7070793251811618
LU3,LU3_106,10000,LU3_2021,0.7054828437885561
LU3,LU3_111,10000,LU3_2021,0.7060033140289362
LU3,LU3_126,10000,LU3_2021,0.6827134814438407
LU3,LU3_129,10000,LU3_2021,0.6746199917528876
LU3,LU3_13,10000,LU3_2021,0.7011158829499331
LU3,LU3_131,10000,LU3_2021,0.7051846781505003
LU3,LU3_137,10000,LU3_2021,0.6847469182038927
LU3,LU3_14,10000,LU3_2021,0.7016315439846227
LU3,LU3_147,10000,LU3_2021,0.6799044240306568
LU3,LU3_15,10000,LU3_2021,0.6958105007906213
LU3,LU3_17,10000,LU3_2021,0.6866217514283567
LU3,LU3_18,10000,LU3_2021,0.7054395044689807
LU3,LU3_19,10000,LU3_2021,0.7012022884673301
LU3,LU3_20,10000,LU3_2021,0.6987300273378582
LU3,LU3_21,10000,LU3_2021,0.688830321568185
LU3,LU3_25,10000,LU3_2021,0.6835028899669064
LU3,LU3_27,10000,LU3_2021,0.6820675144185108
LU3,LU3_28,10000,LU3_2021,0.6776846595184337
LU3,LU3_32,10000,LU3_2021,0.6830097735685957
LU3,LU3_36,10000,LU3_2021,0.6858724904342601
LU3,LU3_38,10000,LU3_2021,0.6985104893589436
LU3,LU3_39,10000,LU3_2021,0.6893162625102255
LU3,LU3_40,10000,LU3_2021,0.6964965554278305
LU3,LU3_41,10000,LU3_2021,0.6949821075933085
LU3,LU3_44,10000,LU3_2021,0.6887535339575817
LU3,LU3_45,10000,LU3_2021,0.689604026397049
LU3,LU3_46,10000,LU3_2021,0.6864125131677954
LU3,LU3_48,10000,LU3_2021,0.7015115804403376
LU3,LU3_50,10000,LU3_2021,0.6925740000750407
LU3,LU3_51,10000,LU3_2021,0.6777828648415186
LU3,LU3_52,10000,LU3_2021,0.6750814248312204
LU3,LU3_49,10000,LU3_2021,0.7008895391471122
LU13,LU13_18,10000,LU13_2022,0.5979207374855328
LU13,LU13_15,10000,LU13_2022,0.5869547630826758
LU13,LU13_3,10000,LU13_2022,0.6487432302945001
LU13,LU13_34,10000,LU13_2022,0.6685963918362934
LU13,LU13_57,10000,LU13_2022,0.6993375243611937
LU13,LU13_16,10000,LU13_2022,0.5952039276401563
LU13,LU13_21,10000,LU13_2022,0.5856318608818412
LU13,LU13_37,10000,LU13_2022,0.6904005860786022
LU13,LU13_55,10000,LU13_2022,0.7000483205044807
LU13,LU13_47,10000,LU13_2022,0.7055418969487603
LU13,LU13_51,10000,LU13_2022,0.6993736621952988
LU13,LU13_27,10000,LU13_2022,0.7065219742063512
LU13,LU13_5,10000,LU13_2022,0.7131599423605114
LU13,LU13_26,10000,LU13_2022,0.6833240189163785
LU13,LU13_35,10000,LU13_2022,0.6783288530853527
LU13,LU13_13,10000,LU13_2022,0.6701857195818892
LU13,LU13_128,10000,LU13_2022,0.6646101665579247
LU13,LU13_131,10000,LU13_2022,0.6607437192697048
LU13,LU13_12,10000,LU13_2022,0.6557825309315883
LU13,LU13_33,10000,LU13_2022,0.64570707548891
LU13,LU13_32,10000,LU13_2022,0.6279858818770245
LU13,LU13_30,10000,LU13_2022,0.6100401237295638
LU13,LU13_53,10000,LU13_2022,0.7087993278114643
LU13,LU13_22,10000,LU13_2022,0.7089509664577018
LU13,LU13_19,10000,LU13_2022,0.7100459845212388
LU13,LU13_45,10000,LU13_2022,0.7140894825413971
LU13,LU13_8,10000,LU13_2022,0.7140576970842344
LU13,LU13_43,10000,LU13_2022,0.7145410317460333
LU13,LU13_41,10000,LU13_2022,0.7138949866406723
LU13,LU13_59,10000,LU13_2022,0.7105287041052354
LU13,LU13_6,10000,LU13_2022,0.7132517592793205
LU13,LU13_14,10000,LU13_2022,0.7136879834054862
LU13,LU13_52,10000,LU13_2022,0.6824929780263544
LU13,LU13_36,10000,LU13_2022,0.6897789640077833
LU13,LU13_38,10000,LU13_2022,0.6923221139971144
LU13,LU13_20,10000,LU13_2022,0.707165158139031
LU13,LU13_17,10000,LU13_2022,0.7080536651567451
LU13,LU13_56,10000,LU13_2022,0.7099630558548856
LU13,LU13_49,10000,LU13_2022,0.7033087204056574
LU13,LU13_70,10000,LU13_2022,0.6967492362617485
LU13,LU13_11,10000,LU13_2022,0.6969366270698345
LU15,LU15_44,10000,LU15_2022,0.7165228131929043
LU15,LU15_11,10000,LU15_2022,0.7161070846244655
LU15,LU15_19,10000,LU15_2022,0.716125765456692
LU15,LU15_7,10000,LU15_2022,0.7058591040249959
LU15,LU15_34,10000,LU15_2022,0.7015756845528912
LU15,LU15_37,10000,LU15_2022,0.7100531185300208
LU15,LU15_18,10000,LU15_2022,0.7138962875592055
LU15,LU15_43,10000,LU15_2022,0.7164722333185368
LU15,LU15_10,10000,LU15_2022,0.71648406439226
LU15,LU15_58,10000,LU15_2022,0.7172771663346609
LU15,LU15_8,10000,LU15_2022,0.7176790399837251
LU15,LU15_12,10000,LU15_2022,0.7093256025099943
LU15,LU15_17,10000,LU15_2022,0.7097434640159928
LU15,LU15_1,10000,LU15_2022,0.6968792047311351
LU15,LU15_26,10000,LU15_2022,0.6972913609752486
LU15,LU15_27,10000,LU15_2022,0.6971620593485055
LU15,LU15_28,10000,LU15_2022,0.6966574820290505
LU15,LU15_2,10000,LU15_2022,0.6957958203703711
LU15,LU15_29,10000,LU15_2022,0.6967868455838555
LU15,LU15_30,10000,LU15_2022,0.6978621651785729
LU15,LU15_31,10000,LU15_2022,0.6990376499333647
LU15,LU15_32,10000,LU15_2022,0.7003559662883857
LU15,LU15_20,10000,LU15_2022,0.696875930375315
LU15,LU15_21,10000,LU15_2022,0.7018011355471829
LU15,LU15_23,10000,LU15_2022,0.6963507891896216
LU15,LU15_41,10000,LU15_2022,0.6955360628882986
LU15,LU15_25,10000,LU15_2022,0.710581312739886
LU15,LU15_9,10000,LU15_2022,0.7092569745975468
LU15,LU15_24,10000,LU15_2022,0.6978032126817229
LU15,LU15_46,10000,LU15_2022,0.699234861287
LU15,LU15_40,10000,LU15_2022,0.7105610000369221
LU15,LU15_16,10000,LU15_2022,0.7087675863280102
LU15,LU15_4,10000,LU15_2022,0.7086168766651861
LU15,LU15_36,10000,LU15_2022,0.7065763407407384
LU15,LU15_3,10000,LU15_2022,0.694820320115881
LU15,LU15_15,10000,LU15_2022,0.6944922513256441
LU15,LU15_14,10000,LU15_2022,0.6928646490354734
LU15,LU15_22,10000,LU15_2022,0.7358363230639009
LU15,LU15_61,10000,LU15_2022,0.7309457752581122
LU21,LU21_106,10000,LU21_2022,0.6869217351020129
LU21,LU21_10,10000,LU21_2022,0.6767743419123048
LU21,LU21_16,10000,LU21_2022,0.6739199277753338
LU21,LU21_107,10000,LU21_2022,0.6861086491285896
LU21,LU21_41,10000,LU21_2022,0.6695138321622024
LU21,LU21_63,10000,LU21_2022,0.6723496831501806
LU21,LU21_27,10000,LU21_2022,0.685418643138973
LU21,LU21_23,10000,LU21_2022,0.6930021456043958
LU21,LU21_21,10000,LU21_2022,0.6893522917580823
LU21,LU21_82,10000,LU21_2022,0.7019322211228372
LU21,LU21_871,10000,LU21_2022,0.6909394384536407
LU21,LU21_164,10000,LU21_2022,0.671455908574984
LU21,LU21_36,10000,LU21_2022,0.6738027452161853
LU21,LU21_14,10000,LU21_2022,0.6800168123991789
LU21,LU21_32,10000,LU21_2022,0.6861793235551651
LU21,LU21_126,10000,LU21_2022,0.6896723772893772
LU21,LU21_122,10000,LU21_2022,0.6898169636330428
LU21,LU21_56,10000,LU21_2022,0.6942220901069148
LU21,LU21_57,10000,LU21_2022,0.6898646692251477
LU21,LU21_9,10000,LU21_2022,0.6801596115757053
LU21,LU21_98,10000,LU21_2022,0.7084471315230146
LU21,LU21_119,10000,LU21_2022,0.682273571480833
LU21,LU21_52,10000,LU21_2022,0.6983346069389565
LU21,LU21_59,10000,LU21_2022,0.6904002661527153
LU21,LU21_68,10000,LU21_2022,0.6739159835164827
LU21,LU21_109,10000,LU21_2022,0.6896491895604402
LU21,LU21_93,10000,LU21_2022,0.6925481297556323
LU21,LU21_114,10000,LU21_2022,0.7023773334432707
LU21,LU21_105,10000,LU21_2022,0.7011277581900985
LU21,LU21_100,10000,LU21_2022,0.701827967143909
LU21,LU21_74,10000,LU21_2022,0.7086736932234442
LU21,LU21_78,10000,LU21_2022,0.7090917096314183
LU21,LU21_153,10000,LU21_2022,0.7031061454205183
LU21,LU21_6,10000,LU21_2022,0.7107267036260659
LU21,LU21_116,10000,LU21_2022,0.7004918237433845
LU21,LU21_97,10000,LU21_2022,0.6893515435481504
LU1,LU1_13,10000,LU1_2022,0.7039262445349178
LU1,LU1_30,10000,LU1_2022,0.6980738160463484
LU1,LU1_85,10000,LU1_2022,0.7034794130003046
LU1,LU1_66,10000,LU1_2022,0.7070271534568212
LU1,LU1_76,10000,LU1_2022,0.7069816761521507
LU1,LU1_73,10000,LU1_2022,0.7049866734696747
LU1,LU1_75,10000,LU1_2022,0.7023495331130241
LU1,LU1_47,10000,LU1_2022,0.6828747683231167
LU1,LU1_74,10000,LU1_2022,0.6580281825933524
LU1,LU1_44,10000,LU1_2022,0.6773342616967778
LU1,LU1_41,10000,LU1_2022,0.6299850555814238
LU1,LU1_64,10000,LU1_2022,0.6665416963747723
LU1,LU1_86,10000,LU1_2022,0.6964547019326802
LU1,LU1_79,10000,LU1_2022,0.6714920117580337
LU1,LU1_63,10000,LU1_2022,0.6698989089143392
LU1,LU1_72,10000,LU1_2022,0.6460732699489261
LU1,LU1_67,10000,LU1_2022,0.6958959200125958
LU1,LU1_77,10000,LU1_2022,0.6932412759815255
LU1,LU1_32,10000,LU1_2022,0.6975851824641133
LU1,LU1_36,10000,LU1_2022,0.697215935723067
LU1,LU1_84,10000,LU1_2022,0.6927973904883488
LU1,LU1_25,10000,LU1_2022,0.6950458285330273
LU1,LU1_83,10000,LU1_2022,0.6984950630733929
LU1,LU1_80,10000,LU1_2022,0.695551164018117
LU1,LU1_70,10000,LU1_2022,0.692557941626025
LU1,LU1_48,10000,LU1_2022,0.6501088785273149
LU1,LU1_45,10000,LU1_2022,0.6476729810445491
LU1,LU1_11,10000,LU1_2022,0.67874166758165
LU1,LU1_40,10000,LU1_2022,0.6870868337471758
LU1,LU1_6,10000,LU1_2022,0.6957762587055247
LU1,LU1_10,10000,LU1_2022,0.6904207396665788
LU1,LU1_43,10000,LU1_2022,0.686303015668979
LU1,LU1_71,10000,LU1_2022,0.6900454737165218
LU1,LU1_22,10000,LU1_2022,0.6779507295899762
LU1,LU1_60,10000,LU1_2022,0.6912484499693066
LU1,LU1_78,10000,LU1_2022,0.6707275041454906
LU1,LU1_46,10000,LU1_2022,0.6924498228992102
LU1,LU1_82,10000,LU1_2022,0.7020387036356225
LU1,LU1_27,10000,LU1_2022,0.7025629754924954
LU9,LU9_5,10000,LU9_2023,0.6889538216787064
LU9,LU9_6,10000,LU9_2023,0.6962858748703769
LU9,LU9_7,10000,LU9_2023,0.6953560336640969
LU9,LU9_8,10000,LU9_2023,0.7016353165347233
LU9,LU9_100,10000,LU9_2023,0.6957676480405394
LU9,LU9_102,10000,LU9_2023,0.6968453872725986
LU9,LU9_106,10000,LU9_2023,0.6972880881183712
LU9,LU9_112,10000,LU9_2023,0.6925645314122523
LU9,LU9_113,10000,LU9_2023,0.6926086259339949
LU9,LU9_12,10000,LU9_2023,0.6897413035459175
LU9,LU9_13,10000,LU9_2023,0.7282716447453736
LU9,LU9_18,10000,LU9_2023,0.68554018336523
LU9,LU9_21,10000,LU9_2023,0.6825580558367284
LU9,LU9_24,10000,LU9_2023,0.7005380913760868
LU9,LU9_28,10000,LU9_2023,0.6904361372265554
LU9,LU9_29,10000,LU9_2023,0.6972511506407412
LU9,LU9_30,10000,LU9_2023,0.7107648248497511
LU9,LU9_31,10000,LU9_2023,0.7106901546107589
LU9,LU9_32,10000,LU9_2023,0.7175680694964571
LU9,LU9_33,10000,LU9_2023,0.7235783078176511
LU9,LU9_39,10000,LU9_2023,0.7111680710773356
LU9,LU9_41,10000,LU9_2023,0.6974525078815282
LU9,LU9_44,10000,LU9_2023,0.7098567963871564
LU9,LU9_51,10000,LU9_2023,0.6980079259672624
LU9,LU9_55,10000,LU9_2023,0.7080921137577936
LU9,LU9_57,10000,LU9_2023,0.6980111642920755
LU9,LU9_62,10000,LU9_2023,0.7000766181007283
LU9,LU9_63,10000,LU9_2023,0.7340403183917024
LU9,LU9_64,10000,LU9_2023,0.7374459097763097
LU9,LU9_65,10000,LU9_2023,0.7135931538347452
LU9,LU9_67,10000,LU9_2023,0.6958539390053545
LU9,LU9_68,10000,LU9_2023,0.6962613920412417
LU9,LU9_72,10000,LU9_2023,0.7360163114907158
LU9,LU9_73,10000,LU9_2023,0.7156997507043306
LU9,LU9_75,10000,LU9_2023,0.7037908618899296
LU9,LU9_76,10000,LU9_2023,0.7008760713490665
LU9,LU9_77,10000,LU9_2023,0.6963169673348202
LU9,LU9_79,10000,LU9_2023,0.700160623446173
LU9,LU9_80,10000,LU9_2023,0.7215469079294011
LU9,LU9_81,10000,LU9_2023,0.7077140331454976
LU9,LU9_82,10000,LU9_2023,0.7029391874246433
LU9,LU9_85,10000,LU9_2023,0.6957986561590923
LU9,LU9_86,10000,LU9_2023,0.7072420521592545
LU9,LU9_87,10000,LU9_2023,0.6986745679824784
LU9,LU9_90,10000,LU9_2023,0.6960974545285833
LU9,LU9_93,10000,LU9_2023,0.6942899438537242
LU9,LU9_94,10000,LU9_2023,0.7069439100992856
LU9,LU9_96,10000,LU9_2023,0.7084386845858127
LU9,LU9_98,10000,LU9_2023,0.7036984143828818
LU9,LU9_27,10000,LU9_2023,0.7090452355736371
LU14,LU14_3,10000,LU14_2023,0.7053476303446776
LU14,LU14_7,10000,LU14_2023,0.7025061058529168
LU14,LU14_8,10000,LU14_2023,0.7034192923741118
LU14,LU14_9,10000,LU14_2023,0.7049842571438931
LU14,LU14_100,10000,LU14_2023,0.7245918176589037
LU14,LU14_102,10000,LU14_2023,0.7245386801957416
LU14,LU14_105,10000,LU14_2023,0.7147610826502736
LU14,LU14_110,10000,LU14_2023,0.7089829950561819
LU14,LU14_114,10000,LU14_2023,0.7166091469109205
LU14,LU14_115,10000,LU14_2023,0.7207749333189173
LU14,LU14_120,10000,LU14_2023,0.7150540441616823
LU14,LU14_121,10000,LU14_2023,0.7145768130431639
LU14,LU14_131,10000,LU14_2023,0.7170286608552163
LU14,LU14_135,10000,LU14_2023,0.7064555785642557
LU14,LU14_16,10000,LU14_2023,0.7082479738064142
LU14,LU14_17,10000,LU14_2023,0.7177365717552261
LU14,LU14_19,10000,LU14_2023,0.7102513955342896
LU14,LU14_20,10000,LU14_2023,0.7067802250542308
LU14,LU14_250,10000,LU14_2023,0.720510152173915
LU14,LU14_30,10000,LU14_2023,0.7114020002888487
LU14,LU14_31,10000,LU14_2023,0.7121155388743823
LU14,LU14_33,10000,LU14_2023,0.7171349149214656
LU14,LU14_37,10000,LU14_2023,0.7266006528501182
LU14,LU14_47,10000,LU14_2023,0.7078665025252526
LU14,LU14_48,10000,LU14_2023,0.7087055628082384
LU14,LU14_49,10000,LU14_2023,0.7099278987084596
LU14,LU14_51,10000,LU14_2023,0.7158053794480741
LU14,LU14_54,10000,LU14_2023,0.7039726623376635
LU14,LU14_56,10000,LU14_2023,0.721998340731918
LU14,LU14_57,10000,LU14_2023,0.7207155891742866
LU14,LU14_61,10000,LU14_2023,0.7024397059884566
LU14,LU14_62,10000,LU14_2023,0.7229928548177094
LU14,LU14_63,10000,LU14_2023,0.7004089912757019
LU14,LU14_66,10000,LU14_2023,0.696291993445182
LU14,LU14_70,10000,LU14_2023,0.7208189199204637
LU14,LU14_71,10000,LU14_2023,0.72674201690559
LU14,LU14_72,10000,LU14_2023,0.7255546375324122
LU14,LU14_74,10000,LU14_2023,0.7240315680730759
LU14,LU14_76,10000,LU14_2023,0.7230813574627937
LU14,LU14_78,10000,LU14_2023,0.7214299963846705
LU14,LU14_80,10000,LU14_2023,0.7167389211115939
LU14,LU14_84,10000,LU14_2023,0.7196755035246729
LU14,LU14_85,10000,LU14_2023,0.7095922269722656
LU14,LU14_86,10000,LU14_2023,0.7231476189187227
LU14,LU14_88,10000,LU14_2023,0.7158349595032388
LU14,LU14_91,10000,LU14_2023,0.7215028715728711
LU14,LU14_92,10000,LU14_2023,0.7111712913553472
LU14,LU14_96,10000,LU14_2023,0.7222299066681056
LU14,LU14_97,10000,LU14_2023,0.7027693746546299
LU14,LU14_75,10000,LU14_2023,0.709109636643948
LU16,LU16_2,10000,LU16_2023,0.685181372284562
LU16,LU16_3,10000,LU16_2023,0.6799757088370751
LU16,LU16_15,10000,LU16_2023,0.6938673984789798
LU16,LU16_20,10000,LU16_2023,0.6880064209124949
LU16,LU16_200,10000,LU16_2023,0.5901111470578169
LU16,LU16_201,10000,LU16_2023,0.6471909432372329
LU16,LU16_202,10000,LU16_2023,0.6503232499999996
LU16,LU16_203,10000,LU16_2023,0.6390113874963681
LU16,LU16_22,10000,LU16_2023,0.6925060804263579
LU16,LU16_23,10000,LU16_2023,0.6859535259179275
LU16,LU16_24,10000,LU16_2023,0.6816102731122596
LU16,LU16_25,10000,LU16_2023,0.6400373346988643
LU16,LU16_26,10000,LU16_2023,0.6230454753445304
LU16,LU16_270,10000,LU16_2023,0.6211147208698008
LU16,LU16_28,10000,LU16_2023,0.6192219961132698
LU16,LU16_300,10000,LU16_2023,0.6903096773034344
LU16,LU16_301,10000,LU16_2023,0.6986705204747568
LU16,LU16_302,10000,LU16_2023,0.6913838582180938
LU16,LU16_303,10000,LU16_2023,0.6952230720856706
LU16,LU16_313,10000,LU16_2023,0.6712084653376452
LU16,LU16_314,10000,LU16_2023,0.7013772123015903
LU16,LU16_36,10000,LU16_2023,0.6352908422862416
LU16,LU16_37,10000,LU16_2023,0.607872080690855
LU16,LU16_49,10000,LU16_2023,0.6090012061683866
LU16,LU16_52,10000,LU16_2023,0.6155300616771731
LU16,LU16_54,10000,LU16_2023,0.6068018808333464
LU16,LU16_55,10000,LU16_2023,0.610943450352512
LU16,LU16_57,10000,LU16_2023,0.6030288213735572
LU16,LU16_58,10000,LU16_2023,0.6003701921132686
LU16,LU16_60,10000,LU16_2023,0.5938519758443221
LU16,LU16_62,10000,LU16_2023,0.589890966666775
LU16,LU16_63,10000,LU16_2023,0.6217500489957678
LU16,LU16_64,10000,LU16_2023,0.589145542669479
LU16,LU16_67,10000,LU16_2023,0.6306182998916421
LU16,LU16_68,10000,LU16_2023,0.587803612361942
LU16,LU16_69,10000,LU16_2023,0.5886609900136336
LU16,LU16_70,10000,LU16_2023,0.600539476145501
LU16,LU16_71,10000,LU16_2023,0.5942636317289814
LU16,LU16_72,10000,LU16_2023,0.6278320749282953
LU16,LU16_73,10000,LU16_2023,0.5963739212414454
LU16,LU16_74,10000,LU16_2023,0.5888844585314813
LU16,LU16_75,10000,LU16_2023,0.585911978376254
LU16,LU16_77,10000,LU16_2023,0.5851114847968076
LU16,LU16_80,10000,LU16_2023,0.5876067789621036
LU16,LU16_81,10000,LU16_2023,0.5872802181262479
LU16,LU16_83,10000,LU16_2023,0.6059131055417893
LU16,LU16_84,10000,LU16_2023,0.601021375736305
LU16,LU16_85,10000,LU16_2023,0.5939114242589898
LU16,LU16_88,10000,LU16_2023,0.5864044328467697
LU22,LU22_110,10000,LU22_2023,0.73236529255319
LU22,LU22_48,10000,LU22_2023,0.7396368772793585
LU22,LU22_107,10000,LU22_2023,0.7404413522183555
LU22,LU22_49,10000,LU22_2023,0.7402819967697436
LU22,LU22_103,10000,LU22_2023,0.7399940408873429
LU22,LU22_44,10000,LU22_2023,0.7468011264216982
LU22,LU22_21,10000,LU22_2023,0.7501164649996304
LU22,LU22_15,10000,LU22_2023,0.7516230433434482
LU22,LU22_50,10000,LU22_2023,0.7421122349310083
LU22,LU22_38,10000,LU22_2023,0.7417588534870244
LU22,LU22_22,10000,LU22_2023,0.744877219944723
LU22,LU22_85,10000,LU22_2023,0.7275886426191526
LU22,LU22_33,10000,LU22_2023,0.7423988079379634
LU22,LU22_34,10000,LU22_2023,0.7420123180494922
LU22,LU22_11,10000,LU22_2023,0.7445869586115365
LU22,LU22_29,10000,LU22_2023,0.7405807549592894
LU22,LU22_86,10000,LU22_2023,0.7275544238012465
LU22,LU22_80,10000,LU22_2023,0.724432624981861
LU22,LU22_17,10000,LU22_2023,0.7423135770638121
LU22,LU22_35,10000,LU22_2023,0.7388137386432128
LU22,LU22_63,10000,LU22_2023,0.7243639363748553
LU22,LU22_30,10000,LU22_2023,0.738915336666607
LU22,LU22_4,10000,LU22_2023,0.7414914741713572
LU22,LU22_36,10000,LU22_2023,0.7389175728984881
LU22,LU22_76,10000,LU22_2023,0.724862416630417
LU22,LU22_5,10000,LU22_2023,0.7380132267237332
LU22,LU22_87,10000,LU22_2023,0.7279699951065683
LU22,LU22_25,10000,LU22_2023,0.7370702908755189
LU22,LU22_89,10000,LU22_2023,0.733884931308748
LU22,LU22_18,10000,LU22_2023,0.7365415148621565
LU22,LU22_32,10000,LU22_2023,0.7444743956746028
LU22,LU22_8,10000,LU22_2023,0.734700120066016
LU22,LU22_6,10000,LU22_2023,0.7269490370093802
LU22,LU22_81,10000,LU22_2023,0.7342384795925754
LU22,LU22_7,10000,LU22_2023,0.7313236928607427
LU22,LU22_69,10000,LU22_2023,0.7315638523073538
LU22,LU22_70,10000,LU22_2023,0.7366449818840548
LU22,LU22_82,10000,LU22_2023,0.739798037727665
LU22,LU22_94,10000,LU22_2023,0.7396763146458071
LU22,LU22_101,10000,LU22_2023,0.739263109447339
LU22,LU22_71,10000,LU22_2023,0.7430054086887122
LU22,LU22_77,10000,LU22_2023,0.7440954206573769
LU22,LU22_72,10000,LU22_2023,0.7460498650948838
LU22,LU22_65,10000,LU22_2023,0.7492799155062371
LU22,LU22_60,10000,LU22_2023,0.7515879635665654
LU22,LU22_61,10000,LU22_2023,0.7507038248839568
LU22,LU22_53,10000,LU22_2023,0.7493170411204326
LU22,LU22_46,10000,LU22_2023,0.7491533900030544
LU22,LU22_40,10000,LU22_2023,0.7480247042153686
LU22,LU22_47,10000,LU22_2023,0.7486491011892039
LU4,LU4_N15_24,10000,LU4_2024,0.6946326390518973
LU4,LU4_M14_24,10000,LU4_2024,0.6911548970702989
LU4,LU4_J14_24,10000,LU4_2024,0.6911515095492023
LU4,LU4_J15_24,10000,LU4_2024,0.6916609003884988
LU4,LU4_I12_24,10000,LU4_2024,0.6916269136895136
LU4,LU4_I13_24,10000,LU4_2024,0.6907186292494124
LU4,LU4_Q10_24,10000,LU4_2024,0.7068197688903767
LU4,LU4_O10_24,10000,LU4_2024,0.7032886989606548
LU4,LU4_R7_24,10000,LU4_2024,0.7171569843124169
LU4,LU4_R9_24,10000,LU4_2024,0.7131882022053367
LU4,LU4_T8_24,10000,LU4_2024,0.7133259567557537
LU4,LU4_O16_24,10000,LU4_2024,0.6957419202581249
LU4,LU4_J26_24,10000,LU4_2024,0.7000226787164161
LU4,LU4_K25_24,10000,LU4_2024,0.6993941444064491
LU4,LU4_L23_24,10000,LU4_2024,0.6936641814286828
LU4,LU4_H26_24,10000,LU4_2024,0.7032502535174359
LU4,LU4_K23_24,10000,LU4_2024,0.6970538471817883
LU4,LU4_J21_24,10000,LU4_2024,0.6914034378687066
LU4,LU4_I21_24,10000,LU4_2024,0.6950053226780115
LU4,LU4_N30_24,10000,LU4_2024,0.7031017453027619
LU4,LU4_O23_24,10000,LU4_2024,0.6923064368786812
LU4,LU4_O22_24,10000,LU4_2024,0.6936299930485444
LU4,LU4_L18_24,10000,LU4_2024,0.6948927383380374
LU4,LU4_L17_24,10000,LU4_2024,0.6930821759852785
LU4,LU4_K17_24,10000,LU4_2024,0.692301713436469
LU4,LU4_K19_24,10000,LU4_2024,0.6922462486641962
LU4,LU4_I22_24,10000,LU4_2024,0.6977058494020469
LU4,LU4_Q20_24,10000,LU4_2024,0.6925662818901533
LU4,LU4_V25_24,10000,LU4_2024,0.6989271301125466
LU4,LU4_P22_24,10000,LU4_2024,0.6932272269216297
LU4,LU4_O21_24,10000,LU4_2024,0.6935128883104458
LU4,LU4_P17_24,10000,LU4_2024,0.6977336451185393
LU4,LU4_Q16_24,10000,LU4_2024,0.6970947237622158
LU4,LU4_V19_24,10000,LU4_2024,0.6924286777930228
LU4,LU4_O17_24,10000,LU4_2024,0.6959139981392221
LU4,LU4_W19_24,10000,LU4_2024,0.6933477562002488
LU4,LU4_Y25_24,10000,LU4_2024,0.7139787864349763
LU4,LU4_S17_24,10000,LU4_2024,0.6937347491600069
LU4,LU4_S18_24,10000,LU4_2024,0.6932604546986767
LU4,LU4_R14_24,10000,LU4_2024,0.6949834827409498
LU4,LU4_V17_24,10000,LU4_2024,0.6927374412015326
LU4,LU4_U15_24,10000,LU4_2024,0.6947075559336967
LU4,LU4_M12_24,10000,LU4_2024,0.6927212196376432
LU4,LU4_O13_24,10000,LU4_2024,0.6909147395180358
LU4,LU4_P15_24,10000,LU4_2024,0.695904736088527
LU4,LU4_E15_24,10000,LU4_2024,0.6925253950143285
LU4,LU4_G17_24,10000,LU4_2024,0.6928604410707342
LU4,LU4_G13_24,10000,LU4_2024,0.6925994256532284
LU4,LU4_G12_24,10000,LU4_2024,0.6932606208967794
LU4,LU4_F14_24,10000,LU4_2024,0.69148796560235
LU3,LU3_102_24,10000,LU3_2024,0.7104505519701102
LU3,LU3_5_24,10000,LU3_2024,0.7091838657093351
LU3,LU3_103_24,10000,LU3_2024,0.7070793251811618
LU3,LU3_131_24,10000,LU3_2024,0.7051846781505003
LU3,LU3_39_24,10000,LU3_2024,0.6892749107437124
LU3,LU3_18_24,10000,LU3_2024,0.7053948175319796
LU3,LU3_20_24,10000,LU3_2024,0.6987146464932126
LU3,LU3_19_24,10000,LU3_2024,0.7012047808502644
LU3,LU3_111_24,10000,LU3_2024,0.705832718637383
LU3,LU3_AB21_24,10000,LU3_2024,0.7130001890502143
LU3,LU3_27_24,10000,LU3_2024,0.6820773713939979
LU3,LU3_36_24,10000,LU3_2024,0.6858476289482863
LU3,LU3_40_24,10000,LU3_2024,0.6962682276917146
LU3,LU3_41_24,10000,LU3_2024,0.6949715797761244
LU3,LU3_52_24,10000,LU3_2024,0.6750626879794451
LU3,LU3_15_24,10000,LU3_2024,0.6959662436642826
LU3,LU3_44_24,10000,LU3_2024,0.6886869266832358
LU3,LU3_17_24,10000,LU3_2024,0.6865811239653875
LU3,LU3_147_24,10000,LU3_2024,0.6800133664110645
LU3,LU3_51_24,10000,LU3_2024,0.677775367260293
LU3,LU3_AH7_24,10000,LU3_2024,0.6818811012577188
LU3,LU3_126_24,10000,LU3_2024,0.6827169095496295
LU3,LU3_129_24,10000,LU3_2024,0.6746370943869915
LU3,LU3_28_24,10000,LU3_2024,0.6777058513838734
LU3,LU3_AH14_24,10000,LU3_2024,0.7009995125715145
LU3,LU3_38_24,10000,LU3_2024,0.698529769797917
LU3,LU3_13_24,10000,LU3_2024,0.7011138509702174
LU3,LU3_25_24,10000,LU3_2024,0.6834656602708795
LU3,LU3_21_24,10000,LU3_2024,0.688786718397291
LU3,LU3_AC10_24,10000,LU3_2024,0.688736640331077
LU3,LU3_46_24,10000,LU3_2024,0.6864125131677954
LU3,LU3_10_24,10000,LU3_2024,0.702143416289592
LU3,LU3_AE12_24,10000,LU3_2024,0.6987836123680243
LU3,LU3_7_24,10000,LU3_2024,0.7053853893288085
LU3,LU3_14_24,10000,LU3_2024,0.7016068137254905
LU3,LU3_137_24,10000,LU3_2024,0.6847877704891562
LU3,LU3_M20_24,10000,LU3_2024,0.6866179195546305
LU3,LU3_L22_24,10000,LU3_2024,0.6885474579875617
LU3,LU3_J23_24,10000,LU3_2024,0.6931482713200419
LU3,LU3_U6_24,10000,LU3_2024,0.6997696807506414
LU3,LU3_L16_24,10000,LU3_2024,0.6801692986405923
LU3,LU3_N18_24,10000,LU3_2024,0.6836785028227158
LU3,LU3_L15_24,10000,LU3_2024,0.6823142179546243
LU3,LU3_32_24,10000,LU3_2024,0.6830166878477085
LU3,LU3_W7_24,10000,LU3_2024,0.6931712567598023
LU3,LU3_45_24,10000,LU3_2024,0.6895975288070505
LU3,LU3_50_24,10000,LU3_2024,0.6925853116561651
LU3,LU3_49_24,10000,LU3_2024,0.7008895391471122
LU3,LU3_Y8_24,10000,LU3_2024,0.6907106236826254
LU3,LU3_48_24,10000,LU3_2024,0.7014400131677964
LU2,LU2_21_24,10000,LU2_2024,0.7387562057335006
LU2,LU2_34_24,10000,LU2_2024,0.732932950584519
LU2,LU2_O25_24,10000,LU2_2024,0.7147075702725597
LU2,LU2_W21_24,10000,LU2_2024,0.7440408134588244
LU2,LU2_36_24,10000,LU2_2024,0.7456710077992111
LU2,LU2_15_24,10000,LU2_2024,0.7429418510066921
LU2,LU2_13_24,10000,LU2_2024,0.7376633781703205
LU2,LU2_5_24,10000,LU2_2024,0.7277681284123865
LU2,LU2_101_24,10000,LU2_2024,0.7241803797164794
LU2,LU2_32_24,10000,LU2_2024,0.7193610553823999
LU2,LU2_Q24_24,10000,LU2_2024,0.7199730189417006
LU2,LU2_56_24,10000,LU2_2024,0.7170349539315167
LU2,LU2_I15_24,10000,LU2_2024,0.723584150323772
LU2,LU2_L20_24,10000,LU2_2024,0.747763786065747
LU2,LU2_L46_24,10000,LU2_2024,0.7317193798203507
LU2,LU2_110_24,10000,LU2_2024,0.7455821659518145
LU2,LU2_39_24,10000,LU2_2024,0.7478563402388945
LU2,LU2_17_24,10000,LU2_2024,0.749539322875797
LU2,LU2_155_24,10000,LU2_2024,0.7405968854079727
LU2,LU2_50_24,10000,LU2_2024,0.7315050375940262
LU2,LU2_O16_24,10000,LU2_2024,0.7300090668213162
LU2,LU2_U13_24,10000,LU2_2024,0.7113551816812052
LU2,LU2_44_24,10000,LU2_2024,0.7500985906019957
LU2,LU2_143_24,10000,LU2_2024,0.7505466371954187
LU2,LU2_18_24,10000,LU2_2024,0.7456480177286116
LU2,LU2_52_24,10000,LU2_2024,0.7300889477114952
LU2,LU2_123_24,10000,LU2_2024,0.7274201638308216
LU2,LU2_H16_24,10000,LU2_2024,0.7279764028306499
LU2,LU2_27_24,10000,LU2_2024,0.726936208531849
LU2,LU2_31_24,10000,LU2_2024,0.7165672727354622
LU2,LU2_3_24,10000,LU2_2024,0.7179168873842879
LU2,LU2_J27_24,10000,LU2_2024,0.7349236047255139
LU2,LU2_E27_24,10000,LU2_2024,0.7387617429431829
LU2,LU2_G25_24,10000,LU2_2024,0.7385851236094569
LU2,LU2_G26_24,10000,LU2_2024,0.7375933450281897
LU2,LU2_106_24,10000,LU2_2024,0.7042004299247828
LU2,LU2_20_24,10000,LU2_2024,0.7338669432792405
LU2,LU2_25_24,10000,LU2_2024,0.730013259324256
LU2,LU2_40_24,10000,LU2_2024,0.7453459456462894
LU2,LU2_38_24,10000,LU2_2024,0.75007550221175745
LU2,LU2_137_24,10000,LU2_2024,0.7417154191196954
LU2,LU2_47_24,10000,LU2_2024,0.7301404081629406
LU2,LU2_26_24,10000,LU2_2024,0.7422655680406847
LU2,LU2_H26_24,10000,LU2_2024,0.7366492666922412
LU2,LU2_29_24,10000,LU2_2024,0.7357545157862657
LU2,LU2_K26_24,10000,LU2_2024,0.7375837283060444
LU2,LU2_100_24,10000,LU2_2024,0.7332762235692755
LU2,LU2_30_24,10000,LU2_2024,0.7401107740322962
LU2,LU2_33_24,10000,LU2_2024,0.7158449904861192
LU2,LU2_M25_24,10000,LU2_2024,0.7291738357767508
LU8,LU8_N19_24,10000,LU8_2024,0.6836438390928726
LU8,LU8_M19_24,10000,LU8_2024,0.6853150727911645
LU8,LU8_N20_24,10000,LU8_2024,0.6695234840885935
LU8,LU8_O20_24,10000,LU8_2024,0.6539488549011374
LU8,LU8_N18_24,10000,LU8_2024,0.681668464403381
LU8,LU8_S25_24,10000,LU8_2024,0.6290340397380173
LU8,LU8_AC29_24,10000,LU8_2024,0.6156689333477126
LU8,LU8_AC28_24,10000,LU8_2024,0.6012496212121197
LU8,LU8_AB29_24,10000,LU8_2024,0.6207061501942156
LU8,LU8_AC30_24,10000,LU8_2024,0.6187705845232934
LU8,LU8_T25_24,10000,LU8_2024,0.6025979972349443
LU8,LU8_S24_24,10000,LU8_2024,0.6132578278649361
LU8,LU8_AE29_24,10000,LU8_2024,0.5834949825338519
LU8,LU8_AD29_24,10000,LU8_2024,0.569853396464646
LU8,LU8_AD28_24,10000,LU8_2024,0.5475838841410646
LU8,LU8_AD27_24,10000,LU8_2024,0.5375517797928252
LU8,LU8_AC24_24,10000,LU8_2024,0.5061031396384669
LU8,LU8_AC25_24,10000,LU8_2024,0.5375771701324754
LU8,LU8_AC31_24,10000,LU8_2024,0.6091632340241788
LU8,LU8_AB31_24,10000,LU8_2024,0.6187762637203914
