array,site,array_visit,first_snow_day_year_n-3,first_snow_day_year_n-2,first_snow_day_year_n-1,first_snow_day_year_n,last_snow_day_year_n-3,last_snow_day_year_n-2,last_snow_day_year_n-1,last_snow_day_year_n,mean_swe_year_n-3,mean_swe_year_n-2,mean_swe_year_n-1,mean_swe_year_n,peak_swe_year_n-3,peak_swe_year_n-2,peak_swe_year_n-1,peak_swe_year_n,snow_cover_days_year_n-3,snow_cover_days_year_n-2,snow_cover_days_year_n-1,snow_cover_days_year_n,mean_winter_temp_year_n-3,mean_winter_temp_year_n-2,mean_winter_temp_year_n-1,mean_winter_temp_year_n,extreme_cold_days_year_n-3,extreme_cold_days_year_n-2,extreme_cold_days_year_n-1,extreme_cold_days_year_n,cold_degree_days_year_n-3,cold_degree_days_year_n-2,cold_degree_days_year_n-1,cold_degree_days_year_n,freeze_thaw_events_year_n-3,freeze_thaw_events_year_n-2,freeze_thaw_events_year_n-1,freeze_thaw_events_year_n
LU1,LU1_10,LU1_2022,309,305,315,306,120,120,120,119,30.879060773480663,39.38209944751381,86.71519337016575,27.77950276243094,70.79,67.04,152.02,65.32,173,175,170,166,-9.202265193370167,-7.226546961325967,-9.599779005524862,-9.659337016574586,52,34,52,45,2634.68,2322.1,2730.99,2688.18,50,71,60,48
LU1,LU1_11,LU1_2022,307,305,315,306,120,120,120,118,29.611270718232046,38.51254143646409,85.99486187845304,27.10132596685083,68.46,65.3,150.48,64.25,175,175,170,165,-9.098618784530387,-7.143149171270719,-9.564640883977901,-9.606381215469613,52,34,53,45,2623.55,2312.85,2733.17,2686.05,51,73,60,48
LU1,LU1_13,LU1_2022,309,305,315,306,120,120,120,117,30.571546961325968,39.72138121546961,87.70580110497238,26.303149171270718,69.82,67.19,154.66,66.69,173,175,170,164,-9.230635359116022,-7.259419889502762,-9.57439226519337,-9.611298342541437,52,35,51,45,2636.82,2325.43,2721.46,2677.23,50,73,60,44
LU1,LU1_22,LU1_2022,309,305,315,306,120,120,120,119,29.73718232044199,39.63033149171271,89.55640883977901,28.58060773480663,68.52,67,157.21,67.23,173,175,170,166,-9.145801104972376,-7.200359116022099,-9.636657458563535,-9.56303867403315,51,34,53,44,2627.94,2320.82,2741.42,2668.58,49,73,58,49
LU1,LU1_25,LU1_2022,309,305,315,306,120,120,120,119,29.188011049723755,39.50563535911602,89.51591160220994,28.28740331491713,67.84,67.28,157.77,67.29,173,175,170,166,-9.143839779005525,-7.210966850828729,-9.627016574585635,-9.47439226519337,49,34,53,44,2626,2321.3,2736.55,2645.58,48,74,58,50
LU1,LU1_27,LU1_2022,309,305,315,306,120,120,120,120,29.73939226519337,39.80707182320442,91.38696132596685,28.59950276243094,68.74,68.16,161.97,69.89,173,175,170,167,-9.213950276243095,-7.268646408839779,-9.592127071823205,-9.44767955801105,50,35,52,44,2632.42,2326.58,2721.2400000000002,2634.44,49,72,59,48
LU1,LU1_30,LU1_2022,309,305,315,306,120,120,120,119,28.406519337016576,39.246906077348065,83.34712707182321,29.211767955801104,65.88,67.72,149.57,68.08,173,175,170,166,-9.149861878453038,-7.230497237569061,-9.55243093922652,-9.29707182320442,49,35,51,42,2622.18,2320.16,2713.21,2594,48,72,60,49
LU1,LU1_32,LU1_2022,309,305,315,306,120,120,120,120,30.173314917127072,40.80524861878453,93.51458563535911,30.1407182320442,69.84,69.97,165.16,70.91,173,175,170,167,-9.271685082872928,-7.330220994475138,-9.737292817679558,-9.493950276243094,51,36,54,43,2640.95,2337.96,2746.72,2636.67,46,71,58,48
LU1,LU1_36,LU1_2022,309,305,315,306,120,120,120,120,30.075027624309392,40.61209944751381,92.51055248618785,30.04342541436464,69.51,69.44,163.07,70.07,173,175,170,167,-9.251077348066298,-7.307044198895028,-9.723480662983425,-9.520276243093923,50,35,54,44,2639.19,2335.18,2746.73,2645.78,47,71,58,49
LU1,LU1_40,LU1_2022,309,305,315,306,120,120,120,119,30.354088397790054,39.24022099447514,86.38303867403314,27.55209944751381,69.77,66.68,151.28,64.94,173,175,170,166,-9.178232044198895,-7.205110497237569,-9.588121546961325,-9.658674033149172,52,34,52,45,2632.44,2319.9,2731.3,2690.79,50,72,60,47
LU1,LU1_41,LU1_2022,309,312,315,306,120,120,120,119,29.916685082872927,39.05624309392265,87.71696132596685,28.52657458563536,69.92,65.96,151,66.99,170,174,170,166,-9.096519337016575,-7.135193370165746,-9.625994475138121,-9.626381215469614,51,34,55,45,2627.3,2315.57,2748.71,2692.86,47,73,59,50
LU1,LU1_43,LU1_2022,309,305,315,306,120,120,120,118,29.508729281767955,38.57580110497238,86.33055248618784,27.130165745856353,68.16,65.54,151.26,64.55,173,175,170,165,-9.101187845303867,-7.1499447513812155,-9.567955801104972,-9.583563535911603,51,34,53,45,2623.31,2313.47,2732.69,2679.53,50,73,60,49
LU1,LU1_44,LU1_2022,309,305,315,306,120,120,120,119,29.738342541436463,38.72254143646409,86.95977900552487,27.583756906077348,68.72,65.7,152.21,65.03,173,175,170,166,-9.109944751381216,-7.155414364640884,-9.584779005524862,-9.60878453038674,51,34,53,45,2624.89,2314.89,2736.1,2685.36,50,73,60,50
LU1,LU1_45,LU1_2022,309,305,315,306,120,120,120,120,32.11889502762431,40.834198895027626,90.1892817679558,31.205580110497237,74.05,69.16,155.47,69.46,170,175,170,167,-9.299364640883978,-7.307016574585635,-9.764558011049724,-9.807127071823205,51,34,55,46,2650.09,2338.2,2759.51,2714.3,44,72,58,45
LU1,LU1_46,LU1_2022,309,305,315,306,120,120,120,118,29.542265193370167,38.686408839779006,86.62436464088398,27.30154696132597,68.19,65.79,151.84,64.79,173,175,170,165,-9.108812154696132,-7.158618784530387,-9.577900552486188,-9.576491712707183,51,34,53,45,2623.98,2314.61,2733.75,2676.71,50,73,60,49
LU1,LU1_47,LU1_2022,309,305,315,306,120,120,120,119,29.719447513812156,38.86519337016575,87.80629834254144,27.872154696132597,68.61,66.07,153.84,65.72,173,175,170,166,-9.116215469613259,-7.165414364640884,-9.598508287292818,-9.591657458563535,51,34,53,45,2625.16,2316.11,2737.53,2679.82,50,73,60,50
LU1,LU1_48,LU1_2022,309,305,315,306,120,120,120,119,30.268729281767957,39.167955801104974,87.63022099447514,28.467292817679557,70.15,66.44,153.16,65.46,170,175,170,166,-9.126077348066298,-7.170303867403315,-9.626436464088398,-9.622624309392265,51,34,55,45,2627.49,2318.02,2743.53,2687.25,47,73,59,50
LU1,LU1_6,LU1_2022,309,312,315,306,120,120,120,117,29.41049723756906,38.55281767955801,84.07546961325967,25.694419889502765,68.16,65.36,147.24,62.95,172,174,170,164,-9.082707182320442,-7.121049723756906,-9.487182320441988,-9.583066298342542,52,34,51,45,2620.63,2307.33,2718.53,2681.83,49,74,61,48
LU1,LU1_60,LU1_2022,309,305,315,306,120,120,120,120,29.818397790055247,40.11226519337016,91.47563535911603,29.743480662983426,68.56,68.18,160.86,69,170,175,170,167,-9.19292817679558,-7.2490883977900555,-9.684198895027624,-9.546132596685084,50,34,54,44,2633.14,2327.66,2745.59,2659.01,45,74,58,49
LU1,LU1_63,LU1_2022,309,305,315,306,120,120,120,120,29.89353591160221,40.21403314917127,91.30182320441989,30.108121546961325,69.46,68.29,160.03,68.54,170,175,170,167,-9.159944751381216,-7.223867403314917,-9.715524861878453,-9.556298342541437,49,33,55,44,2629.16,2325.32,2755.01,2664.98,45,74,58,49
LU1,LU1_64,LU1_2022,309,305,315,306,120,120,120,120,29.42082872928177,40.392265193370164,91.66403314917127,31.340883977900553,68.75,68.54,158.62,70.38,170,175,170,167,-9.17975138121547,-7.235801104972376,-9.750220994475137,-9.594779005524861,50,33,55,45,2633.2,2328.42,2761.85,2673.64,44,74,57,49
LU1,LU1_66,LU1_2022,309,305,315,306,120,120,120,119,29.006187845303867,38.86375690607735,90.7978453038674,28.07613259668508,67.16,66.82,161.33,69.16,173,175,170,166,-9.159060773480663,-7.230055248618784,-9.562596685082873,-9.366657458563536,49,35,51,43,2625.24,2321.3,2718.51,2618.18,48,73,59,49
LU1,LU1_67,LU1_2022,305,305,315,306,120,120,120,120,31.19889502762431,41.76209944751381,95.82082872928177,31.441878453038672,71.87,71.7,169.14,73.18,174,176,170,167,-9.377734806629835,-7.419171270718232,-9.817983425414365,-9.560386740331491,51,36,55,44,2654.55,2350.66,2754.76,2642.52,47,72,57,48
LU1,LU1_70,LU1_2022,309,305,315,306,120,120,120,119,29.735469613259667,38.98524861878453,86.57629834254143,27.359558011049725,68.42,66.47,151.94,64.98,173,175,170,166,-9.144364640883978,-7.18585635359116,-9.577348066298343,-9.588176795580111,51,34,53,45,2627.72,2317.22,2730.4,2675.68,50,72,60,48
LU1,LU1_71,LU1_2022,309,305,315,306,120,120,120,119,29.598508287292816,38.99027624309392,87.94121546961325,27.870994475138122,68.2,66.53,154.39,65.92,173,175,170,166,-9.135828729281767,-7.188453038674033,-9.608895027624309,-9.554944751381216,51,34,53,44,2626.7,2318.72,2736.65,2667.62,49,73,60,49
LU1,LU1_72,LU1_2022,309,305,315,306,120,120,120,120,30.20707182320442,39.53580110497238,90.04707182320442,29.366685082872927,69.86,67.43,157.74,67.55,170,175,170,167,-9.151602209944752,-7.206491712707182,-9.672016574585635,-9.58756906077348,51,34,54,44,2629.15,2322.74,2748.5,2674.39,47,73,58,49
LU1,LU1_73,LU1_2022,309,305,315,306,120,120,120,119,30.04303867403315,39.8439226519337,90.47580110497238,28.42585635359116,69.36,68.02,160.16,69,173,175,170,166,-9.217016574585635,-7.266491712707182,-9.592430939226519,-9.498149171270718,50,35,51,44,2633.5,2326.54,2722.42,2648.41,49,71,59,47
LU1,LU1_74,LU1_2022,309,305,315,306,120,120,120,120,29.906795580110497,39.719171270718235,90.74613259668509,30.39425414364641,70.57,67.71,156.62,69.68,170,175,170,167,-9.1453591160221,-7.198425414364641,-9.723342541436464,-9.601132596685083,51,33,55,44,2631.46,2324.78,2761.52,2679.39,46,73,58,51
LU1,LU1_75,LU1_2022,309,305,315,306,120,120,120,120,29.95453038674033,39.38254143646409,90.70486187845303,28.67513812154696,69.2,67.4,160.66,69.1,173,175,170,167,-9.210745856353592,-7.264723756906077,-9.608149171270718,-9.493259668508287,50,35,52,44,2632.87,2326.81,2725.94,2647.44,49,73,59,47
LU1,LU1_76,LU1_2022,309,305,315,306,120,120,120,119,29.306298342541435,39.0146408839779,90.83121546961326,28.334972375690608,67.81,66.97,161.21,69.17,173,175,170,166,-9.173563535911603,-7.239585635359116,-9.578176795580111,-9.41414364640884,49,35,52,44,2627.49,2322.98,2721.31,2629.72,48,73,59,49
LU1,LU1_77,LU1_2022,309,305,315,306,120,120,120,119,29.37088397790055,39.773480662983424,90.36005524861878,28.926906077348068,68.2,67.81,159.23,68.06,173,175,170,166,-9.164751381215469,-7.23085635359116,-9.650773480662984,-9.480276243093922,49,34,53,44,2628.72,2324.49,2739.6,2644.88,48,73,58,50
LU1,LU1_78,LU1_2022,309,305,315,306,120,120,120,120,29.726298342541437,40.069944751381215,90.80756906077347,29.929889502762432,69.14,68.05,159.17,68.04,170,175,170,167,-9.140690607734808,-7.207845303867403,-9.709558011049724,-9.543922651933702,49,33,55,44,2626.45,2323.04,2755.1,2664.11,47,74,58,51
LU1,LU1_79,LU1_2022,309,305,315,306,120,120,120,120,28.991546961325966,40.108342541436464,90.876408839779,30.132762430939227,67.84,68.12,159.19,68.03,170,175,170,167,-9.141906077348066,-7.2083701657458565,-9.722375690607734,-9.550441988950276,49,33,55,44,2627.23,2323.81,2758.09,2666.07,45,74,58,51
LU1,LU1_80,LU1_2022,309,305,315,306,120,120,120,119,29.42596685082873,39.92955801104972,90.8571270718232,28.99618784530387,68.23,68.18,160.24,68.51,173,175,170,166,-9.18450276243094,-7.250441988950277,-9.66439226519337,-9.47657458563536,49,35,53,44,2630.69,2326.94,2740.06,2641.88,48,73,58,49
LU1,LU1_82,LU1_2022,309,305,315,306,120,120,120,120,30.95889502762431,41.294696132596684,95.25491712707182,34.85364640883978,72.55,70.31,163.76,73.82,170,176,171,167,-9.222734806629834,-7.266574585635359,-9.854171270718233,-9.832513812154696,50,33,55,46,2644.82,2338.54,2783.68,2698.28,43,73,58,46
LU1,LU1_83,LU1_2022,309,305,315,306,120,120,120,120,29.72939226519337,40.414309392265196,92.39016574585635,29.656519337016576,68.75,69.2,163.05,69.92,173,175,170,167,-9.23232044198895,-7.29524861878453,-9.706961325966851,-9.484475138121548,50,35,53,43,2636.27,2333.2,2744.09,2638.66,47,71,58,49
LU1,LU1_84,LU1_2022,309,305,315,306,120,120,120,120,30.254475138121546,40.68596685082873,93.42104972375691,30.39204419889503,70.19,69.53,164.6,70.79,170,175,170,167,-9.245911602209945,-7.303066298342541,-9.732099447513813,-9.528397790055248,50,34,54,44,2638.88,2335.17,2749.22,2648.27,45,71,58,49
LU1,LU1_85,LU1_2022,309,305,315,306,120,120,120,120,29.498232044198897,39.40204419889503,93.13674033149171,28.976132596685083,68.07,67.91,165.73,71.03,173,175,170,167,-9.216574585635358,-7.285110497237569,-9.620193370165746,-9.338563535911602,49,35,53,43,2631.84,2329.4,2724.19,2602.44,48,71,59,50
LU1,LU1_86,LU1_2022,309,305,315,306,120,120,120,120,30.512375690607733,41.591160220994475,94.6021546961326,32.79917127071823,70.65,70.95,165.8,71.72,170,175,170,167,-9.299696132596685,-7.347790055248619,-9.845193370165745,-9.654447513812155,50,33,55,44,2646.8,2343.4,2769.79,2668.45,44,72,57,47
LU13,LU13_11,LU13_2022,305,305,314,305,120,120,120,120,70.0839226519337,56.20436464088398,77.48110497237569,24.640055248618783,131.6,85.7,126.03,52.63,181,181,172,181,-12.592624309392265,-11.33049723756906,-13.321077348066298,-12.304088397790055,66,64,83,66,3269.28,3084.05,3459.43,3210.42,35,54,39,31
LU13,LU13_12,LU13_2022,305,305,317,306,120,120,120,112,49.43552486187845,39.154088397790055,53.98596685082873,15.954364640883979,94.96,60.41,94.22,34.87,181,181,169,172,-11.170828729281768,-9.740690607734807,-12.027127071823205,-11.009419889502762,58,54,77,59,2993.25,2773.4,3212.29,2963.7599999999998,43,66,42,35
LU13,LU13_128,LU13_2022,305,305,317,306,120,120,120,112,48.84513812154696,38.69524861878453,53.24187845303867,15.716574585635358,93.92,59.71,93.09,34.38,181,181,169,172,-11.14292817679558,-9.712403314917127,-12.003480662983426,-10.980801104972375,58,54,77,58,2987.6,2767.94,3207.67,2959.12,44,66,42,36
LU13,LU13_13,LU13_2022,305,305,317,306,120,120,120,113,50.12475138121547,39.321381215469614,54.2228729281768,16.069558011049725,96.2,60.59,94.5,34.95,181,181,169,173,-11.230580110497238,-9.81196132596685,-12.089171270718232,-11.060441988950275,58,54,77,59,3004.58,2786.94,3223.77,2973.22,43,66,42,35
LU13,LU13_131,LU13_2022,305,305,317,306,120,120,120,112,48.84513812154696,38.69524861878453,53.24187845303867,15.716574585635358,93.92,59.71,93.09,34.38,181,181,169,172,-11.14292817679558,-9.712403314917127,-12.003480662983426,-10.980801104972375,58,54,77,58,2987.6,2767.94,3207.67,2959.12,44,66,42,36
LU13,LU13_14,LU13_2022,305,305,316,305,120,120,120,114,57.706187845303866,43.5939226519337,61.0971270718232,18.618839779005526,109.75,66.5,104.13,39.56,181,181,170,175,-11.75682320441989,-10.40574585635359,-12.586049723756906,-11.530165745856353,63,58,79,60,3105.98,2900.24,3317.29,3057.08,37,62,39,31
LU13,LU13_15,LU13_2022,305,305,317,306,120,120,120,107,38.31259668508287,32.87453038674033,41.83314917127072,12.740773480662984,74.73,50.07,75.62,25.4,181,181,169,167,-10.52450276243094,-9.067458563535912,-11.359033149171271,-10.342569060773481,51,53,73,56,2870.01,2643.24,3085.15,2853.93,44,71,47,32
LU13,LU13_16,LU13_2022,305,305,317,306,120,120,120,108,39.46569060773481,33.365524861878455,42.58403314917127,12.948342541436464,76.93,50.79,76.6,25.92,181,181,169,168,-10.594226519337017,-9.15232044198895,-11.43646408839779,-10.410966850828729,51,53,73,56,2882.69,2658.85,3098.57,2865.72,43,71,47,30
LU13,LU13_17,LU13_2022,305,305,314,305,120,120,120,119,67.34734806629834,51.892541436464086,71.78353591160221,22.54950276243094,126.78,79.08,118.56,47.56,181,181,172,180,-12.348480662983425,-11.061408839779006,-13.125276243093923,-12.078204419889502,65,62,82,63,3221.27,3027.79,3420.72,3161.34,35,58,39,30
LU13,LU13_18,LU13_2022,305,305,317,306,120,120,120,108,40.08591160220995,33.590718232044196,42.01685082872928,12.688508287292818,78.02,51.06,75.65,25.79,181,181,169,168,-10.63925414364641,-9.218591160220994,-11.492872928176796,-10.460662983425415,51,53,73,56,2890.47,2670.8,3108.14,2874.3,43,70,47,30
LU13,LU13_19,LU13_2022,305,305,316,305,120,120,120,115,59.49331491712707,47.66867403314917,63.78430939226519,19.487127071823206,112.96,73.11,107.04,41.76,181,181,170,176,-11.914751381215469,-10.580718232044198,-12.733370165745857,-11.661187845303868,63,59,81,60,3135.3,2933.07,3345.37,3080.75,36,62,39,30
LU13,LU13_20,LU13_2022,305,305,314,305,120,120,120,119,66.76519337016575,53.79530386740331,70.13740331491712,21.90972375690608,125.82,82.06,114.97,44.75,181,181,172,180,-12.32950276243094,-11.043867403314916,-13.112679558011049,-12.048453038674033,65,62,82,62,3217.29,3024.37,3418.26,3154.99,35,58,39,29
LU13,LU13_21,LU13_2022,305,305,317,306,120,120,120,108,40.408563535911604,33.679060773480664,43.04950276243094,12.978729281767956,78.59,51.15,77.15,26.24,181,181,169,168,-10.675,-9.257237569060774,-11.529447513812155,-10.490745856353591,52,53,74,56,2897,2677.8,3114.61,2879.23,43,70,47,30
LU13,LU13_22,LU13_2022,305,305,316,305,120,120,120,116,61.5760773480663,48.54596685082873,64.1707182320442,19.76441988950276,116.58,74.27,107.58,41.17,181,181,170,177,-12.043397790055248,-10.72599447513812,-12.854779005524861,-11.77425414364641,64,60,82,60,3160.33,2961.46,3368.7400000000002,3102.23,35,61,39,31
LU13,LU13_26,LU13_2022,305,305,317,306,120,120,120,113,51.299558011049726,39.889502762430936,55.086243093922654,16.382983425414366,98.29,61.39,95.74,35.45,181,181,169,173,-11.31243093922652,-9.905773480662983,-12.166132596685083,-11.13157458563536,58,55,77,59,3020.45,2804.84,3238.5,2986.07,42,66,42,34
LU13,LU13_27,LU13_2022,305,305,316,306,120,120,120,113,53.48154696132597,41.65099447513812,57.152375690607734,16.8332044198895,102.19,63.93,98.36,36.55,181,181,170,173,-11.460276243093922,-10.072955801104973,-12.306491712707182,-11.265110497237568,59,55,79,60,3048.9,2836.67,3265.29,3009.88,40,65,43,34
LU13,LU13_3,LU13_2022,305,305,317,306,120,120,120,109,44.553756906077346,35.18430939226519,46.85729281767956,13.747734806629834,86.02,53.99,83.7,29.25,181,181,169,169,-10.87171270718232,-9.438480662983425,-11.706767955801105,-10.672734806629835,53,55,75,57,2936.9,2715.78,3151.9,2910.57,44,69,45,33
LU13,LU13_30,LU13_2022,305,305,317,306,120,120,120,112,47.42723756906077,38.19707182320442,52.299558011049726,15.352375690607735,91.35,59,91.82,33.86,181,181,169,172,-11.01317679558011,-9.584364640883978,-11.872845303867404,-10.863674033149172,55,54,77,57,2963.64,2743.4,3184.15,2938.83,44,66,43,35
LU13,LU13_32,LU13_2022,305,305,317,306,120,120,120,112,47.823867403314914,38.283977900552486,52.482596685082875,15.434364640883977,92.07,59.11,92.04,33.94,181,181,169,172,-11.054613259668509,-9.624475138121547,-11.915524861878453,-10.900055248618784,55,54,77,57,2971.19,2751.1,3191.7,2945.19,44,66,43,36
LU13,LU13_33,LU13_2022,305,305,317,306,120,120,120,112,48.07348066298343,38.386906077348065,52.71005524861879,15.517348066298343,92.54,59.28,92.36,34.09,181,181,169,172,-11.082127071823205,-9.648453038674033,-11.94135359116022,-10.924116022099447,56,54,77,58,2976.16,2755.7,3196.4900000000002,2949.09,44,66,42,36
LU13,LU13_34,LU13_2022,305,305,317,306,120,120,120,109,46.12342541436464,36.218011049723756,48.85767955801105,14.258066298342541,88.87,55.62,86.56,31.08,181,181,169,169,-10.981629834254143,-9.556906077348067,-11.823314917127071,-10.77878453038674,54,55,77,57,2957.47,2738.28,3173.91,2928.19,45,66,44,33
LU13,LU13_35,LU13_2022,305,305,317,306,120,120,120,110,47.272872928176795,37.08850828729282,49.99425414364641,14.581270718232044,90.93,56.98,88.22,31.77,181,181,169,170,-11.042762430939227,-9.626022099447514,-11.885469613259668,-10.841574585635358,55,55,77,57,2969.25,2751.68,3185.94,2938.92,45,66,44,33
LU13,LU13_36,LU13_2022,305,305,317,306,120,120,120,110,47.15779005524862,36.974088397790055,49.8675138121547,14.563149171270718,90.8,56.85,87.98,31.72,181,181,169,170,-11.068204419889502,-9.647099447513812,-11.914309392265194,-10.863342541436465,55,55,77,57,2973.3,2755.19,3191.35,2941.68,45,66,44,33
LU13,LU13_37,LU13_2022,305,305,317,306,120,120,120,111,47.35712707182321,37.23762430939227,51.2032044198895,15.050386740331492,91.16,57.29,90.01,33.42,181,181,169,171,-11.070552486187845,-9.65342541436464,-11.918121546961325,-10.871408839779006,55,55,77,57,2973.85,2756.56,3192.41,2942.97,45,66,44,34
LU13,LU13_38,LU13_2022,305,305,317,306,120,120,120,112,48.00038674033149,37.60491712707182,51.76994475138122,15.243480662983425,92.32,57.85,90.83,33.76,181,181,169,172,-11.116022099447514,-9.701408839779006,-11.963121546961325,-10.914419889502762,56,55,77,57,2982.39,2765.72,3200.83,2950.13,43,66,42,36
LU13,LU13_41,LU13_2022,305,305,316,305,120,120,120,115,59.303480662983425,45.7107182320442,62.64359116022099,19.27779005524862,112.57,70.29,106.44,40.64,181,181,170,176,-11.857624309392264,-10.516436464088398,-12.680773480662983,-11.626436464088398,63,58,80,60,3125.62,2921.46,3335.09,3074.15,37,62,39,30
LU13,LU13_43,LU13_2022,305,305,316,305,120,120,120,114,57.46337016574586,46.7710497237569,62.06209944751381,18.678950276243093,109.37,71.9,104.44,40.5,181,181,170,175,-11.774668508287293,-10.429116022099448,-12.599806629834255,-11.533977900552486,63,58,79,60,3108.44,2903.82,3319.2400000000002,3057.46,37,62,39,31
LU13,LU13_45,LU13_2022,305,305,316,305,120,120,120,114,58.024033149171274,46.86436464088398,62.32337016574586,18.86414364640884,110.38,71.98,104.84,40.69,181,181,170,175,-11.820911602209945,-10.480138121546961,-12.644254143646409,-11.571933701657459,63,58,79,60,3117.06,2913.6,3327.97,3064.55,37,62,38,30
LU13,LU13_47,LU13_2022,305,305,314,305,120,120,120,119,67.48994475138122,54.17436464088398,70.82027624309393,22.055414364640885,127.05,82.64,115.99,45.45,181,181,172,180,-12.382707182320441,-11.104198895027624,-13.153618784530387,-12.092292817679558,65,63,82,63,3227.5,3037.3,3426.37,3165.09,34,57,38,30
LU13,LU13_49,LU13_2022,305,305,314,305,120,120,120,119,68.25381215469613,54.811381215469616,71.53027624309392,22.20756906077348,128.35,83.63,117.01,45.83,181,181,172,180,-12.44096685082873,-11.168922651933702,-13.199530386740332,-12.14903314917127,66,63,82,63,3238.9,3050.78,3435.5299999999997,3177.74,34,55,39,31
LU13,LU13_5,LU13_2022,305,305,316,305,120,120,120,114,57.4592817679558,43.72574585635359,61.642983425414364,18.73303867403315,109.28,66.77,105.01,40.23,181,181,170,175,-11.722292817679557,-10.364226519337016,-12.556022099447514,-11.509806629834253,62,58,79,60,3099.65,2892.54,3312.46,3053.4,37,62,40,31
LU13,LU13_51,LU13_2022,305,305,316,306,120,120,120,113,53.305082872928175,41.646298342541435,57.23038674033149,16.84099447513812,101.88,63.95,98.49,36.65,181,181,170,173,-11.444806629834254,-10.051988950276243,-12.293591160220995,-11.258149171270718,59,55,79,60,3045.87,2832.63,3262.5,3008.07,40,65,43,33
LU13,LU13_52,LU13_2022,305,305,317,306,120,120,120,110,46.78193370165746,36.76922651933702,49.53707182320442,14.439281767955801,90.08,56.5,87.53,31.5,181,181,169,170,-11.026270718232045,-9.605138121546961,-11.870690607734806,-10.824585635359115,55,55,77,57,2965.66,2747.46,3183.18,2935.59,45,66,44,33
LU13,LU13_53,LU13_2022,305,305,316,306,120,120,120,113,52.852154696132594,41.05425414364641,56.09939226519337,16.5067955801105,101.06,63.01,96.74,35.81,181,181,170,173,-11.437707182320443,-10.050110497237569,-12.281629834254144,-11.228314917127072,58,55,79,59,3044.34,2832.32,3260.63,3003.7599999999998,40,65,43,34
LU13,LU13_55,LU13_2022,305,305,317,306,120,120,120,112,49.535138121546964,38.434806629834256,53.136629834254144,15.721104972375691,95.11,59.11,92.8,34.63,181,181,169,172,-11.230662983425415,-9.822596685082873,-12.078038674033149,-11.022983425414365,58,55,77,58,3004.1,2788.68,3222.32,2968.41,43,66,42,36
LU13,LU13_56,LU13_2022,305,305,314,305,120,120,120,119,67.4360773480663,52.121767955801104,72.31160220994475,22.739226519337016,126.97,79.46,119.37,47.93,181,181,172,180,-12.360635359116023,-11.074198895027624,-13.134281767955802,-12.095773480662983,65,62,82,63,3223.7200000000003,3030.27,3422.4,3165.03,36,57,39,30
LU13,LU13_57,LU13_2022,305,305,314,305,120,120,120,119,68.51038674033148,55.86591160220994,71.8860773480663,21.88220994475138,128.67,85.42,117.37,45.86,181,181,172,180,-12.494281767955801,-11.231795580110497,-13.242044198895028,-12.187955801104973,66,64,82,63,3249.25,3064.15,3443.78,3186.9,35,54,39,31
LU13,LU13_59,LU13_2022,305,305,317,306,120,120,120,113,52.13325966850829,39.88104972375691,54.66022099447514,16.128066298342542,99.79,61.23,94.98,34.79,181,181,169,173,-11.404088397790055,-10.016104972375691,-12.249723756906077,-11.191795580110497,58,55,78,59,3037.5,2825.63,3254.18,2997.34,41,66,43,34
LU13,LU13_6,LU13_2022,305,305,316,306,120,120,120,113,54.83729281767956,42.11563535911602,57.95729281767956,17.1853591160221,104.64,64.51,99.5,37.02,181,181,170,173,-11.568011049723756,-10.194198895027624,-12.408618784530386,-11.354613259668508,60,58,79,60,3069.38,2859.8,3284.4,3025.88,39,65,41,31
LU13,LU13_70,LU13_2022,305,305,314,305,120,120,120,119,68.84939226519337,55.471767955801106,71.68513812154696,21.997513812154697,129.35,84.77,117.16,45.56,181,181,172,180,-12.494337016574585,-11.228950276243093,-13.242265193370166,-12.193425414364642,66,64,82,63,3249.37,3063.69,3444.1,3187.58,35,54,39,31
LU13,LU13_8,LU13_2022,305,305,316,305,120,120,120,115,58.399889502762434,47.45651933701657,63.2121546961326,19.12513812154696,111.01,72.91,106.17,41.32,181,181,170,176,-11.821740331491712,-10.478121546961326,-12.6446408839779,-11.584779005524862,63,58,79,60,3117.83,2913.52,3327.74,3066.4,37,62,39,30
LU14,LU14_100,LU14_2023,305,314,305,305,120,120,120,120,59.98900552486188,74.95524861878454,24.625469613259668,37.22254143646409,93.25,122.47,46.7,65.98,181,172,181,180,-10.705165745856354,-12.672292817679558,-11.55596685082873,-8.328591160220995,61,81,66,40,2982.27,3335.21,3102.49,2525.9,58,42,36,78
LU14,LU14_102,LU14_2023,305,314,305,305,120,120,116,120,59.716906077348064,71.9692817679558,20.210055248618783,35.770441988950274,92.93,117.73,43.92,64.9,181,172,177,159,-10.61743093922652,-12.605662983425415,-11.497458563535911,-8.26,61,80,65,39,2962.14,3320.64,3087.47,2508.26,62,41,37,67
LU14,LU14_105,LU14_2023,305,314,305,305,120,120,120,120,62.314309392265194,79.21419889502762,27.413480662983424,39.88,97.35,129.07,48.21,69.9,181,172,181,178,-10.931657458563535,-12.882872928176795,-11.735414364640883,-8.522265193370165,62,81,68,41,3033.68,3379.68,3144.21,2571.38,57,40,35,77
LU14,LU14_110,LU14_2023,305,314,305,305,120,120,120,120,57.3839226519337,76.05790055248619,24.409116022099447,37.95552486187845,87.85,125.12,47.76,70.16,181,172,181,157,-10.72292817679558,-12.667790055248618,-11.557265193370165,-8.329779005524863,61,80,66,40,2990.03,3334.58,3111.86,2537.53,59,39,36,65
LU14,LU14_114,LU14_2023,305,314,305,305,120,120,120,120,61.14353591160221,78.11519337016574,24.426077348066297,39.72701657458563,95.44,127.38,47.54,69.48,181,172,181,180,-10.939917127071823,-12.889723756906077,-11.741353591160221,-8.521160220994474,62,81,68,41,3034.15,3379.77,3143.53,2568.4,56,39,35,78
LU14,LU14_115,LU14_2023,305,314,305,305,120,120,120,120,60.879834254143645,76.33220994475138,24.04342541436464,38.1385635359116,94.78,124.41,47.48,67.45,181,172,181,180,-10.835220994475138,-12.796022099447514,-11.661519337016575,-8.431823204419889,61,81,66,40,3009.43,3359.78,3122.99,2545.29,56,41,36,78
LU14,LU14_120,LU14_2023,305,314,305,305,120,120,120,120,57.48762430939227,79.63580110497237,25.726519337016576,41.02209944751381,88.19,131.89,49.93,78.15,181,172,181,157,-10.96596685082873,-12.884585635359116,-11.747817679558011,-8.516906077348066,63,82,67,42,3042.24,3377.62,3151.71,2577.97,56,36,35,65
LU14,LU14_121,LU14_2023,305,314,305,305,120,120,120,120,57.170110497237566,75.6896132596685,22.786574585635357,38.16767955801105,87.46,124.49,47.47,70.54,181,172,181,157,-10.76121546961326,-12.700690607734806,-11.58632596685083,-8.349723756906076,62,80,67,40,2996.43,3339.68,3116.24,2539.83,56,38,36,64
LU14,LU14_131,LU14_2023,305,314,305,305,120,120,120,120,61.930773480662985,78.88580110497237,24.962265193370165,40.321657458563536,98.13,128.64,48.12,71.09,181,172,181,180,-11.178784530386741,-13.10939226519337,-11.925248618784531,-8.695745856353591,64,83,68,41,3078.61,3421.28,3173.79,2593.82,55,37,36,75
LU14,LU14_135,LU14_2023,305,314,305,305,120,120,120,120,63.12906077348066,81.70259668508287,24.585414364640883,40.43475138121547,100.43,134.13,50.09,72.6,181,172,181,159,-11.296160220994475,-13.209309392265194,-12.011657458563535,-8.77425414364641,64,83,68,43,3104.53,3440.92,3193.74,2613.49,55,36,36,65
LU14,LU14_16,LU14_2023,305,317,305,305,120,120,116,120,49.11127071823204,65.59325966850828,20.5885635359116,27.345580110497238,76.6,113.15,41.65,54.19,181,169,177,150,-9.638839779005524,-11.751767955801105,-10.772679558011049,-7.507348066298342,53,74,57,35,2766.69,3160.19,2945.27,2364.27,66,45,40,65
LU14,LU14_17,LU14_2023,305,316,305,305,120,120,117,120,50.66325966850829,67.77044198895028,21.33524861878453,29.902596685082873,78.61,115.18,43.34,57.81,181,170,178,150,-9.848756906077348,-11.974171270718232,-10.970718232044199,-7.699861878453039,54,74,60,36,2805.55,3201.21,2977.63,2396.22,66,44,39,63
LU14,LU14_19,LU14_2023,305,317,305,305,120,120,117,120,49.86038674033149,66.36657458563536,20.89171270718232,29.870552486187844,77.63,114.37,41.13,56.72,181,169,178,150,-9.690082872928176,-11.772486187845304,-10.770801104972376,-7.516353591160221,53,74,59,36,2780.5,3164.94,2953.34,2373.63,67,44,40,65
LU14,LU14_20,LU14_2023,305,317,305,305,120,120,117,120,50.46767955801105,67.20403314917127,21.040165745856353,30.180110497237568,78.62,115.79,41.67,57.19,181,169,178,150,-9.698397790055248,-11.78549723756906,-10.779171270718232,-7.5242541436464085,53,74,59,36,2782.18,3167.83,2954.9900000000002,2375.33,67,43,40,66
LU14,LU14_250,LU14_2023,305,317,305,305,120,120,116,120,46.652651933701655,63.967458563535914,20.20011049723757,27.169558011049723,72.09,110.28,41.49,53.87,181,169,177,150,-9.742596685082873,-11.866795580110496,-10.879696132596685,-7.612348066298343,54,74,57,35,2784.96,3179.64,2961.61,2379.92,66,45,39,63
LU14,LU14_3,LU14_2023,305,316,305,305,120,120,117,120,51.96552486187845,67.54469613259668,20.88149171270718,28.48331491712707,81.27,115.16,42.44,55.18,181,170,178,150,-9.675138121546961,-11.789226519337017,-10.800193370165745,-7.5345027624309395,53,74,58,36,2774.06,3167.94,2950.85,2370.04,66,46,40,65
LU14,LU14_30,LU14_2023,305,317,305,305,120,120,120,120,49.557237569060774,67.74441988950277,23.930055248618785,31.319613259668508,77.1,116.3,50.2,59.31,181,169,181,150,-9.790828729281769,-11.847872928176796,-10.83389502762431,-7.59085635359116,54,74,60,36,2801.59,3180.38,2968.04,2391.8,67,43,41,64
LU14,LU14_31,LU14_2023,305,317,305,305,120,120,118,120,50.153093922651934,67.59430939226519,21.470552486187845,31.35121546961326,78.07,116.15,42,59.05,181,169,179,157,-9.791298342541436,-11.854613259668508,-10.840994475138121,-7.595220994475138,54,74,60,36,2801.63,3181.92,2968.42,2391.84,67,43,40,69
LU14,LU14_33,LU14_2023,305,317,305,305,120,120,116,120,48.90469613259668,62.874917127071825,19.96486187845304,27.63574585635359,75.79,108.75,38.87,54.59,181,169,177,150,-9.668701657458564,-11.74596685082873,-10.76696132596685,-7.5167955801104975,53,74,57,35,2772.74,3158.02,2946.68,2367.83,66,45,39,63
LU14,LU14_37,LU14_2023,305,316,305,305,120,120,118,120,50.34696132596685,67.05093922651933,22.645690607734807,30.71696132596685,78.24,113.75,42.8,59.2,181,170,179,157,-9.991850828729282,-12.113563535911602,-11.09267955801105,-7.8217127071823205,55,74,60,36,2832.7,3226.42,2999.59,2417.15,66,44,39,69
LU14,LU14_47,LU14_2023,305,317,305,305,120,120,120,120,50.51292817679558,70.45657458563537,26.303867403314918,33.637458563535915,78.96,120.19,53.15,62.97,181,169,181,178,-9.916933701657458,-11.9753591160221,-10.935773480662982,-7.683701657458563,54,74,62,36,2829.8,3205,2991.23,2413.8,68,43,41,83
LU14,LU14_48,LU14_2023,305,317,305,305,120,120,120,120,50.20950276243094,69.9203867403315,26.14756906077348,33.207348066298344,78.36,119.42,52.93,62.29,181,169,181,178,-9.898011049723756,-11.953977900552486,-10.920220994475137,-7.671077348066299,54,74,62,36,2825.03,3200.42,2987.25,2410,66,43,41,83
LU14,LU14_49,LU14_2023,305,317,305,305,120,120,118,120,49.769834254143646,67.72563535911603,21.632320441988952,31.347734806629834,77.61,116.18,42.7,60.11,181,169,179,150,-9.832624309392266,-11.887872928176796,-10.866270718232045,-7.620110497237569,54,74,61,36,2810.69,3187.27,2975.6,2398.52,67,43,40,64
LU14,LU14_51,LU14_2023,305,317,305,305,120,120,117,120,49.805082872928175,66.35160220994474,21.126519337016575,30.47972375690608,77.51,113.71,41.66,57.87,181,169,178,150,-9.810497237569061,-11.867596685082873,-10.859226519337017,-7.615552486187846,55,74,60,36,2804,3182.1,2970.18,2392.41,66,43,39,64
LU14,LU14_54,LU14_2023,305,317,305,305,120,120,120,120,49.599944751381216,69.77922651933702,25.86,33.14292817679558,77.47,119,51.55,62.63,181,169,181,178,-9.91279005524862,-11.963038674033148,-10.927127071823204,-7.666132596685083,54,74,62,36,2829.02,3201.57,2991.01,2411.32,68,43,41,83
LU14,LU14_56,LU14_2023,305,317,305,305,120,120,117,120,49.666519337016574,65.58817679558011,20.551988950276243,30.793922651933702,77.41,112.32,41.14,58.32,181,169,178,150,-9.889585635359117,-11.925994475138122,-10.911353591160221,-7.675524861878453,55,74,61,36,2819.1,3192.15,2980.46,2404.07,66,43,39,63
LU14,LU14_57,LU14_2023,305,317,305,305,120,120,116,120,47.78994475138121,61.29403314917127,19.23939226519337,27.527127071823205,73.92,105.97,37.83,54.28,181,169,177,150,-9.710662983425415,-11.784060773480663,-10.801546961325966,-7.553480662983425,54,74,57,35,2780.43,3163.71,2952.73,2373.97,66,46,39,62
LU14,LU14_61,LU14_2023,305,317,305,305,120,120,120,120,49.57834254143646,69.46585635359116,25.941270718232044,33.25232044198895,77.25,118.51,52.11,62.83,181,169,181,178,-9.936160220994475,-11.98196132596685,-10.946049723756905,-7.683729281767956,54,74,62,36,2833.55,3204.65,2994.66,2414.71,68,43,41,83
LU14,LU14_62,LU14_2023,305,317,306,305,120,120,114,119,41.78375690607735,56.69767955801105,17.49160220994475,21.45447513812155,64.15,99.26,35.54,44.61,181,169,174,143,-9.57328729281768,-11.702817679558011,-10.731602209944752,-7.4612430939226515,53,74,57,35,2748.53,3146.78,2933.75,2351.68,67,46,38,58
LU14,LU14_63,LU14_2023,305,317,305,305,120,120,120,120,49.6546408839779,69.81022099447513,26.495303867403315,33.7207182320442,77.09,118.99,53.76,63.54,181,169,181,178,-10.001519337016575,-12.038121546961326,-10.996381215469613,-7.733397790055249,54,75,63,36,2846.64,3214.91,3004.67,2424.49,66,44,40,83
LU14,LU14_66,LU14_2023,305,317,305,305,120,120,120,120,49.89723756906077,69.82303867403314,26.54585635359116,33.86635359116022,77.45,119,53.82,63.77,181,169,181,178,-10.025966850828729,-12.057403314917128,-11.014834254143647,-7.750718232044199,54,75,63,36,2851.37,3218.15,3008.41,2427.73,66,43,40,83
LU14,LU14_7,LU14_2023,305,317,305,305,120,120,117,120,50.606740331491714,68.18745856353591,21.17674033149171,28.636740331491712,79.18,117.66,43.37,55.59,181,169,178,150,-9.654171270718232,-11.744751381215469,-10.751629834254144,-7.494060773480663,53,74,59,36,2771.81,3160.23,2946.91,2367.11,67,46,40,67
LU14,LU14_70,LU14_2023,305,317,306,305,120,120,113,119,42.0167955801105,54.724254143646405,16.61635359116022,21.662209944751382,64.43,96.07,33.02,44.88,181,169,173,143,-9.592348066298342,-11.704447513812154,-10.72281767955801,-7.454613259668508,53,74,57,35,2752.07,3145.91,2934.41,2351.76,67,45,38,59
LU14,LU14_71,LU14_2023,305,317,305,305,120,120,115,120,48.55314917127072,64.1492817679558,19.59022099447514,29.833480662983426,75.29,109.85,40.95,57.34,181,169,176,150,-9.909088397790056,-11.953618784530386,-10.937237569060773,-7.695331491712707,55,74,60,35,2820.6,3194.89,2982.16,2403.18,66,43,38,63
LU14,LU14_72,LU14_2023,305,317,305,305,120,120,116,120,47.005690607734806,61.583922651933705,19.945911602209947,28.165469613259667,72.65,105.99,38.52,55.18,181,169,177,150,-9.831187845303868,-11.889475138121547,-10.88671270718232,-7.641160220994475,54,74,57,35,2803.2799999999997,3182.31,2969.65,2390.63,66,45,39,63
LU14,LU14_74,LU14_2023,305,317,305,305,120,120,115,120,47.33127071823205,62.85618784530387,18.963701657458564,29.048121546961326,73.14,107.77,40,56.13,181,169,176,150,-9.917817679558011,-11.967265193370165,-10.952541436464088,-7.709889502762431,55,74,60,35,2820.29,3196.87,2982.12,2403.5,66,42,38,63
LU14,LU14_75,LU14_2023,305,314,305,305,120,120,119,120,53.64088397790055,71.98149171270718,23.817127071823204,36.192596685082876,83,120.51,45.15,66.57,181,172,180,178,-10.30975138121547,-12.31378453038674,-11.243314917127071,-8.001906077348066,58,76,63,36,2906.52,3267.53,3049.56,2473.04,63,43,38,81
LU14,LU14_76,LU14_2023,305,317,305,305,120,120,115,120,48.033812154696136,63.38469613259669,19.184861878453038,29.223204419889502,74.46,108.5,40.31,55.33,181,169,176,150,-9.98707182320442,-12.025773480662984,-10.999088397790056,-7.757679558011049,56,74,60,35,2834.56,3207.48,2992.62,2413.47,66,41,37,63
LU14,LU14_78,LU14_2023,305,317,305,305,120,120,118,120,50.012651933701655,66.3921546961326,21.8939226519337,32.29519337016575,77.23,113.01,41.93,60.19,181,169,179,157,-10.166381215469613,-12.172900552486189,-11.128591160220994,-7.8999447513812155,57,75,62,36,2873.08,3237.26,3020.39,2444.67,64,43,38,68
LU14,LU14_8,LU14_2023,305,317,305,305,120,120,117,120,50.74729281767956,68.36701657458563,21.134861878453037,29.51668508287293,79.34,117.97,43.45,56.73,181,169,178,150,-9.665331491712708,-11.757762430939227,-10.767348066298343,-7.508425414364641,53,74,59,36,2773.23,3163.16,2948.22,2368.72,67,46,40,65
LU14,LU14_80,LU14_2023,305,317,306,305,120,120,113,120,44.43430939226519,58.12093922651933,16.469834254143645,24.219281767955803,68.29,100.61,36.36,49,181,169,173,151,-9.873867403314916,-11.945718232044198,-10.925027624309392,-7.670718232044199,56,74,57,35,2807.32,3191.58,2972.5,2391.91,66,44,38,60
LU14,LU14_84,LU14_2023,305,317,305,305,120,120,113,120,46.19591160220995,60.71977900552486,17.326629834254142,27.90265193370166,71.49,104.43,38.8,53.65,181,169,174,158,-9.955773480662984,-12.010055248618784,-10.985801104972376,-7.734419889502762,57,74,59,35,2825.18,3203.94,2985.34,2404.91,66,42,37,67
LU14,LU14_85,LU14_2023,305,314,305,305,120,120,120,120,55.03359116022099,73.70403314917127,26.068397790055247,37.3146408839779,85,122.93,46.93,67.75,181,172,181,178,-10.512541436464089,-12.491546961325968,-11.398950276243093,-8.173011049723756,60,77,66,38,2948.18,3303.26,3080.96,2506.78,58,43,37,79
LU14,LU14_86,LU14_2023,305,317,305,305,120,120,116,120,49.66646408839779,65.59099447513812,20.71204419889503,31.56850828729282,77.16,111.6,41.65,58.85,181,169,177,157,-10.22610497237569,-12.239364640883977,-11.185027624309392,-7.949088397790056,58,75,62,36,2882.97,3248.97,3027.51,2449.44,64,42,37,67
LU14,LU14_88,LU14_2023,305,314,305,305,120,120,120,120,55.71088397790055,74.57950276243093,24.516795580110497,37.643812154696136,86.05,124.01,47.07,66.34,181,172,181,178,-10.608149171270718,-12.582486187845303,-11.475690607734807,-8.262569060773481,60,78,66,39,2966.87,3319.79,3094.23,2521.7400000000002,58,42,36,79
LU14,LU14_9,LU14_2023,305,317,305,305,120,120,117,120,50.614806629834256,67.85972375690608,21.055911602209946,28.710220994475137,78.98,117.06,43.11,56.37,181,169,178,143,-9.667375690607734,-11.759226519337016,-10.771519337016574,-7.5122375690607734,53,74,59,36,2773.08,3163.33,2948.1,2368.57,67,46,40,64
LU14,LU14_91,LU14_2023,305,317,306,305,120,120,113,120,47.42099447513812,58.530386740331494,16.463093922651932,24.112872928176795,73.09,99.9,35.9,47.87,181,169,173,158,-9.94889502762431,-12.024834254143647,-10.987900552486188,-7.7253867403314915,57,75,58,35,2821.28,3205.72,2983.94,2401.21,66,43,38,65
LU14,LU14_92,LU14_2023,305,314,305,305,120,120,120,120,55.45585635359116,74.46232044198895,26.47878453038674,37.78839779005525,85.59,123.93,47.5,66.57,181,172,181,178,-10.591519337016575,-12.564254143646409,-11.460193370165745,-8.243618784530387,60,78,66,38,2964.15,3316.63,3092.88,2519.86,58,42,37,79
LU14,LU14_96,LU14_2023,305,317,305,305,120,120,114,120,52.390055248618786,65.14447513812155,18.54939226519337,31.6860773480663,81.14,109.26,40.62,58.95,181,169,175,158,-10.254613259668508,-12.279972375690608,-11.217403314917128,-7.964696132596685,58,76,61,36,2885.99,3255.4900000000002,3030.54,2448.82,64,42,37,66
LU14,LU14_97,LU14_2023,305,314,305,305,120,120,120,120,58.198950276243096,76.30093922651933,24.814419889502762,37.65453038674033,89.3,125.38,47.88,69.63,181,172,181,157,-10.659944751381216,-12.616961325966852,-11.510386740331493,-8.290220994475138,61,78,66,38,2978.1,3326.12,3103.74,2530.75,59,41,36,66
LU15,LU15_1,LU15_2022,305,305,316,305,120,120,120,113,43.563756906077344,40.488674033149174,53.87906077348066,15.845469613259668,81.72,65.08,96.04,33.45,181,181,170,174,-9.504889502762431,-7.931077348066299,-10.34339779005525,-9.534116022099447,47,37,60,49,2674.44,2391.17,2885.81,2673.19,55,73,54,52
LU15,LU15_10,LU15_2022,305,305,316,305,120,120,120,113,45.389060773480665,40.16497237569061,61.98690607734807,18.230331491712708,84.93,66.87,109.3,40.51,181,181,170,174,-9.630248618784531,-8.051767955801106,-10.491132596685082,-9.644861878453039,48,38,61,52,2707.39,2423.38,2920.37,2697.72,56,72,54,52
LU15,LU15_11,LU15_2022,305,305,316,305,120,120,120,113,45.45132596685083,40.87596685082873,59.46022099447514,17.14209944751381,84.24,67.72,104.17,39.28,181,181,170,160,-9.595773480662983,-7.99524861878453,-10.406933701657458,-9.583121546961326,47,38,59,51,2701.66,2415.71,2904.05,2686.57,56,74,54,52
LU15,LU15_12,LU15_2022,305,305,316,306,120,120,120,113,44.820773480662986,37.741270718232045,58.33447513812155,17.661270718232043,83.12,61.33,102.58,37.92,181,181,170,173,-9.584751381215469,-7.976740331491713,-10.396657458563537,-9.585635359116022,47,37,58,51,2695.47,2407.4,2899.39,2682.55,55,74,54,51
LU15,LU15_14,LU15_2022,305,305,316,305,120,120,120,115,46.32198895027624,45.82740331491713,57.32033149171271,18.859668508287292,86.27,76.57,101.07,40.22,181,181,170,176,-9.627209944751382,-8.089972375690607,-10.547817679558012,-9.689972375690608,48,40,60,51,2700.53,2423.57,2929.07,2703.11,54,72,54,53
LU15,LU15_15,LU15_2022,305,305,316,305,120,120,120,115,46.43895027624309,47.914475138121546,57.59005524861878,18.90220994475138,86.72,79.82,101.13,40.31,181,181,170,176,-9.636270718232044,-8.09693370165746,-10.554005524861878,-9.694585635359116,48,39,61,51,2703.84,2426.49,2931.13,2704.98,55,72,54,53
LU15,LU15_16,LU15_2022,305,305,316,306,120,120,120,113,46.278066298342544,39.908729281767954,57.82635359116022,16.50425414364641,85.98,66.03,101.62,37.81,181,181,170,159,-9.581767955801105,-7.960469613259669,-10.3546408839779,-9.550662983425415,48,39,58,50,2697.75,2409.41,2892.63,2676.81,56,77,55,50
LU15,LU15_17,LU15_2022,305,305,316,306,120,120,120,113,46.07734806629834,40.04198895027624,57.5246408839779,16.45889502762431,85.91,66.45,101.13,37.54,181,181,170,159,-9.580773480662984,-7.956381215469613,-10.348397790055248,-9.544419889502763,48,39,59,50,2697.7400000000002,2409.25,2891.63,2675.52,55,77,55,50
LU15,LU15_18,LU15_2022,305,305,316,305,120,120,120,113,45.417403314917124,40.19629834254144,58.09613259668508,16.96110497237569,84.94,66.97,103.04,36.43,181,181,170,174,-9.631519337016575,-8.057651933701658,-10.49853591160221,-9.651878453038675,48,38,61,52,2707.5,2424.21,2921.83,2699.46,56,72,54,52
LU15,LU15_19,LU15_2022,305,305,316,306,120,120,120,113,45.01458563535912,40.484309392265196,58.55994475138122,17.797900552486187,83.43,67.11,102.89,37.9,181,181,170,173,-9.581767955801105,-7.985552486187845,-10.394337016574585,-9.571795580110498,47,38,59,51,2698.73,2413.68,2901.67,2685.08,57,74,54,51
LU15,LU15_2,LU15_2022,305,305,316,309,120,120,120,113,42.731602209944754,39.99276243093922,53.3921546961326,15.963093922651934,80.58,64.96,95.45,34.8,181,181,170,170,-9.529668508287292,-7.9335911602209945,-10.352320441988951,-9.547237569060773,47,37,58,49,2680.5,2392.67,2888.12,2674.31,54,73,54,50
LU15,LU15_20,LU15_2022,305,305,316,305,120,120,120,115,50.35077348066299,50.63397790055249,60.991381215469616,18.486740331491713,92.48,83.42,107.87,40.38,181,181,170,176,-9.776906077348066,-8.24792817679558,-10.75450276243094,-9.848950276243094,48,39,64,51,2734.4,2456.76,2972.33,2732.33,55,72,52,52
LU15,LU15_21,LU15_2022,305,305,316,305,120,120,120,115,48.11232044198895,49.525193370165745,60.169226519337016,18.39646408839779,89.18,82.95,106.3,40.13,181,181,170,176,-9.761906077348065,-8.225828729281767,-10.738425414364642,-9.844419889502763,48,39,64,52,2729.28,2450.49,2968.74,2730.64,54,71,52,51
LU15,LU15_22,LU15_2022,305,305,316,305,120,120,120,115,53.5007182320442,46.30817679558011,65.62585635359116,20.036187845303868,96.71,76.2,116.57,43.42,181,181,170,162,-9.889806629834254,-8.330745856353591,-10.826436464088397,-9.87707182320442,48,41,68,53,2772.79,2492.17,2995.89,2752.79,56,75,56,52
LU15,LU15_23,LU15_2022,305,305,316,305,120,120,120,115,47.55475138121547,48.77165745856354,59.30790055248619,18.771381215469614,88.27,81.39,104.96,40.87,181,181,170,176,-9.693480662983426,-8.161491712707182,-10.638204419889503,-9.759116022099448,48,39,62,51,2716.46,2439.83,2948.81,2716.81,55,72,53,53
LU15,LU15_24,LU15_2022,305,305,316,305,120,120,120,115,48.19386740331492,49.59033149171271,60.491546961325966,18.40618784530387,89.25,83.04,106.91,40.22,181,181,170,176,-9.7603591160221,-8.231270718232045,-10.740082872928177,-9.841740331491712,48,39,64,51,2729.06,2451.77,2969.08,2730.08,54,71,52,52
LU15,LU15_25,LU15_2022,305,305,316,305,120,120,120,113,45.453867403314916,47.02541436464088,57.53591160220994,17.14613259668508,84.9,78.88,101.07,36.63,181,181,170,174,-9.630027624309392,-8.065580110497237,-10.505552486187845,-9.660718232044198,48,38,61,52,2706.94,2425.42,2922.92,2701.8,57,72,54,52
LU15,LU15_26,LU15_2022,305,305,316,305,120,120,120,113,42.80381215469613,40.60839779005525,54.0971270718232,15.89939226519337,80.64,66.6,96.45,33.69,181,181,170,174,-9.518370165745857,-7.943812154696133,-10.355883977900552,-9.543176795580111,48,37,60,50,2678.65,2395.28,2889.11,2675.55,55,73,54,52
LU15,LU15_27,LU15_2022,305,305,316,309,120,120,120,113,42.55977900552486,40.35596685082873,53.06033149171271,15.939834254143646,80.32,66.38,94.91,34.91,181,181,170,170,-9.514116022099447,-7.933729281767956,-10.342596685082873,-9.532209944751381,47,37,60,49,2678.4,2394.07,2886.82,2673.65,55,73,54,50
LU15,LU15_28,LU15_2022,305,305,316,309,120,120,120,113,42.555911602209946,39.93016574585635,53.1692817679558,15.97110497237569,80.35,64.91,95.1,34.89,181,181,170,170,-9.518508287292818,-7.926408839779006,-10.341187845303867,-9.535773480662984,47,37,58,49,2678.2599999999998,2391.43,2885.93,2672.67,54,73,54,50
LU15,LU15_29,LU15_2022,305,305,316,309,120,120,120,113,42.89215469613259,40.0846408839779,53.63552486187845,16.02171270718232,80.87,65.09,95.86,34.85,181,181,170,170,-9.540276243093922,-7.940220994475138,-10.364475138121547,-9.558480662983426,47,37,58,51,2682.6,2393.75,2890.54,2675.8,54,73,54,50
LU15,LU15_3,LU15_2022,305,305,316,305,120,120,120,114,45.291657458563535,45.28635359116022,55.91883977900552,17.5753591160221,85.1,75.61,98.74,36.81,181,181,170,175,-9.579198895027625,-8.02707182320442,-10.456519337016575,-9.619281767955801,48,38,60,51,2693.6,2414.55,2911.53,2692.62,55,73,53,53
LU15,LU15_30,LU15_2022,305,305,316,309,120,120,120,113,43.00348066298343,40.71552486187845,53.5546408839779,16.020055248618785,81.18,66.23,95.71,34.86,181,181,170,170,-9.542127071823204,-7.9406629834254145,-10.364171270718233,-9.559806629834254,47,37,58,51,2683.02,2394.32,2890.71,2675.98,54,73,54,50
LU15,LU15_31,LU15_2022,305,305,316,309,120,120,120,113,43.304309392265196,41.30303867403315,53.550331491712704,16.16878453038674,81.8,67.93,95.69,35.1,181,181,170,170,-9.54,-7.936878453038674,-10.357486187845304,-9.55546961325967,47,37,58,51,2682.78,2394.39,2889.5,2675.18,54,74,54,50
LU15,LU15_32,LU15_2022,305,305,316,306,120,120,120,113,43.35281767955801,40.882707182320445,54.47353591160221,16.794198895027623,81.6,66.56,96.98,34.95,181,181,170,173,-9.519972375690609,-7.912430939226519,-10.325110497237569,-9.532099447513811,47,37,58,50,2678.3,2389.9,2882.9,2670.49,54,75,55,50
LU15,LU15_34,LU15_2022,305,305,316,305,120,120,120,113,45.015635359116025,44.92049723756906,55.50475138121547,16.82734806629834,84.74,75.15,98.08,35.63,181,181,170,174,-9.57364640883978,-8.012265193370165,-10.435276243093922,-9.605939226519338,48,38,60,51,2693.3,2412.6,2907.25,2690.59,56,73,53,52
LU15,LU15_36,LU15_2022,305,305,316,305,120,120,120,113,43.86160220994475,42.922154696132594,55.25337016574586,16.71845303867403,83.1,70.51,97.81,35.46,181,181,170,174,-9.563812154696132,-7.986767955801105,-10.402154696132596,-9.57671270718232,48,37,60,52,2692.52,2409.14,2901.26,2685.06,56,73,53,52
LU15,LU15_37,LU15_2022,305,305,316,305,120,120,120,113,44.32353591160221,36.74099447513812,59.58447513812155,18.29497237569061,83.75,59.71,104.72,39.51,181,181,170,174,-9.570110497237568,-7.97403314917127,-10.392154696132597,-9.575469613259669,47,37,58,51,2693.01,2406.68,2899.05,2682.6,54,74,54,52
LU15,LU15_4,LU15_2022,305,305,316,305,120,120,120,113,43.792375690607734,42.51629834254144,55.03955801104972,16.624254143646407,82.74,69.79,97.52,35.28,181,181,170,174,-9.54878453038674,-7.959033149171271,-10.36828729281768,-9.551878453038674,47,37,59,51,2689.3,2403.83,2894.5,2679.69,56,74,54,52
LU15,LU15_40,LU15_2022,305,305,316,306,120,120,120,113,46.51922651933702,42.26281767955801,57.9546408839779,16.509558011049723,86.75,69.71,101.42,37.76,181,181,170,159,-9.58986187845304,-7.9601657458563535,-10.359337016574585,-9.554447513812155,48,39,59,50,2699.22,2409.46,2893.81,2676.66,55,77,55,50
LU15,LU15_41,LU15_2022,305,305,316,305,120,120,120,115,47.058232044198895,48.374917127071825,58.27110497237569,19.09817679558011,87.49,80.68,102.3,40.6,181,181,170,176,-9.665276243093922,-8.130386740331492,-10.599198895027625,-9.729558011049724,48,39,61,51,2709.95,2433.26,2940.74,2711.35,55,72,54,53
LU15,LU15_43,LU15_2022,305,305,316,305,120,120,120,113,45.12038674033149,40.065193370165744,61.509337016574584,18.08243093922652,84.6,66.7,108.6,40.21,181,181,170,174,-9.610220994475139,-8.025469613259668,-10.452044198895027,-9.613756906077349,48,38,60,51,2704.27,2419.67,2913.02,2692.85,56,74,54,52
LU15,LU15_44,LU15_2022,305,305,316,305,120,120,120,113,45.083591160221,40.186298342541434,60.99408839779006,17.96950276243094,83.31,66.72,107.74,39.83,181,181,170,174,-9.59671270718232,-8.008314917127072,-10.426767955801106,-9.593508287292817,48,38,60,51,2701.98,2417.43,2908.25,2689.67,57,74,54,52
LU15,LU15_46,LU15_2022,305,305,316,305,120,120,120,115,48.30613259668508,49.78563535911602,60.65243093922652,18.487955801104974,89.42,83.44,107.13,40.25,181,181,170,176,-9.774834254143647,-8.244889502762431,-10.765110497237568,-9.863480662983426,48,39,65,52,2731.12,2453.29,2973.93,2733.31,54,71,52,50
LU15,LU15_58,LU15_2022,305,305,316,305,120,120,120,113,45.68116022099448,40.354861878453036,62.269834254143646,18.342486187845303,85.38,67.22,109.78,40.72,181,181,170,174,-9.646767955801105,-8.071767955801105,-10.517044198895027,-9.66621546961326,48,39,61,52,2711.21,2427.75,2925.93,2702.34,56,72,55,52
LU15,LU15_61,LU15_2022,305,305,316,305,120,120,120,116,53.30127071823205,45.00972375690608,67.67353591160222,20.567734806629833,96.37,73.75,119.72,45.98,181,181,170,163,-9.895662983425414,-8.345027624309392,-10.85110497237569,-9.901243093922652,48,40,67,53,2772.75,2493.4,3000.36,2756,56,74,55,53
LU15,LU15_7,LU15_2022,305,305,316,305,120,120,120,114,46.347513812154695,48.03104972375691,58.49817679558011,16.997016574585636,86.19,80.75,103.59,36.5,181,181,170,175,-9.690193370165746,-8.137624309392265,-10.608867403314918,-9.74292817679558,48,38,62,53,2717.92,2437.42,2943.61,2715.4900000000002,55,72,54,52
LU15,LU15_8,LU15_2022,305,305,316,305,120,120,120,113,46.815027624309394,41.93806629834254,60.358342541436464,17.40707182320442,86.52,69.51,105.37,40.26,181,181,170,160,-9.648066298342542,-8.044972375690607,-10.476270718232044,-9.643011049723757,47,38,60,51,2711.37,2424.37,2917.11,2694.91,56,75,54,52
LU15,LU15_9,LU15_2022,305,305,316,305,120,120,120,114,46.347513812154695,48.03104972375691,58.49817679558011,16.997016574585636,86.19,80.75,103.59,36.5,181,181,170,175,-9.690193370165746,-8.137624309392265,-10.608867403314918,-9.74292817679558,48,38,62,53,2717.92,2437.42,2943.61,2715.4900000000002,55,72,54,52
LU16,LU16_15,LU16_2023,305,314,305,305,120,120,120,120,58.965580110497235,75.45104972375691,22.520939226519335,41.66469613259669,90.68,122.36,48.51,75.6,181,172,181,181,-11.474060773480662,-13.418425414364641,-12.368453038674033,-9.039972375690608,65,84,67,41,3114.37,3476.98,3225.82,2610.74,53,38,31,69
LU16,LU16_2,LU16_2023,305,314,305,305,120,120,120,120,58.38486187845304,75.8175138121547,23.66707182320442,43.66756906077348,89.3,123.19,48.61,79.07,181,172,181,181,-11.491519337016575,-13.4407182320442,-12.42011049723757,-9.106906077348066,65,84,68,41,3118.51,3483,3234.24,2619.12,53,38,31,67
LU16,LU16_20,LU16_2023,305,314,305,305,120,120,120,120,59.92668508287293,77.59845303867404,23.44303867403315,39.13237569060774,93.37,125.42,50.71,71.7,181,172,181,181,-11.572265193370166,-13.493259668508287,-12.444364640883977,-9.106243093922652,65,84,67,42,3134.62,3491.32,3241.38,2624.93,53,37,31,70
LU16,LU16_200,LU16_2023,305,317,306,305,120,120,111,118,40.275082872928174,50.38309392265193,14.672375690607735,20.32027624309392,61.65,86.99,31.76,42.3,181,169,171,143,-10.153756906077348,-12.37267955801105,-11.240027624309393,-7.930635359116022,56,79,58,38,2845.42,3273.63,3008.29,2427.18,66,42,31,59
LU16,LU16_201,LU16_2023,305,317,306,305,120,120,112,119,41.16469613259669,51.90414364640884,15.12524861878453,21.450331491712706,63.16,89.32,33.16,43.84,181,169,172,144,-10.17389502762431,-12.370994475138122,-11.24317679558011,-7.939779005524862,56,79,58,38,2850.67,3273.09,3009.44,2428.32,66,42,32,60
LU16,LU16_202,LU16_2023,305,317,306,305,120,120,111,118,40.28574585635359,50.666353591160224,14.80817679558011,20.474475138121548,61.74,87.5,32.28,42.25,181,169,171,143,-10.099613259668509,-12.307154696132597,-11.177872928176795,-7.876270718232044,56,79,58,38,2836.22,3261.06,2997.46,2417.88,66,42,33,59
LU16,LU16_203,LU16_2023,305,317,306,305,120,120,112,119,41.524309392265195,52.413038674033146,15.330773480662984,22.19917127071823,63.74,90.2,33.46,44.83,181,169,172,144,-10.171491712707182,-12.353867403314917,-11.226629834254144,-7.921850828729282,55,78,58,38,2851.31,3269.93,3006.16,2424.92,66,41,34,60
LU16,LU16_22,LU16_2023,305,314,305,305,120,120,119,120,56.55861878453039,71.639392265193365,21.245524861878454,35.83613259668508,86.8,116.58,46.17,66.73,181,172,180,171,-11.239116022099447,-13.235165745856353,-12.162955801104973,-8.830801104972377,65,82,63,40,3065.18,3440.07,3185.08,2575.29,55,39,31,69
LU16,LU16_23,LU16_2023,305,314,305,305,120,120,120,120,59.61558011049724,76.20546961325967,22.836574585635358,38.26657458563536,92.54,123.23,49.26,70.38,181,172,181,181,-11.520303867403316,-13.452016574585635,-12.395386740331492,-9.05353591160221,65,83,67,41,3123.7,3482.85,3231.82,2616.94,53,37,31,70
LU16,LU16_24,LU16_2023,305,314,305,305,120,120,120,120,59.431491712707185,74.95193370165745,22.39011049723757,37.316187845303865,91.54,121.19,48.26,68.92,181,172,181,181,-11.460911602209945,-13.404723756906078,-12.341519337016575,-8.996491712707183,65,83,67,41,3111.36,3473.2,3221.38,2607.99,54,39,31,72
LU16,LU16_25,LU16_2023,305,317,306,305,120,120,112,119,42.13790055248619,53.05220994475138,15.310939226519338,21.93232044198895,64.82,90.97,34.01,44.73,181,169,172,144,-10.245,-12.451933701657458,-11.329005524861879,-8.00988950276243,56,79,58,38,2864.35,3289.68,3024.58,2439.03,66,41,29,59
LU16,LU16_26,LU16_2023,305,317,306,305,120,120,112,119,41.34878453038674,51.680773480662985,14.92353591160221,21.106077348066297,63.53,88.92,32.76,43.46,181,169,172,144,-10.196298342541436,-12.414337016574585,-11.287651933701657,-7.969060773480663,56,79,58,38,2854.3,3282.48,3016.77,2432.5,66,42,30,59
LU16,LU16_270,LU16_2023,305,317,306,305,120,120,109,116,36.77408839779005,43.13756906077348,13.370055248618785,18.367182320441987,56.24,75.46,27.28,38.98,181,169,169,140,-10.134585635359116,-12.304917127071823,-11.14953038674033,-7.914226519337016,58,79,59,37,2837.46,3251.59,2997.03,2432.78,66,41,25,56
LU16,LU16_28,LU16_2023,305,317,306,305,120,120,112,119,40.651491712707184,51.17132596685083,14.936740331491713,20.79232044198895,62.27,88.18,32.51,43.02,181,169,172,144,-10.174088397790054,-12.381436464088397,-11.250524861878453,-7.94560773480663,56,79,58,38,2849.84,3274.84,3010.68,2429.77,66,42,32,60
LU16,LU16_3,LU16_2023,305,314,305,305,120,120,120,120,60.68370165745856,79.46348066298343,27.933480662983424,46.99806629834254,94.6,128.48,51.56,81.99,181,172,181,181,-11.709558011049724,-13.606104972375691,-12.595911602209945,-9.266629834254143,65,84,70,43,3163.62,3515.5,3270.53,2650.81,50,36,32,65
LU16,LU16_300,LU16_2023,305,314,305,305,120,120,120,120,58.41453038674033,75.92574585635359,23.495303867403315,43.883149171270716,89.47,123.3,48.91,79.29,181,172,181,181,-11.486270718232044,-13.435690607734808,-12.407734806629835,-9.092237569060773,65,84,68,41,3117.55,3481.92,3231.73,2616.85,53,38,31,67
LU16,LU16_301,LU16_2023,305,314,305,305,120,120,119,120,56.23237569060773,72.48701657458564,21.705690607734805,40.92220994475138,86.09,118.12,46.68,74.71,181,172,180,171,-11.25339779005525,-13.251685082872928,-12.195469613259668,-8.873259668508288,64,82,63,40,3068.7,3444.88,3189.73,2579.78,54,39,31,66
LU16,LU16_302,LU16_2023,305,314,305,305,120,120,120,120,59.06022099447514,76.12624309392265,22.821657458563536,42.516243093922654,91.11,123.45,48.9,76.97,181,172,181,181,-11.518591160220994,-13.45475138121547,-12.41279005524862,-9.086519337016574,65,84,67,41,3123.77,3484.53,3234.33,2618.09,53,37,31,69
LU16,LU16_303,LU16_2023,305,314,305,305,120,120,120,120,58.11668508287293,75.42596685082873,22.654033149171273,42.35436464088398,88.96,122.45,48.89,76.86,181,172,181,171,-11.436270718232045,-13.39303867403315,-12.35096685082873,-9.028011049723757,64,84,67,41,3106.86,3472.8,3221.3,2606.9,53,39,31,64
LU16,LU16_313,LU16_2023,305,316,305,305,120,120,115,120,49.04082872928177,62.44475138121547,18.47314917127072,30.146740331491714,75.48,104.49,40.44,57.26,181,170,176,159,-10.74767955801105,-12.847900552486188,-11.74853591160221,-8.421850828729282,60,81,60,39,2964.91,3364.93,3104.62,2506.69,61,40,31,62
LU16,LU16_314,LU16_2023,305,314,305,305,120,120,117,120,53.89248618784531,68.35,20.148453038674035,33.97635359116022,82.56,112.02,43.9,63.07,181,172,178,160,-11.022624309392265,-13.066491712707183,-11.987817679558011,-8.661160220994475,62,82,61,38,3020.76,3407.64,3150.22,2545.25,57,39,30,62
LU16,LU16_36,LU16_2023,305,317,306,305,120,120,109,117,38.673591160220994,48.735027624309396,14.281878453038674,18.84646408839779,59.06,84.62,30.9,39.76,181,169,169,142,-10.01367403314917,-12.248287292817679,-11.11425414364641,-7.8149723756906075,56,79,58,37,2818.38,3250.01,2985.56,2408.33,66,42,30,58
LU16,LU16_37,LU16_2023,305,317,306,305,120,120,112,119,41.01453038674033,51.662154696132596,15.058011049723756,21.0839226519337,62.86,88.89,32.88,43.49,181,169,172,144,-10.205718232044198,-12.409668508287293,-11.27853591160221,-7.9700828729281765,56,79,58,38,2856.08,3280.27,3015.78,2433.84,66,42,31,60
LU16,LU16_49,LU16_2023,305,317,306,305,120,120,110,117,37.2967955801105,45.62281767955801,13.937955801104973,18.79552486187845,54.62,79.99,27.84,39.84,181,169,170,142,-10.129917127071824,-12.279723756906078,-11.13903314917127,-7.886906077348066,58,79,59,37,2838.38,3247.48,2994.85,2426.71,66,42,28,58
LU16,LU16_52,LU16_2023,305,317,306,305,120,120,110,118,37.86790055248619,45.86734806629834,13.996077348066299,19.395911602209946,54.47,79.9,28.02,40.82,181,169,170,143,-10.188922651933702,-12.339972375690607,-11.189917127071823,-7.93792817679558,58,79,59,38,2849.46,3258.76,3004.05,2435.5,66,40,28,59
LU16,LU16_54,LU16_2023,305,317,306,305,120,120,110,118,37.683812154696135,45.34160220994475,13.870386740331492,19.417458563535913,54.52,78.99,27.99,40.87,181,169,170,143,-10.19767955801105,-12.366878453038675,-11.210911602209945,-7.955138121546962,58,79,59,39,2850.53,3264.26,3007.5,2438.52,66,40,27,60
LU16,LU16_55,LU16_2023,305,317,306,305,120,120,110,118,37.99657458563536,44.714530386740336,13.707292817679559,19.064309392265194,58.37,78.09,27.76,40.25,181,169,170,143,-10.176519337016575,-12.345276243093922,-11.189806629834255,-7.941160220994475,58,79,59,39,2846.18,3259.95,3003.75,2436.62,66,41,27,60
LU16,LU16_57,LU16_2023,305,317,306,305,120,120,110,118,37.97806629834254,45.49292817679558,13.89524861878453,19.65060773480663,54.96,79.12,28.01,41.25,181,169,170,143,-10.23267955801105,-12.399613259668508,-11.239779005524861,-7.985,59,79,59,39,2856.9,3270.2,3012.38,2443.82,66,40,27,60
LU16,LU16_58,LU16_2023,305,317,306,305,120,120,110,118,38.0528729281768,45.499779005524864,13.890939226519336,19.756961325966852,55.07,79.09,28,41.42,181,169,170,143,-10.242541436464089,-12.41011049723757,-11.248756906077348,-7.99267955801105,59,80,59,39,2858.69,3272.3,3013.79,2445.11,66,40,27,59
LU16,LU16_60,LU16_2023,305,317,306,305,120,120,111,118,38.22375690607735,45.151049723756906,13.965082872928177,20.168950276243095,55,77.59,28.1,42.06,181,169,171,143,-10.306519337016574,-12.465414364640884,-11.297541436464089,-8.044447513812155,59,80,59,40,2870.63,3282.31,3022.15,2454.33,66,40,28,59
LU16,LU16_62,LU16_2023,305,317,306,305,120,120,110,118,37.82812154696133,44.54817679558011,13.853093922651933,19.968232044198896,54.37,76.35,27.93,41.74,181,169,170,143,-10.306160220994474,-12.470497237569061,-11.298342541436464,-8.044005524861879,59,80,59,40,2870.44,3283.43,3021.69,2454.5099999999998,66,40,27,59
LU16,LU16_63,LU16_2023,305,317,306,305,120,120,110,118,37.02237569060773,43.47828729281768,13.5653591160221,19.375414364640886,53.15,74.72,27.48,40.87,181,169,170,143,-10.317292817679558,-12.514447513812154,-11.333121546961326,-8.065220994475139,59,80,59,40,2872.25,3294.18,3024.5,2456.67,66,40,28,59
LU16,LU16_64,LU16_2023,305,317,306,305,120,120,111,118,38.297292817679555,44.95381215469613,13.9646408839779,20.18403314917127,55.11,76.96,28.09,42.09,181,169,171,143,-10.317182320441988,-12.476187845303867,-11.306491712707182,-8.051298342541436,59,80,59,40,2872.7,3284.4,3023.54,2455.55,66,40,29,59
LU16,LU16_67,LU16_2023,305,317,306,305,120,120,109,118,37.094917127071824,43.187845303867405,13.479447513812154,19.159558011049725,53.27,74.26,27.38,40.54,181,169,169,142,-10.280303867403315,-12.485580110497237,-11.3053591160221,-8.03814917127072,59,80,59,40,2865.14,3289.19,3019.3,2451.86,66,40,27,58
LU16,LU16_68,LU16_2023,305,317,306,305,120,120,112,119,39.42193370165746,46.79099447513812,14.631491712707183,21.110828729281767,60.1,80.14,28.69,43.59,181,169,172,144,-10.485303867403315,-12.627624309392266,-11.449419889502762,-8.173093922651933,60,80,59,40,2905.76,3313.67,3048,2475.43,66,38,29,59
LU16,LU16_69,LU16_2023,305,317,306,305,120,120,110,118,37.78165745856354,44.67872928176796,13.904419889502762,20.064309392265194,54.3,76.53,27.98,41.93,181,169,170,143,-10.355497237569061,-12.519337016574585,-11.34011049723757,-8.077983425414365,59,80,59,40,2880.02,3293.07,3028.25,2460.26,66,40,28,59
LU16,LU16_70,LU16_2023,305,317,306,305,120,120,112,119,40.16701657458564,46.88121546961326,14.53939226519337,20.906795580110497,61.24,79.73,28.55,43.29,181,169,172,144,-10.467403314917128,-12.620580110497238,-11.44425414364641,-8.165165745856353,60,80,59,40,2902.2,3313.09,3046.41,2473.59,66,39,29,59
LU16,LU16_71,LU16_2023,305,317,306,305,120,120,112,119,39.45298342541437,46.72707182320442,14.606353591160222,20.724475138121548,60.12,79.99,28.65,42.55,181,169,172,144,-10.509364640883978,-12.649861878453038,-11.467983425414365,-8.193011049723756,60,80,59,40,2910.09,3317.7,3051.17,2478.92,66,38,29,58
LU16,LU16_72,LU16_2023,305,317,306,305,120,120,109,117,35.62441988950276,41.949116022099446,13.158066298342542,18.60574585635359,53.72,72.63,26.97,39.22,181,169,169,142,-10.20939226519337,-12.386077348066298,-11.212458563535911,-7.985718232044199,59,79,59,40,2850.17,3265.77,3008.43,2446.57,66,41,25,58
LU16,LU16_73,LU16_2023,305,317,306,305,120,120,111,119,37.63292817679558,44.992707182320444,14.159060773480663,20.43121546961326,57.1,77.52,28.11,42.42,181,169,171,144,-10.376077348066298,-12.526878453038673,-11.348729281767955,-8.1003591160221,59,80,59,40,2883.4,3293.17,3030.93,2464.87,66,39,29,59
LU16,LU16_74,LU16_2023,305,317,306,305,120,120,111,119,38.58950276243094,45.095801104972374,14.013812154696133,20.437513812154695,58.58,77.18,28.16,42.46,181,169,171,144,-10.363729281767956,-12.515055248618784,-11.340193370165746,-8.08914364640884,59,80,59,40,2881.27,3291.28,3029.46,2462.57,66,39,29,58
LU16,LU16_75,LU16_2023,305,317,306,305,120,120,111,118,37.75248618784531,44.796685082872926,13.932430939226519,20.191215469613258,54.25,76.76,28.04,42.09,181,169,171,143,-10.340441988950277,-12.498314917127072,-11.323729281767955,-8.06975138121547,59,80,59,40,2876.9,3288.41,3026.2,2459.12,66,40,29,59
LU16,LU16_77,LU16_2023,305,317,306,305,120,120,112,119,38.502265193370164,45.883701657458566,14.404806629834255,20.611381215469613,58.53,78.82,28.42,42.59,181,169,172,144,-10.45488950276243,-12.596850828729282,-11.41342541436464,-8.149696132596684,60,80,59,40,2899.29,3307.05,3041.91,2472.48,66,39,29,59
LU16,LU16_80,LU16_2023,305,317,306,305,120,120,111,119,37.95558011049724,45.398563535911606,14.105635359116022,20.512707182320444,54.08,77.6,28.26,42.62,181,169,171,144,-10.40232044198895,-12.553011049723757,-11.372900552486188,-8.110165745856353,59,80,59,40,2889.14,3298.92,3034.67,2465.9,66,39,29,59
LU16,LU16_81,LU16_2023,305,317,306,305,120,120,111,119,37.87027624309392,45.13552486187845,14.019834254143646,20.292375690607734,53.98,77.17,28.13,42.32,181,169,171,144,-10.386491712707182,-12.54646408839779,-11.367044198895028,-8.101049723756907,59,80,59,40,2886.16,3298.27,3032.9900000000002,2463.9,66,39,29,59
LU16,LU16_83,LU16_2023,305,317,306,305,120,120,110,118,38.098508287292816,44.5585635359116,13.869723756906078,20.201160220994474,57.76,76.37,27.96,42.03,181,169,170,143,-10.34585635359116,-12.500441988950277,-11.323977900552487,-8.079281767955802,59,80,59,40,2877.39,3288.1,3026.75,2461.39,66,40,27,59
LU16,LU16_84,LU16_2023,305,317,306,305,120,120,111,119,37.422872928176794,44.74740331491713,14.089558011049723,20.381160220994474,56.73,77.13,28.02,42.3,181,169,171,144,-10.375082872928177,-12.523618784530386,-11.34367403314917,-8.099696132596685,59,80,59,40,2882.89,3292.04,3030.49,2465.1,66,39,29,59
LU16,LU16_85,LU16_2023,305,317,306,305,120,120,111,119,37.63292817679558,44.992707182320444,14.159060773480663,20.43121546961326,57.1,77.52,28.11,42.42,181,169,171,144,-10.376077348066298,-12.526878453038673,-11.348729281767955,-8.1003591160221,59,80,59,40,2883.4,3293.17,3030.93,2464.87,66,39,29,59
LU16,LU16_88,LU16_2023,305,317,306,305,120,120,111,119,37.78662983425414,45.23762430939227,14.066077348066298,20.42265193370166,53.82,77.38,28.21,42.47,181,169,171,144,-10.38414364640884,-12.536215469613259,-11.358204419889503,-8.09817679558011,59,80,59,40,2885.59,3295.67,3032.11,2463.86,66,39,29,59
LU2,LU2_100,LU2_2021,NA,307,305,320,NA,120,120,120,NA,16.605414364640882,36.505690607734806,43.21348066298343,NA,42.98,66.33,82.39,NA,173,169,166,NA,-8.430220994475139,-6.735524861878453,-9.015193370165745,NA,46,35,49,NA,2488.85,2226.93,2620.85,NA,49,73,64
LU2,LU2_100_24,LU2_2024,320,306,305,328,120,102,102,120,43.21348066298343,10.853370165745856,12.560220994475138,54.10795580110497,82.39,31.35,28.85,90.3,166,162,116,158,-9.015193370165745,-8.414834254143646,-4.886270718232044,-6.786381215469613,49,39,24,39,2620.85,2422.77,1791.05,2195.57,64,49,45,57
LU2,LU2_101,LU2_2021,NA,307,305,320,NA,120,120,120,NA,23.069171270718233,40.235082872928174,55.58458563535912,NA,55.91,71.79,102.61,NA,176,175,166,NA,-8.899337016574586,-7.069613259668508,-9.348674033149171,NA,48,35,50,NA,2566.73,2280.71,2665.42,NA,49,72,62
LU2,LU2_101_24,LU2_2024,320,306,305,328,120,107,112,120,56.133591160220995,16.365580110497238,18.471602209944752,75.0682320441989,103.32,43.34,41.88,125.83,166,167,131,158,-9.477596685082872,-8.958950276243094,-5.285,-7.491132596685083,51,41,25,45,2679.43,2490.78,1838.31,2293.52,60,47,54,59
LU2,LU2_106,LU2_2021,NA,307,312,320,NA,120,120,120,NA,15.443314917127072,35.03878453038674,45.313149171270716,NA,41.43,63.86,86.13,NA,173,169,166,NA,-8.482458563535912,-6.757817679558011,-8.996022099447513,NA,45,35,49,NA,2491.16,2220.83,2615.73,NA,49,73,64
LU2,LU2_106_24,LU2_2024,320,306,305,328,120,106,103,120,45.313149171270716,12.23475138121547,13.521823204419888,43.1039226519337,86.13,33.62,31.1,72.43,166,166,117,158,-8.996022099447513,-8.557403314917128,-4.951961325966851,-6.75878453038674,49,40,24,38,2615.73,2459.96,1810.87,2183.15,64,52,46,59
LU2,LU2_110,LU2_2021,NA,307,305,320,NA,120,120,120,NA,25.93149171270718,42.04270718232044,53.1078453038674,NA,61.93,75.54,98.02,NA,176,175,166,NA,-9.09621546961326,-7.252154696132597,-9.599668508287293,NA,48,36,52,NA,2573.82,2291.58,2690.8,NA,45,70,59
LU2,LU2_110_24,LU2_2024,320,306,305,328,120,106,114,120,53.1078453038674,15.409060773480663,20.593204419889503,79.96447513812154,98.02,40.27,44.1,133.16,166,166,134,158,-9.599668508287293,-8.992900552486187,-5.3582044198895025,-7.5950828729281765,52,41,26,45,2690.8,2479.95,1837.8799999999999,2306.48,59,47,54,58
LU2,LU2_119,LU2_2021,NA,307,305,320,NA,120,120,120,NA,15.817016574585635,36.35734806629834,43.01917127071823,NA,40.36,66.11,82.14,NA,173,169,166,NA,-8.424723756906078,-6.732790055248619,-9.009917127071823,NA,46,35,50,NA,2486.52,2225.3,2619.77,NA,50,73,63
LU2,LU2_123,LU2_2021,NA,307,305,320,NA,120,120,120,NA,19.96292817679558,39.13480662983425,45.00265193370166,NA,49.62,70.76,84.73,NA,175,169,166,NA,-8.685552486187845,-6.950718232044199,-9.28110497237569,NA,46,36,51,NA,2518.26,2252.45,2652.5,NA,49,72,59
LU2,LU2_123_24,LU2_2024,320,306,305,328,120,105,104,120,45.00265193370166,12.252099447513812,14.185303867403315,68.48375690607735,84.73,32.99,31.82,113.78,166,165,118,158,-9.28110497237569,-8.590939226519337,-5.074723756906077,-7.108646408839779,51,40,25,41,2652.5,2427.09,1806,2251.29,59,47,44,57
LU2,LU2_13,LU2_2021,NA,307,305,320,NA,120,120,120,NA,24.62254143646409,41.718895027624306,56.14745856353591,NA,58.85,74.54,103.32,NA,176,175,166,NA,-9.045386740331491,-7.19610497237569,-9.520828729281767,NA,48,36,52,NA,2579.59,2293.94,2685.81,NA,49,70,60
LU2,LU2_137,LU2_2021,NA,307,305,320,NA,120,120,120,NA,20.247624309392265,38.99469613259669,46.43662983425414,NA,50.67,70.35,87.32,NA,175,170,166,NA,-8.700110497237569,-6.938646408839779,-9.205552486187845,NA,47,35,50,NA,2529.11,2255.73,2639.69,NA,49,73,61
LU2,LU2_137_24,LU2_2024,320,306,305,328,120,105,105,120,46.43662983425414,12.608121546961327,14.701049723756906,55.65110497237569,87.32,34.53,33.63,92.27,166,165,124,158,-9.205552486187845,-8.655939226519337,-5.076933701657459,-7.052016574585635,50,41,24,42,2639.69,2450.27,1814.72,2243.68,61,48,49,57
LU2,LU2_13_24,LU2_2024,320,306,305,328,120,106,112,120,56.14745856353591,16.031270718232044,18.499834254143646,77.7288950276243,103.32,43.31,41.93,130.49,166,166,131,158,-9.520828729281767,-8.922872928176796,-5.279447513812155,-7.577817679558011,52,41,25,45,2685.81,2474.74,1830.28,2299.67,60,46,54,59
LU2,LU2_143,LU2_2021,NA,307,305,320,NA,120,120,120,NA,27.401049723756906,43.07839779005525,55.24662983425414,NA,63.79,77.34,101.45,NA,177,175,166,NA,-9.241602209944752,-7.370497237569061,-9.758950276243095,NA,48,36,52,NA,2590.97,2306.66,2711.89,NA,45,69,58
LU2,LU2_143_24,LU2_2024,320,306,305,328,120,106,115,120,55.24662983425414,15.99767955801105,22.56850828729282,91.02093922651933,101.45,42.26,47.86,151.99,166,166,135,158,-9.758950276243095,-9.070220994475138,-5.460801104972376,-7.826132596685083,52,41,26,45,2711.89,2476.44,1844.8,2331.67,58,43,53,57
LU2,LU2_15,LU2_2021,NA,307,305,320,NA,120,120,120,NA,26.63149171270718,42.8546408839779,57.37817679558011,NA,62.16,76.56,105.3,NA,177,176,166,NA,-9.192651933701658,-7.316961325966851,-9.675469613259668,NA,48,36,52,NA,2593.28,2306.35,2703.25,NA,46,71,58
LU2,LU2_153,LU2_2021,NA,307,305,320,NA,120,120,120,NA,22.905801104972376,40.79690607734807,49.2139226519337,NA,55.7,73.54,91.69,NA,175,170,166,NA,-8.84621546961326,-7.0621546961325965,-9.386933701657458,NA,47,36,51,NA,2551.82,2277.68,2666.44,NA,48,72,59
LU2,LU2_155,LU2_2021,NA,307,305,320,NA,120,120,120,NA,28.131381215469613,43.58906077348066,55.43436464088398,NA,65.09,78.4,101.66,NA,177,171,166,NA,-9.325883977900553,-7.450524861878453,-9.869668508287292,NA,48,37,52,NA,2601.28,2318.5,2728.33,NA,45,69,56
LU2,LU2_155_24,LU2_2024,320,306,305,328,120,106,115,120,55.43436464088398,15.90281767955801,23.403756906077348,97.58878453038675,101.66,42.27,49.58,164.11,166,166,135,158,-9.869668508287292,-9.100331491712707,-5.489972375690607,-7.972845303867404,52,41,25,45,2728.33,2470.06,1848.26,2350.78,56,41,53,55
LU2,LU2_15_24,LU2_2024,320,306,305,328,120,107,115,120,57.37817679558011,16.51513812154696,22.500165745856354,85.10049723756906,105.3,44.51,48.74,142.38,166,167,135,158,-9.675469613259668,-9.024198895027624,-5.390276243093923,-7.778977900552486,52,41,26,45,2703.25,2476.1,1837.16,2322.22,58,44,54,58
LU2,LU2_17,LU2_2021,NA,307,305,320,NA,120,120,120,NA,21.948066298342543,39.740110497237566,49.64038674033149,NA,54.07,71.48,92.59,NA,175,175,166,NA,-8.78878453038674,-7.000580110497237,-9.279613259668508,NA,47,35,50,NA,2546.56,2268.65,2652.64,NA,49,72,62
LU2,LU2_17_24,LU2_2024,320,306,305,328,120,106,106,120,49.64038674033149,13.560220994475138,15.405138121546962,61.073812154696135,92.59,37,34.99,102.35,166,166,125,158,-9.279613259668508,-8.746740331491713,-5.122044198895027,-7.203867403314917,50,41,24,44,2652.64,2465.47,1820.09,2258.23,62,47,49,59
LU2,LU2_18,LU2_2021,NA,307,305,320,NA,120,120,120,NA,25.727734806629833,42.18580110497238,53.682265193370164,NA,61.44,75.77,98.97,NA,176,175,166,NA,-9.114779005524861,-7.265331491712708,-9.618756906077348,NA,48,36,52,NA,2576.98,2294.08,2693.73,NA,45,69,59
LU2,LU2_18_24,LU2_2024,320,306,305,328,120,106,114,120,53.682265193370164,15.533314917127072,20.88657458563536,84.13668508287293,98.97,40.82,44.73,140.13,166,166,134,158,-9.618756906077348,-8.998176795580111,-5.367209944751381,-7.6304972375690605,52,41,26,45,2693.73,2478.33,1838.01,2309.17,59,47,54,58
LU2,LU2_20,LU2_2021,NA,307,305,320,NA,120,120,120,NA,19.20027624309392,38.55900552486188,45.21524861878453,NA,48.44,69.68,85.16,NA,175,170,166,NA,-8.626215469613259,-6.883121546961326,-9.155,NA,46,35,50,NA,2519.21,2248.93,2635.69,NA,49,73,61
LU2,LU2_20_24,LU2_2024,320,306,305,328,120,105,104,120,45.21524861878453,12.127513812154696,14.134530386740332,53.215414364640885,85.16,33.37,32.35,88.39,166,165,123,158,-9.155,-8.60767955801105,-5.029806629834254,-6.980883977900552,50,41,24,42,2635.69,2447.78,1810.48,2231.63,61,49,49,58
LU2,LU2_21,LU2_2021,NA,307,305,320,NA,120,120,120,NA,19.43961325966851,38.56149171270718,45.58828729281768,NA,48.98,69.62,85.87,NA,175,170,166,NA,-8.638701657458563,-6.8900552486187845,-9.152403314917127,NA,47,35,50,NA,2522.68,2251.12,2634.65,NA,49,73,61
LU2,LU2_21_24,LU2_2024,320,306,305,328,120,105,104,120,45.58828729281768,12.262209944751381,14.234033149171271,53.117845303867405,85.87,33.75,32.66,88.26,166,165,123,158,-9.152403314917127,-8.610580110497237,-5.031602209944752,-6.989530386740332,50,41,24,42,2634.65,2447.88,1811.18,2233.55,61,49,49,58
LU2,LU2_24,LU2_2021,NA,307,305,320,NA,120,120,120,NA,15.647624309392265,36.58596685082873,43.9675138121547,NA,40.08,66.48,83.67,NA,173,169,166,NA,-8.49292817679558,-6.7940883977900555,-9.088977900552486,NA,46,35,50,NA,2488.29,2226.58,2628.31,NA,48,74,64
LU2,LU2_25,LU2_2021,NA,307,305,320,NA,120,120,120,NA,19.88414364640884,38.80524861878453,45.41033149171271,NA,49.67,70.32,85.52,NA,175,170,166,NA,-8.685524861878452,-6.93939226519337,-9.24085635359116,NA,46,35,51,NA,2521.87,2252.67,2646.02,NA,49,73,59
LU2,LU2_25_24,LU2_2024,320,306,305,328,120,105,104,120,45.41033149171271,12.162209944751382,14.47220994475138,58.624198895027625,85.52,33.51,32.78,97.46,166,165,123,158,-9.24085635359116,-8.650469613259668,-5.088259668508288,-7.080359116022099,51,41,24,42,2646.02,2446.09,1813.93,2245.5,59,48,48,57
LU2,LU2_26,LU2_2021,NA,307,305,320,NA,120,120,120,NA,28.131381215469613,43.58906077348066,55.43436464088398,NA,65.09,78.4,101.66,NA,177,171,166,NA,-9.325883977900553,-7.450524861878453,-9.869668508287292,NA,48,37,52,NA,2601.28,2318.5,2728.33,NA,45,69,56
LU2,LU2_26_24,LU2_2024,320,306,305,328,120,106,115,120,55.43436464088398,15.90281767955801,23.403756906077348,97.58878453038675,101.66,42.27,49.58,164.11,166,166,135,158,-9.869668508287292,-9.100331491712707,-5.489972375690607,-7.972845303867404,52,41,25,45,2728.33,2470.06,1848.26,2350.78,56,41,53,55
LU2,LU2_27,LU2_2021,NA,307,305,320,NA,120,120,120,NA,20.94486187845304,39.58132596685083,45.9339226519337,NA,51.62,71.46,86.18,NA,175,169,166,NA,-8.78096685082873,-7.028701657458564,-9.376408839779005,NA,46,36,52,NA,2527.07,2259.63,2663.07,NA,46,72,58
LU2,LU2_27_24,LU2_2024,320,306,305,328,120,105,105,120,45.9339226519337,12.474033149171271,14.954585635359116,69.60038674033149,86.18,33.89,33.28,115.75,166,165,119,158,-9.376408839779005,-8.68450276243094,-5.153977900552486,-7.22414364640884,52,40,25,41,2663.07,2435.92,1814.96,2266,58,46,45,57
LU2,LU2_29,LU2_2021,NA,307,305,320,NA,120,120,120,NA,21.163425414364642,38.469447513812156,50.10160220994475,NA,52.78,69.14,93.54,NA,175,175,166,NA,-8.751988950276242,-6.954613259668508,-9.191187845303867,NA,47,34,50,NA,2539.23,2257.13,2639.16,NA,49,74,62
LU2,LU2_29_24,LU2_2024,320,306,305,328,120,106,105,120,50.10160220994475,13.87160220994475,15.376298342541437,52.70712707182321,93.54,37.71,35.45,86.49,166,166,124,158,-9.191187845303867,-8.76328729281768,-5.112651933701658,-7.043038674033149,50,42,24,43,2639.16,2480.65,1828.59,2234.71,62,48,50,58
LU2,LU2_3,LU2_2021,NA,307,305,320,NA,120,120,120,NA,25.585580110497236,41.838729281767954,54.4,NA,61.27,74.98,100.25,NA,176,175,166,NA,-9.09450276243094,-7.237569060773481,-9.560469613259668,NA,48,36,52,NA,2572.88,2287.05,2684.7,NA,46,71,59
LU2,LU2_30,LU2_2021,NA,307,305,320,NA,120,120,120,NA,19.898232044198895,37.85574585635359,49.15541436464088,NA,50.33,68.17,92.08,NA,174,175,166,NA,-8.701187845303867,-6.915165745856354,-9.140027624309392,NA,47,34,50,NA,2531.31,2250.69,2631.54,NA,49,74,63
LU2,LU2_30_24,LU2_2024,320,306,305,328,120,106,105,120,49.15541436464088,13.524364640883977,15.084806629834254,50.65563535911602,92.08,36.86,34.8,83.61,166,166,124,158,-9.140027624309392,-8.718259668508287,-5.080966850828729,-6.977734806629834,50,41,24,43,2631.54,2475.45,1825.83,2223.21,63,49,50,58
LU2,LU2_31,LU2_2021,NA,307,305,320,NA,120,120,120,NA,26.658729281767958,42.49497237569061,55.87198895027624,NA,63.31,76.15,102.66,NA,176,175,166,NA,-9.181740331491712,-7.305220994475138,-9.644198895027625,NA,48,36,52,NA,2581.42,2293.72,2694.57,NA,45,69,59
LU2,LU2_31_24,LU2_2024,320,306,305,328,120,107,114,120,55.87198895027624,16.671049723756905,22.323977900552485,77.84093922651934,102.66,43.09,47.84,129.92,166,167,134,158,-9.644198895027625,-9.117127071823205,-5.440469613259668,-7.647016574585636,52,41,26,44,2694.57,2504.22,1854.53,2321.13,59,44,55,58
LU2,LU2_32,LU2_2021,NA,307,305,320,NA,120,120,120,NA,25.77022099447514,41.90718232044199,56.09790055248619,NA,61.42,74.95,103.15,NA,176,175,166,NA,-9.106629834254143,-7.2384806629834255,-9.556436464088398,NA,48,36,52,NA,2578.38,2289.98,2686.04,NA,48,71,60
LU2,LU2_32_24,LU2_2024,320,306,305,328,120,107,113,120,56.09790055248619,16.61734806629834,19.077955801104974,72.70060773480662,103.15,43.35,42.81,122.11,166,167,133,158,-9.556436464088398,-9.054696132596685,-5.369585635359116,-7.55414364640884,52,41,25,45,2686.04,2502.44,1849.11,2306.2,60,46,55,57
LU2,LU2_33,LU2_2021,NA,307,305,320,NA,120,120,120,NA,25.002099447513814,41.33066298342541,53.94149171270718,NA,60.15,74.07,99.56,NA,176,175,166,NA,-9.045883977900553,-7.195524861878453,-9.502016574585635,NA,48,36,52,NA,2567.54,2281.56,2677.07,NA,47,71,60
LU2,LU2_33_24,LU2_2024,320,306,305,328,120,107,112,120,53.94149171270718,16.05436464088398,18.231878453038675,68.79629834254143,99.56,41.26,40.78,114.53,166,167,131,158,-9.502016574585635,-9.019972375690609,-5.346712707182321,-7.450414364640884,52,41,25,44,2677.07,2500.81,1849.04,2300.25,60,47,54,55
LU2,LU2_34,LU2_2021,NA,307,305,320,NA,120,120,120,NA,23.69867403314917,40.8771270718232,56.20944751381216,NA,56.98,72.93,103.61,NA,176,175,166,NA,-8.965055248618784,-7.126049723756906,-9.42011049723757,NA,48,36,50,NA,2573.81,2287.69,2674.15,NA,49,73,61
LU2,LU2_34_24,LU2_2024,320,306,305,328,120,107,112,120,56.20944751381216,15.99756906077348,17.764696132596686,71.83911602209945,103.61,43.39,40.59,120.58,166,167,131,158,-9.42011049723757,-8.875745856353591,-5.216795580110497,-7.455745856353591,50,42,24,44,2674.15,2478,1828.31,2287.41,61,46,55,60
LU2,LU2_36,LU2_2021,NA,307,305,320,NA,120,120,120,NA,31.505580110497238,44.84281767955801,61.718618784530385,NA,71.31,79.46,112.18,NA,178,176,166,NA,-9.679116022099448,-7.716104972375691,-10.1503591160221,NA,49,39,55,NA,2639.83,2347.13,2758.92,NA,43,68,54
LU2,LU2_36_24,LU2_2024,320,306,305,328,120,107,119,120,61.718618784530385,18.737237569060774,28.59060773480663,109.22303867403315,112.18,48.84,61.84,182.98,166,167,139,158,-10.1503591160221,-9.375414364640884,-5.759475138121547,-8.393342541436464,55,42,26,46,2758.92,2495.17,1868.27,2394.22,54,39,47,53
LU2,LU2_38,LU2_2021,NA,307,305,320,NA,120,120,120,NA,22.049116022099447,39.86762430939226,49.47259668508287,NA,54.32,71.77,92.29,NA,175,175,166,NA,-8.808508287292817,-7.018701657458563,-9.302707182320441,NA,47,35,50,NA,2546.01,2268.32,2654.27,NA,48,73,62
LU2,LU2_38_24,LU2_2024,320,306,305,328,120,106,105,120,49.47259668508287,14.026298342541436,15.427127071823204,61.168342541436466,92.29,36.83,35.3,102.24,166,166,124,158,-9.302707182320441,-8.760883977900553,-5.142983425414364,-7.2119060773480665,50,41,24,43,2654.27,2464.9,1821.32,2261.09,62,47,49,59
LU2,LU2_39,LU2_2021,NA,307,305,320,NA,120,120,120,NA,24.418839779005523,41.14524861878453,51.82823204419889,NA,58.99,73.92,96.01,NA,176,175,166,NA,-8.979447513812154,-7.155939226519337,-9.475441988950276,NA,48,36,52,NA,2563.09,2282.21,2675.91,NA,48,72,59
LU2,LU2_39_24,LU2_2024,320,306,305,328,120,106,111,120,51.82823204419889,14.925801104972376,17.01182320441989,71.37127071823204,96.01,39.07,38.09,119.57,166,166,130,158,-9.475441988950276,-8.903977900552487,-5.268314917127072,-7.442651933701657,52,41,25,45,2675.91,2476.26,1831.49,2289.02,59,47,52,58
LU2,LU2_3_24,LU2_2024,320,306,305,328,120,107,112,120,54.4,16.176353591160222,18.61497237569061,74.57127071823204,100.25,41.67,41.51,124.92,166,167,132,158,-9.560469613259668,-9.045,-5.377541436464089,-7.535939226519337,52,41,25,44,2684.7,2498.63,1849.14,2308.16,59,47,54,57
LU2,LU2_40,LU2_2021,NA,307,305,320,NA,120,120,120,NA,21.06745856353591,39.60889502762431,47.116298342541434,NA,52.3,71.45,88.4,NA,175,170,166,NA,-8.756491712707183,-6.985497237569061,-9.263839779005524,NA,47,35,50,NA,2535.31,2261.06,2646.68,NA,49,73,61
LU2,LU2_40_24,LU2_2024,320,306,305,328,120,106,105,120,47.116298342541434,13.348121546961327,15.151878453038673,58.48370165745857,88.4,35.14,34.5,97.42,166,166,124,158,-9.263839779005524,-8.69475138121547,-5.118950276243094,-7.129530386740331,50,41,24,43,2646.68,2451.6,1817.96,2254.49,61,48,49,58
LU2,LU2_42,LU2_2021,NA,307,305,320,NA,120,120,120,NA,28.086022099447515,43.40027624309392,55.13646408839779,NA,65.32,77.93,101.16,NA,177,176,166,NA,-9.292762430939227,-7.415635359116022,-9.811077348066298,NA,48,37,52,NA,2593.37,2308.89,2717.07,NA,44,70,57
LU2,LU2_44,LU2_2021,NA,307,305,320,NA,120,120,120,NA,28.948950276243092,44.040939226519335,56.230441988950275,NA,66.69,79.15,102.87,NA,177,171,166,NA,-9.392099447513813,-7.499861878453038,-9.930883977900553,NA,48,37,52,NA,2604.79,2320.05,2733.92,NA,43,67,55
LU2,LU2_44_24,LU2_2024,320,306,305,328,120,106,116,120,56.230441988950275,16.39011049723757,24.458121546961326,100.27447513812155,102.87,43.08,51.84,166.77,166,166,136,158,-9.930883977900553,-9.174806629834254,-5.583121546961326,-8.04110497237569,52,42,26,45,2733.92,2479.23,1856.97,2357.56,55,42,50,55
LU2,LU2_46,LU2_2021,NA,307,305,320,NA,120,120,120,NA,22.019668508287292,40.06889502762431,48.88845303867403,NA,54,72.2,91.28,NA,175,170,166,NA,-8.78425414364641,-7.006657458563536,-9.303674033149171,NA,47,36,50,NA,2546.46,2271.75,2656.01,NA,49,71,60
LU2,LU2_47,LU2_2021,NA,307,305,320,NA,120,120,120,NA,19.88414364640884,38.80524861878453,45.41033149171271,NA,49.67,70.32,85.52,NA,175,170,166,NA,-8.685524861878452,-6.93939226519337,-9.24085635359116,NA,46,35,51,NA,2521.87,2252.67,2646.02,NA,49,73,59
LU2,LU2_47_24,LU2_2024,320,306,305,328,120,105,104,120,45.41033149171271,12.162209944751382,14.47220994475138,58.624198895027625,85.52,33.51,32.78,97.46,166,165,123,158,-9.24085635359116,-8.650469613259668,-5.088259668508288,-7.080359116022099,51,41,24,42,2646.02,2446.09,1813.93,2245.5,59,48,48,57
LU2,LU2_5,LU2_2021,NA,307,305,320,NA,120,120,120,NA,23.069171270718233,40.235082872928174,55.58458563535912,NA,55.91,71.79,102.61,NA,176,175,166,NA,-8.899337016574586,-7.069613259668508,-9.348674033149171,NA,48,35,50,NA,2566.73,2280.71,2665.42,NA,49,72,62
LU2,LU2_50,LU2_2021,NA,307,305,320,NA,120,120,120,NA,23.438011049723755,41.071491712707186,49.854861878453036,NA,56.81,73.99,92.71,NA,176,170,166,NA,-8.896906077348067,-7.101629834254144,-9.434060773480663,NA,47,36,51,NA,2556.11,2280.58,2671.84,NA,48,70,58
LU2,LU2_50_24,LU2_2024,320,306,305,328,120,105,107,120,49.854861878453036,13.768066298342541,16.150662983425413,70.18154696132596,92.71,37.12,36.01,118.07,166,165,126,158,-9.434060773480663,-8.774834254143647,-5.19060773480663,-7.419364640883978,51,40,24,44,2671.84,2449.14,1820.56,2282.55,58,46,49,58
LU2,LU2_51,LU2_2021,NA,307,305,320,NA,120,120,120,NA,22.89696132596685,40.8478453038674,49.2446408839779,NA,55.62,73.64,91.76,NA,175,170,166,NA,-8.839033149171271,-7.057375690607735,-9.383425414364641,NA,47,36,51,NA,2552.74,2279.16,2667.41,NA,48,72,59
LU2,LU2_52,LU2_2021,NA,307,305,320,NA,120,120,120,NA,27.193480662983426,43.173591160220994,54.34773480662984,NA,63.29,77.66,100.05,NA,177,171,166,NA,-9.235939226519337,-7.378756906077348,-9.781933701657458,NA,48,37,52,NA,2594.4900000000002,2313.87,2717.94,NA,46,69,56
LU2,LU2_52_24,LU2_2024,320,306,305,328,120,106,115,120,54.34773480662984,15.24646408839779,22.171491712707184,92.68762430939226,100.05,41.2,46.97,155.85,166,166,135,158,-9.781933701657458,-8.998011049723758,-5.400248618784531,-7.895911602209945,52,40,25,46,2717.94,2455.73,1837.85,2340.31,56,44,54,55
LU2,LU2_54,LU2_2021,NA,307,305,320,NA,120,120,120,NA,26.57734806629834,42.68580110497238,53.33911602209945,NA,62.05,76.81,98.47,NA,177,170,166,NA,-9.14549723756906,-7.307099447513812,-9.6946408839779,NA,48,36,53,NA,2586.39,2307.75,2707.7599999999998,NA,46,68,56
LU2,LU2_56,LU2_2021,NA,307,305,320,NA,120,120,120,NA,24.94668508287293,41.458950276243094,51.495469613259665,NA,58.87,74.81,95.92,NA,177,170,166,NA,-9.00596685082873,-7.195939226519337,-9.541933701657458,NA,47,36,53,NA,2575.36,2299.74,2688.76,NA,50,69,57
LU2,LU2_56_24,LU2_2024,320,306,305,328,120,103,111,120,51.495469613259665,13.434585635359117,17.05060773480663,90.12099447513812,95.92,38.6,37.72,152.45,166,163,130,158,-9.541933701657458,-8.692541436464088,-5.195193370165746,-7.683729281767956,53,39,25,47,2688.76,2407.98,1809.3,2314,57,42,52,55
LU2,LU2_57,LU2_2021,NA,307,305,320,NA,120,120,120,NA,22.752651933701657,40.396408839779006,48.61099447513812,NA,54.73,73.06,91.62,NA,175,170,166,NA,-8.810359116022099,-7.038977900552486,-9.3196408839779,NA,47,36,51,NA,2558.05,2286.62,2660.12,NA,51,69,58
LU2,LU2_5_24,LU2_2024,320,306,305,328,120,107,111,120,55.58458563535912,15.814198895027625,17.22453038674033,67.92845303867404,102.61,42.8,39.55,113.94,166,167,130,158,-9.348674033149171,-8.84828729281768,-5.178176795580111,-7.353093922651934,50,39,23,44,2665.42,2481.99,1828.28,2275.97,62,46,55,59
LU2,LU2_E27_24,LU2_2024,320,306,305,328,120,107,105,120,49.16906077348066,13.81646408839779,15.674364640883978,52.441767955801105,91.86,37.14,35.51,86.63,166,167,124,158,-9.208370165745857,-8.817044198895028,-5.156298342541437,-6.995082872928177,49,42,24,39,2640.32,2493.75,1836.43,2214.59,64,48,51,60
LU2,LU2_G25_24,LU2_2024,320,306,305,328,120,106,105,120,48.832209944751384,13.651215469613259,15.550552486187845,52.50668508287293,91.25,36.83,35.33,86.75,166,166,124,158,-9.21867403314917,-8.796243093922651,-5.1474861878453035,-7.016160220994475,50,42,24,40,2641.52,2486.28,1832.16,2220.81,63,48,51,59
LU2,LU2_G26_24,LU2_2024,320,306,305,328,120,106,105,120,48.44370165745856,13.483812154696132,15.133370165745855,49.82187845303867,90.75,36.52,34.55,82.59,166,166,124,158,-9.145441988950276,-8.755386740331492,-5.099088397790055,-6.935939226519337,49,42,24,39,2633.59,2487.1,1830.08,2208.72,64,48,51,60
LU2,LU2_H16_24,LU2_2024,320,306,305,328,120,105,105,120,45.81596685082873,12.619226519337017,14.841546961325967,65.88226519337016,86.06,33.78,33.18,109.75,166,165,124,158,-9.334419889502762,-8.681740331491712,-5.1379281767955804,-7.188425414364641,51,40,25,41,2657.89,2440.83,1815.75,2258.53,59,48,48,58
LU2,LU2_H26_24,LU2_2024,320,306,305,328,120,106,106,120,49.62232044198895,14.050773480662983,16.116187845303866,55.59917127071823,92.54,37.53,36.45,91.46,166,166,125,158,-9.295193370165746,-8.844668508287294,-5.203342541436464,-7.116077348066298,50,42,24,41,2649.18,2485.88,1835.51,2237.43,63,48,50,59
LU2,LU2_I15_24,LU2_2024,320,306,305,328,120,105,105,120,45.25850828729282,12.410773480662984,14.702099447513811,63.132872928176795,85.27,33.4,33.08,105.51,166,165,124,158,-9.290441988950276,-8.631270718232043,-5.098204419889503,-7.185524861878453,51,40,25,42,2651.62,2432.41,1810.57,2256.7400000000002,59,47,48,59
LU2,LU2_J27_24,LU2_2024,320,306,305,328,120,107,106,120,50.94425414364641,14.399171270718233,16.432983425414363,57.707790055248616,94.88,38.47,37.41,94.52,166,167,125,158,-9.28889502762431,-8.859861878453039,-5.212845303867403,-7.14439226519337,50,42,24,42,2647.61,2488.91,1839.8799999999999,2243.74,63,48,50,57
LU2,LU2_K26_24,LU2_2024,320,306,305,328,120,106,106,120,50.02149171270718,13.942209944751381,15.738232044198895,54.12828729281768,93.44,37.64,36.09,88.77,166,166,125,158,-9.210718232044199,-8.786491712707182,-5.144226519337017,-7.0547237569060774,50,42,24,42,2639.1,2482.07,1832.71,2232.82,63,48,50,58
LU2,LU2_L20_24,LU2_2024,320,306,305,328,120,105,105,120,47.29348066298343,12.848508287292818,14.661602209944752,55.55696132596685,88.79,35.31,33.7,92.79,166,165,124,158,-9.199502762430939,-8.658480662983425,-5.0639502762430935,-7.071298342541437,50,41,24,43,2640.32,2452.84,1813.43,2244.68,62,49,50,58
LU2,LU2_L46_24,LU2_2024,320,306,305,328,120,105,105,120,48.88845303867403,13.509944751381216,15.102209944751381,62.86276243093923,91.28,36.26,34.46,105.97,166,165,124,158,-9.303674033149171,-8.698563535911601,-5.11121546961326,-7.268674033149171,50,41,25,44,2656.01,2449.45,1815.3,2263.53,60,46,48,59
LU2,LU2_M25_24,LU2_2024,320,306,305,328,120,106,106,120,50.83977900552486,14.191602209944751,15.745690607734806,54.68740331491713,94.71,38.36,36.23,90.07,166,166,125,158,-9.241602209944752,-8.804917127071823,-5.148287292817679,-7.119917127071823,50,41,24,43,2645.7,2484.12,1831.53,2246.96,62,48,49,58
LU2,LU2_O16_24,LU2_2024,320,306,305,328,120,105,105,120,47.672099447513816,13.003701657458564,14.692375690607735,60.14646408839779,89.27,35.14,33.51,102.17,166,165,124,158,-9.271961325966851,-8.64281767955801,-5.07803867403315,-7.232900552486188,50,40,24,44,2651.61,2439.32,1810.07,2259.02,59,47,48,58
LU2,LU2_O25_24,LU2_2024,320,306,305,328,120,107,112,120,53.10983425414365,15.714530386740332,17.706187845303866,65.22486187845304,98.24,40.47,39.7,106.99,166,167,131,158,-9.444668508287293,-8.970773480662983,-5.305220994475138,-7.372541436464088,52,41,25,44,2669.81,2496.47,1845.41,2286.74,61,47,54,56
LU2,LU2_Q24_24,LU2_2024,320,306,305,328,120,107,114,120,55.870276243093926,16.475524861878455,21.604309392265193,76.82425414364641,102.73,43.12,46.73,128.45,166,167,134,158,-9.580690607734807,-9.057651933701658,-5.3801104972375695,-7.582403314917127,52,41,25,45,2689.01,2499.73,1848.5,2308.95,59,46,55,57
LU2,LU2_U13_24,LU2_2024,320,306,305,328,120,101,110,120,50.14016574585635,12.684364640883977,16.186740331491713,83.29325966850828,93.89,37.34,36.11,141.73,166,161,129,158,-9.439254143646409,-8.568950276243093,-5.118729281767956,-7.597513812154697,52,39,25,46,2675.56,2388.31,1798.65,2303.67,58,41,52,56
LU2,LU2_W21_24,LU2_2024,320,306,305,328,120,107,118,120,61.459834254143644,18.51160220994475,27.314917127071823,105.49160220994474,111.9,48.62,59.25,177.29,166,167,138,158,-10.053563535911602,-9.312734806629834,-5.682182320441989,-8.278397790055248,53,42,26,46,2746.9,2492.57,1860.43,2381.1,54,40,51,54
LU21,LU21_10,LU21_2022,305,305,317,306,120,120,120,115,40.52497237569061,33.01519337016575,48.25939226519337,17.413977900552485,78.87,49.94,87.97,40.97,181,181,169,175,-9.618563535911603,-7.988370165745856,-10.22439226519337,-9.400469613259668,47,46,63,45,2714.56,2461,2882.56,2687.98,53,79,53,46
LU21,LU21_100,LU21_2022,305,305,316,306,120,120,120,116,48.64524861878453,46.345082872928174,63.93,19.2346408839779,92.01,73.12,109.85,41.82,181,181,170,162,-10.204447513812156,-8.601077348066298,-11.075220994475139,-10.216685082872928,52,46,68,54,2817.67,2549.47,3036.54,2806.13,49,73,49,45
LU21,LU21_105,LU21_2022,305,305,316,306,120,120,120,119,47.469337016574585,46.66685082872928,63.40558011049724,22.9907182320442,90.51,73.26,109.04,48.91,181,181,170,179,-10.285662983425414,-8.688812154696132,-11.165469613259669,-10.302099447513813,52,49,68,54,2829.31,2565.91,3054.24,2820.08,47,74,50,47
LU21,LU21_106,LU21_2022,305,305,316,306,120,120,120,117,48.732762430939225,44.79734806629834,62.541657458563535,21.57878453038674,91.9,70.57,108.23,46.85,181,181,170,177,-10.157237569060774,-8.566270718232044,-10.959088397790055,-10.103618784530386,53,46,68,54,2812.71,2546.89,3016.4,2793.46,49,73,50,44
LU21,LU21_107,LU21_2022,305,305,316,306,120,120,120,118,50.14922651933701,46.650773480662984,63.87502762430939,21.95950276243094,94.32,73.57,109.94,47.1,181,181,170,178,-10.242099447513812,-8.648093922651933,-11.088591160220995,-10.23281767955801,53,47,68,54,2826.18,2560.03,3039.22,2812.05,48,73,49,44
LU21,LU21_109,LU21_2022,305,305,316,306,120,120,120,118,48.79441988950276,45.24475138121547,62.66696132596685,21.6446408839779,92.2,71.19,108.19,46.91,181,181,170,178,-10.214171270718232,-8.617403314917127,-11.054254143646409,-10.199668508287292,53,47,68,54,2820.54,2555.33,3032.87,2806.93,48,73,49,45
LU21,LU21_114,LU21_2022,305,305,316,306,120,120,120,118,47.49685082872928,46.2192817679558,63.41088397790055,21.823425414364642,90.52,72.75,109.1,47.13,181,181,170,178,-10.261961325966851,-8.660469613259668,-11.139226519337017,-10.276325966850829,52,48,68,54,2825.56,2560.91,3049.15,2815.79,47,73,50,45
LU21,LU21_116,LU21_2022,305,305,316,306,120,120,120,119,46.301160220994475,44.37121546961326,61.6653591160221,22.65972375690608,88.78,69.71,106.7,48.58,181,181,170,179,-10.20439226519337,-8.601574585635358,-11.067955801104972,-10.19806629834254,52,49,69,54,2813.43,2551.77,3037.75,2802.78,49,72,50,45
LU21,LU21_119,LU21_2022,305,305,316,306,120,120,120,119,50.14519337016574,45.84016574585635,63.90546961325967,22.069447513812154,94.33,72.08,110.12,47.56,181,181,170,179,-10.274613259668508,-8.692292817679558,-11.109116022099448,-10.251408839779005,53,47,68,54,2834.13,2567.92,3043.6,2817.25,47,73,49,45
LU21,LU21_122,LU21_2022,305,305,316,306,120,120,120,118,50.61806629834254,45.9492817679558,64.21397790055248,21.76110497237569,94.49,72.66,110.86,47.08,181,181,170,178,-10.187237569060773,-8.609613259668508,-10.987265193370165,-10.12707182320442,53,45,68,53,2822.48,2553.53,3022.04,2799.47,49,73,50,44
LU21,LU21_126,LU21_2022,305,305,316,306,120,120,120,118,55.81099447513812,46.640055248618786,63.6717679558011,21.59596685082873,102.93,72.47,109.92,46.82,181,181,170,178,-10.356022099447515,-8.807983425414365,-11.157569060773481,-10.297403314917126,53,48,70,54,2855.67,2591.65,3053.08,2832.02,47,73,49,45
LU21,LU21_14,LU21_2022,305,305,316,306,120,120,120,118,53.85591160220994,46.14259668508287,63.22602209944751,21.776740331491713,99.87,71.89,109.22,47.15,181,181,170,178,-10.342458563535912,-8.78425414364641,-11.150414364640884,-10.291270718232044,53,48,69,54,2850.37,2586.66,3051.91,2829.05,47,73,49,44
LU21,LU21_153,LU21_2022,305,305,316,306,120,120,120,118,48.08889502762431,46.36524861878453,63.85751381215469,21.850773480662983,91.31,73.11,109.82,47.13,181,181,170,178,-10.243729281767957,-8.63853591160221,-11.120580110497238,-10.257651933701657,51,49,68,54,2822.94,2557.21,3045.6,2812.75,47,73,50,45
LU21,LU21_16,LU21_2022,305,305,316,306,120,120,120,119,53.49640883977901,46.18707182320442,62.7975138121547,21.724475138121548,99.91,71.3,108.31,47.03,181,181,170,179,-10.408756906077349,-8.848480662983425,-11.237154696132597,-10.381243093922652,53,50,70,54,2860.48,2598.95,3066.39,2842.59,47,73,49,44
LU21,LU21_164,LU21_2022,305,305,316,306,120,120,120,119,53.375801104972375,46.40635359116022,62.69966850828729,21.939171270718234,99.62,72.03,108.2,47.45,181,181,170,179,-10.399779005524861,-8.833093922651933,-11.238121546961326,-10.38218232044199,53,50,70,54,2857.95,2595.88,3066.25,2841.6,47,73,49,44
LU21,LU21_21,LU21_2022,305,305,316,306,120,120,120,118,50.59298342541437,47.003701657458564,65.04779005524863,22.217790055248617,94.34,74.39,112.02,47.73,181,181,170,178,-10.206298342541437,-8.627955801104973,-11.021657458563535,-10.159226519337016,53,45,68,53,2824.81,2555.38,3028.49,2803.37,47,73,50,44
LU21,LU21_23,LU21_2022,305,305,316,306,120,120,120,118,52.21668508287293,46.20049723756906,64.4442541436464,21.878950276243092,96.92,72.85,111.23,47.34,181,181,170,178,-10.23925414364641,-8.670801104972377,-11.041657458563536,-10.181022099447514,53,47,69,53,2833.27,2564.98,3031.95,2809.91,47,73,50,45
LU21,LU21_27,LU21_2022,305,305,316,306,120,120,120,118,54.75806629834254,46.518839779005525,63.58834254143646,21.56149171270718,101.34,72.39,109.74,46.69,181,181,170,178,-10.353259668508288,-8.80196132596685,-11.159088397790056,-10.2996408839779,53,48,70,54,2853.81,2589.93,3053.42,2831.35,47,73,49,45
LU21,LU21_32,LU21_2022,305,305,316,306,120,120,120,118,56.631160220994474,46.87745856353591,63.73022099447514,21.601657458563537,104.44,72.7,109.88,46.78,181,181,170,178,-10.411132596685082,-8.871187845303867,-11.220414364640884,-10.358563535911602,54,48,71,54,2865.92,2603.19,3064.55,2842.65,47,73,49,45
LU21,LU21_36,LU21_2022,305,305,316,306,120,120,120,119,56.53121546961326,47.143977900552485,63.124806629834254,22.701270718232045,104.95,72.37,108.77,48.28,181,181,170,179,-10.51121546961326,-8.963149171270718,-11.35171270718232,-10.492983425414364,54,50,74,54,2880.04,2620.5,3086.74,2862.02,46,72,49,41
LU21,LU21_41,LU21_2022,305,305,316,306,120,120,120,119,56.58911602209945,47.24110497237569,63.22591160220995,22.616408839779005,105.52,72.37,108.76,47.72,181,181,170,179,-10.599944751381216,-9.062265193370166,-11.448977900552487,-10.588066298342541,55,51,74,54,2896.36,2640.05,3103.67,2878.67,44,71,49,42
LU21,LU21_52,LU21_2022,305,305,316,306,120,120,120,116,47.88011049723757,46.10491712707182,63.68651933701658,19.155580110497237,90.43,72.74,109.47,41.66,181,181,170,162,-10.181546961325967,-8.578591160220995,-11.043729281767956,-10.18367403314917,52,45,68,54,2814.1,2545.53,3031.23,2801.11,49,73,49,45
LU21,LU21_56,LU21_2022,305,305,316,306,120,120,120,118,49.70629834254144,45.27386740331492,64.71867403314917,21.98132596685083,92.95,71.72,111.99,47.58,181,181,170,178,-10.147762430939226,-8.565165745856353,-10.944530386740333,-10.083839779005524,53,45,68,52,2815.36,2545.48,3014.18,2791.84,52,73,50,44
LU21,LU21_57,LU21_2022,305,305,316,306,120,120,120,118,50.59298342541437,47.003701657458564,65.04779005524863,22.217790055248617,94.34,74.39,112.02,47.73,181,181,170,178,-10.206298342541437,-8.627955801104973,-11.021657458563535,-10.159226519337016,53,45,68,53,2824.81,2555.38,3028.49,2803.37,47,73,50,44
LU21,LU21_59,LU21_2022,305,305,316,306,120,120,120,118,45.20646408839779,42.58154696132597,58.96657458563536,21.91027624309392,87.21,66.67,102.79,47.76,181,181,170,178,-10.161160220994475,-8.557541436464088,-11.007265193370166,-10.130994475138122,53,49,69,52,2804.88,2546.28,3027.76,2793.18,49,73,51,42
LU21,LU21_6,LU21_2022,305,305,316,306,120,120,120,117,47.02580110497237,46.890662983425415,63.6553591160221,21.50767955801105,89.98,73.66,109.27,45.7,181,181,170,177,-10.220082872928177,-8.611519337016574,-11.116546961325968,-10.245027624309392,52,48,68,54,2815.7,2549.41,3045.82,2806.77,48,73,50,46
LU21,LU21_63,LU21_2022,305,305,316,306,120,120,120,119,52.4560773480663,46.504972375690606,63.62834254143647,22.021878453038674,98.14,72.27,109.55,47.49,181,181,170,179,-10.38867403314917,-8.820220994475138,-11.229861878453038,-10.37256906077348,53,49,69,54,2856.05,2592.05,3065.09,2839.29,47,73,49,44
LU21,LU21_68,LU21_2022,305,305,316,306,120,120,120,119,49.21563535911602,44.364972375690606,59.41160220994475,22.036850828729282,93.75,68.69,103.09,47.54,181,181,170,179,-10.387762430939226,-8.811850828729282,-11.230441988950277,-10.370773480662983,53,50,69,54,2850.72,2594.6,3065.48,2838.85,47,72,49,45
LU21,LU21_74,LU21_2022,305,305,316,306,120,120,120,116,46.231767955801104,45.70933701657459,63.85447513812154,19.238121546961327,89.33,71.95,109.87,41.93,181,181,170,162,-10.135524861878453,-8.518232044198895,-11.010690607734807,-10.147182320441988,51,45,68,54,2803.43,2534.29,3025,2792.0099999999998,49,72,50,45
LU21,LU21_78,LU21_2022,305,305,316,306,120,120,120,116,46.0917679558011,45.747624309392265,63.94685082872928,19.316022099447515,89.15,72,110.02,42.02,181,181,170,162,-10.153232044198894,-8.535690607734807,-11.032486187845304,-10.166657458563536,51,45,68,54,2806.07,2537.53,3029.33,2795.19,49,72,50,45
LU21,LU21_82,LU21_2022,305,305,316,306,120,120,120,116,47.93696132596685,45.73541436464088,64.71502762430939,19.569558011049725,91.15,72.11,111.71,42.64,181,181,170,162,-10.084419889502762,-8.485441988950276,-10.894337016574585,-10.027016574585636,51,44,68,52,2801.82,2529.01,3004.94,2778.83,54,73,50,45
LU21,LU21_871,LU21_2022,305,305,317,306,120,120,120,117,45.306795580110496,39.423591160220994,57.58171270718232,20.118453038674033,86.06,61.66,101.65,44.86,181,181,169,177,-9.932569060773481,-8.330745856353591,-10.64828729281768,-9.802237569060773,50,45,65,51,2772.43,2510.17,2959.61,2747.64,51,72,53,44
LU21,LU21_9,LU21_2022,305,305,316,306,120,120,120,118,51.224088397790055,45.44657458563536,62.99325966850829,21.747403314917126,95.7,71.37,108.91,47.12,181,181,170,178,-10.251381215469614,-8.67671270718232,-11.058701657458563,-10.201243093922653,53,47,68,54,2831.79,2566.56,3035,2811.85,48,73,50,44
LU21,LU21_93,LU21_2022,305,305,316,306,120,120,120,117,47.81276243093922,43.89220994475138,60.62944751381215,21.22546961325967,90.82,68.84,105.28,46.41,181,181,170,177,-10.168287292817679,-8.564171270718232,-10.99767955801105,-10.141740331491713,51,48,68,54,2811.1,2548.2,3022.7400000000002,2797.74,48,72,50,45
LU21,LU21_97,LU21_2022,305,305,316,306,120,120,120,119,46.67740331491713,43.85447513812155,59.80674033149171,22.093591160220996,89.51,68.48,103.88,47.69,181,181,170,179,-10.242237569060773,-8.648011049723756,-11.095690607734806,-10.22635359116022,53,49,69,53,2820.52,2562.18,3043.12,2809.88,48,73,50,44
LU21,LU21_98,LU21_2022,305,305,316,306,120,120,120,116,46.42685082872928,45.909447513812154,63.97646408839779,19.14022099447514,89.59,72.28,110.07,41.96,181,181,170,162,-10.132845303867404,-8.516988950276243,-11.009585635359116,-10.146878453038674,51,45,68,54,2803.2,2533.75,3024.61,2791.93,49,72,50,45
LU22,LU22_101,LU22_2023,305,311,305,305,120,120,120,120,74.51718232044199,68.59209944751382,29.22414364640884,42.39878453038674,121.25,121.16,66.78,76.77,181,175,181,152,-9.03232044198895,-10.930690607734807,-10.06610497237569,-6.936712707182321,51,66,58,35,2697.16,3002.81,2889.13,2334.36,71,54,59,70
LU22,LU22_103,LU22_2023,305,307,305,305,120,120,119,116,63.597513812154695,57.92900552486188,21.901546961325966,21.282375690607736,106,102.33,50.09,42.96,181,176,180,147,-8.892292817679557,-10.562596685082873,-9.80950276243094,-6.727182320441989,50,61,54,33,2649.94,2906.89,2817.89,2262.39,74,55,56,63
LU22,LU22_107,LU22_2023,305,307,305,305,120,120,119,115,60.31309392265194,55.87292817679558,20.90756906077348,20.466298342541435,100.05,98.19,47.79,41.72,181,176,180,142,-8.878867403314917,-10.515552486187845,-9.780276243093923,-6.692127071823204,50,61,54,32,2645.88,2893.52,2810.2,2253.49,73,56,55,62
LU22,LU22_11,LU22_2023,305,311,305,305,120,120,120,119,77.89441988950276,74.35138121546962,31.03088397790055,24.04635359116022,119.12,132.43,73.68,50.44,181,175,180,150,-8.722127071823204,-10.66792817679558,-9.766381215469613,-6.617845303867403,49,60,54,36,2650.35,2960.74,2841,2275.91,72,57,63,71
LU22,LU22_110,LU22_2023,305,311,305,305,120,120,117,114,54.576408839779006,53.69375690607735,19.49546961325967,19.221767955801106,91.34,94.27,44.35,39.7,181,175,178,141,-8.871022099447513,-10.453397790055249,-9.747762430939227,-6.64389502762431,50,59,52,32,2641.38,2875.2,2801.02,2240.56,73,54,54,62
LU22,LU22_15,LU22_2023,305,311,305,305,120,120,120,117,74.72696132596685,71.3253591160221,29.407292817679558,23.110828729281767,114.51,127.11,69.94,48.96,181,175,180,148,-8.68671270718232,-10.571906077348066,-9.698563535911601,-6.548922651933702,48,59,54,35,2642.1,2934,2823.7,2256.43,73,57,62,69
LU22,LU22_17,LU22_2023,305,311,305,305,120,120,120,120,76.66220994475138,73.29165745856353,30.682099447513814,24.511160220994476,117.89,130.68,72.88,50.64,181,175,180,151,-8.738867403314917,-10.674226519337017,-9.778839779005525,-6.634558011049724,49,60,55,36,2651.44,2960.63,2841.08,2276.97,72,57,62,72
LU22,LU22_18,LU22_2023,305,311,305,305,120,120,120,119,72.90093922651934,72.7082320441989,29.568950276243093,23.7707182320442,113.42,130.56,69.9,48.82,181,175,180,150,-8.675276243093922,-10.603342541436463,-9.73853591160221,-6.582154696132597,48,60,55,35,2633.69,2948.83,2830.2,2261.41,72,56,60,71
LU22,LU22_21,LU22_2023,305,311,305,305,120,120,120,118,74.59414364640884,72.13790055248619,28.545690607734805,23.300165745856354,117.77,128.93,67.51,48.67,181,175,180,149,-8.715055248618784,-10.57792817679558,-9.712596685082874,-6.576491712707182,47,58,55,35,2644.61,2931.79,2823.34,2259.77,71,56,62,70
LU22,LU22_22,LU22_2023,305,311,305,305,120,120,120,117,72.35149171270719,71.41016574585636,28.20696132596685,22.83220994475138,112.83,127.93,66.78,47.97,181,175,180,148,-8.683314917127072,-10.553756906077348,-9.699917127071823,-6.552458563535912,47,58,55,35,2636.06,2929.61,2820.11,2253.42,71,56,61,69
LU22,LU22_25,LU22_2023,305,311,305,305,120,120,120,117,68.94171270718232,67.75237569060774,26.842265193370167,22.67270718232044,108.67,121.71,63.39,47.55,181,175,180,148,-8.625414364640884,-10.499005524861879,-9.67743093922652,-6.514751381215469,46,60,55,34,2617.73,2923.04,2812.3,2242.65,74,56,59,69
LU22,LU22_29,LU22_2023,305,311,305,305,120,120,120,120,77.06762430939227,74.28270718232044,29.32414364640884,24.65889502762431,120.57,132.99,69.28,50.56,181,175,181,151,-8.756878453038674,-10.661906077348066,-9.77878453038674,-6.638425414364641,48,61,55,35,2651.53,2953.97,2837.38,2275.37,72,56,60,72
LU22,LU22_30,LU22_2023,305,311,305,305,120,120,120,119,75.25419889502763,74.41475138121547,29.706685082872927,24.330773480662984,116.65,133.4,70.08,50.16,181,175,180,150,-8.732099447513813,-10.640220994475138,-9.7642817679558,-6.6187845303867405,48,60,55,35,2646.08,2951.19,2834.57,2270.43,71,56,60,71
LU22,LU22_32,LU22_2023,305,311,305,305,120,120,120,119,67.96624309392266,67.40049723756906,26.697016574585636,24.195911602209943,107.61,120.68,63.02,49.93,181,175,180,151,-8.606298342541436,-10.484060773480664,-9.664281767955801,-6.4962707182320445,46,61,55,33,2613.66,2919.82,2809.48,2237.98,75,56,59,71
LU22,LU22_33,LU22_2023,305,311,305,305,120,120,120,117,72.27524861878453,69.52955801104973,29.06243093922652,22.723093922651934,114.67,124.24,68.1,47.66,181,175,181,148,-8.6839226519337,-10.5342817679558,-9.696850828729282,-6.545027624309392,46,61,55,35,2632.61,2923.27,2816.34,2249.8,73,57,60,69
LU22,LU22_34,LU22_2023,305,311,305,305,120,120,120,117,72.07430939226519,69.01883977900553,28.540773480662985,22.781270718232044,114.56,123.26,66.45,47.55,181,175,181,148,-8.69646408839779,-10.543342541436465,-9.707596685082873,-6.557955801104972,46,61,55,35,2633.59,2924.69,2817.31,2252.44,73,57,60,69
LU22,LU22_35,LU22_2023,305,311,305,305,120,120,120,117,72.0932044198895,69.16314917127072,28.639834254143647,22.67795580110497,114.51,123.55,66.74,47.44,181,175,181,148,-8.679972375690607,-10.533563535911602,-9.700276243093922,-6.548038674033149,46,61,55,34,2630.23,2924.41,2816.2,2250.04,73,57,60,69
LU22,LU22_36,LU22_2023,305,311,305,305,120,120,120,116,68.88469613259669,65.82701657458564,26.90889502762431,21.28110497237569,110.56,117.54,62.74,45.32,181,175,181,147,-8.620524861878453,-10.446850828729282,-9.646850828729281,-6.483397790055249,46,60,55,33,2614.13,2906.26,2802.11,2233.1,76,57,59,68
LU22,LU22_38,LU22_2023,305,311,305,305,120,120,120,117,71.93988950276243,67.12530386740332,27.793867403314916,22.627403314917128,115.01,119.81,65.13,47.43,181,175,181,148,-8.723618784530387,-10.558149171270719,-9.721629834254143,-6.573812154696133,47,61,55,35,2638.24,2924.7,2818.57,2256.09,73,57,60,69
LU22,LU22_4,LU22_2023,305,311,305,305,120,120,120,117,78.12303867403315,75.0460773480663,31.08182320441989,22.300552486187847,118.82,133.8,73.99,48.62,181,175,180,148,-8.671077348066298,-10.62867403314917,-9.737762430939226,-6.569889502762431,49,59,54,36,2640.25,2957.5,2837.2,2266.65,72,57,63,69
LU22,LU22_40,LU22_2023,305,311,305,305,120,120,120,120,63.74077348066298,64.11878453038673,27.72668508287293,34.90198895027624,103.37,115.31,64.92,66.45,181,175,181,152,-8.58756906077348,-10.49767955801105,-9.686685082872929,-6.49060773480663,47,61,56,33,2608.2,2927.84,2815.18,2238.8,80,56,57,72
LU22,LU22_44,LU22_2023,305,311,305,305,120,120,120,117,69.92475138121547,66.31734806629834,27.20546961325967,22.248618784530386,112.34,118.24,63.62,46.66,181,175,181,148,-8.706823204419889,-10.496298342541436,-9.684779005524861,-6.546022099447514,47,60,55,34,2634.45,2909.27,2810.99,2245.17,75,58,60,68
LU22,LU22_46,LU22_2023,305,311,305,305,120,120,120,120,59.21569060773481,58.796408839779005,24.864419889502763,31.536243093922653,97.04,105.79,58.29,60.82,181,175,181,152,-8.549088397790054,-10.406132596685083,-9.629419889502762,-6.425331491712707,46,60,54,31,2596.78,2905.95,2800.56,2218.01,80,56,57,73
LU22,LU22_47,LU22_2023,305,311,305,305,120,120,120,120,59.21569060773481,58.796408839779005,24.864419889502763,31.536243093922653,97.04,105.79,58.29,60.82,181,175,181,152,-8.549088397790054,-10.406132596685083,-9.629419889502762,-6.425331491712707,46,60,54,31,2596.78,2905.95,2800.56,2218.01,80,56,57,73
LU22,LU22_48,LU22_2023,305,311,305,305,120,120,119,111,61.01475138121547,56.66182320441989,21.757237569060774,18.21867403314917,100,99.66,50.88,40.62,181,175,180,142,-8.59720994475138,-10.241132596685082,-9.545276243093923,-6.367817679558011,46,56,55,31,2599.82,2849.3,2772.87,2197.85,75,59,58,62
LU22,LU22_49,LU22_2023,305,311,305,305,120,120,120,114,64.45121546961326,59.728011049723754,23.64961325966851,19.631049723756906,104.37,106.09,55.31,42.77,181,175,181,145,-8.63513812154696,-10.32853591160221,-9.592348066298342,-6.427707182320442,47,58,55,32,2611.72,2869.75,2785.65,2213.46,77,59,59,66
LU22,LU22_5,LU22_2023,305,311,305,305,120,120,120,117,77.6025414364641,74.83602209944752,31.07878453038674,22.42441988950276,118.13,133.59,74.11,48.68,181,175,180,148,-8.66792817679558,-10.62560773480663,-9.739806629834254,-6.572734806629835,49,60,54,36,2638.48,2957.35,2836.95,2266.44,72,57,63,69
LU22,LU22_50,LU22_2023,305,311,305,305,120,120,120,118,70.72204419889503,65.81911602209945,26.99977900552486,23.088397790055247,113.56,117.39,63.12,47.18,181,175,181,149,-8.735193370165746,-10.543093922651934,-9.71803867403315,-6.585055248618785,47,60,55,34,2638.83,2918.44,2816.06,2253.61,75,57,59,69
LU22,LU22_53,LU22_2023,305,311,305,305,120,120,120,120,67.0182320441989,65.6160773480663,28.83867403314917,39.40397790055248,107.93,117.45,67.31,73.74,181,175,181,152,-8.707651933701657,-10.633453038674034,-9.80182320441989,-6.608149171270718,47,62,57,33,2634.42,2954.49,2840.69,2266.26,76,56,57,72
LU22,LU22_6,LU22_2023,305,311,305,305,120,120,120,120,77.3678453038674,74.61922651933702,31.46182320441989,24.358011049723757,116.23,133.17,74.88,50.71,181,175,180,151,-8.637375690607735,-10.622541436464088,-9.72878453038674,-6.555138121546961,48,60,54,36,2634.23,2958.27,2836.44,2261.92,74,56,63,72
LU22,LU22_60,LU22_2023,305,311,305,305,120,120,120,120,67.48193370165745,64.846408839779,27.820662983425414,41.05690607734807,107.88,115.65,64.36,74.83,181,175,181,152,-8.733756906077348,-10.64243093922652,-9.80864640883978,-6.623729281767956,48,62,57,33,2637.88,2951.44,2839.93,2269.11,76,56,57,72
LU22,LU22_61,LU22_2023,305,311,305,305,120,120,120,120,68.33988950276243,65.90508287292818,28.479613259668508,40.0978453038674,108.6,117.45,66.05,73.4,181,175,181,152,-8.733895027624309,-10.657624309392265,-9.820966850828729,-6.631574585635359,47,63,57,33,2639.37,2957.62,2843.76,2271.84,76,56,57,72
LU22,LU22_63,LU22_2023,305,311,305,305,120,120,120,118,69.3760773480663,62.47817679558011,25.763093922651933,22.74342541436464,112.37,111.6,59.97,45.78,181,175,181,149,-8.759254143646409,-10.560193370165745,-9.750027624309393,-6.630745856353591,48,61,55,34,2637.67,2922.03,2817.83,2261.8,76,57,58,68
LU22,LU22_65,LU22_2023,305,311,305,305,120,120,120,120,74.19447513812155,69.78657458563536,29.789447513812156,47.389060773480665,118.74,124.2,69.09,85.57,181,175,181,152,-8.854558011049724,-10.790883977900553,-9.930082872928176,-6.776160220994475,47,63,57,35,2665.13,2982.78,2867.7,2305.14,74,55,59,72
LU22,LU22_69,LU22_2023,305,307,305,305,120,120,120,120,67.36132596685083,61.11906077348066,24.973977900552487,27.175524861878454,109.77,108.64,57.8,54.39,181,176,181,151,-8.741657458563536,-10.549226519337017,-9.761546961325967,-6.612845303867403,49,61,55,33,2633.32,2924.97,2822.3,2259.73,76,57,57,70
LU22,LU22_7,LU22_2023,305,311,305,305,120,120,120,120,74.20629834254143,72.87292817679558,30.798729281767955,27.175027624309394,112.4,130.59,73.27,55.54,181,175,180,151,-8.630773480662983,-10.612127071823204,-9.723259668508287,-6.55414364640884,48,61,55,35,2631.69,2954.77,2833.53,2259.44,74,56,63,72
LU22,LU22_70,LU22_2023,305,311,305,305,120,120,120,120,68.74475138121547,63.4546408839779,26.085027624309394,36.282099447513815,111.17,112.96,60.08,67.67,181,175,181,152,-8.743839779005524,-10.584696132596685,-9.784447513812154,-6.632044198895028,48,62,56,33,2636.46,2936.2599999999998,2830.57,2265.31,75,56,58,72
LU22,LU22_71,LU22_2023,305,311,305,305,120,120,120,120,71.33215469613259,66.86447513812155,28.19988950276243,43.993701657458566,114.86,119.32,65.02,80.02,181,175,181,152,-8.81878453038674,-10.704917127071823,-9.876298342541437,-6.719944751381216,49,63,57,34,2654.58,2963.65,2852.75,2288.55,74,56,59,72
LU22,LU22_72,LU22_2023,305,311,305,305,120,120,120,120,74.39127071823205,69.97546961325966,29.819558011049725,47.65486187845304,119.14,124.32,68.8,85.96,181,175,181,152,-8.885883977900553,-10.808839779005524,-9.949419889502762,-6.79353591160221,49,63,57,35,2670.58,2986.03,2869.51,2307.3,74,55,59,72
LU22,LU22_76,LU22_2023,305,311,305,305,120,120,120,120,70.38375690607735,63.115248618784534,26.117182320441987,24.76767955801105,113.81,112.07,60.22,49.22,181,175,181,151,-8.803784530386741,-10.607513812154696,-9.800883977900552,-6.690110497237569,49,62,55,34,2645.01,2933.19,2828.18,2273.59,75,57,58,69
LU22,LU22_77,LU22_2023,305,311,305,305,120,120,120,120,72.12022099447513,67.66447513812155,28.526022099447513,43.72546961325967,116.17,120.22,65.64,79.53,181,175,181,152,-8.86486187845304,-10.750911602209944,-9.917651933701658,-6.760193370165746,49,63,57,34,2663.07,2971.49,2859.28,2295.83,74,56,59,72
LU22,LU22_8,LU22_2023,305,311,305,305,120,120,120,120,75.38674033149171,73.35917127071824,30.99767955801105,26.35878453038674,114.4,131.18,73.74,53.84,181,175,180,151,-8.653314917127071,-10.622790055248618,-9.737707182320442,-6.571657458563536,49,60,55,35,2634.61,2956.23,2835.15,2262.81,73,56,63,72
LU22,LU22_80,LU22_2023,305,311,305,305,120,120,120,119,72.36585635359116,64.46812154696133,26.593922651933703,23.71828729281768,116.91,114.47,61.12,47.35,181,175,181,150,-8.87157458563536,-10.678563535911602,-9.854558011049724,-6.7679005524861875,49,62,55,34,2659.89,2946.42,2840.05,2288.11,73,57,58,67
LU22,LU22_81,LU22_2023,305,307,305,305,120,120,120,120,68.13519337016575,62.71414364640884,25.727292817679558,30.419226519337016,111.3,111.46,59.09,59.18,181,176,181,151,-8.826795580110497,-10.662734806629834,-9.844723756906077,-6.723508287292818,49,62,57,34,2652.82,2946.22,2841.84,2281.31,74,57,58,69
LU22,LU22_82,LU22_2023,305,311,305,305,120,120,120,120,68.87685082872927,64.56867403314916,26.726906077348065,38.00375690607735,112.2,114.79,61.33,70.12,181,175,181,152,-8.81279005524862,-10.67303867403315,-9.851629834254144,-6.705994475138121,49,62,57,33,2650.84,2951.8,2844.18,2279.39,75,56,58,72
LU22,LU22_85,LU22_2023,305,311,305,305,120,120,120,118,70.17160220994475,63.173591160220994,25.033259668508286,22.968011049723756,114.25,111.93,57.46,45.85,181,175,181,149,-8.874723756906077,-10.651795580110498,-9.844834254143647,-6.76353591160221,49,62,56,34,2657.71,2937.86,2835.63,2281.03,73,57,58,66
LU22,LU22_86,LU22_2023,305,311,305,305,120,120,120,119,71.36259668508288,63.70524861878453,26.096132596685084,23.54303867403315,115.72,112.8,59.93,47.01,181,175,181,150,-8.873591160220995,-10.66718232044199,-9.852044198895028,-6.7661325966850825,49,62,55,34,2658.8,2942.92,2838.27,2284.86,71,57,58,66
LU22,LU22_87,LU22_2023,305,311,305,305,120,120,120,120,71.45138121546961,63.93591160220994,26.44745856353591,24.806298342541435,115.52,113.48,60.61,49.44,181,175,181,151,-8.8546408839779,-10.667265193370167,-9.852209944751381,-6.753149171270718,49,62,55,34,2656.92,2946.4,2840.75,2286.02,73,57,58,69
LU22,LU22_89,LU22_2023,305,311,305,305,120,120,120,120,70.12558011049724,63.11817679558011,25.260552486187844,26.170662983425412,113.97,111.71,57.98,52.16,181,175,181,151,-8.849972375690609,-10.672486187845303,-9.855386740331491,-6.747486187845304,49,62,58,34,2656.54,2946.55,2842.7,2283.51,74,56,58,69
LU22,LU22_94,LU22_2023,305,311,305,305,120,120,120,120,70.1367955801105,64.29933701657458,26.84585635359116,37.72298342541436,114.32,113.9,61.29,69.46,181,175,181,152,-8.90303867403315,-10.767872928176796,-9.931022099447514,-6.802403314917127,49,63,58,34,2668.6,2967.53,2859.23,2299.61,73,55,58,69
LU3,LU3_10,LU3_2021,NA,307,305,315,NA,120,120,120,NA,25.404696132596687,34.723812154696134,30.008729281767955,NA,56.04,63.96,55.17,NA,177,181,171,NA,-9.621160220994476,-7.731187845303867,-10.53549723756906,NA,48,41,58,NA,2687.64,2389.93,2888.06,NA,42,70,55
LU3,LU3_102,LU3_2021,NA,307,305,314,NA,120,120,120,NA,27.318397790055247,41.58618784530387,33.544530386740334,NA,61.5,74.67,57.61,NA,177,181,172,NA,-9.553259668508288,-7.661077348066298,-10.487458563535911,NA,48,40,57,NA,2672.27,2375.47,2863.58,NA,42,69,55
LU3,LU3_102_24,LU3_2024,314,306,305,328,120,115,120,120,33.544530386740334,16.377237569060775,30.75132596685083,76.80022099447514,57.61,38.83,63.48,142.78,172,175,147,158,-10.487458563535911,-10.112624309392265,-6.516657458563536,-8.480331491712708,57,48,25,48,2863.58,2650.05,2040.02,2422.43,55,40,67,52
LU3,LU3_103,LU3_2021,NA,307,305,314,NA,120,120,120,NA,28.364198895027624,42.386187845303866,33.5153591160221,NA,63.19,75.3,57.38,NA,177,181,172,NA,-9.57914364640884,-7.688149171270719,-10.518812154696132,NA,49,40,56,NA,2676.93,2380.56,2869.2,NA,42,69,55
LU3,LU3_103_24,LU3_2024,314,306,305,328,120,115,120,120,33.5153591160221,16.37961325966851,31.492486187845305,77.25966850828729,57.38,39.26,64.85,143.71,172,175,147,158,-10.518812154696132,-10.14549723756906,-6.564779005524862,-8.517762430939227,56,47,26,50,2869.2,2654.22,2046.64,2426.98,55,40,67,52
LU3,LU3_106,LU3_2021,NA,307,305,314,NA,120,120,120,NA,28.430662983425414,42.074696132596685,37.34364640883978,NA,63.46,74.91,63.38,NA,177,181,172,NA,-9.519917127071823,-7.628839779005525,-10.514723756906077,NA,47,39,57,NA,2656.89,2358.43,2858.27,NA,41,69,54
LU3,LU3_10_24,LU3_2024,315,306,305,328,120,115,120,120,30.008729281767955,14.849668508287293,31.629668508287292,72.66580110497237,55.17,37.75,66.52,133.06,171,151,147,158,-10.53549723756906,-10.091353591160221,-6.57085635359116,-8.541408839779006,58,52,25,50,2888.06,2665.54,2056.4,2440.31,55,37,60,52
LU3,LU3_111,LU3_2021,NA,307,305,314,NA,120,120,120,NA,28.157403314917126,41.46016574585635,36.83044198895028,NA,62.47,73.89,62.7,NA,177,181,172,NA,-9.549502762430938,-7.659668508287293,-10.563259668508287,NA,47,39,58,NA,2659.08,2359.82,2868.95,NA,41,69,55
LU3,LU3_111_24,LU3_2024,314,306,305,328,120,115,120,120,36.83044198895028,18.766850828729282,24.937955801104973,79.10408839779005,62.7,40.3,54.25,148.1,172,175,140,158,-10.563259668508287,-10.096850828729282,-6.356353591160221,-8.452569060773481,58,47,25,50,2868.95,2630.13,2014.9,2419.24,55,37,59,53
LU3,LU3_126,LU3_2021,NA,307,305,315,NA,120,120,120,NA,29.481657458563536,32.7824861878453,35.58718232044199,NA,63.68,59.35,67.05,NA,176,181,171,NA,-9.675883977900552,-7.7944198895027625,-10.560690607734806,NA,48,41,60,NA,2700.41,2402.08,2909,NA,42,70,53
LU3,LU3_126_24,LU3_2024,315,306,305,328,120,116,120,120,35.58718232044199,15.455414364640884,31.529558011049723,66.78408839779006,67.05,39.4,67.79,119.95,171,152,131,158,-10.560690607734806,-10.00914364640884,-6.525110497237569,-8.546767955801105,60,51,25,49,2909,2672.99,2059.26,2453.97,53,41,53,53
LU3,LU3_129,LU3_2021,NA,307,305,315,NA,120,120,120,NA,29.128784530386742,31.628784530386742,36.800276243093926,NA,62.52,57.19,68.07,NA,176,180,171,NA,-9.609364640883978,-7.730414364640884,-10.452265193370165,NA,48,41,59,NA,2689.23,2389.71,2894.26,NA,43,70,54
LU3,LU3_129_24,LU3_2024,315,306,305,328,120,114,120,120,36.800276243093926,14.529005524861878,29.111546961325967,62.93602209944751,68.07,35.86,63.83,112.25,171,150,131,158,-10.452265193370165,-9.862154696132597,-6.353149171270719,-8.417099447513813,59,51,25,48,2894.26,2658.12,2039.71,2442.05,54,41,55,53
LU3,LU3_13,LU3_2021,NA,307,305,320,NA,120,120,120,NA,28.85646408839779,36.91872928176795,33.89248618784531,NA,61.24,66.76,61.42,NA,177,181,166,NA,-9.618591160220994,-7.738701657458564,-10.621381215469613,NA,47,40,59,NA,2674.26,2374.92,2895.94,NA,41,68,52
LU3,LU3_131,LU3_2021,NA,307,305,314,NA,120,120,120,NA,27.77182320441989,42.27624309392265,32.930662983425414,NA,61.73,75.04,56.41,NA,177,181,172,NA,-9.59085635359116,-7.699447513812155,-10.527762430939227,NA,49,40,56,NA,2680.02,2383.76,2872.48,NA,42,70,55
LU3,LU3_131_24,LU3_2024,314,306,305,328,120,115,120,120,32.930662983425414,14.922872928176796,31.793701657458563,76.95254143646409,56.41,36.89,66.62,143.67,172,175,147,158,-10.527762430939227,-10.158977900552486,-6.596906077348066,-8.536988950276243,56,48,26,50,2872.48,2659.08,2051.86,2430.29,55,40,65,52
LU3,LU3_137,LU3_2021,NA,307,305,320,NA,120,120,120,NA,26.18171270718232,37.009889502762434,34.3939226519337,NA,57.93,67.67,61.74,NA,177,181,166,NA,-9.506491712707183,-7.618011049723757,-10.499364640883979,NA,47,39,59,NA,2648.85,2348.43,2862.11,NA,41,68,52
LU3,LU3_137_24,LU3_2024,320,306,305,328,120,113,118,120,34.3939226519337,17.36900552486188,23.60386740331492,77.99640883977901,61.74,37.13,51.97,145.28,166,173,137,158,-10.499364640883979,-9.991767955801105,-6.243480662983425,-8.369558011049724,59,48,26,49,2862.11,2620.2599999999998,2000.91,2412.06,52,37,58,53
LU3,LU3_13_24,LU3_2024,320,306,305,328,120,114,120,120,33.89248618784531,16.665414364640885,25.052375690607736,74.83635359116022,61.42,37.75,55.46,137.97,166,161,131,158,-10.621381215469613,-10.075524861878453,-6.422016574585635,-8.517044198895027,59,49,25,50,2895.94,2646.38,2034,2438.3,52,38,55,53
LU3,LU3_14,LU3_2021,NA,307,305,314,NA,120,120,120,NA,29.614088397790056,40.96580110497238,35.50911602209945,NA,63.81,72.87,61.25,NA,177,181,172,NA,-9.644779005524862,-7.76585635359116,-10.665000000000001,NA,47,40,59,NA,2679.06,2380.33,2902.05,NA,41,69,54
LU3,LU3_147,LU3_2021,NA,307,305,315,NA,120,120,120,NA,26.86806629834254,33.06939226519337,33.96795580110497,NA,59.48,60.71,63.4,NA,177,181,171,NA,-9.637817679558012,-7.757458563535912,-10.542348066298343,NA,48,41,60,NA,2689.95,2391.33,2900.97,NA,41,69,53
LU3,LU3_147_24,LU3_2024,315,306,305,328,120,115,120,120,33.96795580110497,14.696740331491712,31.465690607734807,68.10674033149171,63.4,37.06,66.56,122.18,171,151,147,158,-10.542348066298343,-9.99378453038674,-6.476325966850829,-8.508093922651934,60,51,25,49,2900.97,2664.21,2050.34,2445.91,53,39,60,54
LU3,LU3_14_24,LU3_2024,314,306,305,328,120,115,120,120,35.50911602209945,17.592099447513814,25.69524861878453,75.63756906077349,61.25,39.76,56.67,139.88,172,162,131,158,-10.665000000000001,-10.129917127071824,-6.479751381215469,-8.563646408839778,59,49,26,50,2902.05,2651.16,2040.96,2442.63,54,38,56,53
LU3,LU3_15,LU3_2021,NA,307,305,315,NA,120,120,120,NA,25.960994475138122,34.6421546961326,33.6521546961326,NA,57.03,63.12,62.45,NA,177,181,171,NA,-9.685745856353591,-7.802403314917127,-10.612817679558011,NA,48,41,61,NA,2699.42,2402.14,2908.83,NA,41,70,53
LU3,LU3_15_24,LU3_2024,315,306,305,328,120,116,120,120,33.6521546961326,15.807182320441989,32.842154696132596,71.14950276243094,62.45,40.49,68.93,128.26,171,152,147,158,-10.612817679558011,-10.11378453038674,-6.616933701657459,-8.607016574585636,61,53,25,50,2908.83,2675.44,2066.08,2452.95,53,39,60,52
LU3,LU3_17,LU3_2021,NA,307,305,315,NA,120,120,120,NA,26.315303867403316,32.911878453038675,32.73226519337017,NA,57.87,60.56,61.01,NA,177,181,171,NA,-9.616270718232045,-7.733425414364641,-10.525745856353591,NA,48,41,59,NA,2684.98,2386.3,2894.2,NA,41,71,53
LU3,LU3_17_24,LU3_2024,315,306,305,328,120,115,120,120,32.73226519337017,14.673093922651933,31.243591160220994,69.29977900552487,61.01,36.92,66.1,124.68,171,151,147,158,-10.525745856353591,-9.999337016574586,-6.469337016574586,-8.49182320441989,59,51,25,49,2894.2,2660.61,2047.36,2440.62,53,39,60,54
LU3,LU3_18,LU3_2021,NA,307,305,320,NA,120,120,120,NA,28.740055248618784,36.28165745856354,33.74093922651934,NA,61.2,65.42,61.54,NA,177,181,166,NA,-9.604558011049724,-7.7267955801104975,-10.572237569060773,NA,47,40,60,NA,2675.42,2375.83,2894.05,NA,41,69,52
LU3,LU3_18_24,LU3_2024,320,306,305,328,120,114,120,120,33.74093922651934,15.637292817679558,30.726906077348065,73.91154696132597,61.54,36.13,64.62,133.04,166,154,146,158,-10.572237569060773,-10.003093922651933,-6.373674033149172,-8.472375690607734,60,49,25,49,2894.05,2645.17,2031.3,2437.03,52,37,64,53
LU3,LU3_19,LU3_2021,NA,307,305,320,NA,120,120,120,NA,29.085690607734808,36.02386740331492,33.15690607734807,NA,61.81,65.1,60.78,NA,177,181,166,NA,-9.625745856353591,-7.7473756906077345,-10.59743093922652,NA,47,40,60,NA,2681.27,2382.04,2899.13,NA,41,69,51
LU3,LU3_19_24,LU3_2024,320,306,305,328,120,114,120,120,33.15690607734807,15.30828729281768,31.301988950276243,73.4943093922652,60.78,35.67,65.62,132.34,166,154,147,158,-10.59743093922652,-10.036077348066298,-6.420331491712707,-8.504171270718231,60,49,25,49,2899.13,2649.36,2037.04,2439.92,51,38,62,52
LU3,LU3_20,LU3_2021,NA,307,305,320,NA,120,120,120,NA,26.30110497237569,35.3375138121547,33.00243093922652,NA,57.66,65.27,60.58,NA,177,181,166,NA,-9.65953038674033,-7.7820441988950275,-10.644337016574585,NA,48,40,60,NA,2687.53,2388.74,2908.3,NA,41,68,51
LU3,LU3_20_24,LU3_2024,320,306,305,328,120,114,120,120,33.00243093922652,15.198342541436464,32.18530386740331,73.8624861878453,60.58,35.8,67.24,133.12,166,152,147,158,-10.644337016574585,-10.084917127071822,-6.486767955801105,-8.557154696132597,60,51,25,49,2908.3,2656.41,2046.21,2446.53,51,38,62,52
LU3,LU3_21,LU3_2021,NA,307,305,315,NA,120,120,120,NA,26.627790055248617,32.626629834254146,32.234364640883975,NA,58.67,60,60.26,NA,177,181,171,NA,-9.60157458563536,-7.71914364640884,-10.505359116022099,NA,48,41,59,NA,2683.18,2383.89,2891.52,NA,42,69,53
LU3,LU3_21_24,LU3_2024,315,306,305,328,120,114,120,120,32.234364640883975,14.56232044198895,30.423977900552487,68.64795580110497,60.26,36.35,64.7,123.56,171,150,147,158,-10.505359116022099,-9.958149171270719,-6.411740331491712,-8.455220994475138,59,50,25,47,2891.52,2654.44,2040.26,2437.18,53,39,60,54
LU3,LU3_25,LU3_2021,NA,307,305,315,NA,120,120,120,NA,26.681270718232046,31.929889502762432,32.94364640883978,NA,58.52,59.04,61.58,NA,177,181,171,NA,-9.601602209944751,-7.720718232044199,-10.498756906077348,NA,48,41,59,NA,2683.39,2383.9,2892.93,NA,42,69,53
LU3,LU3_25_24,LU3_2024,315,306,305,328,120,114,120,120,32.94364640883978,14.543922651933702,30.493093922651934,67.61602209944752,61.58,36.08,64.72,121.15,171,150,147,158,-10.498756906077348,-9.934088397790056,-6.391160220994475,-8.444696132596684,59,51,25,48,2892.93,2654.22,2038.99,2437.95,53,40,61,55
LU3,LU3_27,LU3_2021,NA,307,305,315,NA,120,120,120,NA,26.013977900552486,32.80397790055249,33.25922651933702,NA,56.56,60.39,62,NA,177,181,171,NA,-9.57060773480663,-7.690497237569061,-10.450883977900553,NA,48,40,59,NA,2677.83,2377.65,2885.84,NA,42,71,53
LU3,LU3_27_24,LU3_2024,315,306,305,328,120,114,120,120,33.25922651933702,14.49878453038674,29.449447513812153,66.37723756906077,62,35.37,62.93,118.66,171,152,146,158,-10.450883977900553,-9.86803867403315,-6.309861878453039,-8.38511049723757,59,50,25,47,2885.84,2645.96,2029.18,2432.16,53,42,65,56
LU3,LU3_28,LU3_2021,NA,307,305,315,NA,120,120,120,NA,28.334254143646408,33.3275138121547,34.03889502762431,NA,60.98,60.93,63.45,NA,177,181,171,NA,-9.61732044198895,-7.73732044198895,-10.50939226519337,NA,48,41,60,NA,2686.95,2387.64,2897.07,NA,42,70,53
LU3,LU3_28_24,LU3_2024,315,306,305,328,120,114,120,120,34.03889502762431,14.562486187845304,30.686408839779006,66.8942541436464,63.45,36.34,65.26,119.71,171,150,147,158,-10.50939226519337,-9.938839779005525,-6.41,-8.461436464088397,60,52,25,48,2897.07,2658.2,2042.72,2441.78,53,40,61,55
LU3,LU3_32,LU3_2021,NA,307,305,320,NA,120,120,120,NA,27.401988950276245,37.51453038674033,34.833646408839776,NA,60.78,68.47,62.47,NA,177,181,166,NA,-9.500082872928177,-7.609779005524862,-10.499696132596686,NA,47,39,59,NA,2646.64,2346.26,2858.85,NA,41,69,52
LU3,LU3_32_24,LU3_2024,320,306,305,328,120,113,116,120,34.833646408839776,17.487237569060774,22.607016574585636,79.57055248618785,62.47,37.31,49.15,148.18,166,173,135,158,-10.499696132596686,-10.000911602209944,-6.226988950276243,-8.362790055248619,59,47,26,49,2858.85,2616.68,1996.09,2409.16,52,37,57,53
LU3,LU3_36,LU3_2021,NA,307,305,320,NA,120,120,120,NA,26.657237569060772,37.26602209944751,34.70011049723757,NA,58.72,67.99,62.42,NA,177,181,166,NA,-9.55635359116022,-7.670276243093923,-10.581906077348066,NA,47,40,59,NA,2653.88,2353.48,2876.03,NA,41,67,52
LU3,LU3_36_24,LU3_2024,320,306,305,328,120,114,119,120,34.70011049723757,17.464917127071825,24.42939226519337,80.82171270718231,62.42,37.54,53.6,148.31,166,174,139,158,-10.581906077348066,-10.057817679558012,-6.309198895027625,-8.442265193370165,59,48,26,50,2876.03,2627.89,2010.22,2422.13,52,37,60,53
LU3,LU3_38,LU3_2021,NA,307,305,315,NA,120,120,120,NA,26.633204419889502,36.25878453038674,33.06900552486188,NA,58.15,66.14,60.75,NA,177,181,171,NA,-9.71232044198895,-7.827209944751381,-10.662596685082873,NA,48,42,59,NA,2703.7,2407.81,2911.44,NA,41,70,55
LU3,LU3_38_24,LU3_2024,315,306,305,328,120,117,120,120,33.06900552486188,16.661657458563536,33.723204419889505,74.86911602209945,60.75,42.91,70.27,137.18,171,153,148,158,-10.662596685082873,-10.213922651933702,-6.723093922651934,-8.678370165745857,59,54,27,50,2911.44,2682.38,2076.91,2457.09,55,38,60,52
LU3,LU3_39,LU3_2021,NA,307,305,320,NA,120,120,120,NA,25.86364640883978,36.33701657458563,34.61707182320442,NA,56.02,66.41,62.64,NA,177,181,166,NA,-9.520193370165746,-7.634171270718232,-10.51096685082873,NA,47,40,59,NA,2649.04,2348.05,2867.88,NA,41,67,52
LU3,LU3_39_24,LU3_2024,320,306,305,328,120,114,118,120,34.61707182320442,17.5092817679558,23.612762430939227,81.03093922651934,62.64,37.54,52.21,147.14,166,174,138,158,-10.51096685082873,-9.969116022099447,-6.239530386740332,-8.379530386740331,59,48,26,50,2867.88,2620.95,2002.8700000000001,2417.33,52,37,59,54
LU3,LU3_40,LU3_2021,NA,307,305,314,NA,120,120,120,NA,26.549558011049722,40.06259668508287,36.400165745856356,NA,58.24,72.19,62.51,NA,177,181,172,NA,-9.602955801104972,-7.720883977900552,-10.634585635359116,NA,47,40,59,NA,2665.61,2366.04,2889.88,NA,41,68,54
LU3,LU3_40_24,LU3_2024,314,306,305,328,120,114,120,120,36.400165745856356,18.220828729281767,25.72475138121547,85.22834254143646,62.51,39.13,56.04,154.58,172,174,140,158,-10.634585635359116,-10.106795580110497,-6.407624309392265,-8.515662983425415,59,49,27,50,2889.88,2640.74,2027.72,2434.05,54,37,59,53
LU3,LU3_41,LU3_2021,NA,307,305,314,NA,120,120,120,NA,27.704585635359116,41.103701657458565,36.46027624309392,NA,60.5,73.86,62.41,NA,178,181,172,NA,-9.643591160220994,-7.762292817679558,-10.720110497237568,NA,47,40,59,NA,2668.29,2369.29,2899.14,NA,42,66,54
LU3,LU3_41_24,LU3_2024,314,306,305,328,120,115,120,120,36.46027624309392,19.04022099447514,26.597127071823206,80.73259668508287,62.41,41.21,57.48,149.07,172,175,140,158,-10.720110497237568,-10.203370165745856,-6.480055248618784,-8.590883977900553,59,48,28,50,2899.14,2646.47,2034.76,2441.11,54,37,59,53
LU3,LU3_44,LU3_2021,NA,307,305,315,NA,120,120,120,NA,24.755524861878452,33.12546961325967,32.01127071823204,NA,54.56,60.95,59.54,NA,177,181,171,NA,-9.606022099447515,-7.721574585635359,-10.512513812154696,NA,48,41,59,NA,2683.26,2384.3,2890.99,NA,41,71,53
LU3,LU3_44_24,LU3_2024,315,306,305,328,120,114,120,120,32.01127071823204,14.653977900552487,30.42121546961326,69.11447513812155,59.54,36.84,64.76,124.6,171,150,147,158,-10.512513812154696,-9.993867403314917,-6.461049723756906,-8.4807182320441985,59,51,25,48,2890.99,2659.16,2045.8799999999999,2438.38,53,39,60,54
LU3,LU3_45,LU3_2021,NA,307,305,315,NA,120,120,120,NA,27.262651933701658,34.50646408839779,32.20469613259669,NA,59.8,63.96,59.89,NA,177,181,171,NA,-9.677292817679557,-7.799226519337017,-10.660082872928177,NA,48,41,59,NA,2690.59,2392.44,2911.97,NA,41,69,55
LU3,LU3_45_24,LU3_2024,315,306,305,328,120,114,120,120,32.20469613259669,15.12585635359116,32.60049723756906,73.59723756906078,59.89,37.13,68.13,132.64,171,152,147,158,-10.660082872928177,-10.121906077348067,-6.558342541436464,-8.596491712707182,59,52,26,49,2911.97,2665.25,2056.25,2450.34,55,38,61,52
LU3,LU3_46,LU3_2021,NA,307,305,315,NA,120,120,120,NA,26.53082872928177,33.540773480662985,31.021325966850828,NA,58.19,61.61,57.57,NA,177,181,171,NA,-9.630386740331492,-7.748591160220994,-10.560552486187845,NA,48,41,59,NA,2686.62,2388.23,2898.14,NA,41,71,53
LU3,LU3_46_24,LU3_2024,315,306,305,328,120,114,120,120,31.021325966850828,14.804088397790055,30.965524861878453,70.65762430939226,57.57,36.91,65.59,127.41,171,150,147,158,-10.560552486187845,-10.03414364640884,-6.4913259668508285,-8.515966850828729,59,50,25,49,2898.14,2661.1,2048.98,2442.04,53,38,60,52
LU3,LU3_48,LU3_2021,NA,307,305,320,NA,120,120,120,NA,25.179337016574586,34.629668508287295,33.625359116022096,NA,55.08,63.94,61.61,NA,177,181,166,NA,-9.58657458563536,-7.707762430939226,-10.523729281767956,NA,47,40,60,NA,2675.22,2375.16,2889.56,NA,41,69,51
LU3,LU3_48_24,LU3_2024,320,306,305,328,120,114,120,120,33.625359116022096,15.346353591160222,30.110331491712707,72.29149171270718,61.61,35.68,63.73,129.83,166,154,146,158,-10.523729281767956,-9.944806629834254,-6.330027624309392,-8.430193370165746,60,49,25,48,2889.56,2642.32,2027.5,2433.86,51,38,65,56
LU3,LU3_49,LU3_2021,NA,307,305,320,NA,120,120,120,NA,25.9646408839779,34.86132596685083,33.893259668508286,NA,57.03,64.2,62.05,NA,177,181,166,NA,-9.623646408839779,-7.7473204419889505,-10.57925414364641,NA,48,40,60,NA,2681.74,2382.28,2900.27,NA,41,68,51
LU3,LU3_49_24,LU3_2024,320,306,305,328,120,114,120,120,33.893259668508286,15.345082872928177,31.069889502762432,72.7385635359116,62.05,35.82,65.51,130.53,166,152,147,158,-10.57925414364641,-9.99439226519337,-6.390801104972375,-8.486022099447514,60,50,25,49,2900.27,2649.29,2036.1200000000001,2441.52,51,38,63,54
LU3,LU3_5,LU3_2021,NA,307,305,315,NA,120,120,120,NA,27.42475138121547,36.79198895027624,31.49696132596685,NA,61.28,66.84,57.47,NA,177,181,170,NA,-9.516906077348066,-7.622762430939226,-10.429005524861878,NA,47,40,57,NA,2666.91,2368.92,2855.53,NA,42,70,55
LU3,LU3_50,LU3_2021,NA,307,305,315,NA,120,120,120,NA,26.163977900552485,34.49668508287293,33.40425414364641,NA,57.64,63.64,61.44,NA,177,181,171,NA,-9.644558011049723,-7.768287292817679,-10.601685082872928,NA,48,40,60,NA,2686.96,2387.93,2905.57,NA,41,69,53
LU3,LU3_50_24,LU3_2024,315,306,305,328,120,114,120,120,33.40425414364641,15.255138121546961,31.74972375690608,71.80027624309392,61.44,36.14,66.77,128.94,171,152,147,158,-10.601685082872928,-10.02414364640884,-6.442569060773481,-8.518397790055248,60,52,25,49,2905.57,2654.61,2042.7,2444.79,53,39,60,54
LU3,LU3_51,LU3_2021,NA,307,305,315,NA,120,120,120,NA,28.349944751381216,33.062707182320445,34.9460773480663,NA,61.01,60.38,65.69,NA,177,181,171,NA,-9.625966850828728,-7.745939226519337,-10.503618784530387,NA,48,41,60,NA,2689.88,2390.84,2897.98,NA,42,71,53
LU3,LU3_51_24,LU3_2024,315,306,305,328,120,115,120,120,34.89060773480663,14.840331491712707,30.434419889502763,65.6682320441989,65.6,37.76,65.79,117.52,171,151,131,158,-10.5003591160221,-9.936160220994475,-6.4286464088397794,-8.471243093922652,60,51,25,48,2898.35,2662.99,2046.84,2445.08,53,40,52,54
LU3,LU3_52,LU3_2021,NA,307,305,315,NA,120,120,120,NA,28.06414364640884,32.6814364640884,34.0624861878453,NA,60.4,59.75,63.67,NA,177,181,171,NA,-9.599364640883978,-7.719419889502762,-10.473756906077348,NA,48,41,60,NA,2684.76,2385.16,2893,NA,42,71,53
LU3,LU3_52_24,LU3_2024,315,306,305,328,120,114,120,120,34.0624861878453,14.39475138121547,29.643149171270718,65.44546961325968,63.67,35.91,64.16,116.91,171,150,131,158,-10.473756906077348,-9.893674033149171,-6.362817679558011,-8.42342541436464,60,52,25,48,2893,2654.9,2037.82,2438.68,53,40,55,55
LU3,LU3_5_24,LU3_2024,315,306,305,328,120,115,120,120,31.49696132596685,16.206629834254144,29.689116022099448,75.16309392265194,57.47,38.17,61.61,139.59,170,175,147,158,-10.429005524861878,-10.03732044198895,-6.437900552486187,-8.415386740331492,57,47,25,48,2855.53,2642.14,2030.6,2416.09,55,40,66,52
LU3,LU3_7,LU3_2021,NA,307,305,315,NA,120,120,120,NA,23.83806629834254,33.653370165745855,29.98011049723757,NA,53.42,62.43,55.7,NA,177,181,171,NA,-9.564447513812155,-7.666767955801105,-10.435331491712708,NA,48,41,58,NA,2680.91,2381.76,2871.62,NA,42,71,55
LU3,LU3_7_24,LU3_2024,315,306,305,328,120,115,120,120,29.98011049723757,14.410276243093923,30.593480662983424,70.89149171270718,55.7,37.29,64.84,130.74,171,151,146,158,-10.435331491712708,-10.011546961325967,-6.495911602209945,-8.459309392265194,58,51,25,49,2871.62,2658.51,2047.54,2431.43,55,39,60,53
LU3,LU3_AB21_24,LU3_2024,315,306,305,328,120,114,119,120,32.286132596685086,16.15265193370166,24.321878453038675,74.38220994475138,58.65,37.32,53.51,139.53,170,161,130,158,-10.418149171270718,-10.007348066298343,-6.38646408839779,-8.391408839779006,57,46,25,48,2853.41,2635.83,2023.08,2413.13,53,40,54,52
LU3,LU3_AC10_24,LU3_2024,315,306,305,328,120,115,120,120,31.584585635359115,15.074198895027624,31.959723756906076,73.08127071823205,58.72,37.41,67.1,131.91,171,151,147,158,-10.627044198895028,-10.113121546961326,-6.562955801104972,-8.579613259668509,59,52,25,49,2906.04,2666.07,2056.45,2446.88,55,37,60,52
LU3,LU3_AE12_24,LU3_2024,315,306,305,328,120,115,120,120,30.869171270718233,15.095635359116022,32.29486187845304,74.26447513812155,57.17,37.64,67.62,135.6,171,151,147,158,-10.623259668508288,-10.136132596685083,-6.593453038674033,-8.591077348066298,59,52,25,49,2903.25,2668.28,2059.43,2446.41,55,37,61,52
LU3,LU3_AH14_24,LU3_2024,315,306,305,328,120,116,120,120,30.615690607734805,15.294364640883977,33.31961325966851,75.21453038674034,55.92,38.76,69.41,137.73,171,152,147,158,-10.653701657458564,-10.2003591160221,-6.681270718232044,-8.649475138121547,59,53,27,50,2907.18,2676.18,2070.26,2452.06,55,38,60,52
LU3,LU3_AH7_24,LU3_2024,315,306,305,328,120,116,120,120,34.936298342541434,15.273591160220994,31.009779005524862,66.28397790055249,65.95,38.98,66.83,118.86,171,152,131,158,-10.530524861878453,-9.976160220994474,-6.48292817679558,-8.511436464088398,60,51,25,48,2903.64,2668.5,2053.79,2449.75,53,42,53,54
LU3,LU3_J23_24,LU3_2024,320,306,305,320,120,111,113,120,35.538453038674035,15.530662983425414,18.404696132596683,69.93220994475138,64.08,32.49,40.9,131.14,166,171,132,159,-10.220773480662983,-9.728066298342542,-5.884226519337017,-8.074419889502762,57,46,26,47,2811.22,2576.97,1944.18,2367.79,52,34,60,55
LU3,LU3_L15_24,LU3_2024,320,306,305,328,120,113,117,120,34.50878453038674,17.094972375690606,22.61977900552486,79.4867955801105,62.37,36.73,50.13,146.64,166,173,136,158,-10.482513812154696,-9.953259668508288,-6.183397790055248,-8.33671270718232,58,47,26,49,2858.89,2613.33,1991.67,2408.39,52,37,58,54
LU3,LU3_L16_24,LU3_2024,320,306,305,328,120,113,116,120,34.39795580110497,17.036187845303868,21.914917127071824,76.75906077348067,62.19,36.4,48.76,142.02,166,173,135,158,-10.399944751381215,-9.874116022099447,-6.11475138121547,-8.263011049723756,58,47,26,47,2847.32,2606.59,1983.6,2399.15,52,36,58,54
LU3,LU3_L22_24,LU3_2024,320,306,305,328,120,113,113,120,35.11458563535911,16.791381215469613,19.012596685082872,71.22541436464088,63.31,35.22,41.46,133.63,166,173,132,158,-10.243867403314917,-9.752707182320442,-5.931685082872928,-8.105966850828729,56,46,26,47,2816.12,2582.73,1952.44,2373.4,52,37,60,55
LU3,LU3_M20_24,LU3_2024,320,306,305,328,120,113,114,120,35.11558011049724,17.23585635359116,19.930331491712707,73.21364640883978,63.18,36.27,43.62,137.38,166,173,133,158,-10.31585635359116,-9.828370165745856,-6.025414364640884,-8.184834254143647,56,46,26,48,2827.37,2592.35,1966.07,2384.59,52,36,60,55
LU3,LU3_N18_24,LU3_2024,320,306,305,328,120,113,116,120,34.723977900552484,17.4739226519337,22.399226519337017,79.62171270718233,62.22,37.25,48.69,148.27,166,173,135,158,-10.488977900552486,-9.996381215469613,-6.214281767955801,-8.350690607734807,59,47,26,49,2856.42,2615.41,1993.74,2407.02,52,37,57,53
LU3,LU3_U6_24,LU3_2024,320,306,305,328,120,114,120,120,33.67077348066298,15.312651933701657,30.93254143646409,72.83906077348067,61.64,35.73,65.16,130.81,166,152,147,158,-10.57378453038674,-9.996077348066299,-6.387624309392265,-8.479861878453038,60,49,25,49,2898.19,2648.12,2034.7,2439.48,51,38,64,54
LU3,LU3_W7_24,LU3_2024,320,306,305,328,120,114,120,120,33.09723756906077,15.388950276243094,32.86116022099448,74.346408839779,60.73,36.42,68.44,134.08,166,152,147,158,-10.680801104972376,-10.12353591160221,-6.53414364640884,-8.59696132596685,60,52,26,49,2914.51,2661.32,2052.5,2451.12,51,38,61,52
LU3,LU3_Y8_24,LU3_2024,315,306,305,328,120,114,120,120,32.886795580110494,15.447237569060773,33.37425414364641,74.46944751381216,60.37,37.04,69.35,134.35,171,152,147,158,-10.695939226519338,-10.150055248618784,-6.572845303867403,-8.621298342541436,60,53,26,49,2917.07,2665.82,2057.61,2453.33,54,38,60,52
LU4,LU4_E15_24,LU4_2024,320,305,305,328,120,113,120,120,62.36458563535912,17.9153591160221,32.93187845303867,74.10436464088397,104.77,44.67,69.72,127.98,166,152,145,158,-10.963950276243095,-10.216933701657458,-6.141933701657458,-8.664751381215469,62,48,27,49,2953.94,2692.25,2026.3,2535.15,50,39,61,57
LU4,LU4_F14_24,LU4_2024,320,305,305,328,120,113,120,120,62.09265193370166,17.887016574585637,32.28204419889503,73.71381215469613,104.35,44.1,70.4,127.84,166,152,145,158,-10.992624309392266,-10.233232044198894,-6.201270718232045,-8.696049723756905,62,48,28,49,2963.75,2698.85,2035.54,2538.72,50,39,63,57
LU4,LU4_G12_24,LU4_2024,320,305,305,328,120,113,120,120,65.05906077348067,18.659558011049725,31.057790055248617,73.94850828729282,109.41,47.42,66.68,128.27,166,152,145,158,-11.034447513812156,-10.262569060773481,-6.2675138121546965,-8.73975138121547,63,48,28,49,2975.61,2706.7,2045.8,2544.92,50,38,63,56
LU4,LU4_G13_24,LU4_2024,320,305,305,328,120,113,120,120,64.37381215469614,18.552486187845304,33.06342541436464,73.98104972375691,108.13,46.77,73.18,128.14,166,152,145,158,-11.033867403314916,-10.26342541436464,-6.250994475138121,-8.734060773480662,63,48,28,49,2974.68,2706.96,2043.91,2545.23,50,38,63,56
LU4,LU4_G17_24,LU4_2024,320,306,305,328,120,113,120,120,62.25458563535911,17.82425414364641,31.258342541436463,74.16839779005525,104.52,44.46,66.19,128.54,166,151,145,158,-10.941878453038674,-10.203425414364641,-6.149806629834254,-8.65621546961326,61,49,27,50,2946.3,2682.54,2023.91,2528.9900000000002,50,36,61,57
LU4,LU4_H26_24,LU4_2024,320,306,305,328,120,114,118,120,47.252983425414364,17.62011049723757,25.234806629834253,70.18060773480663,82.28,38.59,53.63,120.9,166,161,143,158,-10.58792817679558,-9.87560773480663,-5.853287292817679,-8.349419889502762,58,49,27,48,2874.67,2616.59,1969.81,2468.2,51,38,60,58
LU4,LU4_I12_24,LU4_2024,320,305,305,328,120,113,120,120,65.69563535911603,18.75767955801105,33.62237569060773,74.84353591160222,110.49,48.09,69.57,128.68,166,152,145,158,-11.039060773480664,-10.265524861878452,-6.304198895027624,-8.75743093922652,63,49,28,50,2977.67,2706.59,2050.11,2545.53,50,37,62,56
LU4,LU4_I13_24,LU4_2024,320,305,305,328,120,113,120,120,65.3971270718232,18.74585635359116,29.64254143646409,73.81585635359116,109.95,47.89,63.63,128.29,166,152,145,158,-10.999419889502763,-10.23610497237569,-6.272790055248619,-8.726270718232044,63,49,28,49,2968.21,2698.6,2043.98,2538.84,50,37,63,56
LU4,LU4_I21_24,LU4_2024,320,306,305,328,120,113,120,120,59.86966850828729,17.60767955801105,28.615911602209945,72.46917127071823,101.63,42.16,60.96,126.01,166,151,146,158,-10.76146408839779,-10.036850828729282,-6.035635359116022,-8.507127071823204,58,48,27,50,2911.29,2649.09,2000.29,2495.68,49,37,62,57
LU4,LU4_I22_24,LU4_2024,320,306,305,328,120,113,120,120,59.26270718232044,17.487900552486188,27.807845303867403,71.79806629834255,100.87,41.78,59.41,124.97,166,151,146,158,-10.710828729281769,-9.98878453038674,-5.996325966850828,-8.464281767955802,58,48,27,49,2902.37,2641.56,1993.75,2487.59,49,37,62,57
LU4,LU4_J14_24,LU4_2024,320,305,305,328,120,113,120,120,65.74480662983426,18.786408839779007,33.41497237569061,74.58839779005525,110.57,48.23,69.44,128.31,166,152,145,158,-10.994198895027624,-10.230497237569061,-6.284309392265193,-8.726878453038674,62,49,28,51,2968.06,2697.89,2044.79,2537.4,50,37,63,56
LU4,LU4_J15_24,LU4_2024,320,305,305,328,120,113,120,120,65.82613259668508,18.775690607734806,32.88845303867404,74.44149171270718,110.83,48.39,68.6,128.21,166,152,145,158,-10.967154696132596,-10.206685082872928,-6.277209944751381,-8.70939226519337,62,49,28,51,2963.04,2692.67,2041.94,2531.95,50,37,63,55
LU4,LU4_J21_24,LU4_2024,320,306,305,328,120,113,120,120,62.01530386740332,17.97524861878453,28.737127071823206,72.19779005524862,105.84,44.28,61.94,125.58,166,151,144,158,-10.744088397790055,-10.020939226519337,-6.058480662983426,-8.502983425414365,58,48,27,50,2910.7,2647.82,2002.22,2492.06,49,37,62,57
LU4,LU4_J26_24,LU4_2024,320,306,305,328,120,114,118,120,46.0985635359116,17.657127071823204,25.595580110497238,70.35475138121546,82.06,39.28,54.87,121.23,166,154,143,158,-10.586381215469613,-9.865939226519338,-5.904834254143647,-8.359309392265192,58,49,27,48,2877.68,2614.75,1974.6,2464.56,50,36,61,56
LU4,LU4_K17_24,LU4_2024,320,306,305,328,120,113,120,120,63.548839779005526,18.13049723756906,31.634917127071823,73.46646408839779,107.38,45.85,70.37,127.54,166,151,145,158,-10.886906077348065,-10.143977900552485,-6.195883977900553,-8.633618784530388,61,48,27,50,2943,2675.94,2027.18,2517.29,50,37,62,55
LU4,LU4_K19_24,LU4_2024,320,306,305,328,120,113,120,120,61.962541436464086,18.085414364640883,31.70900552486188,73.51850828729282,105.5,43.72,69.56,127.49,166,151,145,158,-10.825303867403315,-10.093812154696133,-6.158784530386741,-8.586077348066299,59,48,27,50,2929.3,2663.13,2018.38,2505.67,50,36,62,56
LU4,LU4_K23_24,LU4_2024,320,306,305,328,120,113,120,120,57.12447513812155,17.615193370165745,27.27149171270718,71.43370165745857,99.31,40.83,58.63,124.54,166,153,146,158,-10.650193370165747,-9.930773480662983,-5.986270718232044,-8.425745856353592,58,48,27,48,2891.58,2628.98,1988.1299999999999,2475.78,50,36,64,56
LU4,LU4_K25_24,LU4_2024,320,306,305,328,120,113,119,120,53.22011049723757,17.486685082872928,26.417734806629834,70.82917127071823,91.97,41.35,56.74,123.58,166,153,145,158,-10.608950276243094,-9.891325966850829,-5.935745856353591,-8.384171270718232,58,48,27,48,2883.36,2622.35,1980.78,2469.47,51,36,62,56
LU4,LU4_L17_24,LU4_2024,320,306,305,328,120,113,120,120,64.52259668508287,18.72121546961326,28.628066298342542,73.69580110497238,109.26,46.84,62.4,128.36,166,151,145,158,-10.919972375690607,-10.172044198895028,-6.2519337016574585,-8.67403314917127,61,49,28,52,2951.74,2681.42,2034.61,2522.38,50,36,63,55
LU4,LU4_L18_24,LU4_2024,320,306,305,328,120,113,120,120,64.30867403314917,18.751381215469614,31.09353591160221,73.72132596685083,109.19,46.86,68.26,128.1,166,151,145,158,-10.875220994475137,-10.13610497237569,-6.215138121546961,-8.635524861878453,60,49,28,52,2941.25,2672.65,2027.52,2514.38,50,36,62,55
LU4,LU4_L23_24,LU4_2024,320,306,305,328,120,113,120,120,58.11922651933702,17.82475138121547,28.550662983425415,72.65530386740332,100.83,41.56,61.25,126.49,166,151,146,158,-10.714668508287293,-9.99306629834254,-6.053011049723756,-8.48635359116022,58,49,27,50,2903.13,2637.78,1997.67,2485.19,50,36,64,56
LU4,LU4_M12_24,LU4_2024,320,305,305,327,120,113,120,120,67.84292817679558,19.226408839779005,33.626077348066296,76.19270718232045,114.14,49.9,68.72,131.01,166,152,145,159,-11.095110497237568,-10.318701657458563,-6.423812154696132,-8.841685082872928,63,51,28,52,2988.92,2711.71,2063,2553.28,50,36,62,55
LU4,LU4_M14_24,LU4_2024,320,305,305,328,120,114,120,120,67.12099447513812,19.422541436464087,32.72618784530387,76.11337016574586,113.42,49.51,68.25,131.41,166,153,145,158,-11.041988950276243,-10.285414364640884,-6.377513812154696,-8.793480662983425,62,49,28,53,2974.46,2698.3,2052.54,2541.86,50,36,62,55
LU4,LU4_N15_24,LU4_2024,320,305,305,328,120,114,120,120,66.9414364640884,19.45707182320442,32.292375690607734,76.0042541436464,114.23,49.85,67.64,131.45,166,153,145,158,-11.01524861878453,-10.263839779005524,-6.370662983425414,-8.776077348066298,62,49,28,53,2969.52,2693.54,2049.89,2536.77,50,37,62,55
LU4,LU4_N30_24,LU4_2024,320,306,305,328,120,113,118,120,39.97254143646409,16.047624309392265,24.835911602209944,71.68707182320442,72.91,37.38,53.16,125.67,166,153,143,158,-10.547016574585635,-9.814585635359116,-5.894585635359116,-8.330966850828728,58,49,27,48,2868.86,2596.72,1966.3,2452.5,50,36,60,56
LU4,LU4_O10_24,LU4_2024,320,305,305,327,120,114,118,120,70.15138121546961,19.811767955801106,24.303370165745857,74.85154696132597,116.88,51.25,48.71,131.88,166,153,144,159,-11.176546961325966,-10.391408839779006,-6.530883977900553,-8.933701657458563,65,51,28,53,3006.08,2724.46,2078.36,2566.57,50,37,61,54
LU4,LU4_O13_24,LU4_2024,320,305,305,327,120,114,120,120,68.60022099447514,19.72668508287293,33.97138121546961,77.35767955801104,115.96,50.71,69.31,133.21,166,153,145,159,-11.141436464088398,-10.370801104972376,-6.487845303867403,-8.895552486187846,63,51,28,53,2995.35,2714.41,2069.61,2559.0099999999998,50,37,62,55
LU4,LU4_O16_24,LU4_2024,320,306,305,328,120,113,120,120,63.834198895027626,18.391491712707182,31.24767955801105,74.81458563535912,111.01,46.18,66,129.65,166,151,145,158,-10.920883977900553,-10.174861878453038,-6.307099447513812,-8.698011049723757,61,49,28,52,2952.79,2679.56,2038.81,2521.01,51,37,64,55
LU4,LU4_O17_24,LU4_2024,320,306,305,328,120,113,120,120,61.56696132596685,18.019116022099446,31.346629834254145,74.85480662983426,107.57,44.52,66.18,129.66,166,151,145,158,-10.888950276243094,-10.1496408839779,-6.278950276243094,-8.669226519337016,60,49,28,52,2944.62,2672.31,2032.99,2514.76,51,37,63,55
LU4,LU4_O21_24,LU4_2024,320,306,305,328,120,113,120,120,58.92337016574586,17.462762430939225,32.675193370165744,75.31458563535911,102.78,42.36,72.18,130.87,166,151,145,158,-10.873508287292818,-10.143591160220994,-6.241491712707182,-8.647430939226519,60,50,28,52,2934.49,2661.16,2024.05,2509.56,51,35,63,55
LU4,LU4_O22_24,LU4_2024,320,306,305,328,120,113,120,120,56.552762430939225,17.311767955801106,30.951657458563535,73.74668508287293,99.2,40.32,68.26,128.31,166,151,145,158,-10.77060773480663,-10.036712707182321,-6.151767955801105,-8.55256906077348,59,50,27,52,2917.57,2645.68,2010.42,2492.64,50,35,63,56
LU4,LU4_O23_24,LU4_2024,320,306,305,328,120,113,120,120,56.79574585635359,17.422762430939226,29.254309392265192,72.90795580110498,99.1,41.46,64.09,127.07,166,153,146,158,-10.712845303867404,-9.978508287292817,-6.083121546961326,-8.492127071823205,58,49,27,50,2905.69,2634.85,1999.72,2482.41,50,36,64,57
LU4,LU4_P15_24,LU4_2024,320,306,305,327,120,113,120,120,64.79624309392266,18.559502762430938,31.871436464088397,75.6917679558011,113.03,47.09,66.23,130.82,166,151,145,159,-10.984088397790055,-10.227044198895028,-6.384309392265194,-8.76621546961326,61,50,28,53,2967.24,2689.74,2050.6,2531.82,51,37,63,54
LU4,LU4_P17_24,LU4_2024,320,306,305,328,120,113,120,120,62.03099447513812,18.11292817679558,31.120773480662983,75.0856906077348,108.54,44.91,65.82,130.29,166,151,145,158,-10.920690607734807,-10.176629834254143,-6.318812154696133,-8.703591160220995,61,49,28,52,2951.8,2677.52,2038.92,2520.22,51,37,62,55
LU4,LU4_P22_24,LU4_2024,320,306,305,328,120,113,120,120,56.56182320441989,16.898342541436463,28.578508287292816,74.00696132596686,99.22,40.6,61.83,129.31,166,151,145,158,-10.807790055248619,-10.067734806629835,-6.209226519337016,-8.597790055248618,59,50,28,52,2926.94,2652.08,2018.3899999999999,2499.11,51,35,63,55
LU4,LU4_Q10_24,LU4_2024,320,305,305,327,120,114,118,120,69.47563535911603,20.016298342541436,24.188397790055248,74.673591160221,119.28,52.29,48.71,131.98,166,153,144,159,-11.155883977900553,-10.37378453038674,-6.550828729281768,-8.93414364640884,64,52,28,54,3002.89,2719.99,2079.21,2562.29,50,37,60,54
LU4,LU4_Q16_24,LU4_2024,320,306,305,327,120,113,120,120,62.88082872928177,18.237403314917128,31.7639226519337,75.71994475138122,110.27,45.71,66.06,131.04,166,151,145,159,-10.970138121546961,-10.215469613259668,-6.384889502762431,-8.761823204419889,61,50,28,53,2964.13,2686.36,2049.46,2529.48,51,37,63,54
LU4,LU4_Q20_24,LU4_2024,320,306,305,328,120,113,120,120,57.12558011049724,17.01121546961326,27.805966850828728,74.17806629834254,100.22,41.05,60.84,130.03,166,151,145,158,-10.840193370165746,-10.096187845303868,-6.250331491712707,-8.632955801104972,59,49,28,52,2934.18,2657.54,2024.45,2504.57,51,36,63,54
LU4,LU4_R14_24,LU4_2024,320,305,305,327,120,114,114,120,64.15116022099447,18.993867403314916,21.287513812154696,73.12812154696132,112.6,47.11,43.31,129.63,166,153,139,159,-11.005718232044199,-10.240524861878454,-6.43767955801105,-8.8057182320442,62,51,28,53,2974.31,2694.11,2058.52,2536.29,51,37,59,54
LU4,LU4_R7_24,LU4_2024,320,305,305,327,120,114,119,120,74.13563535911602,20.83088397790055,24.976519337016576,76.75618784530387,127.48,54.61,49.93,135.95,166,153,145,159,-11.356022099447515,-10.54853591160221,-6.746077348066298,-9.17767955801105,67,53,29,54,3043.86,2754.28,2111.52,2609.18,47,36,60,55
LU4,LU4_R9_24,LU4_2024,320,305,305,327,120,114,118,120,72.18872928176796,20.75806629834254,24.618729281767955,75.15519337016575,122.71,54.35,49.49,133.2,166,153,144,159,-11.262099447513812,-10.465552486187846,-6.663259668508287,-9.062596685082873,66,53,29,54,3025.08,2737.69,2097.09,2585.98,48,36,59,55
LU4,LU4_S17_24,LU4_2024,320,306,305,328,120,113,120,120,60.01950276243094,17.75110497237569,31.865524861878452,75.24508287292818,105.42,43.36,67.05,131.28,166,151,145,158,-10.941988950276244,-10.185690607734808,-6.381049723756906,-8.748812154696132,61,50,28,53,2958.61,2679.09,2046.5,2524.02,50,37,64,54
LU4,LU4_S18_24,LU4_2024,320,306,305,328,120,113,120,120,58.35867403314917,17.42193370165746,30.805801104972375,75.03795580110497,102.54,41.95,65.33,131.02,166,151,145,158,-10.907734806629835,-10.150828729281768,-6.346187845303867,-8.713977900552486,61,49,28,53,2951.49,2671.02,2039.69,2516.98,50,37,62,54
LU4,LU4_T8_24,LU4_2024,320,305,305,327,120,116,119,120,75.53806629834254,22.49674033149171,24.88193370165746,75.90668508287293,130.12,56.29,49.96,134.73,166,155,145,159,-11.286546961325968,-10.484779005524862,-6.714502762430939,-9.116298342541436,65,53,29,54,3031.85,2742.52,2104.65,2594.91,49,36,60,55
LU4,LU4_U15_24,LU4_2024,320,306,305,327,120,114,114,120,60.5353591160221,18.223977900552487,20.20243093922652,73.44331491712707,106.42,43.5,41.93,131.36,166,152,140,159,-11.030082872928176,-10.259337016574586,-6.48646408839779,-8.847348066298343,62,52,28,53,2977.94,2692.11,2062.39,2538.82,50,37,58,54
LU4,LU4_V17_24,LU4_2024,320,306,305,327,120,113,120,120,58.00011049723757,17.512872928176797,33.25839779005525,75.80668508287293,101.95,41.26,68.56,132.32,166,151,146,159,-11.00414364640884,-10.227044198895028,-6.460994475138121,-8.819198895027624,62,52,28,53,2972.55,2682.23,2055.55,2530.63,50,38,63,54
LU4,LU4_V19_24,LU4_2024,320,306,305,328,120,113,120,120,56.893977900552485,17.211381215469615,32.520552486187846,75.4778453038674,99.9,40.54,68.13,132.4,166,151,146,158,-10.979723756906077,-10.201795580110497,-6.432596685082873,-8.790939226519336,61,51,28,53,2966.93,2674.98,2049.68,2524.5,50,37,61,54
LU4,LU4_V25_24,LU4_2024,320,306,305,328,120,114,120,120,46.763591160221,17.414364640883978,26.141436464088397,74.41486187845304,82.7,38.33,58.04,131.8,166,154,147,158,-10.790497237569062,-10.02720994475138,-6.22707182320442,-8.59450276243094,59,50,28,51,2923.9,2636.44,2013.29,2488.1,50,36,63,54
LU4,LU4_W19_24,LU4_2024,320,306,305,328,120,113,120,120,55.40635359116022,16.88596685082873,31.154364640883976,75.64154696132597,97.31,39.4,65.86,132.63,166,151,146,158,-10.920165745856353,-10.141022099447515,-6.374171270718232,-8.730303867403315,61,50,28,53,2955.92,2664.45,2039.91,2513.27,51,37,60,54
LU4,LU4_Y25_24,LU4_2024,320,306,305,328,120,114,120,120,46.611933701657456,17.68220994475138,30.207348066298344,77.22403314917128,82.18,38.79,64.27,136.58,166,154,147,158,-10.870193370165746,-10.106160220994475,-6.32975138121547,-8.68425414364641,59,50,28,52,2936.77,2642.9900000000002,2024.22,2496.8,51,35,63,54
LU8,LU8_AB29_24,LU8_2024,317,306,305,326,120,109,113,120,45.885027624309394,13.870386740331492,15.421767955801105,44.424309392265194,81.22,28.02,33.45,78.8,169,169,137,160,-11.705276243093923,-10.661712707182321,-7.355193370165746,-9.656933701657458,74,57,34,58,3144.36,2912.07,2332.54,2710.37,45,32,57,48
LU8,LU8_AB31_24,LU8_2024,317,306,305,326,120,109,113,120,46.36033149171271,13.889005524861878,15.000773480662984,44.6060773480663,81.99,28.39,32.86,79.24,169,169,137,160,-11.65317679558011,-10.625801104972375,-7.312707182320442,-9.59339779005525,74,57,34,58,3136.56,2905.11,2324.81,2698.92,46,33,57,48
LU8,LU8_AC24_24,LU8_2024,317,306,305,326,120,108,111,120,44.60005524861879,13.450220994475139,14.087016574585634,42.90204419889503,79.24,27.89,30.9,76.5,169,168,135,160,-11.730939226519338,-10.667292817679558,-7.375027624309392,-9.707099447513812,75,56,34,58,3146.77,2912.46,2335.53,2720.2,44,31,55,48
LU8,LU8_AC25_24,LU8_2024,317,306,305,326,120,108,112,120,44.62011049723757,13.494972375690608,14.777624309392266,43.53966850828729,79.28,27.2,32.16,77.39,169,168,136,160,-11.737596685082872,-10.676160220994475,-7.378093922651933,-9.703011049723758,75,56,34,58,3148.78,2914.39,2336.45,2719.11,44,31,56,48
LU8,LU8_AC28_24,LU8_2024,317,306,305,326,120,109,113,120,45.73165745856353,13.841325966850828,15.22878453038674,44.06779005524862,80.9,27.94,33.09,78.22,169,169,137,160,-11.716022099447514,-10.668397790055248,-7.359060773480663,-9.663314917127071,75,57,34,58,3146.65,2912.53,2333.19,2711.51,44,32,57,48
LU8,LU8_AC29_24,LU8_2024,317,306,305,326,120,108,111,120,44.429337016574586,13.536243093922652,13.706132596685084,42.241270718232045,79.09,27.13,30.47,75.57,169,168,135,160,-11.591574585635358,-10.559171270718233,-7.246519337016575,-9.545386740331491,74,56,34,58,3123.92,2892.87,2314.06,2691.89,48,31,55,49
LU8,LU8_AC30_24,LU8_2024,317,306,305,326,120,109,112,120,45.690165745856355,13.756298342541436,14.500276243093923,43.85353591160221,80.95,27.96,31.92,78.08,169,169,136,160,-11.64439226519337,-10.612430939226519,-7.3004696132596685,-9.587458563535911,74,57,34,58,3134.5,2902.37,2322.86,2698.27,46,32,56,48
LU8,LU8_AC31_24,LU8_2024,317,306,305,326,120,109,112,120,45.94082872928177,13.727237569060774,14.438011049723757,43.627955801104974,81.4,28.16,31.81,77.8,169,169,136,160,-11.62110497237569,-10.595469613259668,-7.286491712707182,-9.557375690607735,74,57,34,58,3131.15,2899.32,2320.16,2692.6,46,33,56,48
LU8,LU8_AD27_24,LU8_2024,317,306,305,326,120,108,112,120,44.27149171270718,13.450552486187846,14.324585635359115,42.85734806629834,78.73,27,31.36,76.34,169,168,136,160,-11.706243093922652,-10.646933701657458,-7.34439226519337,-9.668674033149172,75,56,34,58,3143.44,2908.57,2330.84,2713.27,44,31,56,48
LU8,LU8_AD28_24,LU8_2024,317,306,305,326,120,109,113,120,45.82806629834254,13.858839779005525,15.395801104972376,44.29961325966851,80.99,27.99,33.33,78.54,169,169,137,160,-11.752016574585635,-10.69767955801105,-7.386933701657458,-9.699060773480664,75,57,35,58,3153.06,2917.59,2338.1,2717.62,44,32,57,48
LU8,LU8_AD29_24,LU8_2024,317,306,305,326,120,109,113,120,45.82674033149171,13.876022099447514,15.310110497237568,44.161988950276246,81.02,28,33.21,78.34,169,169,137,160,-11.734171270718232,-10.684116022099447,-7.372790055248619,-9.678066298342541,75,57,34,58,3150.25,2914.93,2335.49,2713.86,44,32,57,48
LU8,LU8_AE29_24,LU8_2024,317,306,305,326,120,107,105,120,41.0167955801105,12.625911602209944,11.879668508287294,38.56806629834254,74.34,25.68,27.02,69.51,169,167,122,160,-11.434696132596684,-10.402734806629834,-7.096629834254144,-9.397099447513812,73,55,33,57,3095.0099999999998,2863.92,2288.74,2667.61,47,30,48,51
LU8,LU8_M19_24,LU8_2024,314,305,305,322,120,116,120,120,66.19917127071824,19.90939226519337,34.921988950276244,67.90298342541436,109.55,41.72,64.06,114.31,172,177,159,164,-12.65621546961326,-11.532513812154695,-8.267983425414364,-10.539005524861878,81,62,39,59,3323.96,3084.79,2499.78,2863.21,41,35,65,44
LU8,LU8_N18_24,LU8_2024,314,305,305,322,120,116,120,120,66.263591160221,20.070441988950275,35.692486187845304,67.32607734806629,109.41,41.66,64.74,113.54,172,177,159,164,-12.708232044198896,-11.579530386740332,-8.304116022099448,-10.602127071823205,81,62,39,60,3332.94,3092.86,2506.09,2874.4900000000002,40,35,65,43
LU8,LU8_N19_24,LU8_2024,314,305,305,322,120,116,120,120,66.19961325966851,19.98635359116022,35.28889502762431,68.06723756906078,109.38,41.62,64.64,114.65,172,177,159,164,-12.682569060773481,-11.55596685082873,-8.286381215469614,-10.571022099447514,81,62,39,60,3328.6,3088.91,2503.01,2868.87,40,35,65,44
LU8,LU8_N20_24,LU8_2024,317,305,305,322,120,115,120,120,63.624198895027625,19.354475138121547,33.103149171270715,65.75160220994475,107.05,40.71,61.27,110.85,169,176,159,164,-12.563922651933702,-11.448756906077348,-8.181850828729281,-10.455193370165746,81,62,38,59,3305.99,3068,2483.21,2848.61,41,34,65,44
LU8,LU8_O20_24,LU8_2024,317,305,305,322,120,114,120,120,61.3178453038674,18.537790055248617,30.635580110497237,63.11690607734806,103.67,39.24,57.4,106.8,169,175,159,164,-12.46353591160221,-11.358259668508287,-8.084944751381215,-10.368259668508287,79,61,36,59,3286.25,3049.35,2464.6,2833.46,40,34,65,44
LU8,LU8_S24_24,LU8_2024,317,306,305,327,120,112,117,120,51.62624309392265,14.95779005524862,19.288950276243092,51.01613259668508,89.69,32.56,39.98,89.53,169,172,141,159,-11.955276243093923,-10.904060773480662,-7.620939226519337,-9.893397790055248,76,57,35,59,3189.17,2959.64,2378.86,2751.47,44,35,58,50
LU8,LU8_S25_24,LU8_2024,317,306,305,327,120,112,117,120,51.78243093922652,15.014585635359117,19.32635359116022,51.040165745856356,89.95,32.69,40.11,89.59,169,172,141,159,-11.945165745856354,-10.895193370165746,-7.611436464088398,-9.878867403314917,76,57,35,59,3187.65,2958.23,2377.13,2748.84,44,35,58,50
LU8,LU8_T25_24,LU8_2024,317,306,305,327,120,112,116,120,50.47348066298343,14.645027624309392,18.8760773480663,50.432099447513814,87.96,31.25,39.31,88.61,169,172,140,159,-11.942541436464088,-10.890773480662983,-7.606933701657459,-9.883674033149171,76,57,35,59,3186.62,2956.82,2376.13,2749.74,44,35,57,50
LU9,LU9_100,LU9_2023,305,313,311,305,120,120,113,99,42.500055248618786,49.57734806629834,15.626408839779005,9.447016574585636,66.92,88.06,33.36,28.42,181,173,168,116,-7.794585635359116,-10.177790055248618,-9.417265193370167,-5.486906077348066,40,58,50,25,2361.37,2851.61,2662.75,1973.09,73,56,51,48
LU9,LU9_102,LU9_2023,305,313,311,305,120,120,112,97,36.048563535911605,44.91497237569061,13.623701657458563,7.980165745856354,55.61,82.76,31.39,25.23,179,173,164,114,-7.523729281767956,-9.746795580110497,-9.08378453038674,-5.372596685082873,36,53,50,25,2329.2,2772.93,2630.6,1970.19,75,61,56,47
LU9,LU9_106,LU9_2023,305,313,305,305,120,120,113,99,43.72419889502763,51.33563535911602,16.251160220994475,9.870276243093922,69.21,90.74,33.45,28.85,181,173,174,116,-7.836353591160221,-10.224005524861878,-9.450110497237569,-5.520828729281768,40,58,50,25,2371.47,2861.67,2669.81,1982.38,73,55,53,48
LU9,LU9_112,LU9_2023,305,313,305,305,120,120,112,100,43.392375690607736,53.61790055248619,16.03646408839779,10.565303867403316,67.65,94.67,33.67,29.64,181,173,173,117,-7.928011049723757,-10.346685082872929,-9.534696132596686,-5.568121546961326,40,60,50,25,2388.38,2886.56,2680.17,1989.14,73,54,52,48
LU9,LU9_113,LU9_2023,305,316,305,305,120,120,114,102,42.245027624309394,52.31232044198895,17.861104972375692,12.865082872928177,66.53,92.86,37.85,33.55,181,170,175,119,-7.944281767955801,-10.374613259668509,-9.5557182320442,-5.580414364640884,40,60,50,25,2389.46,2891.54,2681.2,1990.75,73,54,53,49
LU9,LU9_12,LU9_2023,305,313,309,305,120,120,110,93,26.075801104972374,39.00828729281768,12.616132596685082,5.3234806629834255,38.41,73.06,28.57,20.64,178,173,165,106,-7.144558011049724,-9.34353591160221,-8.815414364640883,-5.126298342541436,32,51,47,24,2235.71,2684.38,2568.66,1905.53,74,61,56,41
LU9,LU9_13,LU9_2023,305,313,309,305,120,120,112,94,29.68707182320442,41.37552486187845,14.37232044198895,7.18707182320442,43.3,74.96,31.94,24.88,178,173,167,112,-7.338977900552486,-9.66121546961326,-9.04414364640884,-5.233701657458563,34,51,48,26,2256.7,2741.69,2592.45,1920.37,70,59,52,43
LU9,LU9_18,LU9_2023,305,313,309,305,120,120,110,93,26.15977900552486,39.061546961325966,12.606022099447515,5.316077348066298,38.55,73.18,28.56,20.61,178,173,165,106,-7.155801104972376,-9.35182320441989,-8.818977900552486,-5.131132596685083,32,51,47,24,2239.46,2686.63,2570.47,1907.04,74,61,56,41
LU9,LU9_21,LU9_2023,305,313,309,305,120,120,109,93,26.717127071823203,39.12944751381215,12.503922651933701,5.235524861878453,39.92,73.42,28.38,20.36,178,173,164,106,-7.165165745856354,-9.345635359116022,-8.814226519337016,-5.135386740331492,33,51,47,25,2245.38,2687.12,2572.67,1909.15,74,61,55,42
LU9,LU9_24,LU9_2023,305,313,309,305,120,120,110,93,29.063867403314916,40.52917127071823,12.849226519337016,6.045469613259669,41.78,75.52,29.03,22.25,178,173,165,107,-7.2785082872928175,-9.497044198895027,-8.93060773480663,-5.209005524861879,33,51,48,25,2265.39,2715.91,2591.33,1923.15,74,61,56,43
LU9,LU9_27,LU9_2023,305,313,309,305,120,120,112,96,32.170110497237566,42.2239226519337,14.292099447513813,7.946298342541437,48.25,74.32,31.02,25.99,179,173,167,114,-7.459696132596685,-9.820303867403315,-9.156906077348067,-5.295966850828729,35,51,48,26,2276.74,2773.76,2607.67,1930.71,70,58,50,45
LU9,LU9_28,LU9_2023,305,313,309,305,120,120,109,93,28.74756906077348,40.646187845303864,12.534364640883977,5.717679558011049,41.59,76.14,28.47,21.35,178,173,164,107,-7.247762430939226,-9.431160220994474,-8.882154696132597,-5.192182320441989,33,51,48,24,2266.41,2705.1,2587.94,1922.4,74,61,55,44
LU9,LU9_29,LU9_2023,305,313,309,305,120,120,110,93,29.242154696132598,40.73602209944751,12.807955801104972,6.079668508287293,42.03,75.93,28.97,22.28,178,173,165,107,-7.288563535911602,-9.502099447513812,-8.93524861878453,-5.217790055248619,33,51,48,24,2269.15,2717.44,2593.51,1926.42,74,61,56,43
LU9,LU9_30,LU9_2023,305,313,309,305,120,120,112,95,31.455138121546963,42.60801104972376,13.439779005524862,7.520165745856354,45.93,78.57,30.16,25.32,178,173,167,113,-7.446243093922652,-9.731077348066298,-9.109696132596685,-5.320662983425414,35,52,49,25,2293.06,2760.23,2618.56,1944.64,72,60,57,46
LU9,LU9_31,LU9_2023,305,313,309,305,120,120,111,93,29.776685082872927,41.71911602209945,13.27049723756906,6.8486187845303865,43.5,77.17,29.8,24.08,178,173,166,111,-7.381574585635359,-9.646298342541437,-9.041740331491713,-5.272790055248619,35,51,49,25,2281.46,2744,2607.33,1934.31,73,61,57,45
LU9,LU9_32,LU9_2023,305,313,309,305,120,120,112,95,30.582817679558012,42.40922651933702,13.534364640883977,7.411823204419889,44.42,78.12,30.27,25.19,178,173,167,113,-7.437265193370166,-9.729861878453038,-9.104944751381215,-5.308342541436464,35,51,49,25,2289.14,2759.27,2615.92,1940.22,71,61,56,46
LU9,LU9_33,LU9_2023,305,313,309,305,120,120,112,95,30.71414364640884,42.55182320441989,13.628453038674033,7.493756906077348,44.65,78.29,30.41,25.36,178,173,167,113,-7.450524861878453,-9.75085635359116,-9.119475138121548,-5.314834254143646,35,52,49,25,2290.68,2763.23,2617.48,1941.12,71,60,56,46
LU9,LU9_39,LU9_2023,305,313,309,305,120,120,113,96,32.54027624309392,43.19635359116022,14.862541436464088,7.76,48.82,77.67,32.77,25.76,178,173,168,114,-7.459668508287293,-9.78939226519337,-9.132955801104972,-5.296546961325967,34,51,49,26,2287.52,2770.18,2610.39,1933.8600000000001,70,59,52,45
LU9,LU9_41,LU9_2023,305,313,309,305,120,120,111,93,30.338729281767957,42.008729281767955,12.956298342541437,6.682044198895028,43.74,78.1,29.3,23.55,178,173,166,111,-7.361850828729282,-9.594226519337017,-9.007237569060774,-5.267265193370166,35,51,48,25,2284.39,2735.83,2606.36,1936.18,73,61,57,45
LU9,LU9_44,LU9_2023,305,313,309,305,120,120,113,96,33.86696132596685,44.409723756906075,15.09707182320442,7.810110497237569,50.67,79.64,33.2,25.86,178,173,170,114,-7.529530386740332,-9.873259668508288,-9.197403314917127,-5.340662983425414,36,51,49,26,2302.77,2786.93,2622.42,1942.88,70,58,53,47
LU9,LU9_5,LU9_2023,305,313,309,305,120,120,109,93,25.02646408839779,38.19292817679558,12.332983425414366,4.847900552486188,37.4,71.94,28.03,19.51,178,173,164,105,-7.056104972375691,-9.226077348066298,-8.728618784530386,-5.071629834254144,32,51,46,24,2219.76,2661.94,2554.62,1895.06,74,63,56,42
LU9,LU9_51,LU9_2023,305,313,309,305,120,120,112,98,36.19082872928177,45.97933701657458,15.2007182320442,8.668011049723757,54.81,81.05,32.08,27.12,181,173,169,116,-7.6464088397790055,-10.0303591160221,-9.312348066298343,-5.406657458563536,37,56,50,26,2320.79,2818.13,2637.32,1954.3,72,57,51,49
LU9,LU9_55,LU9_2023,305,313,309,305,120,120,113,97,33.46287292817679,44.94066298342541,15.373812154696132,8.33303867403315,49.92,81.67,33.61,26.8,178,173,170,115,-7.59353591160221,-9.949668508287292,-9.255193370165745,-5.380773480662984,37,53,49,26,2316.71,2802.27,2633.5099999999998,1951.1,70,58,54,48
LU9,LU9_57,LU9_2023,305,313,309,305,120,120,113,97,35.32364640883978,45.73552486187845,15.440386740331492,8.255414364640885,53.35,81.64,33.54,26.54,178,173,170,115,-7.605580110497238,-9.96243093922652,-9.261988950276242,-5.380524861878453,37,54,49,26,2318.39,2805.6,2632.98,1950.66,70,57,53,48
LU9,LU9_6,LU9_2023,305,313,309,305,120,120,109,93,24.905801104972376,38.077734806629834,12.335414364640885,5.277237569060773,37.26,71.4,27.98,20.59,178,173,164,106,-7.055220994475138,-9.23975138121547,-8.740331491712707,-5.069779005524862,32,51,46,24,2216.62,2663.92,2553.74,1893.57,73,63,56,42
LU9,LU9_62,LU9_2023,305,313,309,305,120,120,110,95,33.35646408839779,43.30745856353591,12.750718232044198,7.202320441988951,47.91,79.34,28.52,24.27,179,173,165,113,-7.431325966850829,-9.66853591160221,-9.0546408839779,-5.314171270718232,36,52,49,25,2302.01,2752.3,2617.63,1949.8700000000001,74,60,56,46
LU9,LU9_63,LU9_2023,305,313,309,305,120,120,111,95,33.97436464088398,43.85895027624309,13.284419889502763,7.630773480662983,48.65,79.96,29.9,25.24,179,173,166,113,-7.4771823204419885,-9.74660220994475,-9.115773480662984,-5.338121546961326,36,52,49,25,2306.45,2766.1,2624.2,1951.18,73,60,56,46
LU9,LU9_64,LU9_2023,305,313,309,305,120,120,110,95,33.764972375690604,43.619447513812155,12.943370165745856,7.394585635359116,48.56,79.68,28.83,24.71,179,173,165,113,-7.46232044198895,-9.717790055248619,-9.090773480662984,-5.32767955801105,36,52,49,25,2306.56,2761.45,2621.76,1950.72,74,60,55,46
LU9,LU9_65,LU9_2023,305,313,309,305,120,120,112,97,33.46447513812155,44.80220994475138,13.922983425414365,8.259779005524862,49.84,81.81,30.11,26.54,179,173,169,115,-7.598867403314917,-9.934585635359117,-9.242209944751382,-5.389613259668508,36,54,49,25,2323.74,2801.36,2636.86,1956.63,71,58,53,48
LU9,LU9_67,LU9_2023,305,313,309,305,120,120,113,97,37.03022099447514,46.63121546961326,15.876353591160221,8.621436464088397,54.91,82.56,33.78,27.16,181,173,170,115,-7.653563535911602,-10.022016574585635,-9.306823204419889,-5.408370165745857,39,56,50,26,2327.65,2817.7,2640.21,1955.88,72,57,52,48
LU9,LU9_68,LU9_2023,305,313,309,305,120,120,113,98,37.953756906077345,46.68110497237569,15.397790055248619,8.929613259668509,56.54,82.58,32.35,27.56,181,173,170,116,-7.693480662983426,-10.07732044198895,-9.346767955801106,-5.431933701657458,38,57,50,26,2333.42,2828.64,2644.79,1959.92,72,57,51,49
LU9,LU9_7,LU9_2023,305,313,309,305,120,120,109,93,25.654419889502762,38.55066298342541,12.575082872928176,5.176353591160221,38.02,72.31,28.48,20.31,178,173,164,105,-7.115939226519337,-9.312292817679557,-8.79243093922652,-5.107237569060773,32,51,46,24,2229.29,2678.33,2563.59,1901.28,73,62,55,41
LU9,LU9_72,LU9_2023,305,313,309,305,120,120,110,95,33.71574585635359,43.6024861878453,12.876243093922652,7.280662983425414,50.16,79.73,28.67,24.36,179,173,165,112,-7.470828729281768,-9.718618784530387,-9.081988950276243,-5.329447513812155,36,52,49,25,2311.59,2762.95,2622.55,1953.21,75,60,55,45
LU9,LU9_73,LU9_2023,305,313,309,305,120,120,112,97,33.991546961325966,44.71403314917127,13.837237569060774,8.12513812154696,50.02,81.74,29.98,26.22,181,173,169,115,-7.596988950276243,-9.922845303867403,-9.231629834254143,-5.389475138121547,36,53,49,25,2325.65,2800.04,2636.69,1958.29,72,59,53,48
LU9,LU9_75,LU9_2023,305,313,309,305,120,120,113,97,34.676187845303865,45.25585635359116,15.054364640883978,8.22475138121547,51.3,82.27,32.57,26.46,181,173,170,115,-7.620524861878453,-9.961933701657458,-9.259088397790055,-5.388591160220995,38,54,49,25,2327.53,2807.18,2637.48,1954.21,71,57,54,48
LU9,LU9_76,LU9_2023,305,313,309,305,120,120,113,97,37.55370165745856,47.00618784530387,15.54817679558011,8.607016574585636,55.87,83.44,32.82,27.09,181,173,170,115,-7.673950276243094,-10.02914364640884,-9.308950276243094,-5.418149171270718,39,56,50,25,2337.4,2820.75,2645.04,1959.61,71,57,53,48
LU9,LU9_77,LU9_2023,305,313,309,305,120,120,113,97,37.689447513812155,47.0828729281768,15.687845303867404,8.681270718232044,56.15,83.71,32.88,27.22,181,173,170,115,-7.679834254143646,-10.043093922651934,-9.320027624309393,-5.421132596685083,39,57,50,25,2336.01,2823.13,2644.62,1959.31,71,57,52,48
LU9,LU9_79,LU9_2023,305,313,311,305,120,120,112,95,33.92972375690608,44.11243093922652,13.579668508287293,7.318453038674033,51.08,81.55,31.16,24.06,179,173,164,112,-7.459033149171271,-9.681022099447514,-9.046767955801105,-5.327458563535911,36,52,50,25,2313.16,2757.96,2621.5,1956.74,75,60,57,45
LU9,LU9_8,LU9_2023,305,313,309,305,120,120,110,93,25.823977900552485,38.690441988950276,12.717182320441989,5.7569060773480665,38.12,72.38,28.74,21.74,178,173,165,106,-7.129502762430939,-9.343011049723756,-8.818922651933702,-5.116243093922652,32,51,46,24,2228.51,2683.18,2565.37,1901.92,73,61,56,41
LU9,LU9_80,LU9_2023,305,313,311,305,120,120,112,95,34.0875138121547,44.17756906077348,13.672651933701658,7.236132596685083,51.59,81.52,31.27,24.05,179,173,164,112,-7.458674033149172,-9.691491712707183,-9.057486187845305,-5.324613259668508,36,52,50,25,2311.45,2758.8,2621.09,1954.53,74,60,57,45
LU9,LU9_81,LU9_2023,305,313,309,305,120,120,112,97,34.474530386740334,45.03204419889503,13.960497237569061,8.137569060773481,50.95,82.11,30.06,26.25,181,173,169,115,-7.609613259668508,-9.940690607734807,-9.241933701657459,-5.3893370165745855,37,53,49,25,2328.03,2803.45,2637,1956.86,72,57,53,48
LU9,LU9_82,LU9_2023,305,313,309,305,120,120,113,97,35.75016574585636,45.96574585635359,15.434696132596684,8.515966850828729,53.18,83.28,32.74,26.88,181,173,170,114,-7.669944751381215,-10.015662983425415,-9.297430939226519,-5.418453038674033,39,56,50,25,2338.98,2818.77,2645.01,1961.38,71,57,53,47
LU9,LU9_85,LU9_2023,305,313,311,305,120,120,112,95,34.60447513812154,44.009171270718234,13.44171270718232,7.245193370165746,53.57,81.39,30.94,23.88,179,173,164,112,-7.451104972375691,-9.658232044198895,-9.025055248618784,-5.323149171270718,36,52,50,25,2313.78,2754.66,2619.82,1958.21,75,61,57,46
LU9,LU9_86,LU9_2023,305,313,311,305,120,120,112,97,38.57756906077348,46.59220994475138,13.85121546961326,8.56596685082873,60.04,84.45,30.16,26.83,181,173,165,114,-7.678066298342541,-10.014198895027624,-9.293839779005525,-5.437375690607735,38,55,50,25,2344.46,2819.37,2647.84,1969.65,73,58,50,46
LU9,LU9_87,LU9_2023,305,313,309,305,120,120,113,98,40.99414364640884,48.53436464088398,15.802044198895027,9.099944751381216,64.05,85.61,33.1,27.88,181,173,170,115,-7.740082872928177,-10.108121546961327,-9.367348066298343,-5.45975138121547,40,57,50,25,2351.22,2837.21,2655.49,1968.79,72,56,53,47
LU9,LU9_90,LU9_2023,305,313,309,305,120,120,112,99,39.24022099447514,50.21618784530387,15.629834254143645,9.592541436464089,60.42,88.92,31.88,28.47,181,173,169,117,-7.8128729281767955,-10.208701657458564,-9.4384254143646409,-5.496878453038674,40,59,50,25,2362.3,2857.66,2662.94,1973.74,72,55,50,49
LU9,LU9_93,LU9_2023,305,313,311,305,120,120,112,96,35.66900552486188,44.778950276243094,13.631160220994476,7.889447513812154,54.93,82.55,31.38,25.09,179,173,164,113,-7.510524861878453,-9.735331491712707,-9.07986187845304,-5.3631215469613265,36,52,50,25,2324.75,2769.94,2628.79,1966.99,74,61,56,46
LU9,LU9_94,LU9_2023,305,313,311,305,120,120,112,97,37.470883977900556,45.60983425414365,13.825524861878453,8.36878453038674,56.2,84.07,31.79,25.95,181,173,164,114,-7.562983425414364,-9.80475138121547,-9.129696132596685,-5.396546961325967,36,54,50,25,2334.54,2783.91,2636.96,1973.61,74,61,56,47
LU9,LU9_96,LU9_2023,305,313,311,305,120,120,112,98,38.668342541436466,46.71640883977901,13.864475138121547,8.639723756906077,60.54,84.95,30.14,26.81,181,173,165,115,-7.7048342541436465,-10.037486187845303,-9.306988950276244,-5.456381215469613,39,57,50,25,2352.17,2825.28,2651.93,1975.71,73,57,50,47
LU9,LU9_98,LU9_2023,305,313,311,305,120,120,113,99,41.41265193370166,48.6332044198895,15.299116022099447,9.307790055248619,64.75,86.84,33.16,28.12,181,173,168,116,-7.767209944751381,-10.133839779005525,-9.3846408839779,-5.488121546961326,40,57,50,25,2359.38,2843.07,2660.76,1977.93,73,56,52,48
