array,site,camera_days,species,detections,presence
LU2,LU2_100,206,black bear,2,1
LU2,LU2_100,206,caribou,0,0
LU2,LU2_100,206,cougar,0,0
LU2,LU2_100,206,coyote,3,1
LU2,LU2_100,206,fisher,3,1
LU2,LU2_100,206,grey wolf,0,0
LU2,LU2_100,206,lynx,4,1
LU2,LU2_100,206,moose,0,0
LU2,LU2_100,206,red fox,6,1
LU2,LU2_100,206,red squirrel,3,1
LU2,LU2_100,206,snowshoe hare,13,1
LU2,LU2_100,206,white-tailed deer,35,1
LU2,LU2_100,206,wolverine,0,0
LU2,LU2_101,210,black bear,11,1
LU2,LU2_101,210,caribou,0,0
LU2,LU2_101,210,cougar,0,0
LU2,LU2_101,210,coyote,14,1
LU2,LU2_101,210,fisher,1,1
LU2,LU2_101,210,grey wolf,0,0
LU2,LU2_101,210,lynx,4,1
LU2,LU2_101,210,moose,0,0
LU2,LU2_101,210,red fox,0,0
LU2,LU2_101,210,red squirrel,2,1
LU2,LU2_101,210,snowshoe hare,19,1
LU2,LU2_101,210,white-tailed deer,54,1
LU2,LU2_101,210,wolverine,0,0
LU2,LU2_106,209,black bear,2,1
LU2,LU2_106,209,caribou,0,0
LU2,LU2_106,209,cougar,0,0
LU2,LU2_106,209,coyote,26,1
LU2,LU2_106,209,fisher,0,0
LU2,LU2_106,209,grey wolf,0,0
LU2,LU2_106,209,lynx,0,0
LU2,LU2_106,209,moose,1,1
LU2,LU2_106,209,red fox,0,0
LU2,LU2_106,209,red squirrel,7,1
LU2,LU2_106,209,snowshoe hare,21,1
LU2,LU2_106,209,white-tailed deer,29,1
LU2,LU2_106,209,wolverine,0,0
LU2,LU2_110,425,black bear,6,1
LU2,LU2_110,425,caribou,0,0
LU2,LU2_110,425,cougar,0,0
LU2,LU2_110,425,coyote,4,1
LU2,LU2_110,425,fisher,2,1
LU2,LU2_110,425,grey wolf,0,0
LU2,LU2_110,425,lynx,5,1
LU2,LU2_110,425,moose,0,0
LU2,LU2_110,425,red fox,0,0
LU2,LU2_110,425,red squirrel,2,1
LU2,LU2_110,425,snowshoe hare,59,1
LU2,LU2_110,425,white-tailed deer,45,1
LU2,LU2_110,425,wolverine,0,0
LU2,LU2_119,423,black bear,7,1
LU2,LU2_119,423,caribou,0,0
LU2,LU2_119,423,cougar,1,1
LU2,LU2_119,423,coyote,22,1
LU2,LU2_119,423,fisher,1,1
LU2,LU2_119,423,grey wolf,0,0
LU2,LU2_119,423,lynx,9,1
LU2,LU2_119,423,moose,3,1
LU2,LU2_119,423,red fox,0,0
LU2,LU2_119,423,red squirrel,0,0
LU2,LU2_119,423,snowshoe hare,77,1
LU2,LU2_119,423,white-tailed deer,24,1
LU2,LU2_119,423,wolverine,0,0
LU2,LU2_123,206,black bear,8,1
LU2,LU2_123,206,caribou,0,0
LU2,LU2_123,206,cougar,0,0
LU2,LU2_123,206,coyote,0,0
LU2,LU2_123,206,fisher,1,1
LU2,LU2_123,206,grey wolf,0,0
LU2,LU2_123,206,lynx,0,0
LU2,LU2_123,206,moose,4,1
LU2,LU2_123,206,red fox,1,1
LU2,LU2_123,206,red squirrel,15,1
LU2,LU2_123,206,snowshoe hare,0,0
LU2,LU2_123,206,white-tailed deer,9,1
LU2,LU2_123,206,wolverine,0,0
LU2,LU2_13,210,black bear,1,1
LU2,LU2_13,210,caribou,0,0
LU2,LU2_13,210,cougar,0,0
LU2,LU2_13,210,coyote,5,1
LU2,LU2_13,210,fisher,1,1
LU2,LU2_13,210,grey wolf,1,1
LU2,LU2_13,210,lynx,2,1
LU2,LU2_13,210,moose,0,0
LU2,LU2_13,210,red fox,0,0
LU2,LU2_13,210,red squirrel,5,1
LU2,LU2_13,210,snowshoe hare,46,1
LU2,LU2_13,210,white-tailed deer,11,1
LU2,LU2_13,210,wolverine,0,0
LU2,LU2_137,423,black bear,2,1
LU2,LU2_137,423,caribou,0,0
LU2,LU2_137,423,cougar,1,1
LU2,LU2_137,423,coyote,8,1
LU2,LU2_137,423,fisher,0,0
LU2,LU2_137,423,grey wolf,0,0
LU2,LU2_137,423,lynx,0,0
LU2,LU2_137,423,moose,1,1
LU2,LU2_137,423,red fox,0,0
LU2,LU2_137,423,red squirrel,0,0
LU2,LU2_137,423,snowshoe hare,7,1
LU2,LU2_137,423,white-tailed deer,71,1
LU2,LU2_137,423,wolverine,0,0
LU2,LU2_143,424,black bear,14,1
LU2,LU2_143,424,caribou,0,0
LU2,LU2_143,424,cougar,0,0
LU2,LU2_143,424,coyote,4,1
LU2,LU2_143,424,fisher,1,1
LU2,LU2_143,424,grey wolf,2,1
LU2,LU2_143,424,lynx,3,1
LU2,LU2_143,424,moose,5,1
LU2,LU2_143,424,red fox,0,0
LU2,LU2_143,424,red squirrel,1,1
LU2,LU2_143,424,snowshoe hare,5,1
LU2,LU2_143,424,white-tailed deer,42,1
LU2,LU2_143,424,wolverine,0,0
LU2,LU2_15,210,black bear,1,1
LU2,LU2_15,210,caribou,0,0
LU2,LU2_15,210,cougar,0,0
LU2,LU2_15,210,coyote,0,0
LU2,LU2_15,210,fisher,0,0
LU2,LU2_15,210,grey wolf,0,0
LU2,LU2_15,210,lynx,0,0
LU2,LU2_15,210,moose,0,0
LU2,LU2_15,210,red fox,0,0
LU2,LU2_15,210,red squirrel,0,0
LU2,LU2_15,210,snowshoe hare,0,0
LU2,LU2_15,210,white-tailed deer,3,1
LU2,LU2_15,210,wolverine,0,0
LU2,LU2_153,425,black bear,14,1
LU2,LU2_153,425,caribou,0,0
LU2,LU2_153,425,cougar,0,0
LU2,LU2_153,425,coyote,5,1
LU2,LU2_153,425,fisher,0,0
LU2,LU2_153,425,grey wolf,2,1
LU2,LU2_153,425,lynx,0,0
LU2,LU2_153,425,moose,1,1
LU2,LU2_153,425,red fox,0,0
LU2,LU2_153,425,red squirrel,0,0
LU2,LU2_153,425,snowshoe hare,0,0
LU2,LU2_153,425,white-tailed deer,132,1
LU2,LU2_153,425,wolverine,0,0
LU2,LU2_155,423,black bear,5,1
LU2,LU2_155,423,caribou,0,0
LU2,LU2_155,423,cougar,1,1
LU2,LU2_155,423,coyote,1,1
LU2,LU2_155,423,fisher,0,0
LU2,LU2_155,423,grey wolf,3,1
LU2,LU2_155,423,lynx,0,0
LU2,LU2_155,423,moose,2,1
LU2,LU2_155,423,red fox,0,0
LU2,LU2_155,423,red squirrel,0,0
LU2,LU2_155,423,snowshoe hare,8,1
LU2,LU2_155,423,white-tailed deer,91,1
LU2,LU2_155,423,wolverine,0,0
LU2,LU2_17,423,black bear,14,1
LU2,LU2_17,423,caribou,0,0
LU2,LU2_17,423,cougar,1,1
LU2,LU2_17,423,coyote,4,1
LU2,LU2_17,423,fisher,0,0
LU2,LU2_17,423,grey wolf,4,1
LU2,LU2_17,423,lynx,0,0
LU2,LU2_17,423,moose,6,1
LU2,LU2_17,423,red fox,0,0
LU2,LU2_17,423,red squirrel,2,1
LU2,LU2_17,423,snowshoe hare,87,1
LU2,LU2_17,423,white-tailed deer,61,1
LU2,LU2_17,423,wolverine,0,0
LU2,LU2_18,425,black bear,7,1
LU2,LU2_18,425,caribou,0,0
LU2,LU2_18,425,cougar,0,0
LU2,LU2_18,425,coyote,2,1
LU2,LU2_18,425,fisher,3,1
LU2,LU2_18,425,grey wolf,3,1
LU2,LU2_18,425,lynx,9,1
LU2,LU2_18,425,moose,2,1
LU2,LU2_18,425,red fox,0,0
LU2,LU2_18,425,red squirrel,3,1
LU2,LU2_18,425,snowshoe hare,79,1
LU2,LU2_18,425,white-tailed deer,30,1
LU2,LU2_18,425,wolverine,0,0
LU2,LU2_20,422,black bear,15,1
LU2,LU2_20,422,caribou,0,0
LU2,LU2_20,422,cougar,2,1
LU2,LU2_20,422,coyote,3,1
LU2,LU2_20,422,fisher,0,0
LU2,LU2_20,422,grey wolf,0,0
LU2,LU2_20,422,lynx,0,0
LU2,LU2_20,422,moose,4,1
LU2,LU2_20,422,red fox,0,0
LU2,LU2_20,422,red squirrel,0,0
LU2,LU2_20,422,snowshoe hare,0,0
LU2,LU2_20,422,white-tailed deer,62,1
LU2,LU2_20,422,wolverine,0,0
LU2,LU2_21,422,black bear,17,1
LU2,LU2_21,422,caribou,0,0
LU2,LU2_21,422,cougar,0,0
LU2,LU2_21,422,coyote,2,1
LU2,LU2_21,422,fisher,7,1
LU2,LU2_21,422,grey wolf,0,0
LU2,LU2_21,422,lynx,1,1
LU2,LU2_21,422,moose,3,1
LU2,LU2_21,422,red fox,0,0
LU2,LU2_21,422,red squirrel,6,1
LU2,LU2_21,422,snowshoe hare,9,1
LU2,LU2_21,422,white-tailed deer,49,1
LU2,LU2_21,422,wolverine,0,0
LU2,LU2_24,426,black bear,15,1
LU2,LU2_24,426,caribou,0,0
LU2,LU2_24,426,cougar,0,0
LU2,LU2_24,426,coyote,6,1
LU2,LU2_24,426,fisher,0,0
LU2,LU2_24,426,grey wolf,1,1
LU2,LU2_24,426,lynx,1,1
LU2,LU2_24,426,moose,0,0
LU2,LU2_24,426,red fox,0,0
LU2,LU2_24,426,red squirrel,2,1
LU2,LU2_24,426,snowshoe hare,101,1
LU2,LU2_24,426,white-tailed deer,44,1
LU2,LU2_24,426,wolverine,0,0
LU2,LU2_25,424,black bear,8,1
LU2,LU2_25,424,caribou,0,0
LU2,LU2_25,424,cougar,3,1
LU2,LU2_25,424,coyote,17,1
LU2,LU2_25,424,fisher,9,1
LU2,LU2_25,424,grey wolf,0,0
LU2,LU2_25,424,lynx,1,1
LU2,LU2_25,424,moose,1,1
LU2,LU2_25,424,red fox,0,0
LU2,LU2_25,424,red squirrel,31,1
LU2,LU2_25,424,snowshoe hare,46,1
LU2,LU2_25,424,white-tailed deer,26,1
LU2,LU2_25,424,wolverine,0,0
LU2,LU2_26,422,black bear,13,1
LU2,LU2_26,422,caribou,0,0
LU2,LU2_26,422,cougar,3,1
LU2,LU2_26,422,coyote,0,0
LU2,LU2_26,422,fisher,0,0
LU2,LU2_26,422,grey wolf,1,1
LU2,LU2_26,422,lynx,0,0
LU2,LU2_26,422,moose,1,1
LU2,LU2_26,422,red fox,0,0
LU2,LU2_26,422,red squirrel,0,0
LU2,LU2_26,422,snowshoe hare,4,1
LU2,LU2_26,422,white-tailed deer,98,1
LU2,LU2_26,422,wolverine,0,0
LU2,LU2_27,207,black bear,4,1
LU2,LU2_27,207,caribou,0,0
LU2,LU2_27,207,cougar,0,0
LU2,LU2_27,207,coyote,0,0
LU2,LU2_27,207,fisher,2,1
LU2,LU2_27,207,grey wolf,1,1
LU2,LU2_27,207,lynx,1,1
LU2,LU2_27,207,moose,0,0
LU2,LU2_27,207,red fox,2,1
LU2,LU2_27,207,red squirrel,0,0
LU2,LU2_27,207,snowshoe hare,19,1
LU2,LU2_27,207,white-tailed deer,11,1
LU2,LU2_27,207,wolverine,0,0
LU2,LU2_29,207,black bear,9,1
LU2,LU2_29,207,caribou,0,0
LU2,LU2_29,207,cougar,0,0
LU2,LU2_29,207,coyote,2,1
LU2,LU2_29,207,fisher,1,1
LU2,LU2_29,207,grey wolf,0,0
LU2,LU2_29,207,lynx,1,1
LU2,LU2_29,207,moose,2,1
LU2,LU2_29,207,red fox,0,0
LU2,LU2_29,207,red squirrel,0,0
LU2,LU2_29,207,snowshoe hare,3,1
LU2,LU2_29,207,white-tailed deer,24,1
LU2,LU2_29,207,wolverine,0,0
LU2,LU2_3,207,black bear,3,1
LU2,LU2_3,207,caribou,0,0
LU2,LU2_3,207,cougar,0,0
LU2,LU2_3,207,coyote,1,1
LU2,LU2_3,207,fisher,2,1
LU2,LU2_3,207,grey wolf,0,0
LU2,LU2_3,207,lynx,0,0
LU2,LU2_3,207,moose,0,0
LU2,LU2_3,207,red fox,0,0
LU2,LU2_3,207,red squirrel,0,0
LU2,LU2_3,207,snowshoe hare,5,1
LU2,LU2_3,207,white-tailed deer,56,1
LU2,LU2_3,207,wolverine,0,0
LU2,LU2_30,207,black bear,10,1
LU2,LU2_30,207,caribou,0,0
LU2,LU2_30,207,cougar,0,0
LU2,LU2_30,207,coyote,5,1
LU2,LU2_30,207,fisher,0,0
LU2,LU2_30,207,grey wolf,0,0
LU2,LU2_30,207,lynx,0,0
LU2,LU2_30,207,moose,2,1
LU2,LU2_30,207,red fox,0,0
LU2,LU2_30,207,red squirrel,0,0
LU2,LU2_30,207,snowshoe hare,0,0
LU2,LU2_30,207,white-tailed deer,31,1
LU2,LU2_30,207,wolverine,0,0
LU2,LU2_31,207,black bear,13,1
LU2,LU2_31,207,caribou,0,0
LU2,LU2_31,207,cougar,0,0
LU2,LU2_31,207,coyote,2,1
LU2,LU2_31,207,fisher,0,0
LU2,LU2_31,207,grey wolf,0,0
LU2,LU2_31,207,lynx,0,0
LU2,LU2_31,207,moose,0,0
LU2,LU2_31,207,red fox,0,0
LU2,LU2_31,207,red squirrel,1,1
LU2,LU2_31,207,snowshoe hare,29,1
LU2,LU2_31,207,white-tailed deer,16,1
LU2,LU2_31,207,wolverine,0,0
LU2,LU2_32,210,black bear,7,1
LU2,LU2_32,210,caribou,0,0
LU2,LU2_32,210,cougar,0,0
LU2,LU2_32,210,coyote,2,1
LU2,LU2_32,210,fisher,4,1
LU2,LU2_32,210,grey wolf,0,0
LU2,LU2_32,210,lynx,0,0
LU2,LU2_32,210,moose,1,1
LU2,LU2_32,210,red fox,0,0
LU2,LU2_32,210,red squirrel,0,0
LU2,LU2_32,210,snowshoe hare,5,1
LU2,LU2_32,210,white-tailed deer,17,1
LU2,LU2_32,210,wolverine,0,0
LU2,LU2_33,207,black bear,8,1
LU2,LU2_33,207,caribou,0,0
LU2,LU2_33,207,cougar,1,1
LU2,LU2_33,207,coyote,5,1
LU2,LU2_33,207,fisher,0,0
LU2,LU2_33,207,grey wolf,0,0
LU2,LU2_33,207,lynx,3,1
LU2,LU2_33,207,moose,0,0
LU2,LU2_33,207,red fox,0,0
LU2,LU2_33,207,red squirrel,2,1
LU2,LU2_33,207,snowshoe hare,113,1
LU2,LU2_33,207,white-tailed deer,21,1
LU2,LU2_33,207,wolverine,0,0
LU2,LU2_34,210,black bear,9,1
LU2,LU2_34,210,caribou,0,0
LU2,LU2_34,210,cougar,0,0
LU2,LU2_34,210,coyote,11,1
LU2,LU2_34,210,fisher,8,1
LU2,LU2_34,210,grey wolf,1,1
LU2,LU2_34,210,lynx,1,1
LU2,LU2_34,210,moose,2,1
LU2,LU2_34,210,red fox,0,0
LU2,LU2_34,210,red squirrel,0,0
LU2,LU2_34,210,snowshoe hare,25,1
LU2,LU2_34,210,white-tailed deer,17,1
LU2,LU2_34,210,wolverine,0,0
LU2,LU2_36,198,black bear,5,1
LU2,LU2_36,198,caribou,0,0
LU2,LU2_36,198,cougar,0,0
LU2,LU2_36,198,coyote,0,0
LU2,LU2_36,198,fisher,4,1
LU2,LU2_36,198,grey wolf,0,0
LU2,LU2_36,198,lynx,0,0
LU2,LU2_36,198,moose,7,1
LU2,LU2_36,198,red fox,0,0
LU2,LU2_36,198,red squirrel,0,0
LU2,LU2_36,198,snowshoe hare,0,0
LU2,LU2_36,198,white-tailed deer,26,1
LU2,LU2_36,198,wolverine,0,0
LU2,LU2_38,417,black bear,11,1
LU2,LU2_38,417,caribou,0,0
LU2,LU2_38,417,cougar,0,0
LU2,LU2_38,417,coyote,1,1
LU2,LU2_38,417,fisher,0,0
LU2,LU2_38,417,grey wolf,0,0
LU2,LU2_38,417,lynx,1,1
LU2,LU2_38,417,moose,1,1
LU2,LU2_38,417,red fox,0,0
LU2,LU2_38,417,red squirrel,0,0
LU2,LU2_38,417,snowshoe hare,0,0
LU2,LU2_38,417,white-tailed deer,10,1
LU2,LU2_38,417,wolverine,0,0
LU2,LU2_39,423,black bear,9,1
LU2,LU2_39,423,caribou,0,0
LU2,LU2_39,423,cougar,10,1
LU2,LU2_39,423,coyote,11,1
LU2,LU2_39,423,fisher,0,0
LU2,LU2_39,423,grey wolf,0,0
LU2,LU2_39,423,lynx,3,1
LU2,LU2_39,423,moose,1,1
LU2,LU2_39,423,red fox,0,0
LU2,LU2_39,423,red squirrel,36,1
LU2,LU2_39,423,snowshoe hare,155,1
LU2,LU2_39,423,white-tailed deer,75,1
LU2,LU2_39,423,wolverine,0,0
LU2,LU2_40,423,black bear,7,1
LU2,LU2_40,423,caribou,0,0
LU2,LU2_40,423,cougar,0,0
LU2,LU2_40,423,coyote,1,1
LU2,LU2_40,423,fisher,0,0
LU2,LU2_40,423,grey wolf,2,1
LU2,LU2_40,423,lynx,1,1
LU2,LU2_40,423,moose,1,1
LU2,LU2_40,423,red fox,0,0
LU2,LU2_40,423,red squirrel,0,0
LU2,LU2_40,423,snowshoe hare,14,1
LU2,LU2_40,423,white-tailed deer,115,1
LU2,LU2_40,423,wolverine,0,0
LU2,LU2_42,425,black bear,12,1
LU2,LU2_42,425,caribou,0,0
LU2,LU2_42,425,cougar,0,0
LU2,LU2_42,425,coyote,2,1
LU2,LU2_42,425,fisher,9,1
LU2,LU2_42,425,grey wolf,2,1
LU2,LU2_42,425,lynx,2,1
LU2,LU2_42,425,moose,1,1
LU2,LU2_42,425,red fox,0,0
LU2,LU2_42,425,red squirrel,1,1
LU2,LU2_42,425,snowshoe hare,70,1
LU2,LU2_42,425,white-tailed deer,23,1
LU2,LU2_42,425,wolverine,0,0
LU2,LU2_44,424,black bear,2,1
LU2,LU2_44,424,caribou,0,0
LU2,LU2_44,424,cougar,0,0
LU2,LU2_44,424,coyote,0,0
LU2,LU2_44,424,fisher,0,0
LU2,LU2_44,424,grey wolf,0,0
LU2,LU2_44,424,lynx,0,0
LU2,LU2_44,424,moose,0,0
LU2,LU2_44,424,red fox,0,0
LU2,LU2_44,424,red squirrel,0,0
LU2,LU2_44,424,snowshoe hare,2,1
LU2,LU2_44,424,white-tailed deer,8,1
LU2,LU2_44,424,wolverine,0,0
LU2,LU2_46,425,black bear,31,1
LU2,LU2_46,425,caribou,0,0
LU2,LU2_46,425,cougar,1,1
LU2,LU2_46,425,coyote,2,1
LU2,LU2_46,425,fisher,0,0
LU2,LU2_46,425,grey wolf,3,1
LU2,LU2_46,425,lynx,0,0
LU2,LU2_46,425,moose,0,0
LU2,LU2_46,425,red fox,0,0
LU2,LU2_46,425,red squirrel,5,1
LU2,LU2_46,425,snowshoe hare,5,1
LU2,LU2_46,425,white-tailed deer,116,1
LU2,LU2_46,425,wolverine,0,0
LU2,LU2_47,417,black bear,2,1
LU2,LU2_47,417,caribou,0,0
LU2,LU2_47,417,cougar,0,0
LU2,LU2_47,417,coyote,2,1
LU2,LU2_47,417,fisher,1,1
LU2,LU2_47,417,grey wolf,0,0
LU2,LU2_47,417,lynx,0,0
LU2,LU2_47,417,moose,0,0
LU2,LU2_47,417,red fox,0,0
LU2,LU2_47,417,red squirrel,0,0
LU2,LU2_47,417,snowshoe hare,2,1
LU2,LU2_47,417,white-tailed deer,103,1
LU2,LU2_47,417,wolverine,0,0
LU2,LU2_5,210,black bear,6,1
LU2,LU2_5,210,caribou,0,0
LU2,LU2_5,210,cougar,1,1
LU2,LU2_5,210,coyote,0,0
LU2,LU2_5,210,fisher,0,0
LU2,LU2_5,210,grey wolf,0,0
LU2,LU2_5,210,lynx,0,0
LU2,LU2_5,210,moose,0,0
LU2,LU2_5,210,red fox,0,0
LU2,LU2_5,210,red squirrel,0,0
LU2,LU2_5,210,snowshoe hare,0,0
LU2,LU2_5,210,white-tailed deer,3,1
LU2,LU2_5,210,wolverine,0,0
LU2,LU2_50,425,black bear,6,1
LU2,LU2_50,425,caribou,0,0
LU2,LU2_50,425,cougar,1,1
LU2,LU2_50,425,coyote,16,1
LU2,LU2_50,425,fisher,0,0
LU2,LU2_50,425,grey wolf,0,0
LU2,LU2_50,425,lynx,0,0
LU2,LU2_50,425,moose,0,0
LU2,LU2_50,425,red fox,2,1
LU2,LU2_50,425,red squirrel,5,1
LU2,LU2_50,425,snowshoe hare,132,1
LU2,LU2_50,425,white-tailed deer,124,1
LU2,LU2_50,425,wolverine,0,0
LU2,LU2_51,425,black bear,5,1
LU2,LU2_51,425,caribou,0,0
LU2,LU2_51,425,cougar,1,1
LU2,LU2_51,425,coyote,3,1
LU2,LU2_51,425,fisher,0,0
LU2,LU2_51,425,grey wolf,0,0
LU2,LU2_51,425,lynx,0,0
LU2,LU2_51,425,moose,3,1
LU2,LU2_51,425,red fox,1,1
LU2,LU2_51,425,red squirrel,1,1
LU2,LU2_51,425,snowshoe hare,0,0
LU2,LU2_51,425,white-tailed deer,94,1
LU2,LU2_51,425,wolverine,0,0
LU2,LU2_52,423,black bear,14,1
LU2,LU2_52,423,caribou,0,0
LU2,LU2_52,423,cougar,1,1
LU2,LU2_52,423,coyote,0,0
LU2,LU2_52,423,fisher,0,0
LU2,LU2_52,423,grey wolf,1,1
LU2,LU2_52,423,lynx,2,1
LU2,LU2_52,423,moose,0,0
LU2,LU2_52,423,red fox,0,0
LU2,LU2_52,423,red squirrel,17,1
LU2,LU2_52,423,snowshoe hare,54,1
LU2,LU2_52,423,white-tailed deer,51,1
LU2,LU2_52,423,wolverine,0,0
LU2,LU2_54,423,black bear,7,1
LU2,LU2_54,423,caribou,0,0
LU2,LU2_54,423,cougar,0,0
LU2,LU2_54,423,coyote,3,1
LU2,LU2_54,423,fisher,0,0
LU2,LU2_54,423,grey wolf,4,1
LU2,LU2_54,423,lynx,2,1
LU2,LU2_54,423,moose,0,0
LU2,LU2_54,423,red fox,0,0
LU2,LU2_54,423,red squirrel,1,1
LU2,LU2_54,423,snowshoe hare,8,1
LU2,LU2_54,423,white-tailed deer,118,1
LU2,LU2_54,423,wolverine,0,0
LU2,LU2_56,424,black bear,10,1
LU2,LU2_56,424,caribou,0,0
LU2,LU2_56,424,cougar,0,0
LU2,LU2_56,424,coyote,0,0
LU2,LU2_56,424,fisher,0,0
LU2,LU2_56,424,grey wolf,1,1
LU2,LU2_56,424,lynx,0,0
LU2,LU2_56,424,moose,0,0
LU2,LU2_56,424,red fox,1,1
LU2,LU2_56,424,red squirrel,2,1
LU2,LU2_56,424,snowshoe hare,4,1
LU2,LU2_56,424,white-tailed deer,58,1
LU2,LU2_56,424,wolverine,0,0
LU2,LU2_57,424,black bear,30,1
LU2,LU2_57,424,caribou,0,0
LU2,LU2_57,424,cougar,0,0
LU2,LU2_57,424,coyote,0,0
LU2,LU2_57,424,fisher,0,0
LU2,LU2_57,424,grey wolf,0,0
LU2,LU2_57,424,lynx,0,0
LU2,LU2_57,424,moose,0,0
LU2,LU2_57,424,red fox,8,1
LU2,LU2_57,424,red squirrel,5,1
LU2,LU2_57,424,snowshoe hare,0,0
LU2,LU2_57,424,white-tailed deer,107,1
LU2,LU2_57,424,wolverine,0,0
LU2,LU2_100_24,351,black bear,3,1
LU2,LU2_100_24,351,caribou,0,0
LU2,LU2_100_24,351,cougar,0,0
LU2,LU2_100_24,351,coyote,24,1
LU2,LU2_100_24,351,fisher,0,0
LU2,LU2_100_24,351,grey wolf,1,1
LU2,LU2_100_24,351,lynx,0,0
LU2,LU2_100_24,351,moose,0,0
LU2,LU2_100_24,351,red fox,15,1
LU2,LU2_100_24,351,red squirrel,22,1
LU2,LU2_100_24,351,snowshoe hare,0,0
LU2,LU2_100_24,351,white-tailed deer,87,1
LU2,LU2_100_24,351,wolverine,0,0
LU2,LU2_101_24,349,black bear,17,1
LU2,LU2_101_24,349,caribou,0,0
LU2,LU2_101_24,349,cougar,0,0
LU2,LU2_101_24,349,coyote,1,1
LU2,LU2_101_24,349,fisher,4,1
LU2,LU2_101_24,349,grey wolf,2,1
LU2,LU2_101_24,349,lynx,1,1
LU2,LU2_101_24,349,moose,4,1
LU2,LU2_101_24,349,red fox,0,0
LU2,LU2_101_24,349,red squirrel,2,1
LU2,LU2_101_24,349,snowshoe hare,1,1
LU2,LU2_101_24,349,white-tailed deer,136,1
LU2,LU2_101_24,349,wolverine,0,0
LU2,LU2_106_24,351,black bear,16,1
LU2,LU2_106_24,351,caribou,0,0
LU2,LU2_106_24,351,cougar,0,0
LU2,LU2_106_24,351,coyote,82,1
LU2,LU2_106_24,351,fisher,0,0
LU2,LU2_106_24,351,grey wolf,0,0
LU2,LU2_106_24,351,lynx,6,1
LU2,LU2_106_24,351,moose,0,0
LU2,LU2_106_24,351,red fox,0,0
LU2,LU2_106_24,351,red squirrel,6,1
LU2,LU2_106_24,351,snowshoe hare,19,1
LU2,LU2_106_24,351,white-tailed deer,78,1
LU2,LU2_106_24,351,wolverine,0,0
LU2,LU2_110_24,348,black bear,5,1
LU2,LU2_110_24,348,caribou,0,0
LU2,LU2_110_24,348,cougar,0,0
LU2,LU2_110_24,348,coyote,6,1
LU2,LU2_110_24,348,fisher,1,1
LU2,LU2_110_24,348,grey wolf,0,0
LU2,LU2_110_24,348,lynx,3,1
LU2,LU2_110_24,348,moose,0,0
LU2,LU2_110_24,348,red fox,0,0
LU2,LU2_110_24,348,red squirrel,0,0
LU2,LU2_110_24,348,snowshoe hare,34,1
LU2,LU2_110_24,348,white-tailed deer,10,1
LU2,LU2_110_24,348,wolverine,0,0
LU2,LU2_123_24,351,black bear,0,0
LU2,LU2_123_24,351,caribou,0,0
LU2,LU2_123_24,351,cougar,0,0
LU2,LU2_123_24,351,coyote,0,0
LU2,LU2_123_24,351,fisher,0,0
LU2,LU2_123_24,351,grey wolf,0,0
LU2,LU2_123_24,351,lynx,0,0
LU2,LU2_123_24,351,moose,0,0
LU2,LU2_123_24,351,red fox,0,0
LU2,LU2_123_24,351,red squirrel,0,0
LU2,LU2_123_24,351,snowshoe hare,0,0
LU2,LU2_123_24,351,white-tailed deer,0,0
LU2,LU2_123_24,351,wolverine,0,0
LU2,LU2_13_24,350,black bear,0,0
LU2,LU2_13_24,350,caribou,0,0
LU2,LU2_13_24,350,cougar,0,0
LU2,LU2_13_24,350,coyote,0,0
LU2,LU2_13_24,350,fisher,0,0
LU2,LU2_13_24,350,grey wolf,0,0
LU2,LU2_13_24,350,lynx,0,0
LU2,LU2_13_24,350,moose,0,0
LU2,LU2_13_24,350,red fox,0,0
LU2,LU2_13_24,350,red squirrel,0,0
LU2,LU2_13_24,350,snowshoe hare,0,0
LU2,LU2_13_24,350,white-tailed deer,0,0
LU2,LU2_13_24,350,wolverine,0,0
LU2,LU2_137_24,350,black bear,0,0
LU2,LU2_137_24,350,caribou,0,0
LU2,LU2_137_24,350,cougar,0,0
LU2,LU2_137_24,350,coyote,0,0
LU2,LU2_137_24,350,fisher,0,0
LU2,LU2_137_24,350,grey wolf,0,0
LU2,LU2_137_24,350,lynx,0,0
LU2,LU2_137_24,350,moose,0,0
LU2,LU2_137_24,350,red fox,0,0
LU2,LU2_137_24,350,red squirrel,0,0
LU2,LU2_137_24,350,snowshoe hare,0,0
LU2,LU2_137_24,350,white-tailed deer,0,0
LU2,LU2_137_24,350,wolverine,0,0
LU2,LU2_143_24,348,black bear,0,0
LU2,LU2_143_24,348,caribou,0,0
LU2,LU2_143_24,348,cougar,0,0
LU2,LU2_143_24,348,coyote,0,0
LU2,LU2_143_24,348,fisher,0,0
LU2,LU2_143_24,348,grey wolf,0,0
LU2,LU2_143_24,348,lynx,0,0
LU2,LU2_143_24,348,moose,0,0
LU2,LU2_143_24,348,red fox,0,0
LU2,LU2_143_24,348,red squirrel,0,0
LU2,LU2_143_24,348,snowshoe hare,0,0
LU2,LU2_143_24,348,white-tailed deer,0,0
LU2,LU2_143_24,348,wolverine,0,0
LU2,LU2_15_24,350,black bear,0,0
LU2,LU2_15_24,350,caribou,0,0
LU2,LU2_15_24,350,cougar,0,0
LU2,LU2_15_24,350,coyote,0,0
LU2,LU2_15_24,350,fisher,0,0
LU2,LU2_15_24,350,grey wolf,0,0
LU2,LU2_15_24,350,lynx,0,0
LU2,LU2_15_24,350,moose,0,0
LU2,LU2_15_24,350,red fox,0,0
LU2,LU2_15_24,350,red squirrel,0,0
LU2,LU2_15_24,350,snowshoe hare,0,0
LU2,LU2_15_24,350,white-tailed deer,0,0
LU2,LU2_15_24,350,wolverine,0,0
LU2,LU2_155_24,348,black bear,0,0
LU2,LU2_155_24,348,caribou,0,0
LU2,LU2_155_24,348,cougar,0,0
LU2,LU2_155_24,348,coyote,0,0
LU2,LU2_155_24,348,fisher,0,0
LU2,LU2_155_24,348,grey wolf,0,0
LU2,LU2_155_24,348,lynx,0,0
LU2,LU2_155_24,348,moose,0,0
LU2,LU2_155_24,348,red fox,0,0
LU2,LU2_155_24,348,red squirrel,0,0
LU2,LU2_155_24,348,snowshoe hare,0,0
LU2,LU2_155_24,348,white-tailed deer,0,0
LU2,LU2_155_24,348,wolverine,0,0
LU2,LU2_17_24,348,black bear,0,0
LU2,LU2_17_24,348,caribou,0,0
LU2,LU2_17_24,348,cougar,0,0
LU2,LU2_17_24,348,coyote,0,0
LU2,LU2_17_24,348,fisher,0,0
LU2,LU2_17_24,348,grey wolf,0,0
LU2,LU2_17_24,348,lynx,0,0
LU2,LU2_17_24,348,moose,0,0
LU2,LU2_17_24,348,red fox,0,0
LU2,LU2_17_24,348,red squirrel,0,0
LU2,LU2_17_24,348,snowshoe hare,0,0
LU2,LU2_17_24,348,white-tailed deer,0,0
LU2,LU2_17_24,348,wolverine,0,0
LU2,LU2_18_24,348,black bear,0,0
LU2,LU2_18_24,348,caribou,0,0
LU2,LU2_18_24,348,cougar,0,0
LU2,LU2_18_24,348,coyote,0,0
LU2,LU2_18_24,348,fisher,0,0
LU2,LU2_18_24,348,grey wolf,0,0
LU2,LU2_18_24,348,lynx,0,0
LU2,LU2_18_24,348,moose,0,0
LU2,LU2_18_24,348,red fox,0,0
LU2,LU2_18_24,348,red squirrel,0,0
LU2,LU2_18_24,348,snowshoe hare,0,0
LU2,LU2_18_24,348,white-tailed deer,0,0
LU2,LU2_18_24,348,wolverine,0,0
LU2,LU2_20_24,351,black bear,0,0
LU2,LU2_20_24,351,caribou,0,0
LU2,LU2_20_24,351,cougar,0,0
LU2,LU2_20_24,351,coyote,0,0
LU2,LU2_20_24,351,fisher,0,0
LU2,LU2_20_24,351,grey wolf,0,0
LU2,LU2_20_24,351,lynx,0,0
LU2,LU2_20_24,351,moose,0,0
LU2,LU2_20_24,351,red fox,0,0
LU2,LU2_20_24,351,red squirrel,0,0
LU2,LU2_20_24,351,snowshoe hare,0,0
LU2,LU2_20_24,351,white-tailed deer,0,0
LU2,LU2_20_24,351,wolverine,0,0
LU2,LU2_21_24,350,black bear,0,0
LU2,LU2_21_24,350,caribou,0,0
LU2,LU2_21_24,350,cougar,0,0
LU2,LU2_21_24,350,coyote,0,0
LU2,LU2_21_24,350,fisher,0,0
LU2,LU2_21_24,350,grey wolf,0,0
LU2,LU2_21_24,350,lynx,0,0
LU2,LU2_21_24,350,moose,0,0
LU2,LU2_21_24,350,red fox,0,0
LU2,LU2_21_24,350,red squirrel,0,0
LU2,LU2_21_24,350,snowshoe hare,0,0
LU2,LU2_21_24,350,white-tailed deer,0,0
LU2,LU2_21_24,350,wolverine,0,0
LU2,LU2_25_24,351,black bear,0,0
LU2,LU2_25_24,351,caribou,0,0
LU2,LU2_25_24,351,cougar,0,0
LU2,LU2_25_24,351,coyote,0,0
LU2,LU2_25_24,351,fisher,0,0
LU2,LU2_25_24,351,grey wolf,0,0
LU2,LU2_25_24,351,lynx,0,0
LU2,LU2_25_24,351,moose,0,0
LU2,LU2_25_24,351,red fox,0,0
LU2,LU2_25_24,351,red squirrel,0,0
LU2,LU2_25_24,351,snowshoe hare,0,0
LU2,LU2_25_24,351,white-tailed deer,0,0
LU2,LU2_25_24,351,wolverine,0,0
LU2,LU2_26_24,348,black bear,0,0
LU2,LU2_26_24,348,caribou,0,0
LU2,LU2_26_24,348,cougar,0,0
LU2,LU2_26_24,348,coyote,0,0
LU2,LU2_26_24,348,fisher,0,0
LU2,LU2_26_24,348,grey wolf,0,0
LU2,LU2_26_24,348,lynx,0,0
LU2,LU2_26_24,348,moose,0,0
LU2,LU2_26_24,348,red fox,0,0
LU2,LU2_26_24,348,red squirrel,0,0
LU2,LU2_26_24,348,snowshoe hare,0,0
LU2,LU2_26_24,348,white-tailed deer,0,0
LU2,LU2_26_24,348,wolverine,0,0
LU2,LU2_27_24,347,black bear,2,1
LU2,LU2_27_24,347,caribou,0,0
LU2,LU2_27_24,347,cougar,0,0
LU2,LU2_27_24,347,coyote,12,1
LU2,LU2_27_24,347,fisher,0,0
LU2,LU2_27_24,347,grey wolf,1,1
LU2,LU2_27_24,347,lynx,0,0
LU2,LU2_27_24,347,moose,2,1
LU2,LU2_27_24,347,red fox,0,0
LU2,LU2_27_24,347,red squirrel,2,1
LU2,LU2_27_24,347,snowshoe hare,27,1
LU2,LU2_27_24,347,white-tailed deer,21,1
LU2,LU2_27_24,347,wolverine,0,0
LU2,LU2_29_24,352,black bear,15,1
LU2,LU2_29_24,352,caribou,0,0
LU2,LU2_29_24,352,cougar,0,0
LU2,LU2_29_24,352,coyote,8,1
LU2,LU2_29_24,352,fisher,1,1
LU2,LU2_29_24,352,grey wolf,1,1
LU2,LU2_29_24,352,lynx,0,0
LU2,LU2_29_24,352,moose,0,0
LU2,LU2_29_24,352,red fox,0,0
LU2,LU2_29_24,352,red squirrel,33,1
LU2,LU2_29_24,352,snowshoe hare,125,1
LU2,LU2_29_24,352,white-tailed deer,12,1
LU2,LU2_29_24,352,wolverine,1,1
LU2,LU2_3_24,344,black bear,11,1
LU2,LU2_3_24,344,caribou,0,0
LU2,LU2_3_24,344,cougar,0,0
LU2,LU2_3_24,344,coyote,0,0
LU2,LU2_3_24,344,fisher,5,1
LU2,LU2_3_24,344,grey wolf,2,1
LU2,LU2_3_24,344,lynx,0,0
LU2,LU2_3_24,344,moose,0,0
LU2,LU2_3_24,344,red fox,0,0
LU2,LU2_3_24,344,red squirrel,13,1
LU2,LU2_3_24,344,snowshoe hare,1,1
LU2,LU2_3_24,344,white-tailed deer,32,1
LU2,LU2_3_24,344,wolverine,0,0
LU2,LU2_30_24,350,black bear,6,1
LU2,LU2_30_24,350,caribou,0,0
LU2,LU2_30_24,350,cougar,0,0
LU2,LU2_30_24,350,coyote,0,0
LU2,LU2_30_24,350,fisher,2,1
LU2,LU2_30_24,350,grey wolf,1,1
LU2,LU2_30_24,350,lynx,0,0
LU2,LU2_30_24,350,moose,0,0
LU2,LU2_30_24,350,red fox,0,0
LU2,LU2_30_24,350,red squirrel,2,1
LU2,LU2_30_24,350,snowshoe hare,0,0
LU2,LU2_30_24,350,white-tailed deer,26,1
LU2,LU2_30_24,350,wolverine,0,0
LU2,LU2_31_24,316,black bear,12,1
LU2,LU2_31_24,316,caribou,0,0
LU2,LU2_31_24,316,cougar,0,0
LU2,LU2_31_24,316,coyote,12,1
LU2,LU2_31_24,316,fisher,0,0
LU2,LU2_31_24,316,grey wolf,0,0
LU2,LU2_31_24,316,lynx,2,1
LU2,LU2_31_24,316,moose,0,0
LU2,LU2_31_24,316,red fox,0,0
LU2,LU2_31_24,316,red squirrel,36,1
LU2,LU2_31_24,316,snowshoe hare,61,1
LU2,LU2_31_24,316,white-tailed deer,20,1
LU2,LU2_31_24,316,wolverine,0,0
LU2,LU2_32_24,350,black bear,0,0
LU2,LU2_32_24,350,caribou,0,0
LU2,LU2_32_24,350,cougar,0,0
LU2,LU2_32_24,350,coyote,0,0
LU2,LU2_32_24,350,fisher,0,0
LU2,LU2_32_24,350,grey wolf,0,0
LU2,LU2_32_24,350,lynx,0,0
LU2,LU2_32_24,350,moose,0,0
LU2,LU2_32_24,350,red fox,0,0
LU2,LU2_32_24,350,red squirrel,0,0
LU2,LU2_32_24,350,snowshoe hare,0,0
LU2,LU2_32_24,350,white-tailed deer,0,0
LU2,LU2_32_24,350,wolverine,0,0
LU2,LU2_33_24,351,black bear,0,0
LU2,LU2_33_24,351,caribou,0,0
LU2,LU2_33_24,351,cougar,0,0
LU2,LU2_33_24,351,coyote,0,0
LU2,LU2_33_24,351,fisher,0,0
LU2,LU2_33_24,351,grey wolf,0,0
LU2,LU2_33_24,351,lynx,0,0
LU2,LU2_33_24,351,moose,0,0
LU2,LU2_33_24,351,red fox,0,0
LU2,LU2_33_24,351,red squirrel,0,0
LU2,LU2_33_24,351,snowshoe hare,0,0
LU2,LU2_33_24,351,white-tailed deer,0,0
LU2,LU2_33_24,351,wolverine,0,0
LU2,LU2_34_24,350,black bear,0,0
LU2,LU2_34_24,350,caribou,0,0
LU2,LU2_34_24,350,cougar,0,0
LU2,LU2_34_24,350,coyote,0,0
LU2,LU2_34_24,350,fisher,0,0
LU2,LU2_34_24,350,grey wolf,0,0
LU2,LU2_34_24,350,lynx,0,0
LU2,LU2_34_24,350,moose,0,0
LU2,LU2_34_24,350,red fox,0,0
LU2,LU2_34_24,350,red squirrel,0,0
LU2,LU2_34_24,350,snowshoe hare,0,0
LU2,LU2_34_24,350,white-tailed deer,0,0
LU2,LU2_34_24,350,wolverine,0,0
LU2,LU2_36_24,350,black bear,0,0
LU2,LU2_36_24,350,caribou,0,0
LU2,LU2_36_24,350,cougar,0,0
LU2,LU2_36_24,350,coyote,0,0
LU2,LU2_36_24,350,fisher,0,0
LU2,LU2_36_24,350,grey wolf,0,0
LU2,LU2_36_24,350,lynx,0,0
LU2,LU2_36_24,350,moose,0,0
LU2,LU2_36_24,350,red fox,0,0
LU2,LU2_36_24,350,red squirrel,0,0
LU2,LU2_36_24,350,snowshoe hare,0,0
LU2,LU2_36_24,350,white-tailed deer,0,0
LU2,LU2_36_24,350,wolverine,0,0
LU2,LU2_38_24,350,black bear,0,0
LU2,LU2_38_24,350,caribou,0,0
LU2,LU2_38_24,350,cougar,0,0
LU2,LU2_38_24,350,coyote,0,0
LU2,LU2_38_24,350,fisher,0,0
LU2,LU2_38_24,350,grey wolf,0,0
LU2,LU2_38_24,350,lynx,0,0
LU2,LU2_38_24,350,moose,0,0
LU2,LU2_38_24,350,red fox,0,0
LU2,LU2_38_24,350,red squirrel,0,0
LU2,LU2_38_24,350,snowshoe hare,0,0
LU2,LU2_38_24,350,white-tailed deer,0,0
LU2,LU2_38_24,350,wolverine,0,0
LU2,LU2_39_24,348,black bear,0,0
LU2,LU2_39_24,348,caribou,0,0
LU2,LU2_39_24,348,cougar,0,0
LU2,LU2_39_24,348,coyote,0,0
LU2,LU2_39_24,348,fisher,0,0
LU2,LU2_39_24,348,grey wolf,0,0
LU2,LU2_39_24,348,lynx,0,0
LU2,LU2_39_24,348,moose,0,0
LU2,LU2_39_24,348,red fox,0,0
LU2,LU2_39_24,348,red squirrel,0,0
LU2,LU2_39_24,348,snowshoe hare,0,0
LU2,LU2_39_24,348,white-tailed deer,0,0
LU2,LU2_39_24,348,wolverine,0,0
LU2,LU2_40_24,350,black bear,0,0
LU2,LU2_40_24,350,caribou,0,0
LU2,LU2_40_24,350,cougar,0,0
LU2,LU2_40_24,350,coyote,0,0
LU2,LU2_40_24,350,fisher,0,0
LU2,LU2_40_24,350,grey wolf,0,0
LU2,LU2_40_24,350,lynx,0,0
LU2,LU2_40_24,350,moose,0,0
LU2,LU2_40_24,350,red fox,0,0
LU2,LU2_40_24,350,red squirrel,0,0
LU2,LU2_40_24,350,snowshoe hare,0,0
LU2,LU2_40_24,350,white-tailed deer,0,0
LU2,LU2_40_24,350,wolverine,0,0
LU2,LU2_47_24,351,black bear,0,0
LU2,LU2_47_24,351,caribou,0,0
LU2,LU2_47_24,351,cougar,0,0
LU2,LU2_47_24,351,coyote,0,0
LU2,LU2_47_24,351,fisher,0,0
LU2,LU2_47_24,351,grey wolf,0,0
LU2,LU2_47_24,351,lynx,0,0
LU2,LU2_47_24,351,moose,0,0
LU2,LU2_47_24,351,red fox,0,0
LU2,LU2_47_24,351,red squirrel,0,0
LU2,LU2_47_24,351,snowshoe hare,0,0
LU2,LU2_47_24,351,white-tailed deer,0,0
LU2,LU2_47_24,351,wolverine,0,0
LU2,LU2_5_24,350,black bear,0,0
LU2,LU2_5_24,350,caribou,0,0
LU2,LU2_5_24,350,cougar,0,0
LU2,LU2_5_24,350,coyote,0,0
LU2,LU2_5_24,350,fisher,0,0
LU2,LU2_5_24,350,grey wolf,0,0
LU2,LU2_5_24,350,lynx,0,0
LU2,LU2_5_24,350,moose,0,0
LU2,LU2_5_24,350,red fox,0,0
LU2,LU2_5_24,350,red squirrel,0,0
LU2,LU2_5_24,350,snowshoe hare,0,0
LU2,LU2_5_24,350,white-tailed deer,0,0
LU2,LU2_5_24,350,wolverine,0,0
LU2,LU2_50_24,348,black bear,0,0
LU2,LU2_50_24,348,caribou,0,0
LU2,LU2_50_24,348,cougar,0,0
LU2,LU2_50_24,348,coyote,0,0
LU2,LU2_50_24,348,fisher,0,0
LU2,LU2_50_24,348,grey wolf,0,0
LU2,LU2_50_24,348,lynx,0,0
LU2,LU2_50_24,348,moose,0,0
LU2,LU2_50_24,348,red fox,0,0
LU2,LU2_50_24,348,red squirrel,0,0
LU2,LU2_50_24,348,snowshoe hare,0,0
LU2,LU2_50_24,348,white-tailed deer,0,0
LU2,LU2_50_24,348,wolverine,0,0
LU2,LU2_52_24,348,black bear,0,0
LU2,LU2_52_24,348,caribou,0,0
LU2,LU2_52_24,348,cougar,0,0
LU2,LU2_52_24,348,coyote,0,0
LU2,LU2_52_24,348,fisher,0,0
LU2,LU2_52_24,348,grey wolf,0,0
LU2,LU2_52_24,348,lynx,0,0
LU2,LU2_52_24,348,moose,0,0
LU2,LU2_52_24,348,red fox,0,0
LU2,LU2_52_24,348,red squirrel,0,0
LU2,LU2_52_24,348,snowshoe hare,0,0
LU2,LU2_52_24,348,white-tailed deer,0,0
LU2,LU2_52_24,348,wolverine,0,0
LU2,LU2_56_24,348,black bear,0,0
LU2,LU2_56_24,348,caribou,0,0
LU2,LU2_56_24,348,cougar,0,0
LU2,LU2_56_24,348,coyote,0,0
LU2,LU2_56_24,348,fisher,0,0
LU2,LU2_56_24,348,grey wolf,0,0
LU2,LU2_56_24,348,lynx,0,0
LU2,LU2_56_24,348,moose,0,0
LU2,LU2_56_24,348,red fox,0,0
LU2,LU2_56_24,348,red squirrel,0,0
LU2,LU2_56_24,348,snowshoe hare,0,0
LU2,LU2_56_24,348,white-tailed deer,0,0
LU2,LU2_56_24,348,wolverine,0,0
LU2,LU2_E27_24,350,black bear,0,0
LU2,LU2_E27_24,350,caribou,0,0
LU2,LU2_E27_24,350,cougar,0,0
LU2,LU2_E27_24,350,coyote,0,0
LU2,LU2_E27_24,350,fisher,0,0
LU2,LU2_E27_24,350,grey wolf,0,0
LU2,LU2_E27_24,350,lynx,0,0
LU2,LU2_E27_24,350,moose,0,0
LU2,LU2_E27_24,350,red fox,0,0
LU2,LU2_E27_24,350,red squirrel,0,0
LU2,LU2_E27_24,350,snowshoe hare,0,0
LU2,LU2_E27_24,350,white-tailed deer,0,0
LU2,LU2_E27_24,350,wolverine,0,0
LU2,LU2_G25_24,352,black bear,0,0
LU2,LU2_G25_24,352,caribou,0,0
LU2,LU2_G25_24,352,cougar,0,0
LU2,LU2_G25_24,352,coyote,0,0
LU2,LU2_G25_24,352,fisher,0,0
LU2,LU2_G25_24,352,grey wolf,0,0
LU2,LU2_G25_24,352,lynx,0,0
LU2,LU2_G25_24,352,moose,0,0
LU2,LU2_G25_24,352,red fox,0,0
LU2,LU2_G25_24,352,red squirrel,0,0
LU2,LU2_G25_24,352,snowshoe hare,0,0
LU2,LU2_G25_24,352,white-tailed deer,0,0
LU2,LU2_G25_24,352,wolverine,0,0
LU2,LU2_G26_24,351,black bear,0,0
LU2,LU2_G26_24,351,caribou,0,0
LU2,LU2_G26_24,351,cougar,0,0
LU2,LU2_G26_24,351,coyote,0,0
LU2,LU2_G26_24,351,fisher,0,0
LU2,LU2_G26_24,351,grey wolf,0,0
LU2,LU2_G26_24,351,lynx,0,0
LU2,LU2_G26_24,351,moose,0,0
LU2,LU2_G26_24,351,red fox,0,0
LU2,LU2_G26_24,351,red squirrel,0,0
LU2,LU2_G26_24,351,snowshoe hare,0,0
LU2,LU2_G26_24,351,white-tailed deer,0,0
LU2,LU2_G26_24,351,wolverine,0,0
LU2,LU2_H16_24,351,black bear,0,0
LU2,LU2_H16_24,351,caribou,0,0
LU2,LU2_H16_24,351,cougar,0,0
LU2,LU2_H16_24,351,coyote,0,0
LU2,LU2_H16_24,351,fisher,0,0
LU2,LU2_H16_24,351,grey wolf,0,0
LU2,LU2_H16_24,351,lynx,0,0
LU2,LU2_H16_24,351,moose,0,0
LU2,LU2_H16_24,351,red fox,0,0
LU2,LU2_H16_24,351,red squirrel,0,0
LU2,LU2_H16_24,351,snowshoe hare,0,0
LU2,LU2_H16_24,351,white-tailed deer,0,0
LU2,LU2_H16_24,351,wolverine,0,0
LU2,LU2_H26_24,350,black bear,0,0
LU2,LU2_H26_24,350,caribou,0,0
LU2,LU2_H26_24,350,cougar,0,0
LU2,LU2_H26_24,350,coyote,0,0
LU2,LU2_H26_24,350,fisher,0,0
LU2,LU2_H26_24,350,grey wolf,0,0
LU2,LU2_H26_24,350,lynx,0,0
LU2,LU2_H26_24,350,moose,0,0
LU2,LU2_H26_24,350,red fox,0,0
LU2,LU2_H26_24,350,red squirrel,0,0
LU2,LU2_H26_24,350,snowshoe hare,0,0
LU2,LU2_H26_24,350,white-tailed deer,0,0
LU2,LU2_H26_24,350,wolverine,0,0
LU2,LU2_I15_24,349,black bear,0,0
LU2,LU2_I15_24,349,caribou,0,0
LU2,LU2_I15_24,349,cougar,0,0
LU2,LU2_I15_24,349,coyote,0,0
LU2,LU2_I15_24,349,fisher,0,0
LU2,LU2_I15_24,349,grey wolf,0,0
LU2,LU2_I15_24,349,lynx,0,0
LU2,LU2_I15_24,349,moose,0,0
LU2,LU2_I15_24,349,red fox,0,0
LU2,LU2_I15_24,349,red squirrel,0,0
LU2,LU2_I15_24,349,snowshoe hare,0,0
LU2,LU2_I15_24,349,white-tailed deer,0,0
LU2,LU2_I15_24,349,wolverine,0,0
LU2,LU2_J27_24,340,black bear,15,1
LU2,LU2_J27_24,340,caribou,0,0
LU2,LU2_J27_24,340,cougar,0,0
LU2,LU2_J27_24,340,coyote,1,1
LU2,LU2_J27_24,340,fisher,0,0
LU2,LU2_J27_24,340,grey wolf,0,0
LU2,LU2_J27_24,340,lynx,1,1
LU2,LU2_J27_24,340,moose,0,0
LU2,LU2_J27_24,340,red fox,0,0
LU2,LU2_J27_24,340,red squirrel,0,0
LU2,LU2_J27_24,340,snowshoe hare,1,1
LU2,LU2_J27_24,340,white-tailed deer,85,1
LU2,LU2_J27_24,340,wolverine,0,0
LU2,LU2_K26_24,352,black bear,7,1
LU2,LU2_K26_24,352,caribou,0,0
LU2,LU2_K26_24,352,cougar,0,0
LU2,LU2_K26_24,352,coyote,2,1
LU2,LU2_K26_24,352,fisher,0,0
LU2,LU2_K26_24,352,grey wolf,1,1
LU2,LU2_K26_24,352,lynx,0,0
LU2,LU2_K26_24,352,moose,0,0
LU2,LU2_K26_24,352,red fox,0,0
LU2,LU2_K26_24,352,red squirrel,4,1
LU2,LU2_K26_24,352,snowshoe hare,0,0
LU2,LU2_K26_24,352,white-tailed deer,99,1
LU2,LU2_K26_24,352,wolverine,0,0
LU2,LU2_L20_24,332,black bear,3,1
LU2,LU2_L20_24,332,caribou,0,0
LU2,LU2_L20_24,332,cougar,0,0
LU2,LU2_L20_24,332,coyote,5,1
LU2,LU2_L20_24,332,fisher,4,1
LU2,LU2_L20_24,332,grey wolf,6,1
LU2,LU2_L20_24,332,lynx,1,1
LU2,LU2_L20_24,332,moose,0,0
LU2,LU2_L20_24,332,red fox,0,0
LU2,LU2_L20_24,332,red squirrel,4,1
LU2,LU2_L20_24,332,snowshoe hare,18,1
LU2,LU2_L20_24,332,white-tailed deer,91,1
LU2,LU2_L20_24,332,wolverine,0,0
LU2,LU2_L46_24,348,black bear,0,0
LU2,LU2_L46_24,348,caribou,0,0
LU2,LU2_L46_24,348,cougar,0,0
LU2,LU2_L46_24,348,coyote,0,0
LU2,LU2_L46_24,348,fisher,0,0
LU2,LU2_L46_24,348,grey wolf,0,0
LU2,LU2_L46_24,348,lynx,0,0
LU2,LU2_L46_24,348,moose,0,0
LU2,LU2_L46_24,348,red fox,0,0
LU2,LU2_L46_24,348,red squirrel,0,0
LU2,LU2_L46_24,348,snowshoe hare,0,0
LU2,LU2_L46_24,348,white-tailed deer,0,0
LU2,LU2_L46_24,348,wolverine,0,0
LU2,LU2_M25_24,332,black bear,28,1
LU2,LU2_M25_24,332,caribou,0,0
LU2,LU2_M25_24,332,cougar,0,0
LU2,LU2_M25_24,332,coyote,4,1
LU2,LU2_M25_24,332,fisher,5,1
LU2,LU2_M25_24,332,grey wolf,0,0
LU2,LU2_M25_24,332,lynx,0,0
LU2,LU2_M25_24,332,moose,1,1
LU2,LU2_M25_24,332,red fox,0,0
LU2,LU2_M25_24,332,red squirrel,30,1
LU2,LU2_M25_24,332,snowshoe hare,1,1
LU2,LU2_M25_24,332,white-tailed deer,36,1
LU2,LU2_M25_24,332,wolverine,0,0
LU2,LU2_O16_24,338,black bear,13,1
LU2,LU2_O16_24,338,caribou,0,0
LU2,LU2_O16_24,338,cougar,0,0
LU2,LU2_O16_24,338,coyote,2,1
LU2,LU2_O16_24,338,fisher,5,1
LU2,LU2_O16_24,338,grey wolf,3,1
LU2,LU2_O16_24,338,lynx,0,0
LU2,LU2_O16_24,338,moose,2,1
LU2,LU2_O16_24,338,red fox,7,1
LU2,LU2_O16_24,338,red squirrel,0,0
LU2,LU2_O16_24,338,snowshoe hare,1,1
LU2,LU2_O16_24,338,white-tailed deer,137,1
LU2,LU2_O16_24,338,wolverine,0,0
LU2,LU2_O25_24,350,black bear,27,1
LU2,LU2_O25_24,350,caribou,0,0
LU2,LU2_O25_24,350,cougar,0,0
LU2,LU2_O25_24,350,coyote,3,1
LU2,LU2_O25_24,350,fisher,2,1
LU2,LU2_O25_24,350,grey wolf,0,0
LU2,LU2_O25_24,350,lynx,0,0
LU2,LU2_O25_24,350,moose,1,1
LU2,LU2_O25_24,350,red fox,0,0
LU2,LU2_O25_24,350,red squirrel,4,1
LU2,LU2_O25_24,350,snowshoe hare,1,1
LU2,LU2_O25_24,350,white-tailed deer,195,1
LU2,LU2_O25_24,350,wolverine,0,0
LU2,LU2_Q24_24,350,black bear,2,1
LU2,LU2_Q24_24,350,caribou,0,0
LU2,LU2_Q24_24,350,cougar,0,0
LU2,LU2_Q24_24,350,coyote,0,0
LU2,LU2_Q24_24,350,fisher,1,1
LU2,LU2_Q24_24,350,grey wolf,2,1
LU2,LU2_Q24_24,350,lynx,1,1
LU2,LU2_Q24_24,350,moose,0,0
LU2,LU2_Q24_24,350,red fox,0,0
LU2,LU2_Q24_24,350,red squirrel,0,0
LU2,LU2_Q24_24,350,snowshoe hare,29,1
LU2,LU2_Q24_24,350,white-tailed deer,3,1
LU2,LU2_Q24_24,350,wolverine,0,0
LU2,LU2_U13_24,343,black bear,8,1
LU2,LU2_U13_24,343,caribou,0,0
LU2,LU2_U13_24,343,cougar,0,0
LU2,LU2_U13_24,343,coyote,3,1
LU2,LU2_U13_24,343,fisher,0,0
LU2,LU2_U13_24,343,grey wolf,0,0
LU2,LU2_U13_24,343,lynx,1,1
LU2,LU2_U13_24,343,moose,1,1
LU2,LU2_U13_24,343,red fox,0,0
LU2,LU2_U13_24,343,red squirrel,7,1
LU2,LU2_U13_24,343,snowshoe hare,0,0
LU2,LU2_U13_24,343,white-tailed deer,72,1
LU2,LU2_U13_24,343,wolverine,0,0
LU2,LU2_W21_24,337,black bear,6,1
LU2,LU2_W21_24,337,caribou,0,0
LU2,LU2_W21_24,337,cougar,0,0
LU2,LU2_W21_24,337,coyote,8,1
LU2,LU2_W21_24,337,fisher,3,1
LU2,LU2_W21_24,337,grey wolf,2,1
LU2,LU2_W21_24,337,lynx,1,1
LU2,LU2_W21_24,337,moose,3,1
LU2,LU2_W21_24,337,red fox,0,0
LU2,LU2_W21_24,337,red squirrel,0,0
LU2,LU2_W21_24,337,snowshoe hare,3,1
LU2,LU2_W21_24,337,white-tailed deer,102,1
LU2,LU2_W21_24,337,wolverine,0,0
LU3,LU3_10,209,black bear,6,1
LU3,LU3_10,209,caribou,0,0
LU3,LU3_10,209,cougar,0,0
LU3,LU3_10,209,coyote,17,1
LU3,LU3_10,209,fisher,2,1
LU3,LU3_10,209,grey wolf,0,0
LU3,LU3_10,209,lynx,3,1
LU3,LU3_10,209,moose,1,1
LU3,LU3_10,209,red fox,0,0
LU3,LU3_10,209,red squirrel,0,0
LU3,LU3_10,209,snowshoe hare,47,1
LU3,LU3_10,209,white-tailed deer,8,1
LU3,LU3_10,209,wolverine,0,0
LU3,LU3_102,337,black bear,4,1
LU3,LU3_102,337,caribou,1,1
LU3,LU3_102,337,cougar,0,0
LU3,LU3_102,337,coyote,1,1
LU3,LU3_102,337,fisher,0,0
LU3,LU3_102,337,grey wolf,0,0
LU3,LU3_102,337,lynx,5,1
LU3,LU3_102,337,moose,0,0
LU3,LU3_102,337,red fox,0,0
LU3,LU3_102,337,red squirrel,3,1
LU3,LU3_102,337,snowshoe hare,5,1
LU3,LU3_102,337,white-tailed deer,6,1
LU3,LU3_102,337,wolverine,0,0
LU3,LU3_103,337,black bear,2,1
LU3,LU3_103,337,caribou,1,1
LU3,LU3_103,337,cougar,0,0
LU3,LU3_103,337,coyote,1,1
LU3,LU3_103,337,fisher,0,0
LU3,LU3_103,337,grey wolf,0,0
LU3,LU3_103,337,lynx,4,1
LU3,LU3_103,337,moose,2,1
LU3,LU3_103,337,red fox,0,0
LU3,LU3_103,337,red squirrel,1,1
LU3,LU3_103,337,snowshoe hare,8,1
LU3,LU3_103,337,white-tailed deer,1,1
LU3,LU3_103,337,wolverine,0,0
LU3,LU3_111,209,black bear,7,1
LU3,LU3_111,209,caribou,0,0
LU3,LU3_111,209,cougar,0,0
LU3,LU3_111,209,coyote,0,0
LU3,LU3_111,209,fisher,1,1
LU3,LU3_111,209,grey wolf,1,1
LU3,LU3_111,209,lynx,1,1
LU3,LU3_111,209,moose,0,0
LU3,LU3_111,209,red fox,0,0
LU3,LU3_111,209,red squirrel,0,0
LU3,LU3_111,209,snowshoe hare,2,1
LU3,LU3_111,209,white-tailed deer,18,1
LU3,LU3_111,209,wolverine,0,0
LU3,LU3_126,338,black bear,3,1
LU3,LU3_126,338,caribou,0,0
LU3,LU3_126,338,cougar,0,0
LU3,LU3_126,338,coyote,1,1
LU3,LU3_126,338,fisher,0,0
LU3,LU3_126,338,grey wolf,0,0
LU3,LU3_126,338,lynx,1,1
LU3,LU3_126,338,moose,0,0
LU3,LU3_126,338,red fox,0,0
LU3,LU3_126,338,red squirrel,2,1
LU3,LU3_126,338,snowshoe hare,2,1
LU3,LU3_126,338,white-tailed deer,1,1
LU3,LU3_126,338,wolverine,0,0
LU3,LU3_129,209,black bear,2,1
LU3,LU3_129,209,caribou,0,0
LU3,LU3_129,209,cougar,0,0
LU3,LU3_129,209,coyote,0,0
LU3,LU3_129,209,fisher,0,0
LU3,LU3_129,209,grey wolf,0,0
LU3,LU3_129,209,lynx,0,0
LU3,LU3_129,209,moose,0,0
LU3,LU3_129,209,red fox,0,0
LU3,LU3_129,209,red squirrel,0,0
LU3,LU3_129,209,snowshoe hare,2,1
LU3,LU3_129,209,white-tailed deer,42,1
LU3,LU3_129,209,wolverine,0,0
LU3,LU3_13,337,black bear,21,1
LU3,LU3_13,337,caribou,1,1
LU3,LU3_13,337,cougar,0,0
LU3,LU3_13,337,coyote,4,1
LU3,LU3_13,337,fisher,0,0
LU3,LU3_13,337,grey wolf,0,0
LU3,LU3_13,337,lynx,9,1
LU3,LU3_13,337,moose,1,1
LU3,LU3_13,337,red fox,0,0
LU3,LU3_13,337,red squirrel,6,1
LU3,LU3_13,337,snowshoe hare,11,1
LU3,LU3_13,337,white-tailed deer,6,1
LU3,LU3_13,337,wolverine,0,0
LU3,LU3_131,337,black bear,1,1
LU3,LU3_131,337,caribou,0,0
LU3,LU3_131,337,cougar,0,0
LU3,LU3_131,337,coyote,0,0
LU3,LU3_131,337,fisher,1,1
LU3,LU3_131,337,grey wolf,0,0
LU3,LU3_131,337,lynx,7,1
LU3,LU3_131,337,moose,3,1
LU3,LU3_131,337,red fox,0,0
LU3,LU3_131,337,red squirrel,0,0
LU3,LU3_131,337,snowshoe hare,8,1
LU3,LU3_131,337,white-tailed deer,8,1
LU3,LU3_131,337,wolverine,0,0
LU3,LU3_137,208,black bear,5,1
LU3,LU3_137,208,caribou,0,0
LU3,LU3_137,208,cougar,0,0
LU3,LU3_137,208,coyote,3,1
LU3,LU3_137,208,fisher,1,1
LU3,LU3_137,208,grey wolf,0,0
LU3,LU3_137,208,lynx,2,1
LU3,LU3_137,208,moose,1,1
LU3,LU3_137,208,red fox,0,0
LU3,LU3_137,208,red squirrel,2,1
LU3,LU3_137,208,snowshoe hare,15,1
LU3,LU3_137,208,white-tailed deer,5,1
LU3,LU3_137,208,wolverine,0,0
LU3,LU3_14,211,black bear,3,1
LU3,LU3_14,211,caribou,0,0
LU3,LU3_14,211,cougar,0,0
LU3,LU3_14,211,coyote,1,1
LU3,LU3_14,211,fisher,0,0
LU3,LU3_14,211,grey wolf,0,0
LU3,LU3_14,211,lynx,1,1
LU3,LU3_14,211,moose,1,1
LU3,LU3_14,211,red fox,0,0
LU3,LU3_14,211,red squirrel,0,0
LU3,LU3_14,211,snowshoe hare,1,1
LU3,LU3_14,211,white-tailed deer,7,1
LU3,LU3_14,211,wolverine,0,0
LU3,LU3_147,209,black bear,7,1
LU3,LU3_147,209,caribou,0,0
LU3,LU3_147,209,cougar,0,0
LU3,LU3_147,209,coyote,2,1
LU3,LU3_147,209,fisher,1,1
LU3,LU3_147,209,grey wolf,0,0
LU3,LU3_147,209,lynx,1,1
LU3,LU3_147,209,moose,1,1
LU3,LU3_147,209,red fox,0,0
LU3,LU3_147,209,red squirrel,0,0
LU3,LU3_147,209,snowshoe hare,2,1
LU3,LU3_147,209,white-tailed deer,50,1
LU3,LU3_147,209,wolverine,0,0
LU3,LU3_15,337,black bear,0,0
LU3,LU3_15,337,caribou,0,0
LU3,LU3_15,337,cougar,0,0
LU3,LU3_15,337,coyote,4,1
LU3,LU3_15,337,fisher,1,1
LU3,LU3_15,337,grey wolf,0,0
LU3,LU3_15,337,lynx,6,1
LU3,LU3_15,337,moose,1,1
LU3,LU3_15,337,red fox,0,0
LU3,LU3_15,337,red squirrel,3,1
LU3,LU3_15,337,snowshoe hare,15,1
LU3,LU3_15,337,white-tailed deer,1,1
LU3,LU3_15,337,wolverine,0,0
LU3,LU3_17,337,black bear,12,1
LU3,LU3_17,337,caribou,0,0
LU3,LU3_17,337,cougar,0,0
LU3,LU3_17,337,coyote,1,1
LU3,LU3_17,337,fisher,0,0
LU3,LU3_17,337,grey wolf,1,1
LU3,LU3_17,337,lynx,3,1
LU3,LU3_17,337,moose,0,0
LU3,LU3_17,337,red fox,0,0
LU3,LU3_17,337,red squirrel,0,0
LU3,LU3_17,337,snowshoe hare,16,1
LU3,LU3_17,337,white-tailed deer,6,1
LU3,LU3_17,337,wolverine,0,0
LU3,LU3_18,337,black bear,2,1
LU3,LU3_18,337,caribou,1,1
LU3,LU3_18,337,cougar,0,0
LU3,LU3_18,337,coyote,2,1
LU3,LU3_18,337,fisher,0,0
LU3,LU3_18,337,grey wolf,0,0
LU3,LU3_18,337,lynx,1,1
LU3,LU3_18,337,moose,0,0
LU3,LU3_18,337,red fox,0,0
LU3,LU3_18,337,red squirrel,0,0
LU3,LU3_18,337,snowshoe hare,7,1
LU3,LU3_18,337,white-tailed deer,0,0
LU3,LU3_18,337,wolverine,0,0
LU3,LU3_19,339,black bear,3,1
LU3,LU3_19,339,caribou,28,1
LU3,LU3_19,339,cougar,0,0
LU3,LU3_19,339,coyote,1,1
LU3,LU3_19,339,fisher,0,0
LU3,LU3_19,339,grey wolf,0,0
LU3,LU3_19,339,lynx,2,1
LU3,LU3_19,339,moose,1,1
LU3,LU3_19,339,red fox,0,0
LU3,LU3_19,339,red squirrel,0,0
LU3,LU3_19,339,snowshoe hare,2,1
LU3,LU3_19,339,white-tailed deer,26,1
LU3,LU3_19,339,wolverine,0,0
LU3,LU3_20,208,black bear,1,1
LU3,LU3_20,208,caribou,1,1
LU3,LU3_20,208,cougar,0,0
LU3,LU3_20,208,coyote,2,1
LU3,LU3_20,208,fisher,0,0
LU3,LU3_20,208,grey wolf,0,0
LU3,LU3_20,208,lynx,2,1
LU3,LU3_20,208,moose,0,0
LU3,LU3_20,208,red fox,0,0
LU3,LU3_20,208,red squirrel,0,0
LU3,LU3_20,208,snowshoe hare,5,1
LU3,LU3_20,208,white-tailed deer,14,1
LU3,LU3_20,208,wolverine,0,0
LU3,LU3_21,211,black bear,3,1
LU3,LU3_21,211,caribou,3,1
LU3,LU3_21,211,cougar,0,0
LU3,LU3_21,211,coyote,5,1
LU3,LU3_21,211,fisher,0,0
LU3,LU3_21,211,grey wolf,0,0
LU3,LU3_21,211,lynx,6,1
LU3,LU3_21,211,moose,1,1
LU3,LU3_21,211,red fox,0,0
LU3,LU3_21,211,red squirrel,0,0
LU3,LU3_21,211,snowshoe hare,20,1
LU3,LU3_21,211,white-tailed deer,25,1
LU3,LU3_21,211,wolverine,0,0
LU3,LU3_25,211,black bear,5,1
LU3,LU3_25,211,caribou,3,1
LU3,LU3_25,211,cougar,0,0
LU3,LU3_25,211,coyote,6,1
LU3,LU3_25,211,fisher,1,1
LU3,LU3_25,211,grey wolf,0,0
LU3,LU3_25,211,lynx,3,1
LU3,LU3_25,211,moose,0,0
LU3,LU3_25,211,red fox,0,0
LU3,LU3_25,211,red squirrel,6,1
LU3,LU3_25,211,snowshoe hare,23,1
LU3,LU3_25,211,white-tailed deer,18,1
LU3,LU3_25,211,wolverine,0,0
LU3,LU3_27,209,black bear,4,1
LU3,LU3_27,209,caribou,0,0
LU3,LU3_27,209,cougar,0,0
LU3,LU3_27,209,coyote,2,1
LU3,LU3_27,209,fisher,0,0
LU3,LU3_27,209,grey wolf,0,0
LU3,LU3_27,209,lynx,1,1
LU3,LU3_27,209,moose,1,1
LU3,LU3_27,209,red fox,0,0
LU3,LU3_27,209,red squirrel,0,0
LU3,LU3_27,209,snowshoe hare,0,0
LU3,LU3_27,209,white-tailed deer,21,1
LU3,LU3_27,209,wolverine,0,0
LU3,LU3_28,209,black bear,3,1
LU3,LU3_28,209,caribou,0,0
LU3,LU3_28,209,cougar,0,0
LU3,LU3_28,209,coyote,9,1
LU3,LU3_28,209,fisher,0,0
LU3,LU3_28,209,grey wolf,0,0
LU3,LU3_28,209,lynx,2,1
LU3,LU3_28,209,moose,0,0
LU3,LU3_28,209,red fox,0,0
LU3,LU3_28,209,red squirrel,0,0
LU3,LU3_28,209,snowshoe hare,2,1
LU3,LU3_28,209,white-tailed deer,37,1
LU3,LU3_28,209,wolverine,0,0
LU3,LU3_32,211,black bear,12,1
LU3,LU3_32,211,caribou,0,0
LU3,LU3_32,211,cougar,0,0
LU3,LU3_32,211,coyote,0,0
LU3,LU3_32,211,fisher,0,0
LU3,LU3_32,211,grey wolf,0,0
LU3,LU3_32,211,lynx,1,1
LU3,LU3_32,211,moose,0,0
LU3,LU3_32,211,red fox,0,0
LU3,LU3_32,211,red squirrel,0,0
LU3,LU3_32,211,snowshoe hare,0,0
LU3,LU3_32,211,white-tailed deer,55,1
LU3,LU3_32,211,wolverine,0,0
LU3,LU3_36,210,black bear,10,1
LU3,LU3_36,210,caribou,0,0
LU3,LU3_36,210,cougar,0,0
LU3,LU3_36,210,coyote,1,1
LU3,LU3_36,210,fisher,0,0
LU3,LU3_36,210,grey wolf,0,0
LU3,LU3_36,210,lynx,0,0
LU3,LU3_36,210,moose,5,1
LU3,LU3_36,210,red fox,0,0
LU3,LU3_36,210,red squirrel,1,1
LU3,LU3_36,210,snowshoe hare,11,1
LU3,LU3_36,210,white-tailed deer,16,1
LU3,LU3_36,210,wolverine,0,0
LU3,LU3_38,209,black bear,4,1
LU3,LU3_38,209,caribou,0,0
LU3,LU3_38,209,cougar,0,0
LU3,LU3_38,209,coyote,0,0
LU3,LU3_38,209,fisher,1,1
LU3,LU3_38,209,grey wolf,0,0
LU3,LU3_38,209,lynx,1,1
LU3,LU3_38,209,moose,0,0
LU3,LU3_38,209,red fox,0,0
LU3,LU3_38,209,red squirrel,0,0
LU3,LU3_38,209,snowshoe hare,0,0
LU3,LU3_38,209,white-tailed deer,0,0
LU3,LU3_38,209,wolverine,0,0
LU3,LU3_39,210,black bear,2,1
LU3,LU3_39,210,caribou,0,0
LU3,LU3_39,210,cougar,0,0
LU3,LU3_39,210,coyote,1,1
LU3,LU3_39,210,fisher,0,0
LU3,LU3_39,210,grey wolf,0,0
LU3,LU3_39,210,lynx,6,1
LU3,LU3_39,210,moose,1,1
LU3,LU3_39,210,red fox,0,0
LU3,LU3_39,210,red squirrel,0,0
LU3,LU3_39,210,snowshoe hare,2,1
LU3,LU3_39,210,white-tailed deer,20,1
LU3,LU3_39,210,wolverine,0,0
LU3,LU3_40,210,black bear,2,1
LU3,LU3_40,210,caribou,1,1
LU3,LU3_40,210,cougar,0,0
LU3,LU3_40,210,coyote,5,1
LU3,LU3_40,210,fisher,0,0
LU3,LU3_40,210,grey wolf,0,0
LU3,LU3_40,210,lynx,0,0
LU3,LU3_40,210,moose,0,0
LU3,LU3_40,210,red fox,0,0
LU3,LU3_40,210,red squirrel,0,0
LU3,LU3_40,210,snowshoe hare,0,0
LU3,LU3_40,210,white-tailed deer,5,1
LU3,LU3_40,210,wolverine,0,0
LU3,LU3_41,210,black bear,4,1
LU3,LU3_41,210,caribou,0,0
LU3,LU3_41,210,cougar,0,0
LU3,LU3_41,210,coyote,6,1
LU3,LU3_41,210,fisher,0,0
LU3,LU3_41,210,grey wolf,0,0
LU3,LU3_41,210,lynx,0,0
LU3,LU3_41,210,moose,0,0
LU3,LU3_41,210,red fox,0,0
LU3,LU3_41,210,red squirrel,0,0
LU3,LU3_41,210,snowshoe hare,2,1
LU3,LU3_41,210,white-tailed deer,7,1
LU3,LU3_41,210,wolverine,0,0
LU3,LU3_44,337,black bear,1,1
LU3,LU3_44,337,caribou,0,0
LU3,LU3_44,337,cougar,0,0
LU3,LU3_44,337,coyote,1,1
LU3,LU3_44,337,fisher,0,0
LU3,LU3_44,337,grey wolf,1,1
LU3,LU3_44,337,lynx,2,1
LU3,LU3_44,337,moose,2,1
LU3,LU3_44,337,red fox,0,0
LU3,LU3_44,337,red squirrel,2,1
LU3,LU3_44,337,snowshoe hare,35,1
LU3,LU3_44,337,white-tailed deer,19,1
LU3,LU3_44,337,wolverine,0,0
LU3,LU3_45,211,black bear,8,1
LU3,LU3_45,211,caribou,0,0
LU3,LU3_45,211,cougar,0,0
LU3,LU3_45,211,coyote,3,1
LU3,LU3_45,211,fisher,1,1
LU3,LU3_45,211,grey wolf,0,0
LU3,LU3_45,211,lynx,1,1
LU3,LU3_45,211,moose,0,0
LU3,LU3_45,211,red fox,0,0
LU3,LU3_45,211,red squirrel,0,0
LU3,LU3_45,211,snowshoe hare,10,1
LU3,LU3_45,211,white-tailed deer,33,1
LU3,LU3_45,211,wolverine,0,0
LU3,LU3_46,209,black bear,6,1
LU3,LU3_46,209,caribou,0,0
LU3,LU3_46,209,cougar,0,0
LU3,LU3_46,209,coyote,1,1
LU3,LU3_46,209,fisher,2,1
LU3,LU3_46,209,grey wolf,0,0
LU3,LU3_46,209,lynx,2,1
LU3,LU3_46,209,moose,1,1
LU3,LU3_46,209,red fox,0,0
LU3,LU3_46,209,red squirrel,1,1
LU3,LU3_46,209,snowshoe hare,5,1
LU3,LU3_46,209,white-tailed deer,9,1
LU3,LU3_46,209,wolverine,0,0
LU3,LU3_48,340,black bear,12,1
LU3,LU3_48,340,caribou,0,0
LU3,LU3_48,340,cougar,0,0
LU3,LU3_48,340,coyote,13,1
LU3,LU3_48,340,fisher,0,0
LU3,LU3_48,340,grey wolf,0,0
LU3,LU3_48,340,lynx,17,1
LU3,LU3_48,340,moose,0,0
LU3,LU3_48,340,red fox,0,0
LU3,LU3_48,340,red squirrel,3,1
LU3,LU3_48,340,snowshoe hare,129,1
LU3,LU3_48,340,white-tailed deer,2,1
LU3,LU3_48,340,wolverine,0,0
LU3,LU3_49,211,black bear,11,1
LU3,LU3_49,211,caribou,0,0
LU3,LU3_49,211,cougar,0,0
LU3,LU3_49,211,coyote,2,1
LU3,LU3_49,211,fisher,0,0
LU3,LU3_49,211,grey wolf,0,0
LU3,LU3_49,211,lynx,2,1
LU3,LU3_49,211,moose,0,0
LU3,LU3_49,211,red fox,0,0
LU3,LU3_49,211,red squirrel,0,0
LU3,LU3_49,211,snowshoe hare,2,1
LU3,LU3_49,211,white-tailed deer,36,1
LU3,LU3_49,211,wolverine,0,0
LU3,LU3_5,337,black bear,2,1
LU3,LU3_5,337,caribou,3,1
LU3,LU3_5,337,cougar,0,0
LU3,LU3_5,337,coyote,0,0
LU3,LU3_5,337,fisher,0,0
LU3,LU3_5,337,grey wolf,0,0
LU3,LU3_5,337,lynx,4,1
LU3,LU3_5,337,moose,0,0
LU3,LU3_5,337,red fox,1,1
LU3,LU3_5,337,red squirrel,0,0
LU3,LU3_5,337,snowshoe hare,9,1
LU3,LU3_5,337,white-tailed deer,6,1
LU3,LU3_5,337,wolverine,0,0
LU3,LU3_50,211,black bear,10,1
LU3,LU3_50,211,caribou,0,0
LU3,LU3_50,211,cougar,0,0
LU3,LU3_50,211,coyote,6,1
LU3,LU3_50,211,fisher,0,0
LU3,LU3_50,211,grey wolf,0,0
LU3,LU3_50,211,lynx,1,1
LU3,LU3_50,211,moose,0,0
LU3,LU3_50,211,red fox,0,0
LU3,LU3_50,211,red squirrel,0,0
LU3,LU3_50,211,snowshoe hare,1,1
LU3,LU3_50,211,white-tailed deer,28,1
LU3,LU3_50,211,wolverine,0,0
LU3,LU3_51,209,black bear,5,1
LU3,LU3_51,209,caribou,2,1
LU3,LU3_51,209,cougar,0,0
LU3,LU3_51,209,coyote,2,1
LU3,LU3_51,209,fisher,1,1
LU3,LU3_51,209,grey wolf,0,0
LU3,LU3_51,209,lynx,2,1
LU3,LU3_51,209,moose,0,0
LU3,LU3_51,209,red fox,0,0
LU3,LU3_51,209,red squirrel,0,0
LU3,LU3_51,209,snowshoe hare,2,1
LU3,LU3_51,209,white-tailed deer,63,1
LU3,LU3_51,209,wolverine,0,0
LU3,LU3_52,209,black bear,8,1
LU3,LU3_52,209,caribou,0,0
LU3,LU3_52,209,cougar,0,0
LU3,LU3_52,209,coyote,23,1
LU3,LU3_52,209,fisher,2,1
LU3,LU3_52,209,grey wolf,0,0
LU3,LU3_52,209,lynx,2,1
LU3,LU3_52,209,moose,1,1
LU3,LU3_52,209,red fox,0,0
LU3,LU3_52,209,red squirrel,21,1
LU3,LU3_52,209,snowshoe hare,1,1
LU3,LU3_52,209,white-tailed deer,87,1
LU3,LU3_52,209,wolverine,0,0
LU3,LU3_7,338,black bear,7,1
LU3,LU3_7,338,caribou,0,0
LU3,LU3_7,338,cougar,0,0
LU3,LU3_7,338,coyote,8,1
LU3,LU3_7,338,fisher,0,0
LU3,LU3_7,338,grey wolf,2,1
LU3,LU3_7,338,lynx,5,1
LU3,LU3_7,338,moose,0,0
LU3,LU3_7,338,red fox,0,0
LU3,LU3_7,338,red squirrel,13,1
LU3,LU3_7,338,snowshoe hare,31,1
LU3,LU3_7,338,white-tailed deer,11,1
LU3,LU3_7,338,wolverine,0,0
LU3,LU3_10_24,366,black bear,0,0
LU3,LU3_10_24,366,caribou,0,0
LU3,LU3_10_24,366,cougar,0,0
LU3,LU3_10_24,366,coyote,0,0
LU3,LU3_10_24,366,fisher,0,0
LU3,LU3_10_24,366,grey wolf,0,0
LU3,LU3_10_24,366,lynx,0,0
LU3,LU3_10_24,366,moose,0,0
LU3,LU3_10_24,366,red fox,0,0
LU3,LU3_10_24,366,red squirrel,0,0
LU3,LU3_10_24,366,snowshoe hare,0,0
LU3,LU3_10_24,366,white-tailed deer,0,0
LU3,LU3_10_24,366,wolverine,0,0
LU3,LU3_102_24,360,black bear,0,0
LU3,LU3_102_24,360,caribou,0,0
LU3,LU3_102_24,360,cougar,0,0
LU3,LU3_102_24,360,coyote,0,0
LU3,LU3_102_24,360,fisher,0,0
LU3,LU3_102_24,360,grey wolf,0,0
LU3,LU3_102_24,360,lynx,0,0
LU3,LU3_102_24,360,moose,0,0
LU3,LU3_102_24,360,red fox,0,0
LU3,LU3_102_24,360,red squirrel,0,0
LU3,LU3_102_24,360,snowshoe hare,0,0
LU3,LU3_102_24,360,white-tailed deer,0,0
LU3,LU3_102_24,360,wolverine,0,0
LU3,LU3_111_24,361,black bear,0,0
LU3,LU3_111_24,361,caribou,0,0
LU3,LU3_111_24,361,cougar,0,0
LU3,LU3_111_24,361,coyote,0,0
LU3,LU3_111_24,361,fisher,0,0
LU3,LU3_111_24,361,grey wolf,0,0
LU3,LU3_111_24,361,lynx,0,0
LU3,LU3_111_24,361,moose,0,0
LU3,LU3_111_24,361,red fox,0,0
LU3,LU3_111_24,361,red squirrel,0,0
LU3,LU3_111_24,361,snowshoe hare,0,0
LU3,LU3_111_24,361,white-tailed deer,0,0
LU3,LU3_111_24,361,wolverine,0,0
LU3,LU3_129_24,152,black bear,0,0
LU3,LU3_129_24,152,caribou,0,0
LU3,LU3_129_24,152,cougar,0,0
LU3,LU3_129_24,152,coyote,0,0
LU3,LU3_129_24,152,fisher,0,0
LU3,LU3_129_24,152,grey wolf,0,0
LU3,LU3_129_24,152,lynx,0,0
LU3,LU3_129_24,152,moose,0,0
LU3,LU3_129_24,152,red fox,0,0
LU3,LU3_129_24,152,red squirrel,0,0
LU3,LU3_129_24,152,snowshoe hare,0,0
LU3,LU3_129_24,152,white-tailed deer,0,0
LU3,LU3_129_24,152,wolverine,0,0
LU3,LU3_13_24,363,black bear,0,0
LU3,LU3_13_24,363,caribou,0,0
LU3,LU3_13_24,363,cougar,0,0
LU3,LU3_13_24,363,coyote,0,0
LU3,LU3_13_24,363,fisher,0,0
LU3,LU3_13_24,363,grey wolf,0,0
LU3,LU3_13_24,363,lynx,0,0
LU3,LU3_13_24,363,moose,0,0
LU3,LU3_13_24,363,red fox,0,0
LU3,LU3_13_24,363,red squirrel,0,0
LU3,LU3_13_24,363,snowshoe hare,0,0
LU3,LU3_13_24,363,white-tailed deer,0,0
LU3,LU3_13_24,363,wolverine,0,0
LU3,LU3_147_24,363,black bear,0,0
LU3,LU3_147_24,363,caribou,0,0
LU3,LU3_147_24,363,cougar,0,0
LU3,LU3_147_24,363,coyote,0,0
LU3,LU3_147_24,363,fisher,0,0
LU3,LU3_147_24,363,grey wolf,0,0
LU3,LU3_147_24,363,lynx,0,0
LU3,LU3_147_24,363,moose,0,0
LU3,LU3_147_24,363,red fox,0,0
LU3,LU3_147_24,363,red squirrel,0,0
LU3,LU3_147_24,363,snowshoe hare,0,0
LU3,LU3_147_24,363,white-tailed deer,0,0
LU3,LU3_147_24,363,wolverine,0,0
LU3,LU3_17_24,363,black bear,0,0
LU3,LU3_17_24,363,caribou,0,0
LU3,LU3_17_24,363,cougar,0,0
LU3,LU3_17_24,363,coyote,0,0
LU3,LU3_17_24,363,fisher,0,0
LU3,LU3_17_24,363,grey wolf,0,0
LU3,LU3_17_24,363,lynx,0,0
LU3,LU3_17_24,363,moose,0,0
LU3,LU3_17_24,363,red fox,0,0
LU3,LU3_17_24,363,red squirrel,0,0
LU3,LU3_17_24,363,snowshoe hare,0,0
LU3,LU3_17_24,363,white-tailed deer,0,0
LU3,LU3_17_24,363,wolverine,0,0
LU3,LU3_18_24,361,black bear,0,0
LU3,LU3_18_24,361,caribou,0,0
LU3,LU3_18_24,361,cougar,0,0
LU3,LU3_18_24,361,coyote,0,0
LU3,LU3_18_24,361,fisher,0,0
LU3,LU3_18_24,361,grey wolf,0,0
LU3,LU3_18_24,361,lynx,0,0
LU3,LU3_18_24,361,moose,0,0
LU3,LU3_18_24,361,red fox,0,0
LU3,LU3_18_24,361,red squirrel,0,0
LU3,LU3_18_24,361,snowshoe hare,0,0
LU3,LU3_18_24,361,white-tailed deer,0,0
LU3,LU3_18_24,361,wolverine,0,0
LU3,LU3_19_24,363,black bear,0,0
LU3,LU3_19_24,363,caribou,0,0
LU3,LU3_19_24,363,cougar,0,0
LU3,LU3_19_24,363,coyote,0,0
LU3,LU3_19_24,363,fisher,0,0
LU3,LU3_19_24,363,grey wolf,0,0
LU3,LU3_19_24,363,lynx,0,0
LU3,LU3_19_24,363,moose,0,0
LU3,LU3_19_24,363,red fox,0,0
LU3,LU3_19_24,363,red squirrel,0,0
LU3,LU3_19_24,363,snowshoe hare,0,0
LU3,LU3_19_24,363,white-tailed deer,0,0
LU3,LU3_19_24,363,wolverine,0,0
LU3,LU3_20_24,363,black bear,0,0
LU3,LU3_20_24,363,caribou,0,0
LU3,LU3_20_24,363,cougar,0,0
LU3,LU3_20_24,363,coyote,0,0
LU3,LU3_20_24,363,fisher,0,0
LU3,LU3_20_24,363,grey wolf,0,0
LU3,LU3_20_24,363,lynx,0,0
LU3,LU3_20_24,363,moose,0,0
LU3,LU3_20_24,363,red fox,0,0
LU3,LU3_20_24,363,red squirrel,0,0
LU3,LU3_20_24,363,snowshoe hare,0,0
LU3,LU3_20_24,363,white-tailed deer,0,0
LU3,LU3_20_24,363,wolverine,0,0
LU3,LU3_21_24,366,black bear,0,0
LU3,LU3_21_24,366,caribou,0,0
LU3,LU3_21_24,366,cougar,0,0
LU3,LU3_21_24,366,coyote,0,0
LU3,LU3_21_24,366,fisher,0,0
LU3,LU3_21_24,366,grey wolf,0,0
LU3,LU3_21_24,366,lynx,0,0
LU3,LU3_21_24,366,moose,0,0
LU3,LU3_21_24,366,red fox,0,0
LU3,LU3_21_24,366,red squirrel,0,0
LU3,LU3_21_24,366,snowshoe hare,0,0
LU3,LU3_21_24,366,white-tailed deer,0,0
LU3,LU3_21_24,366,wolverine,0,0
LU3,LU3_25_24,366,black bear,0,0
LU3,LU3_25_24,366,caribou,0,0
LU3,LU3_25_24,366,cougar,0,0
LU3,LU3_25_24,366,coyote,0,0
LU3,LU3_25_24,366,fisher,0,0
LU3,LU3_25_24,366,grey wolf,0,0
LU3,LU3_25_24,366,lynx,0,0
LU3,LU3_25_24,366,moose,0,0
LU3,LU3_25_24,366,red fox,0,0
LU3,LU3_25_24,366,red squirrel,0,0
LU3,LU3_25_24,366,snowshoe hare,0,0
LU3,LU3_25_24,366,white-tailed deer,0,0
LU3,LU3_25_24,366,wolverine,0,0
LU3,LU3_27_24,363,black bear,0,0
LU3,LU3_27_24,363,caribou,0,0
LU3,LU3_27_24,363,cougar,0,0
LU3,LU3_27_24,363,coyote,0,0
LU3,LU3_27_24,363,fisher,0,0
LU3,LU3_27_24,363,grey wolf,0,0
LU3,LU3_27_24,363,lynx,0,0
LU3,LU3_27_24,363,moose,0,0
LU3,LU3_27_24,363,red fox,0,0
LU3,LU3_27_24,363,red squirrel,0,0
LU3,LU3_27_24,363,snowshoe hare,0,0
LU3,LU3_27_24,363,white-tailed deer,0,0
LU3,LU3_27_24,363,wolverine,0,0
LU3,LU3_28_24,366,black bear,0,0
LU3,LU3_28_24,366,caribou,0,0
LU3,LU3_28_24,366,cougar,0,0
LU3,LU3_28_24,366,coyote,0,0
LU3,LU3_28_24,366,fisher,0,0
LU3,LU3_28_24,366,grey wolf,0,0
LU3,LU3_28_24,366,lynx,0,0
LU3,LU3_28_24,366,moose,0,0
LU3,LU3_28_24,366,red fox,0,0
LU3,LU3_28_24,366,red squirrel,0,0
LU3,LU3_28_24,366,snowshoe hare,0,0
LU3,LU3_28_24,366,white-tailed deer,0,0
LU3,LU3_28_24,366,wolverine,0,0
LU3,LU3_32_24,368,black bear,0,0
LU3,LU3_32_24,368,caribou,0,0
LU3,LU3_32_24,368,cougar,0,0
LU3,LU3_32_24,368,coyote,0,0
LU3,LU3_32_24,368,fisher,0,0
LU3,LU3_32_24,368,grey wolf,0,0
LU3,LU3_32_24,368,lynx,0,0
LU3,LU3_32_24,368,moose,0,0
LU3,LU3_32_24,368,red fox,0,0
LU3,LU3_32_24,368,red squirrel,0,0
LU3,LU3_32_24,368,snowshoe hare,0,0
LU3,LU3_32_24,368,white-tailed deer,0,0
LU3,LU3_32_24,368,wolverine,0,0
LU3,LU3_36_24,363,black bear,0,0
LU3,LU3_36_24,363,caribou,0,0
LU3,LU3_36_24,363,cougar,0,0
LU3,LU3_36_24,363,coyote,0,0
LU3,LU3_36_24,363,fisher,0,0
LU3,LU3_36_24,363,grey wolf,0,0
LU3,LU3_36_24,363,lynx,0,0
LU3,LU3_36_24,363,moose,0,0
LU3,LU3_36_24,363,red fox,0,0
LU3,LU3_36_24,363,red squirrel,0,0
LU3,LU3_36_24,363,snowshoe hare,0,0
LU3,LU3_36_24,363,white-tailed deer,0,0
LU3,LU3_36_24,363,wolverine,0,0
LU3,LU3_39_24,361,black bear,0,0
LU3,LU3_39_24,361,caribou,0,0
LU3,LU3_39_24,361,cougar,0,0
LU3,LU3_39_24,361,coyote,0,0
LU3,LU3_39_24,361,fisher,0,0
LU3,LU3_39_24,361,grey wolf,0,0
LU3,LU3_39_24,361,lynx,0,0
LU3,LU3_39_24,361,moose,0,0
LU3,LU3_39_24,361,red fox,0,0
LU3,LU3_39_24,361,red squirrel,0,0
LU3,LU3_39_24,361,snowshoe hare,0,0
LU3,LU3_39_24,361,white-tailed deer,0,0
LU3,LU3_39_24,361,wolverine,0,0
LU3,LU3_40_24,361,black bear,3,1
LU3,LU3_40_24,361,caribou,0,0
LU3,LU3_40_24,361,cougar,0,0
LU3,LU3_40_24,361,coyote,17,1
LU3,LU3_40_24,361,fisher,0,0
LU3,LU3_40_24,361,grey wolf,0,0
LU3,LU3_40_24,361,lynx,3,1
LU3,LU3_40_24,361,moose,1,1
LU3,LU3_40_24,361,red fox,0,0
LU3,LU3_40_24,361,red squirrel,0,0
LU3,LU3_40_24,361,snowshoe hare,8,1
LU3,LU3_40_24,361,white-tailed deer,57,1
LU3,LU3_40_24,361,wolverine,0,0
LU3,LU3_41_24,359,black bear,26,1
LU3,LU3_41_24,359,caribou,0,0
LU3,LU3_41_24,359,cougar,0,0
LU3,LU3_41_24,359,coyote,3,1
LU3,LU3_41_24,359,fisher,2,1
LU3,LU3_41_24,359,grey wolf,0,0
LU3,LU3_41_24,359,lynx,1,1
LU3,LU3_41_24,359,moose,3,1
LU3,LU3_41_24,359,red fox,0,0
LU3,LU3_41_24,359,red squirrel,0,0
LU3,LU3_41_24,359,snowshoe hare,0,0
LU3,LU3_41_24,359,white-tailed deer,9,1
LU3,LU3_41_24,359,wolverine,0,0
LU3,LU3_44_24,363,black bear,15,1
LU3,LU3_44_24,363,caribou,0,0
LU3,LU3_44_24,363,cougar,0,0
LU3,LU3_44_24,363,coyote,2,1
LU3,LU3_44_24,363,fisher,0,0
LU3,LU3_44_24,363,grey wolf,0,0
LU3,LU3_44_24,363,lynx,5,1
LU3,LU3_44_24,363,moose,0,0
LU3,LU3_44_24,363,red fox,0,0
LU3,LU3_44_24,363,red squirrel,23,1
LU3,LU3_44_24,363,snowshoe hare,54,1
LU3,LU3_44_24,363,white-tailed deer,12,1
LU3,LU3_44_24,363,wolverine,0,0
LU3,LU3_45_24,355,black bear,12,1
LU3,LU3_45_24,355,caribou,0,0
LU3,LU3_45_24,355,cougar,0,0
LU3,LU3_45_24,355,coyote,2,1
LU3,LU3_45_24,355,fisher,0,0
LU3,LU3_45_24,355,grey wolf,0,0
LU3,LU3_45_24,355,lynx,2,1
LU3,LU3_45_24,355,moose,2,1
LU3,LU3_45_24,355,red fox,0,0
LU3,LU3_45_24,355,red squirrel,0,0
LU3,LU3_45_24,355,snowshoe hare,46,1
LU3,LU3_45_24,355,white-tailed deer,27,1
LU3,LU3_45_24,355,wolverine,0,0
LU3,LU3_46_24,366,black bear,10,1
LU3,LU3_46_24,366,caribou,0,0
LU3,LU3_46_24,366,cougar,0,0
LU3,LU3_46_24,366,coyote,5,1
LU3,LU3_46_24,366,fisher,3,1
LU3,LU3_46_24,366,grey wolf,0,0
LU3,LU3_46_24,366,lynx,0,0
LU3,LU3_46_24,366,moose,0,0
LU3,LU3_46_24,366,red fox,0,0
LU3,LU3_46_24,366,red squirrel,4,1
LU3,LU3_46_24,366,snowshoe hare,2,1
LU3,LU3_46_24,366,white-tailed deer,23,1
LU3,LU3_46_24,366,wolverine,0,0
LU3,LU3_48_24,345,black bear,13,1
LU3,LU3_48_24,345,caribou,0,0
LU3,LU3_48_24,345,cougar,0,0
LU3,LU3_48_24,345,coyote,13,1
LU3,LU3_48_24,345,fisher,0,0
LU3,LU3_48_24,345,grey wolf,0,0
LU3,LU3_48_24,345,lynx,1,1
LU3,LU3_48_24,345,moose,0,0
LU3,LU3_48_24,345,red fox,0,0
LU3,LU3_48_24,345,red squirrel,3,1
LU3,LU3_48_24,345,snowshoe hare,278,1
LU3,LU3_48_24,345,white-tailed deer,13,1
LU3,LU3_48_24,345,wolverine,0,0
LU3,LU3_49_24,368,black bear,19,1
LU3,LU3_49_24,368,caribou,0,0
LU3,LU3_49_24,368,cougar,0,0
LU3,LU3_49_24,368,coyote,11,1
LU3,LU3_49_24,368,fisher,2,1
LU3,LU3_49_24,368,grey wolf,0,0
LU3,LU3_49_24,368,lynx,9,1
LU3,LU3_49_24,368,moose,7,1
LU3,LU3_49_24,368,red fox,0,0
LU3,LU3_49_24,368,red squirrel,4,1
LU3,LU3_49_24,368,snowshoe hare,5,1
LU3,LU3_49_24,368,white-tailed deer,78,1
LU3,LU3_49_24,368,wolverine,0,0
LU3,LU3_50_24,368,black bear,35,1
LU3,LU3_50_24,368,caribou,0,0
LU3,LU3_50_24,368,cougar,0,0
LU3,LU3_50_24,368,coyote,6,1
LU3,LU3_50_24,368,fisher,2,1
LU3,LU3_50_24,368,grey wolf,0,0
LU3,LU3_50_24,368,lynx,0,0
LU3,LU3_50_24,368,moose,0,0
LU3,LU3_50_24,368,red fox,0,0
LU3,LU3_50_24,368,red squirrel,1,1
LU3,LU3_50_24,368,snowshoe hare,10,1
LU3,LU3_50_24,368,white-tailed deer,34,1
LU3,LU3_50_24,368,wolverine,0,0
LU3,LU3_51_24,346,black bear,6,1
LU3,LU3_51_24,346,caribou,0,0
LU3,LU3_51_24,346,cougar,0,0
LU3,LU3_51_24,346,coyote,3,1
LU3,LU3_51_24,346,fisher,0,0
LU3,LU3_51_24,346,grey wolf,0,0
LU3,LU3_51_24,346,lynx,1,1
LU3,LU3_51_24,346,moose,1,1
LU3,LU3_51_24,346,red fox,0,0
LU3,LU3_51_24,346,red squirrel,4,1
LU3,LU3_51_24,346,snowshoe hare,4,1
LU3,LU3_51_24,346,white-tailed deer,6,1
LU3,LU3_51_24,346,wolverine,0,0
LU3,LU3_52_24,361,black bear,33,1
LU3,LU3_52_24,361,caribou,0,0
LU3,LU3_52_24,361,cougar,0,0
LU3,LU3_52_24,361,coyote,38,1
LU3,LU3_52_24,361,fisher,3,1
LU3,LU3_52_24,361,grey wolf,1,1
LU3,LU3_52_24,361,lynx,0,0
LU3,LU3_52_24,361,moose,2,1
LU3,LU3_52_24,361,red fox,0,0
LU3,LU3_52_24,361,red squirrel,2,1
LU3,LU3_52_24,361,snowshoe hare,5,1
LU3,LU3_52_24,361,white-tailed deer,157,1
LU3,LU3_52_24,361,wolverine,0,0
LU3,LU3_7_24,366,black bear,0,0
LU3,LU3_7_24,366,caribou,0,0
LU3,LU3_7_24,366,cougar,0,0
LU3,LU3_7_24,366,coyote,0,0
LU3,LU3_7_24,366,fisher,0,0
LU3,LU3_7_24,366,grey wolf,0,0
LU3,LU3_7_24,366,lynx,0,0
LU3,LU3_7_24,366,moose,0,0
LU3,LU3_7_24,366,red fox,0,0
LU3,LU3_7_24,366,red squirrel,0,0
LU3,LU3_7_24,366,snowshoe hare,0,0
LU3,LU3_7_24,366,white-tailed deer,0,0
LU3,LU3_7_24,366,wolverine,0,0
LU3,LU3_AB21_24,361,black bear,8,1
LU3,LU3_AB21_24,361,caribou,0,0
LU3,LU3_AB21_24,361,cougar,0,0
LU3,LU3_AB21_24,361,coyote,1,1
LU3,LU3_AB21_24,361,fisher,2,1
LU3,LU3_AB21_24,361,grey wolf,0,0
LU3,LU3_AB21_24,361,lynx,1,1
LU3,LU3_AB21_24,361,moose,1,1
LU3,LU3_AB21_24,361,red fox,0,0
LU3,LU3_AB21_24,361,red squirrel,11,1
LU3,LU3_AB21_24,361,snowshoe hare,68,1
LU3,LU3_AB21_24,361,white-tailed deer,5,1
LU3,LU3_AB21_24,361,wolverine,0,0
LU3,LU3_AC10_24,366,black bear,13,1
LU3,LU3_AC10_24,366,caribou,0,0
LU3,LU3_AC10_24,366,cougar,0,0
LU3,LU3_AC10_24,366,coyote,3,1
LU3,LU3_AC10_24,366,fisher,1,1
LU3,LU3_AC10_24,366,grey wolf,0,0
LU3,LU3_AC10_24,366,lynx,1,1
LU3,LU3_AC10_24,366,moose,1,1
LU3,LU3_AC10_24,366,red fox,0,0
LU3,LU3_AC10_24,366,red squirrel,0,0
LU3,LU3_AC10_24,366,snowshoe hare,0,0
LU3,LU3_AC10_24,366,white-tailed deer,14,1
LU3,LU3_AC10_24,366,wolverine,0,0
LU3,LU3_AE12_24,366,black bear,11,1
LU3,LU3_AE12_24,366,caribou,0,0
LU3,LU3_AE12_24,366,cougar,0,0
LU3,LU3_AE12_24,366,coyote,3,1
LU3,LU3_AE12_24,366,fisher,0,0
LU3,LU3_AE12_24,366,grey wolf,0,0
LU3,LU3_AE12_24,366,lynx,1,1
LU3,LU3_AE12_24,366,moose,0,0
LU3,LU3_AE12_24,366,red fox,0,0
LU3,LU3_AE12_24,366,red squirrel,1,1
LU3,LU3_AE12_24,366,snowshoe hare,24,1
LU3,LU3_AE12_24,366,white-tailed deer,41,1
LU3,LU3_AE12_24,366,wolverine,0,0
LU3,LU3_J23_24,355,black bear,3,1
LU3,LU3_J23_24,355,caribou,0,0
LU3,LU3_J23_24,355,cougar,0,0
LU3,LU3_J23_24,355,coyote,4,1
LU3,LU3_J23_24,355,fisher,3,1
LU3,LU3_J23_24,355,grey wolf,0,0
LU3,LU3_J23_24,355,lynx,1,1
LU3,LU3_J23_24,355,moose,0,0
LU3,LU3_J23_24,355,red fox,0,0
LU3,LU3_J23_24,355,red squirrel,1,1
LU3,LU3_J23_24,355,snowshoe hare,9,1
LU3,LU3_J23_24,355,white-tailed deer,26,1
LU3,LU3_J23_24,355,wolverine,0,0
LU3,LU3_L15_24,368,black bear,15,1
LU3,LU3_L15_24,368,caribou,0,0
LU3,LU3_L15_24,368,cougar,0,0
LU3,LU3_L15_24,368,coyote,6,1
LU3,LU3_L15_24,368,fisher,12,1
LU3,LU3_L15_24,368,grey wolf,0,0
LU3,LU3_L15_24,368,lynx,0,0
LU3,LU3_L15_24,368,moose,0,0
LU3,LU3_L15_24,368,red fox,0,0
LU3,LU3_L15_24,368,red squirrel,10,1
LU3,LU3_L15_24,368,snowshoe hare,11,1
LU3,LU3_L15_24,368,white-tailed deer,12,1
LU3,LU3_L15_24,368,wolverine,0,0
LU3,LU3_L16_24,368,black bear,4,1
LU3,LU3_L16_24,368,caribou,0,0
LU3,LU3_L16_24,368,cougar,0,0
LU3,LU3_L16_24,368,coyote,19,1
LU3,LU3_L16_24,368,fisher,0,0
LU3,LU3_L16_24,368,grey wolf,0,0
LU3,LU3_L16_24,368,lynx,2,1
LU3,LU3_L16_24,368,moose,0,0
LU3,LU3_L16_24,368,red fox,0,0
LU3,LU3_L16_24,368,red squirrel,8,1
LU3,LU3_L16_24,368,snowshoe hare,71,1
LU3,LU3_L16_24,368,white-tailed deer,7,1
LU3,LU3_L16_24,368,wolverine,0,0
LU3,LU3_L22_24,368,black bear,6,1
LU3,LU3_L22_24,368,caribou,0,0
LU3,LU3_L22_24,368,cougar,0,0
LU3,LU3_L22_24,368,coyote,4,1
LU3,LU3_L22_24,368,fisher,1,1
LU3,LU3_L22_24,368,grey wolf,0,0
LU3,LU3_L22_24,368,lynx,6,1
LU3,LU3_L22_24,368,moose,0,0
LU3,LU3_L22_24,368,red fox,0,0
LU3,LU3_L22_24,368,red squirrel,0,0
LU3,LU3_L22_24,368,snowshoe hare,55,1
LU3,LU3_L22_24,368,white-tailed deer,3,1
LU3,LU3_L22_24,368,wolverine,0,0
LU3,LU3_M20_24,368,black bear,10,1
LU3,LU3_M20_24,368,caribou,0,0
LU3,LU3_M20_24,368,cougar,0,0
LU3,LU3_M20_24,368,coyote,14,1
LU3,LU3_M20_24,368,fisher,2,1
LU3,LU3_M20_24,368,grey wolf,0,0
LU3,LU3_M20_24,368,lynx,5,1
LU3,LU3_M20_24,368,moose,0,0
LU3,LU3_M20_24,368,red fox,0,0
LU3,LU3_M20_24,368,red squirrel,13,1
LU3,LU3_M20_24,368,snowshoe hare,95,1
LU3,LU3_M20_24,368,white-tailed deer,17,1
LU3,LU3_M20_24,368,wolverine,0,0
LU3,LU3_N18_24,363,black bear,11,1
LU3,LU3_N18_24,363,caribou,1,1
LU3,LU3_N18_24,363,cougar,0,0
LU3,LU3_N18_24,363,coyote,10,1
LU3,LU3_N18_24,363,fisher,1,1
LU3,LU3_N18_24,363,grey wolf,0,0
LU3,LU3_N18_24,363,lynx,2,1
LU3,LU3_N18_24,363,moose,1,1
LU3,LU3_N18_24,363,red fox,0,0
LU3,LU3_N18_24,363,red squirrel,6,1
LU3,LU3_N18_24,363,snowshoe hare,6,1
LU3,LU3_N18_24,363,white-tailed deer,59,1
LU3,LU3_N18_24,363,wolverine,0,0
LU3,LU3_U6_24,343,black bear,6,1
LU3,LU3_U6_24,343,caribou,0,0
LU3,LU3_U6_24,343,cougar,0,0
LU3,LU3_U6_24,343,coyote,2,1
LU3,LU3_U6_24,343,fisher,0,0
LU3,LU3_U6_24,343,grey wolf,0,0
LU3,LU3_U6_24,343,lynx,1,1
LU3,LU3_U6_24,343,moose,2,1
LU3,LU3_U6_24,343,red fox,0,0
LU3,LU3_U6_24,343,red squirrel,3,1
LU3,LU3_U6_24,343,snowshoe hare,2,1
LU3,LU3_U6_24,343,white-tailed deer,12,1
LU3,LU3_U6_24,343,wolverine,0,0
LU3,LU3_W7_24,343,black bear,3,1
LU3,LU3_W7_24,343,caribou,0,0
LU3,LU3_W7_24,343,cougar,0,0
LU3,LU3_W7_24,343,coyote,1,1
LU3,LU3_W7_24,343,fisher,0,0
LU3,LU3_W7_24,343,grey wolf,0,0
LU3,LU3_W7_24,343,lynx,0,0
LU3,LU3_W7_24,343,moose,4,1
LU3,LU3_W7_24,343,red fox,0,0
LU3,LU3_W7_24,343,red squirrel,0,0
LU3,LU3_W7_24,343,snowshoe hare,0,0
LU3,LU3_W7_24,343,white-tailed deer,39,1
LU3,LU3_W7_24,343,wolverine,0,0
LU3,LU3_Y8_24,368,black bear,0,0
LU3,LU3_Y8_24,368,caribou,0,0
LU3,LU3_Y8_24,368,cougar,0,0
LU3,LU3_Y8_24,368,coyote,0,0
LU3,LU3_Y8_24,368,fisher,0,0
LU3,LU3_Y8_24,368,grey wolf,0,0
LU3,LU3_Y8_24,368,lynx,0,0
LU3,LU3_Y8_24,368,moose,0,0
LU3,LU3_Y8_24,368,red fox,0,0
LU3,LU3_Y8_24,368,red squirrel,0,0
LU3,LU3_Y8_24,368,snowshoe hare,0,0
LU3,LU3_Y8_24,368,white-tailed deer,0,0
LU3,LU3_Y8_24,368,wolverine,0,0
LU1,LU1_10,172,black bear,5,1
LU1,LU1_10,172,caribou,0,0
LU1,LU1_10,172,cougar,0,0
LU1,LU1_10,172,coyote,4,1
LU1,LU1_10,172,fisher,8,1
LU1,LU1_10,172,grey wolf,0,0
LU1,LU1_10,172,lynx,0,0
LU1,LU1_10,172,moose,2,1
LU1,LU1_10,172,red fox,0,0
LU1,LU1_10,172,red squirrel,0,0
LU1,LU1_10,172,snowshoe hare,1,1
LU1,LU1_10,172,white-tailed deer,61,1
LU1,LU1_10,172,wolverine,0,0
LU1,LU1_11,450,black bear,7,1
LU1,LU1_11,450,caribou,0,0
LU1,LU1_11,450,cougar,1,1
LU1,LU1_11,450,coyote,13,1
LU1,LU1_11,450,fisher,4,1
LU1,LU1_11,450,grey wolf,3,1
LU1,LU1_11,450,lynx,1,1
LU1,LU1_11,450,moose,8,1
LU1,LU1_11,450,red fox,3,1
LU1,LU1_11,450,red squirrel,9,1
LU1,LU1_11,450,snowshoe hare,8,1
LU1,LU1_11,450,white-tailed deer,73,1
LU1,LU1_11,450,wolverine,0,0
LU1,LU1_13,455,black bear,15,1
LU1,LU1_13,455,caribou,0,0
LU1,LU1_13,455,cougar,0,0
LU1,LU1_13,455,coyote,20,1
LU1,LU1_13,455,fisher,6,1
LU1,LU1_13,455,grey wolf,0,0
LU1,LU1_13,455,lynx,0,0
LU1,LU1_13,455,moose,15,1
LU1,LU1_13,455,red fox,0,0
LU1,LU1_13,455,red squirrel,0,0
LU1,LU1_13,455,snowshoe hare,0,0
LU1,LU1_13,455,white-tailed deer,138,1
LU1,LU1_13,455,wolverine,0,0
LU1,LU1_22,449,black bear,12,1
LU1,LU1_22,449,caribou,0,0
LU1,LU1_22,449,cougar,1,1
LU1,LU1_22,449,coyote,27,1
LU1,LU1_22,449,fisher,6,1
LU1,LU1_22,449,grey wolf,0,0
LU1,LU1_22,449,lynx,1,1
LU1,LU1_22,449,moose,1,1
LU1,LU1_22,449,red fox,0,0
LU1,LU1_22,449,red squirrel,39,1
LU1,LU1_22,449,snowshoe hare,25,1
LU1,LU1_22,449,white-tailed deer,42,1
LU1,LU1_22,449,wolverine,0,0
LU1,LU1_25,450,black bear,28,1
LU1,LU1_25,450,caribou,0,0
LU1,LU1_25,450,cougar,0,0
LU1,LU1_25,450,coyote,13,1
LU1,LU1_25,450,fisher,1,1
LU1,LU1_25,450,grey wolf,0,0
LU1,LU1_25,450,lynx,1,1
LU1,LU1_25,450,moose,0,0
LU1,LU1_25,450,red fox,0,0
LU1,LU1_25,450,red squirrel,1,1
LU1,LU1_25,450,snowshoe hare,2,1
LU1,LU1_25,450,white-tailed deer,75,1
LU1,LU1_25,450,wolverine,0,0
LU1,LU1_27,454,black bear,5,1
LU1,LU1_27,454,caribou,0,0
LU1,LU1_27,454,cougar,0,0
LU1,LU1_27,454,coyote,41,1
LU1,LU1_27,454,fisher,1,1
LU1,LU1_27,454,grey wolf,1,1
LU1,LU1_27,454,lynx,0,0
LU1,LU1_27,454,moose,2,1
LU1,LU1_27,454,red fox,0,0
LU1,LU1_27,454,red squirrel,134,1
LU1,LU1_27,454,snowshoe hare,4,1
LU1,LU1_27,454,white-tailed deer,89,1
LU1,LU1_27,454,wolverine,0,0
LU1,LU1_30,455,black bear,14,1
LU1,LU1_30,455,caribou,0,0
LU1,LU1_30,455,cougar,0,0
LU1,LU1_30,455,coyote,0,0
LU1,LU1_30,455,fisher,1,1
LU1,LU1_30,455,grey wolf,0,0
LU1,LU1_30,455,lynx,0,0
LU1,LU1_30,455,moose,7,1
LU1,LU1_30,455,red fox,0,0
LU1,LU1_30,455,red squirrel,0,0
LU1,LU1_30,455,snowshoe hare,0,0
LU1,LU1_30,455,white-tailed deer,23,1
LU1,LU1_30,455,wolverine,0,0
LU1,LU1_32,451,black bear,25,1
LU1,LU1_32,451,caribou,0,0
LU1,LU1_32,451,cougar,0,0
LU1,LU1_32,451,coyote,24,1
LU1,LU1_32,451,fisher,0,0
LU1,LU1_32,451,grey wolf,0,0
LU1,LU1_32,451,lynx,0,0
LU1,LU1_32,451,moose,2,1
LU1,LU1_32,451,red fox,9,1
LU1,LU1_32,451,red squirrel,47,1
LU1,LU1_32,451,snowshoe hare,63,1
LU1,LU1_32,451,white-tailed deer,28,1
LU1,LU1_32,451,wolverine,0,0
LU1,LU1_36,451,black bear,19,1
LU1,LU1_36,451,caribou,0,0
LU1,LU1_36,451,cougar,0,0
LU1,LU1_36,451,coyote,6,1
LU1,LU1_36,451,fisher,3,1
LU1,LU1_36,451,grey wolf,0,0
LU1,LU1_36,451,lynx,2,1
LU1,LU1_36,451,moose,0,0
LU1,LU1_36,451,red fox,0,0
LU1,LU1_36,451,red squirrel,5,1
LU1,LU1_36,451,snowshoe hare,9,1
LU1,LU1_36,451,white-tailed deer,18,1
LU1,LU1_36,451,wolverine,0,0
LU1,LU1_40,434,black bear,13,1
LU1,LU1_40,434,caribou,0,0
LU1,LU1_40,434,cougar,0,0
LU1,LU1_40,434,coyote,19,1
LU1,LU1_40,434,fisher,4,1
LU1,LU1_40,434,grey wolf,0,0
LU1,LU1_40,434,lynx,1,1
LU1,LU1_40,434,moose,4,1
LU1,LU1_40,434,red fox,0,0
LU1,LU1_40,434,red squirrel,3,1
LU1,LU1_40,434,snowshoe hare,27,1
LU1,LU1_40,434,white-tailed deer,40,1
LU1,LU1_40,434,wolverine,0,0
LU1,LU1_41,453,black bear,6,1
LU1,LU1_41,453,caribou,0,0
LU1,LU1_41,453,cougar,0,0
LU1,LU1_41,453,coyote,11,1
LU1,LU1_41,453,fisher,0,0
LU1,LU1_41,453,grey wolf,1,1
LU1,LU1_41,453,lynx,0,0
LU1,LU1_41,453,moose,4,1
LU1,LU1_41,453,red fox,3,1
LU1,LU1_41,453,red squirrel,6,1
LU1,LU1_41,453,snowshoe hare,31,1
LU1,LU1_41,453,white-tailed deer,107,1
LU1,LU1_41,453,wolverine,0,0
LU1,LU1_43,449,black bear,3,1
LU1,LU1_43,449,caribou,0,0
LU1,LU1_43,449,cougar,0,0
LU1,LU1_43,449,coyote,22,1
LU1,LU1_43,449,fisher,2,1
LU1,LU1_43,449,grey wolf,0,0
LU1,LU1_43,449,lynx,1,1
LU1,LU1_43,449,moose,2,1
LU1,LU1_43,449,red fox,0,0
LU1,LU1_43,449,red squirrel,8,1
LU1,LU1_43,449,snowshoe hare,63,1
LU1,LU1_43,449,white-tailed deer,43,1
LU1,LU1_43,449,wolverine,0,0
LU1,LU1_44,452,black bear,2,1
LU1,LU1_44,452,caribou,0,0
LU1,LU1_44,452,cougar,0,0
LU1,LU1_44,452,coyote,21,1
LU1,LU1_44,452,fisher,8,1
LU1,LU1_44,452,grey wolf,0,0
LU1,LU1_44,452,lynx,0,0
LU1,LU1_44,452,moose,0,0
LU1,LU1_44,452,red fox,7,1
LU1,LU1_44,452,red squirrel,85,1
LU1,LU1_44,452,snowshoe hare,32,1
LU1,LU1_44,452,white-tailed deer,41,1
LU1,LU1_44,452,wolverine,0,0
LU1,LU1_45,450,black bear,5,1
LU1,LU1_45,450,caribou,0,0
LU1,LU1_45,450,cougar,1,1
LU1,LU1_45,450,coyote,7,1
LU1,LU1_45,450,fisher,2,1
LU1,LU1_45,450,grey wolf,0,0
LU1,LU1_45,450,lynx,3,1
LU1,LU1_45,450,moose,1,1
LU1,LU1_45,450,red fox,0,0
LU1,LU1_45,450,red squirrel,0,0
LU1,LU1_45,450,snowshoe hare,12,1
LU1,LU1_45,450,white-tailed deer,84,1
LU1,LU1_45,450,wolverine,0,0
LU1,LU1_46,449,black bear,3,1
LU1,LU1_46,449,caribou,0,0
LU1,LU1_46,449,cougar,1,1
LU1,LU1_46,449,coyote,43,1
LU1,LU1_46,449,fisher,3,1
LU1,LU1_46,449,grey wolf,0,0
LU1,LU1_46,449,lynx,2,1
LU1,LU1_46,449,moose,0,0
LU1,LU1_46,449,red fox,0,0
LU1,LU1_46,449,red squirrel,35,1
LU1,LU1_46,449,snowshoe hare,42,1
LU1,LU1_46,449,white-tailed deer,58,1
LU1,LU1_46,449,wolverine,0,0
LU1,LU1_47,452,black bear,8,1
LU1,LU1_47,452,caribou,0,0
LU1,LU1_47,452,cougar,1,1
LU1,LU1_47,452,coyote,37,1
LU1,LU1_47,452,fisher,2,1
LU1,LU1_47,452,grey wolf,0,0
LU1,LU1_47,452,lynx,2,1
LU1,LU1_47,452,moose,4,1
LU1,LU1_47,452,red fox,16,1
LU1,LU1_47,452,red squirrel,27,1
LU1,LU1_47,452,snowshoe hare,229,1
LU1,LU1_47,452,white-tailed deer,68,1
LU1,LU1_47,452,wolverine,0,0
LU1,LU1_48,450,black bear,15,1
LU1,LU1_48,450,caribou,0,0
LU1,LU1_48,450,cougar,2,1
LU1,LU1_48,450,coyote,11,1
LU1,LU1_48,450,fisher,8,1
LU1,LU1_48,450,grey wolf,0,0
LU1,LU1_48,450,lynx,1,1
LU1,LU1_48,450,moose,0,0
LU1,LU1_48,450,red fox,0,0
LU1,LU1_48,450,red squirrel,13,1
LU1,LU1_48,450,snowshoe hare,3,1
LU1,LU1_48,450,white-tailed deer,73,1
LU1,LU1_48,450,wolverine,0,0
LU1,LU1_6,451,black bear,23,1
LU1,LU1_6,451,caribou,0,0
LU1,LU1_6,451,cougar,0,0
LU1,LU1_6,451,coyote,6,1
LU1,LU1_6,451,fisher,7,1
LU1,LU1_6,451,grey wolf,0,0
LU1,LU1_6,451,lynx,0,0
LU1,LU1_6,451,moose,4,1
LU1,LU1_6,451,red fox,0,0
LU1,LU1_6,451,red squirrel,3,1
LU1,LU1_6,451,snowshoe hare,7,1
LU1,LU1_6,451,white-tailed deer,44,1
LU1,LU1_6,451,wolverine,0,0
LU1,LU1_60,449,black bear,8,1
LU1,LU1_60,449,caribou,0,0
LU1,LU1_60,449,cougar,0,0
LU1,LU1_60,449,coyote,3,1
LU1,LU1_60,449,fisher,0,0
LU1,LU1_60,449,grey wolf,0,0
LU1,LU1_60,449,lynx,1,1
LU1,LU1_60,449,moose,3,1
LU1,LU1_60,449,red fox,0,0
LU1,LU1_60,449,red squirrel,0,0
LU1,LU1_60,449,snowshoe hare,6,1
LU1,LU1_60,449,white-tailed deer,83,1
LU1,LU1_60,449,wolverine,0,0
LU1,LU1_63,173,black bear,4,1
LU1,LU1_63,173,caribou,0,0
LU1,LU1_63,173,cougar,0,0
LU1,LU1_63,173,coyote,9,1
LU1,LU1_63,173,fisher,0,0
LU1,LU1_63,173,grey wolf,1,1
LU1,LU1_63,173,lynx,5,1
LU1,LU1_63,173,moose,5,1
LU1,LU1_63,173,red fox,0,0
LU1,LU1_63,173,red squirrel,35,1
LU1,LU1_63,173,snowshoe hare,0,0
LU1,LU1_63,173,white-tailed deer,23,1
LU1,LU1_63,173,wolverine,0,0
LU1,LU1_64,451,black bear,12,1
LU1,LU1_64,451,caribou,0,0
LU1,LU1_64,451,cougar,0,0
LU1,LU1_64,451,coyote,4,1
LU1,LU1_64,451,fisher,0,0
LU1,LU1_64,451,grey wolf,0,0
LU1,LU1_64,451,lynx,0,0
LU1,LU1_64,451,moose,1,1
LU1,LU1_64,451,red fox,0,0
LU1,LU1_64,451,red squirrel,0,0
LU1,LU1_64,451,snowshoe hare,0,0
LU1,LU1_64,451,white-tailed deer,78,1
LU1,LU1_64,451,wolverine,0,0
LU1,LU1_66,454,black bear,4,1
LU1,LU1_66,454,caribou,0,0
LU1,LU1_66,454,cougar,0,0
LU1,LU1_66,454,coyote,12,1
LU1,LU1_66,454,fisher,1,1
LU1,LU1_66,454,grey wolf,0,0
LU1,LU1_66,454,lynx,5,1
LU1,LU1_66,454,moose,16,1
LU1,LU1_66,454,red fox,0,0
LU1,LU1_66,454,red squirrel,143,1
LU1,LU1_66,454,snowshoe hare,57,1
LU1,LU1_66,454,white-tailed deer,78,1
LU1,LU1_66,454,wolverine,0,0
LU1,LU1_67,451,black bear,37,1
LU1,LU1_67,451,caribou,0,0
LU1,LU1_67,451,cougar,0,0
LU1,LU1_67,451,coyote,15,1
LU1,LU1_67,451,fisher,12,1
LU1,LU1_67,451,grey wolf,0,0
LU1,LU1_67,451,lynx,1,1
LU1,LU1_67,451,moose,2,1
LU1,LU1_67,451,red fox,6,1
LU1,LU1_67,451,red squirrel,48,1
LU1,LU1_67,451,snowshoe hare,105,1
LU1,LU1_67,451,white-tailed deer,48,1
LU1,LU1_67,451,wolverine,0,0
LU1,LU1_70,299,black bear,2,1
LU1,LU1_70,299,caribou,0,0
LU1,LU1_70,299,cougar,0,0
LU1,LU1_70,299,coyote,2,1
LU1,LU1_70,299,fisher,1,1
LU1,LU1_70,299,grey wolf,2,1
LU1,LU1_70,299,lynx,1,1
LU1,LU1_70,299,moose,2,1
LU1,LU1_70,299,red fox,1,1
LU1,LU1_70,299,red squirrel,10,1
LU1,LU1_70,299,snowshoe hare,5,1
LU1,LU1_70,299,white-tailed deer,55,1
LU1,LU1_70,299,wolverine,0,0
LU1,LU1_71,449,black bear,5,1
LU1,LU1_71,449,caribou,0,0
LU1,LU1_71,449,cougar,0,0
LU1,LU1_71,449,coyote,39,1
LU1,LU1_71,449,fisher,7,1
LU1,LU1_71,449,grey wolf,0,0
LU1,LU1_71,449,lynx,0,0
LU1,LU1_71,449,moose,0,0
LU1,LU1_71,449,red fox,0,0
LU1,LU1_71,449,red squirrel,28,1
LU1,LU1_71,449,snowshoe hare,5,1
LU1,LU1_71,449,white-tailed deer,37,1
LU1,LU1_71,449,wolverine,0,0
LU1,LU1_72,99,black bear,12,1
LU1,LU1_72,99,caribou,0,0
LU1,LU1_72,99,cougar,0,0
LU1,LU1_72,99,coyote,3,1
LU1,LU1_72,99,fisher,0,0
LU1,LU1_72,99,grey wolf,0,0
LU1,LU1_72,99,lynx,0,0
LU1,LU1_72,99,moose,0,0
LU1,LU1_72,99,red fox,0,0
LU1,LU1_72,99,red squirrel,0,0
LU1,LU1_72,99,snowshoe hare,1,1
LU1,LU1_72,99,white-tailed deer,24,1
LU1,LU1_72,99,wolverine,0,0
LU1,LU1_73,454,black bear,2,1
LU1,LU1_73,454,caribou,0,0
LU1,LU1_73,454,cougar,0,0
LU1,LU1_73,454,coyote,22,1
LU1,LU1_73,454,fisher,0,0
LU1,LU1_73,454,grey wolf,0,0
LU1,LU1_73,454,lynx,4,1
LU1,LU1_73,454,moose,10,1
LU1,LU1_73,454,red fox,0,0
LU1,LU1_73,454,red squirrel,11,1
LU1,LU1_73,454,snowshoe hare,188,1
LU1,LU1_73,454,white-tailed deer,19,1
LU1,LU1_73,454,wolverine,0,0
LU1,LU1_74,453,black bear,7,1
LU1,LU1_74,453,caribou,0,0
LU1,LU1_74,453,cougar,0,0
LU1,LU1_74,453,coyote,8,1
LU1,LU1_74,453,fisher,5,1
LU1,LU1_74,453,grey wolf,3,1
LU1,LU1_74,453,lynx,7,1
LU1,LU1_74,453,moose,0,0
LU1,LU1_74,453,red fox,1,1
LU1,LU1_74,453,red squirrel,4,1
LU1,LU1_74,453,snowshoe hare,48,1
LU1,LU1_74,453,white-tailed deer,47,1
LU1,LU1_74,453,wolverine,0,0
LU1,LU1_75,454,black bear,6,1
LU1,LU1_75,454,caribou,0,0
LU1,LU1_75,454,cougar,0,0
LU1,LU1_75,454,coyote,12,1
LU1,LU1_75,454,fisher,1,1
LU1,LU1_75,454,grey wolf,1,1
LU1,LU1_75,454,lynx,0,0
LU1,LU1_75,454,moose,0,0
LU1,LU1_75,454,red fox,0,0
LU1,LU1_75,454,red squirrel,1,1
LU1,LU1_75,454,snowshoe hare,16,1
LU1,LU1_75,454,white-tailed deer,28,1
LU1,LU1_75,454,wolverine,0,0
LU1,LU1_76,196,black bear,4,1
LU1,LU1_76,196,caribou,0,0
LU1,LU1_76,196,cougar,0,0
LU1,LU1_76,196,coyote,16,1
LU1,LU1_76,196,fisher,0,0
LU1,LU1_76,196,grey wolf,1,1
LU1,LU1_76,196,lynx,1,1
LU1,LU1_76,196,moose,1,1
LU1,LU1_76,196,red fox,2,1
LU1,LU1_76,196,red squirrel,1,1
LU1,LU1_76,196,snowshoe hare,17,1
LU1,LU1_76,196,white-tailed deer,27,1
LU1,LU1_76,196,wolverine,0,0
LU1,LU1_77,99,black bear,3,1
LU1,LU1_77,99,caribou,0,0
LU1,LU1_77,99,cougar,0,0
LU1,LU1_77,99,coyote,4,1
LU1,LU1_77,99,fisher,0,0
LU1,LU1_77,99,grey wolf,0,0
LU1,LU1_77,99,lynx,0,0
LU1,LU1_77,99,moose,0,0
LU1,LU1_77,99,red fox,0,0
LU1,LU1_77,99,red squirrel,0,0
LU1,LU1_77,99,snowshoe hare,0,0
LU1,LU1_77,99,white-tailed deer,4,1
LU1,LU1_77,99,wolverine,0,0
LU1,LU1_78,449,black bear,1,1
LU1,LU1_78,449,caribou,0,0
LU1,LU1_78,449,cougar,0,0
LU1,LU1_78,449,coyote,9,1
LU1,LU1_78,449,fisher,0,0
LU1,LU1_78,449,grey wolf,0,0
LU1,LU1_78,449,lynx,3,1
LU1,LU1_78,449,moose,1,1
LU1,LU1_78,449,red fox,0,0
LU1,LU1_78,449,red squirrel,0,0
LU1,LU1_78,449,snowshoe hare,9,1
LU1,LU1_78,449,white-tailed deer,16,1
LU1,LU1_78,449,wolverine,0,0
LU1,LU1_79,451,black bear,6,1
LU1,LU1_79,451,caribou,0,0
LU1,LU1_79,451,cougar,0,0
LU1,LU1_79,451,coyote,19,1
LU1,LU1_79,451,fisher,1,1
LU1,LU1_79,451,grey wolf,0,0
LU1,LU1_79,451,lynx,1,1
LU1,LU1_79,451,moose,0,0
LU1,LU1_79,451,red fox,0,0
LU1,LU1_79,451,red squirrel,2,1
LU1,LU1_79,451,snowshoe hare,91,1
LU1,LU1_79,451,white-tailed deer,10,1
LU1,LU1_79,451,wolverine,0,0
LU1,LU1_80,450,black bear,5,1
LU1,LU1_80,450,caribou,0,0
LU1,LU1_80,450,cougar,0,0
LU1,LU1_80,450,coyote,7,1
LU1,LU1_80,450,fisher,1,1
LU1,LU1_80,450,grey wolf,3,1
LU1,LU1_80,450,lynx,0,0
LU1,LU1_80,450,moose,0,0
LU1,LU1_80,450,red fox,1,1
LU1,LU1_80,450,red squirrel,0,0
LU1,LU1_80,450,snowshoe hare,1,1
LU1,LU1_80,450,white-tailed deer,60,1
LU1,LU1_80,450,wolverine,0,0
LU1,LU1_82,453,black bear,7,1
LU1,LU1_82,453,caribou,0,0
LU1,LU1_82,453,cougar,0,0
LU1,LU1_82,453,coyote,13,1
LU1,LU1_82,453,fisher,6,1
LU1,LU1_82,453,grey wolf,0,0
LU1,LU1_82,453,lynx,5,1
LU1,LU1_82,453,moose,0,0
LU1,LU1_82,453,red fox,0,0
LU1,LU1_82,453,red squirrel,60,1
LU1,LU1_82,453,snowshoe hare,68,1
LU1,LU1_82,453,white-tailed deer,10,1
LU1,LU1_82,453,wolverine,0,0
LU1,LU1_83,450,black bear,10,1
LU1,LU1_83,450,caribou,0,0
LU1,LU1_83,450,cougar,0,0
LU1,LU1_83,450,coyote,13,1
LU1,LU1_83,450,fisher,0,0
LU1,LU1_83,450,grey wolf,0,0
LU1,LU1_83,450,lynx,1,1
LU1,LU1_83,450,moose,0,0
LU1,LU1_83,450,red fox,0,0
LU1,LU1_83,450,red squirrel,17,1
LU1,LU1_83,450,snowshoe hare,5,1
LU1,LU1_83,450,white-tailed deer,15,1
LU1,LU1_83,450,wolverine,0,0
LU1,LU1_84,451,black bear,21,1
LU1,LU1_84,451,caribou,0,0
LU1,LU1_84,451,cougar,0,0
LU1,LU1_84,451,coyote,13,1
LU1,LU1_84,451,fisher,1,1
LU1,LU1_84,451,grey wolf,2,1
LU1,LU1_84,451,lynx,2,1
LU1,LU1_84,451,moose,1,1
LU1,LU1_84,451,red fox,1,1
LU1,LU1_84,451,red squirrel,56,1
LU1,LU1_84,451,snowshoe hare,229,1
LU1,LU1_84,451,white-tailed deer,49,1
LU1,LU1_84,451,wolverine,0,0
LU1,LU1_85,347,black bear,13,1
LU1,LU1_85,347,caribou,0,0
LU1,LU1_85,347,cougar,0,0
LU1,LU1_85,347,coyote,20,1
LU1,LU1_85,347,fisher,3,1
LU1,LU1_85,347,grey wolf,3,1
LU1,LU1_85,347,lynx,2,1
LU1,LU1_85,347,moose,1,1
LU1,LU1_85,347,red fox,0,0
LU1,LU1_85,347,red squirrel,31,1
LU1,LU1_85,347,snowshoe hare,29,1
LU1,LU1_85,347,white-tailed deer,64,1
LU1,LU1_85,347,wolverine,0,0
LU1,LU1_86,407,black bear,3,1
LU1,LU1_86,407,caribou,0,0
LU1,LU1_86,407,cougar,0,0
LU1,LU1_86,407,coyote,12,1
LU1,LU1_86,407,fisher,2,1
LU1,LU1_86,407,grey wolf,0,0
LU1,LU1_86,407,lynx,0,0
LU1,LU1_86,407,moose,0,0
LU1,LU1_86,407,red fox,0,0
LU1,LU1_86,407,red squirrel,16,1
LU1,LU1_86,407,snowshoe hare,1,1
LU1,LU1_86,407,white-tailed deer,72,1
LU1,LU1_86,407,wolverine,0,0
LU13,LU13_11,347,black bear,1,1
LU13,LU13_11,347,caribou,0,0
LU13,LU13_11,347,cougar,0,0
LU13,LU13_11,347,coyote,5,1
LU13,LU13_11,347,fisher,0,0
LU13,LU13_11,347,grey wolf,0,0
LU13,LU13_11,347,lynx,2,1
LU13,LU13_11,347,moose,0,0
LU13,LU13_11,347,red fox,0,0
LU13,LU13_11,347,red squirrel,0,0
LU13,LU13_11,347,snowshoe hare,39,1
LU13,LU13_11,347,white-tailed deer,0,0
LU13,LU13_11,347,wolverine,0,0
LU13,LU13_12,374,black bear,3,1
LU13,LU13_12,374,caribou,0,0
LU13,LU13_12,374,cougar,0,0
LU13,LU13_12,374,coyote,1,1
LU13,LU13_12,374,fisher,0,0
LU13,LU13_12,374,grey wolf,0,0
LU13,LU13_12,374,lynx,1,1
LU13,LU13_12,374,moose,3,1
LU13,LU13_12,374,red fox,0,0
LU13,LU13_12,374,red squirrel,0,0
LU13,LU13_12,374,snowshoe hare,5,1
LU13,LU13_12,374,white-tailed deer,3,1
LU13,LU13_12,374,wolverine,0,0
LU13,LU13_128,307,black bear,14,1
LU13,LU13_128,307,caribou,0,0
LU13,LU13_128,307,cougar,0,0
LU13,LU13_128,307,coyote,7,1
LU13,LU13_128,307,fisher,0,0
LU13,LU13_128,307,grey wolf,13,1
LU13,LU13_128,307,lynx,7,1
LU13,LU13_128,307,moose,6,1
LU13,LU13_128,307,red fox,0,0
LU13,LU13_128,307,red squirrel,6,1
LU13,LU13_128,307,snowshoe hare,16,1
LU13,LU13_128,307,white-tailed deer,4,1
LU13,LU13_128,307,wolverine,0,0
LU13,LU13_13,339,black bear,16,1
LU13,LU13_13,339,caribou,0,0
LU13,LU13_13,339,cougar,0,0
LU13,LU13_13,339,coyote,3,1
LU13,LU13_13,339,fisher,1,1
LU13,LU13_13,339,grey wolf,2,1
LU13,LU13_13,339,lynx,2,1
LU13,LU13_13,339,moose,3,1
LU13,LU13_13,339,red fox,0,0
LU13,LU13_13,339,red squirrel,4,1
LU13,LU13_13,339,snowshoe hare,5,1
LU13,LU13_13,339,white-tailed deer,9,1
LU13,LU13_13,339,wolverine,1,1
LU13,LU13_131,345,black bear,7,1
LU13,LU13_131,345,caribou,0,0
LU13,LU13_131,345,cougar,0,0
LU13,LU13_131,345,coyote,1,1
LU13,LU13_131,345,fisher,0,0
LU13,LU13_131,345,grey wolf,2,1
LU13,LU13_131,345,lynx,8,1
LU13,LU13_131,345,moose,7,1
LU13,LU13_131,345,red fox,0,0
LU13,LU13_131,345,red squirrel,4,1
LU13,LU13_131,345,snowshoe hare,17,1
LU13,LU13_131,345,white-tailed deer,3,1
LU13,LU13_131,345,wolverine,3,1
LU13,LU13_14,361,black bear,13,1
LU13,LU13_14,361,caribou,0,0
LU13,LU13_14,361,cougar,0,0
LU13,LU13_14,361,coyote,4,1
LU13,LU13_14,361,fisher,0,0
LU13,LU13_14,361,grey wolf,0,0
LU13,LU13_14,361,lynx,1,1
LU13,LU13_14,361,moose,4,1
LU13,LU13_14,361,red fox,0,0
LU13,LU13_14,361,red squirrel,0,0
LU13,LU13_14,361,snowshoe hare,7,1
LU13,LU13_14,361,white-tailed deer,5,1
LU13,LU13_14,361,wolverine,0,0
LU13,LU13_15,361,black bear,8,1
LU13,LU13_15,361,caribou,0,0
LU13,LU13_15,361,cougar,0,0
LU13,LU13_15,361,coyote,10,1
LU13,LU13_15,361,fisher,0,0
LU13,LU13_15,361,grey wolf,3,1
LU13,LU13_15,361,lynx,1,1
LU13,LU13_15,361,moose,0,0
LU13,LU13_15,361,red fox,0,0
LU13,LU13_15,361,red squirrel,3,1
LU13,LU13_15,361,snowshoe hare,17,1
LU13,LU13_15,361,white-tailed deer,8,1
LU13,LU13_15,361,wolverine,0,0
LU13,LU13_16,356,black bear,4,1
LU13,LU13_16,356,caribou,0,0
LU13,LU13_16,356,cougar,0,0
LU13,LU13_16,356,coyote,10,1
LU13,LU13_16,356,fisher,0,0
LU13,LU13_16,356,grey wolf,0,0
LU13,LU13_16,356,lynx,5,1
LU13,LU13_16,356,moose,3,1
LU13,LU13_16,356,red fox,0,0
LU13,LU13_16,356,red squirrel,20,1
LU13,LU13_16,356,snowshoe hare,2,1
LU13,LU13_16,356,white-tailed deer,3,1
LU13,LU13_16,356,wolverine,0,0
LU13,LU13_17,372,black bear,12,1
LU13,LU13_17,372,caribou,0,0
LU13,LU13_17,372,cougar,0,0
LU13,LU13_17,372,coyote,17,1
LU13,LU13_17,372,fisher,0,0
LU13,LU13_17,372,grey wolf,0,0
LU13,LU13_17,372,lynx,5,1
LU13,LU13_17,372,moose,8,1
LU13,LU13_17,372,red fox,0,0
LU13,LU13_17,372,red squirrel,3,1
LU13,LU13_17,372,snowshoe hare,15,1
LU13,LU13_17,372,white-tailed deer,2,1
LU13,LU13_17,372,wolverine,0,0
LU13,LU13_18,375,black bear,4,1
LU13,LU13_18,375,caribou,0,0
LU13,LU13_18,375,cougar,0,0
LU13,LU13_18,375,coyote,30,1
LU13,LU13_18,375,fisher,0,0
LU13,LU13_18,375,grey wolf,0,0
LU13,LU13_18,375,lynx,4,1
LU13,LU13_18,375,moose,0,0
LU13,LU13_18,375,red fox,0,0
LU13,LU13_18,375,red squirrel,35,1
LU13,LU13_18,375,snowshoe hare,72,1
LU13,LU13_18,375,white-tailed deer,13,1
LU13,LU13_18,375,wolverine,0,0
LU13,LU13_19,375,black bear,3,1
LU13,LU13_19,375,caribou,0,0
LU13,LU13_19,375,cougar,0,0
LU13,LU13_19,375,coyote,0,0
LU13,LU13_19,375,fisher,0,0
LU13,LU13_19,375,grey wolf,2,1
LU13,LU13_19,375,lynx,1,1
LU13,LU13_19,375,moose,6,1
LU13,LU13_19,375,red fox,0,0
LU13,LU13_19,375,red squirrel,6,1
LU13,LU13_19,375,snowshoe hare,42,1
LU13,LU13_19,375,white-tailed deer,0,0
LU13,LU13_19,375,wolverine,0,0
LU13,LU13_20,371,black bear,4,1
LU13,LU13_20,371,caribou,0,0
LU13,LU13_20,371,cougar,0,0
LU13,LU13_20,371,coyote,1,1
LU13,LU13_20,371,fisher,0,0
LU13,LU13_20,371,grey wolf,0,0
LU13,LU13_20,371,lynx,2,1
LU13,LU13_20,371,moose,2,1
LU13,LU13_20,371,red fox,0,0
LU13,LU13_20,371,red squirrel,3,1
LU13,LU13_20,371,snowshoe hare,12,1
LU13,LU13_20,371,white-tailed deer,0,0
LU13,LU13_20,371,wolverine,0,0
LU13,LU13_21,374,black bear,1,1
LU13,LU13_21,374,caribou,0,0
LU13,LU13_21,374,cougar,0,0
LU13,LU13_21,374,coyote,32,1
LU13,LU13_21,374,fisher,0,0
LU13,LU13_21,374,grey wolf,0,0
LU13,LU13_21,374,lynx,5,1
LU13,LU13_21,374,moose,0,0
LU13,LU13_21,374,red fox,0,0
LU13,LU13_21,374,red squirrel,7,1
LU13,LU13_21,374,snowshoe hare,17,1
LU13,LU13_21,374,white-tailed deer,14,1
LU13,LU13_21,374,wolverine,0,0
LU13,LU13_22,367,black bear,7,1
LU13,LU13_22,367,caribou,0,0
LU13,LU13_22,367,cougar,0,0
LU13,LU13_22,367,coyote,7,1
LU13,LU13_22,367,fisher,0,0
LU13,LU13_22,367,grey wolf,0,0
LU13,LU13_22,367,lynx,2,1
LU13,LU13_22,367,moose,4,1
LU13,LU13_22,367,red fox,0,0
LU13,LU13_22,367,red squirrel,4,1
LU13,LU13_22,367,snowshoe hare,26,1
LU13,LU13_22,367,white-tailed deer,0,0
LU13,LU13_22,367,wolverine,0,0
LU13,LU13_26,374,black bear,6,1
LU13,LU13_26,374,caribou,0,0
LU13,LU13_26,374,cougar,0,0
LU13,LU13_26,374,coyote,0,0
LU13,LU13_26,374,fisher,1,1
LU13,LU13_26,374,grey wolf,1,1
LU13,LU13_26,374,lynx,1,1
LU13,LU13_26,374,moose,4,1
LU13,LU13_26,374,red fox,0,0
LU13,LU13_26,374,red squirrel,7,1
LU13,LU13_26,374,snowshoe hare,4,1
LU13,LU13_26,374,white-tailed deer,0,0
LU13,LU13_26,374,wolverine,0,0
LU13,LU13_27,374,black bear,0,0
LU13,LU13_27,374,caribou,0,0
LU13,LU13_27,374,cougar,0,0
LU13,LU13_27,374,coyote,0,0
LU13,LU13_27,374,fisher,0,0
LU13,LU13_27,374,grey wolf,0,0
LU13,LU13_27,374,lynx,0,0
LU13,LU13_27,374,moose,0,0
LU13,LU13_27,374,red fox,0,0
LU13,LU13_27,374,red squirrel,0,0
LU13,LU13_27,374,snowshoe hare,15,1
LU13,LU13_27,374,white-tailed deer,0,0
LU13,LU13_27,374,wolverine,0,0
LU13,LU13_3,375,black bear,63,1
LU13,LU13_3,375,caribou,0,0
LU13,LU13_3,375,cougar,0,0
LU13,LU13_3,375,coyote,10,1
LU13,LU13_3,375,fisher,0,0
LU13,LU13_3,375,grey wolf,0,0
LU13,LU13_3,375,lynx,0,0
LU13,LU13_3,375,moose,9,1
LU13,LU13_3,375,red fox,0,0
LU13,LU13_3,375,red squirrel,0,0
LU13,LU13_3,375,snowshoe hare,0,0
LU13,LU13_3,375,white-tailed deer,4,1
LU13,LU13_3,375,wolverine,0,0
LU13,LU13_30,349,black bear,5,1
LU13,LU13_30,349,caribou,0,0
LU13,LU13_30,349,cougar,0,0
LU13,LU13_30,349,coyote,16,1
LU13,LU13_30,349,fisher,0,0
LU13,LU13_30,349,grey wolf,2,1
LU13,LU13_30,349,lynx,3,1
LU13,LU13_30,349,moose,4,1
LU13,LU13_30,349,red fox,1,1
LU13,LU13_30,349,red squirrel,1,1
LU13,LU13_30,349,snowshoe hare,7,1
LU13,LU13_30,349,white-tailed deer,6,1
LU13,LU13_30,349,wolverine,0,0
LU13,LU13_32,352,black bear,4,1
LU13,LU13_32,352,caribou,0,0
LU13,LU13_32,352,cougar,0,0
LU13,LU13_32,352,coyote,1,1
LU13,LU13_32,352,fisher,0,0
LU13,LU13_32,352,grey wolf,0,0
LU13,LU13_32,352,lynx,6,1
LU13,LU13_32,352,moose,1,1
LU13,LU13_32,352,red fox,0,0
LU13,LU13_32,352,red squirrel,1,1
LU13,LU13_32,352,snowshoe hare,33,1
LU13,LU13_32,352,white-tailed deer,1,1
LU13,LU13_32,352,wolverine,1,1
LU13,LU13_33,374,black bear,3,1
LU13,LU13_33,374,caribou,0,0
LU13,LU13_33,374,cougar,0,0
LU13,LU13_33,374,coyote,4,1
LU13,LU13_33,374,fisher,0,0
LU13,LU13_33,374,grey wolf,0,0
LU13,LU13_33,374,lynx,23,1
LU13,LU13_33,374,moose,2,1
LU13,LU13_33,374,red fox,0,0
LU13,LU13_33,374,red squirrel,18,1
LU13,LU13_33,374,snowshoe hare,22,1
LU13,LU13_33,374,white-tailed deer,3,1
LU13,LU13_33,374,wolverine,1,1
LU13,LU13_34,375,black bear,10,1
LU13,LU13_34,375,caribou,0,0
LU13,LU13_34,375,cougar,0,0
LU13,LU13_34,375,coyote,3,1
LU13,LU13_34,375,fisher,2,1
LU13,LU13_34,375,grey wolf,5,1
LU13,LU13_34,375,lynx,0,0
LU13,LU13_34,375,moose,0,0
LU13,LU13_34,375,red fox,1,1
LU13,LU13_34,375,red squirrel,27,1
LU13,LU13_34,375,snowshoe hare,0,0
LU13,LU13_34,375,white-tailed deer,0,0
LU13,LU13_34,375,wolverine,0,0
LU13,LU13_35,376,black bear,22,1
LU13,LU13_35,376,caribou,3,1
LU13,LU13_35,376,cougar,0,0
LU13,LU13_35,376,coyote,3,1
LU13,LU13_35,376,fisher,0,0
LU13,LU13_35,376,grey wolf,1,1
LU13,LU13_35,376,lynx,0,0
LU13,LU13_35,376,moose,12,1
LU13,LU13_35,376,red fox,0,0
LU13,LU13_35,376,red squirrel,1,1
LU13,LU13_35,376,snowshoe hare,0,0
LU13,LU13_35,376,white-tailed deer,1,1
LU13,LU13_35,376,wolverine,0,0
LU13,LU13_36,378,black bear,2,1
LU13,LU13_36,378,caribou,0,0
LU13,LU13_36,378,cougar,0,0
LU13,LU13_36,378,coyote,0,0
LU13,LU13_36,378,fisher,1,1
LU13,LU13_36,378,grey wolf,0,0
LU13,LU13_36,378,lynx,0,0
LU13,LU13_36,378,moose,2,1
LU13,LU13_36,378,red fox,0,0
LU13,LU13_36,378,red squirrel,0,0
LU13,LU13_36,378,snowshoe hare,0,0
LU13,LU13_36,378,white-tailed deer,0,0
LU13,LU13_36,378,wolverine,0,0
LU13,LU13_37,343,black bear,3,1
LU13,LU13_37,343,caribou,0,0
LU13,LU13_37,343,cougar,0,0
LU13,LU13_37,343,coyote,0,0
LU13,LU13_37,343,fisher,0,0
LU13,LU13_37,343,grey wolf,0,0
LU13,LU13_37,343,lynx,1,1
LU13,LU13_37,343,moose,2,1
LU13,LU13_37,343,red fox,0,0
LU13,LU13_37,343,red squirrel,1,1
LU13,LU13_37,343,snowshoe hare,4,1
LU13,LU13_37,343,white-tailed deer,0,0
LU13,LU13_37,343,wolverine,0,0
LU13,LU13_38,351,black bear,3,1
LU13,LU13_38,351,caribou,0,0
LU13,LU13_38,351,cougar,0,0
LU13,LU13_38,351,coyote,0,0
LU13,LU13_38,351,fisher,0,0
LU13,LU13_38,351,grey wolf,1,1
LU13,LU13_38,351,lynx,4,1
LU13,LU13_38,351,moose,3,1
LU13,LU13_38,351,red fox,0,0
LU13,LU13_38,351,red squirrel,0,0
LU13,LU13_38,351,snowshoe hare,3,1
LU13,LU13_38,351,white-tailed deer,0,0
LU13,LU13_38,351,wolverine,0,0
LU13,LU13_41,342,black bear,4,1
LU13,LU13_41,342,caribou,0,0
LU13,LU13_41,342,cougar,0,0
LU13,LU13_41,342,coyote,2,1
LU13,LU13_41,342,fisher,0,0
LU13,LU13_41,342,grey wolf,0,0
LU13,LU13_41,342,lynx,14,1
LU13,LU13_41,342,moose,4,1
LU13,LU13_41,342,red fox,0,0
LU13,LU13_41,342,red squirrel,0,0
LU13,LU13_41,342,snowshoe hare,0,0
LU13,LU13_41,342,white-tailed deer,0,0
LU13,LU13_41,342,wolverine,0,0
LU13,LU13_43,340,black bear,0,0
LU13,LU13_43,340,caribou,0,0
LU13,LU13_43,340,cougar,0,0
LU13,LU13_43,340,coyote,0,0
LU13,LU13_43,340,fisher,0,0
LU13,LU13_43,340,grey wolf,0,0
LU13,LU13_43,340,lynx,2,1
LU13,LU13_43,340,moose,3,1
LU13,LU13_43,340,red fox,0,0
LU13,LU13_43,340,red squirrel,2,1
LU13,LU13_43,340,snowshoe hare,8,1
LU13,LU13_43,340,white-tailed deer,0,0
LU13,LU13_43,340,wolverine,0,0
LU13,LU13_45,345,black bear,2,1
LU13,LU13_45,345,caribou,0,0
LU13,LU13_45,345,cougar,0,0
LU13,LU13_45,345,coyote,0,0
LU13,LU13_45,345,fisher,0,0
LU13,LU13_45,345,grey wolf,0,0
LU13,LU13_45,345,lynx,1,1
LU13,LU13_45,345,moose,4,1
LU13,LU13_45,345,red fox,0,0
LU13,LU13_45,345,red squirrel,1,1
LU13,LU13_45,345,snowshoe hare,11,1
LU13,LU13_45,345,white-tailed deer,0,0
LU13,LU13_45,345,wolverine,0,0
LU13,LU13_47,271,black bear,1,1
LU13,LU13_47,271,caribou,0,0
LU13,LU13_47,271,cougar,0,0
LU13,LU13_47,271,coyote,1,1
LU13,LU13_47,271,fisher,0,0
LU13,LU13_47,271,grey wolf,0,0
LU13,LU13_47,271,lynx,2,1
LU13,LU13_47,271,moose,5,1
LU13,LU13_47,271,red fox,0,0
LU13,LU13_47,271,red squirrel,0,0
LU13,LU13_47,271,snowshoe hare,9,1
LU13,LU13_47,271,white-tailed deer,0,0
LU13,LU13_47,271,wolverine,0,0
LU13,LU13_49,368,black bear,2,1
LU13,LU13_49,368,caribou,0,0
LU13,LU13_49,368,cougar,0,0
LU13,LU13_49,368,coyote,10,1
LU13,LU13_49,368,fisher,0,0
LU13,LU13_49,368,grey wolf,0,0
LU13,LU13_49,368,lynx,5,1
LU13,LU13_49,368,moose,3,1
LU13,LU13_49,368,red fox,0,0
LU13,LU13_49,368,red squirrel,0,0
LU13,LU13_49,368,snowshoe hare,49,1
LU13,LU13_49,368,white-tailed deer,0,0
LU13,LU13_49,368,wolverine,0,0
LU13,LU13_5,307,black bear,2,1
LU13,LU13_5,307,caribou,0,0
LU13,LU13_5,307,cougar,0,0
LU13,LU13_5,307,coyote,0,0
LU13,LU13_5,307,fisher,0,0
LU13,LU13_5,307,grey wolf,0,0
LU13,LU13_5,307,lynx,0,0
LU13,LU13_5,307,moose,9,1
LU13,LU13_5,307,red fox,0,0
LU13,LU13_5,307,red squirrel,0,0
LU13,LU13_5,307,snowshoe hare,0,0
LU13,LU13_5,307,white-tailed deer,5,1
LU13,LU13_5,307,wolverine,0,0
LU13,LU13_51,297,black bear,15,1
LU13,LU13_51,297,caribou,0,0
LU13,LU13_51,297,cougar,0,0
LU13,LU13_51,297,coyote,1,1
LU13,LU13_51,297,fisher,0,0
LU13,LU13_51,297,grey wolf,8,1
LU13,LU13_51,297,lynx,4,1
LU13,LU13_51,297,moose,2,1
LU13,LU13_51,297,red fox,0,0
LU13,LU13_51,297,red squirrel,0,0
LU13,LU13_51,297,snowshoe hare,0,0
LU13,LU13_51,297,white-tailed deer,1,1
LU13,LU13_51,297,wolverine,1,1
LU13,LU13_52,374,black bear,5,1
LU13,LU13_52,374,caribou,0,0
LU13,LU13_52,374,cougar,0,0
LU13,LU13_52,374,coyote,3,1
LU13,LU13_52,374,fisher,0,0
LU13,LU13_52,374,grey wolf,10,1
LU13,LU13_52,374,lynx,0,0
LU13,LU13_52,374,moose,2,1
LU13,LU13_52,374,red fox,0,0
LU13,LU13_52,374,red squirrel,0,0
LU13,LU13_52,374,snowshoe hare,0,0
LU13,LU13_52,374,white-tailed deer,1,1
LU13,LU13_52,374,wolverine,0,0
LU13,LU13_53,373,black bear,2,1
LU13,LU13_53,373,caribou,0,0
LU13,LU13_53,373,cougar,0,0
LU13,LU13_53,373,coyote,1,1
LU13,LU13_53,373,fisher,0,0
LU13,LU13_53,373,grey wolf,1,1
LU13,LU13_53,373,lynx,0,0
LU13,LU13_53,373,moose,1,1
LU13,LU13_53,373,red fox,0,0
LU13,LU13_53,373,red squirrel,3,1
LU13,LU13_53,373,snowshoe hare,14,1
LU13,LU13_53,373,white-tailed deer,0,0
LU13,LU13_53,373,wolverine,1,1
LU13,LU13_55,366,black bear,1,1
LU13,LU13_55,366,caribou,0,0
LU13,LU13_55,366,cougar,0,0
LU13,LU13_55,366,coyote,0,0
LU13,LU13_55,366,fisher,0,0
LU13,LU13_55,366,grey wolf,0,0
LU13,LU13_55,366,lynx,0,0
LU13,LU13_55,366,moose,0,0
LU13,LU13_55,366,red fox,0,0
LU13,LU13_55,366,red squirrel,0,0
LU13,LU13_55,366,snowshoe hare,0,0
LU13,LU13_55,366,white-tailed deer,0,0
LU13,LU13_55,366,wolverine,0,0
LU13,LU13_56,375,black bear,2,1
LU13,LU13_56,375,caribou,0,0
LU13,LU13_56,375,cougar,0,0
LU13,LU13_56,375,coyote,0,0
LU13,LU13_56,375,fisher,0,0
LU13,LU13_56,375,grey wolf,0,0
LU13,LU13_56,375,lynx,1,1
LU13,LU13_56,375,moose,1,1
LU13,LU13_56,375,red fox,0,0
LU13,LU13_56,375,red squirrel,1,1
LU13,LU13_56,375,snowshoe hare,83,1
LU13,LU13_56,375,white-tailed deer,0,0
LU13,LU13_56,375,wolverine,0,0
LU13,LU13_57,335,black bear,0,0
LU13,LU13_57,335,caribou,0,0
LU13,LU13_57,335,cougar,0,0
LU13,LU13_57,335,coyote,2,1
LU13,LU13_57,335,fisher,0,0
LU13,LU13_57,335,grey wolf,0,0
LU13,LU13_57,335,lynx,1,1
LU13,LU13_57,335,moose,2,1
LU13,LU13_57,335,red fox,0,0
LU13,LU13_57,335,red squirrel,0,0
LU13,LU13_57,335,snowshoe hare,2,1
LU13,LU13_57,335,white-tailed deer,0,0
LU13,LU13_57,335,wolverine,0,0
LU13,LU13_59,296,black bear,7,1
LU13,LU13_59,296,caribou,0,0
LU13,LU13_59,296,cougar,0,0
LU13,LU13_59,296,coyote,0,0
LU13,LU13_59,296,fisher,0,0
LU13,LU13_59,296,grey wolf,0,0
LU13,LU13_59,296,lynx,0,0
LU13,LU13_59,296,moose,1,1
LU13,LU13_59,296,red fox,0,0
LU13,LU13_59,296,red squirrel,0,0
LU13,LU13_59,296,snowshoe hare,3,1
LU13,LU13_59,296,white-tailed deer,0,0
LU13,LU13_59,296,wolverine,0,0
LU13,LU13_6,340,black bear,1,1
LU13,LU13_6,340,caribou,0,0
LU13,LU13_6,340,cougar,0,0
LU13,LU13_6,340,coyote,0,0
LU13,LU13_6,340,fisher,0,0
LU13,LU13_6,340,grey wolf,0,0
LU13,LU13_6,340,lynx,0,0
LU13,LU13_6,340,moose,0,0
LU13,LU13_6,340,red fox,0,0
LU13,LU13_6,340,red squirrel,1,1
LU13,LU13_6,340,snowshoe hare,1,1
LU13,LU13_6,340,white-tailed deer,0,0
LU13,LU13_6,340,wolverine,0,0
LU13,LU13_70,358,black bear,3,1
LU13,LU13_70,358,caribou,0,0
LU13,LU13_70,358,cougar,0,0
LU13,LU13_70,358,coyote,1,1
LU13,LU13_70,358,fisher,0,0
LU13,LU13_70,358,grey wolf,0,0
LU13,LU13_70,358,lynx,1,1
LU13,LU13_70,358,moose,5,1
LU13,LU13_70,358,red fox,0,0
LU13,LU13_70,358,red squirrel,1,1
LU13,LU13_70,358,snowshoe hare,8,1
LU13,LU13_70,358,white-tailed deer,0,0
LU13,LU13_70,358,wolverine,0,0
LU13,LU13_8,373,black bear,7,1
LU13,LU13_8,373,caribou,0,0
LU13,LU13_8,373,cougar,0,0
LU13,LU13_8,373,coyote,0,0
LU13,LU13_8,373,fisher,0,0
LU13,LU13_8,373,grey wolf,1,1
LU13,LU13_8,373,lynx,0,0
LU13,LU13_8,373,moose,0,0
LU13,LU13_8,373,red fox,0,0
LU13,LU13_8,373,red squirrel,76,1
LU13,LU13_8,373,snowshoe hare,1,1
LU13,LU13_8,373,white-tailed deer,0,0
LU13,LU13_8,373,wolverine,0,0
LU15,LU15_1,353,black bear,4,1
LU15,LU15_1,353,caribou,14,1
LU15,LU15_1,353,cougar,0,0
LU15,LU15_1,353,coyote,0,0
LU15,LU15_1,353,fisher,0,0
LU15,LU15_1,353,grey wolf,2,1
LU15,LU15_1,353,lynx,0,0
LU15,LU15_1,353,moose,1,1
LU15,LU15_1,353,red fox,12,1
LU15,LU15_1,353,red squirrel,1,1
LU15,LU15_1,353,snowshoe hare,0,0
LU15,LU15_1,353,white-tailed deer,0,0
LU15,LU15_1,353,wolverine,0,0
LU15,LU15_10,365,black bear,34,1
LU15,LU15_10,365,caribou,0,0
LU15,LU15_10,365,cougar,0,0
LU15,LU15_10,365,coyote,8,1
LU15,LU15_10,365,fisher,0,0
LU15,LU15_10,365,grey wolf,9,1
LU15,LU15_10,365,lynx,3,1
LU15,LU15_10,365,moose,14,1
LU15,LU15_10,365,red fox,0,0
LU15,LU15_10,365,red squirrel,0,0
LU15,LU15_10,365,snowshoe hare,2,1
LU15,LU15_10,365,white-tailed deer,126,1
LU15,LU15_10,365,wolverine,0,0
LU15,LU15_11,365,black bear,1,1
LU15,LU15_11,365,caribou,2,1
LU15,LU15_11,365,cougar,0,0
LU15,LU15_11,365,coyote,1,1
LU15,LU15_11,365,fisher,0,0
LU15,LU15_11,365,grey wolf,0,0
LU15,LU15_11,365,lynx,0,0
LU15,LU15_11,365,moose,0,0
LU15,LU15_11,365,red fox,0,0
LU15,LU15_11,365,red squirrel,7,1
LU15,LU15_11,365,snowshoe hare,0,0
LU15,LU15_11,365,white-tailed deer,0,0
LU15,LU15_11,365,wolverine,0,0
LU15,LU15_12,66,black bear,0,0
LU15,LU15_12,66,caribou,0,0
LU15,LU15_12,66,cougar,0,0
LU15,LU15_12,66,coyote,0,0
LU15,LU15_12,66,fisher,0,0
LU15,LU15_12,66,grey wolf,0,0
LU15,LU15_12,66,lynx,0,0
LU15,LU15_12,66,moose,0,0
LU15,LU15_12,66,red fox,0,0
LU15,LU15_12,66,red squirrel,0,0
LU15,LU15_12,66,snowshoe hare,0,0
LU15,LU15_12,66,white-tailed deer,0,0
LU15,LU15_12,66,wolverine,0,0
LU15,LU15_14,362,black bear,6,1
LU15,LU15_14,362,caribou,3,1
LU15,LU15_14,362,cougar,0,0
LU15,LU15_14,362,coyote,4,1
LU15,LU15_14,362,fisher,1,1
LU15,LU15_14,362,grey wolf,0,0
LU15,LU15_14,362,lynx,4,1
LU15,LU15_14,362,moose,6,1
LU15,LU15_14,362,red fox,0,0
LU15,LU15_14,362,red squirrel,4,1
LU15,LU15_14,362,snowshoe hare,2,1
LU15,LU15_14,362,white-tailed deer,46,1
LU15,LU15_14,362,wolverine,0,0
LU15,LU15_15,363,black bear,0,0
LU15,LU15_15,363,caribou,0,0
LU15,LU15_15,363,cougar,0,0
LU15,LU15_15,363,coyote,17,1
LU15,LU15_15,363,fisher,0,0
LU15,LU15_15,363,grey wolf,1,1
LU15,LU15_15,363,lynx,3,1
LU15,LU15_15,363,moose,1,1
LU15,LU15_15,363,red fox,0,0
LU15,LU15_15,363,red squirrel,2,1
LU15,LU15_15,363,snowshoe hare,11,1
LU15,LU15_15,363,white-tailed deer,27,1
LU15,LU15_15,363,wolverine,0,0
LU15,LU15_16,366,black bear,5,1
LU15,LU15_16,366,caribou,1,1
LU15,LU15_16,366,cougar,0,0
LU15,LU15_16,366,coyote,2,1
LU15,LU15_16,366,fisher,2,1
LU15,LU15_16,366,grey wolf,1,1
LU15,LU15_16,366,lynx,3,1
LU15,LU15_16,366,moose,10,1
LU15,LU15_16,366,red fox,2,1
LU15,LU15_16,366,red squirrel,1,1
LU15,LU15_16,366,snowshoe hare,37,1
LU15,LU15_16,366,white-tailed deer,5,1
LU15,LU15_16,366,wolverine,0,0
LU15,LU15_17,365,black bear,0,0
LU15,LU15_17,365,caribou,0,0
LU15,LU15_17,365,cougar,0,0
LU15,LU15_17,365,coyote,0,0
LU15,LU15_17,365,fisher,0,0
LU15,LU15_17,365,grey wolf,0,0
LU15,LU15_17,365,lynx,0,0
LU15,LU15_17,365,moose,0,0
LU15,LU15_17,365,red fox,0,0
LU15,LU15_17,365,red squirrel,2,1
LU15,LU15_17,365,snowshoe hare,3,1
LU15,LU15_17,365,white-tailed deer,0,0
LU15,LU15_17,365,wolverine,0,0
LU15,LU15_18,361,black bear,10,1
LU15,LU15_18,361,caribou,5,1
LU15,LU15_18,361,cougar,0,0
LU15,LU15_18,361,coyote,6,1
LU15,LU15_18,361,fisher,0,0
LU15,LU15_18,361,grey wolf,4,1
LU15,LU15_18,361,lynx,8,1
LU15,LU15_18,361,moose,5,1
LU15,LU15_18,361,red fox,0,0
LU15,LU15_18,361,red squirrel,1,1
LU15,LU15_18,361,snowshoe hare,1,1
LU15,LU15_18,361,white-tailed deer,2,1
LU15,LU15_18,361,wolverine,0,0
LU15,LU15_19,364,black bear,0,0
LU15,LU15_19,364,caribou,0,0
LU15,LU15_19,364,cougar,0,0
LU15,LU15_19,364,coyote,1,1
LU15,LU15_19,364,fisher,0,0
LU15,LU15_19,364,grey wolf,0,0
LU15,LU15_19,364,lynx,1,1
LU15,LU15_19,364,moose,2,1
LU15,LU15_19,364,red fox,0,0
LU15,LU15_19,364,red squirrel,1,1
LU15,LU15_19,364,snowshoe hare,1,1
LU15,LU15_19,364,white-tailed deer,0,0
LU15,LU15_19,364,wolverine,0,0
LU15,LU15_2,366,black bear,9,1
LU15,LU15_2,366,caribou,8,1
LU15,LU15_2,366,cougar,0,0
LU15,LU15_2,366,coyote,0,0
LU15,LU15_2,366,fisher,4,1
LU15,LU15_2,366,grey wolf,0,0
LU15,LU15_2,366,lynx,1,1
LU15,LU15_2,366,moose,2,1
LU15,LU15_2,366,red fox,3,1
LU15,LU15_2,366,red squirrel,1,1
LU15,LU15_2,366,snowshoe hare,0,0
LU15,LU15_2,366,white-tailed deer,0,0
LU15,LU15_2,366,wolverine,0,0
LU15,LU15_20,332,black bear,7,1
LU15,LU15_20,332,caribou,0,0
LU15,LU15_20,332,cougar,0,0
LU15,LU15_20,332,coyote,11,1
LU15,LU15_20,332,fisher,3,1
LU15,LU15_20,332,grey wolf,7,1
LU15,LU15_20,332,lynx,1,1
LU15,LU15_20,332,moose,0,0
LU15,LU15_20,332,red fox,0,0
LU15,LU15_20,332,red squirrel,1,1
LU15,LU15_20,332,snowshoe hare,6,1
LU15,LU15_20,332,white-tailed deer,20,1
LU15,LU15_20,332,wolverine,0,0
LU15,LU15_21,365,black bear,9,1
LU15,LU15_21,365,caribou,0,0
LU15,LU15_21,365,cougar,0,0
LU15,LU15_21,365,coyote,4,1
LU15,LU15_21,365,fisher,2,1
LU15,LU15_21,365,grey wolf,2,1
LU15,LU15_21,365,lynx,0,0
LU15,LU15_21,365,moose,5,1
LU15,LU15_21,365,red fox,0,0
LU15,LU15_21,365,red squirrel,5,1
LU15,LU15_21,365,snowshoe hare,3,1
LU15,LU15_21,365,white-tailed deer,6,1
LU15,LU15_21,365,wolverine,0,0
LU15,LU15_22,369,black bear,9,1
LU15,LU15_22,369,caribou,0,0
LU15,LU15_22,369,cougar,0,0
LU15,LU15_22,369,coyote,0,0
LU15,LU15_22,369,fisher,0,0
LU15,LU15_22,369,grey wolf,0,0
LU15,LU15_22,369,lynx,1,1
LU15,LU15_22,369,moose,1,1
LU15,LU15_22,369,red fox,0,0
LU15,LU15_22,369,red squirrel,1,1
LU15,LU15_22,369,snowshoe hare,7,1
LU15,LU15_22,369,white-tailed deer,45,1
LU15,LU15_22,369,wolverine,0,0
LU15,LU15_23,366,black bear,2,1
LU15,LU15_23,366,caribou,1,1
LU15,LU15_23,366,cougar,0,0
LU15,LU15_23,366,coyote,10,1
LU15,LU15_23,366,fisher,0,0
LU15,LU15_23,366,grey wolf,1,1
LU15,LU15_23,366,lynx,7,1
LU15,LU15_23,366,moose,0,0
LU15,LU15_23,366,red fox,0,0
LU15,LU15_23,366,red squirrel,42,1
LU15,LU15_23,366,snowshoe hare,96,1
LU15,LU15_23,366,white-tailed deer,11,1
LU15,LU15_23,366,wolverine,0,0
LU15,LU15_24,331,black bear,15,1
LU15,LU15_24,331,caribou,0,0
LU15,LU15_24,331,cougar,0,0
LU15,LU15_24,331,coyote,5,1
LU15,LU15_24,331,fisher,1,1
LU15,LU15_24,331,grey wolf,0,0
LU15,LU15_24,331,lynx,0,0
LU15,LU15_24,331,moose,1,1
LU15,LU15_24,331,red fox,0,0
LU15,LU15_24,331,red squirrel,10,1
LU15,LU15_24,331,snowshoe hare,0,0
LU15,LU15_24,331,white-tailed deer,18,1
LU15,LU15_24,331,wolverine,0,0
LU15,LU15_25,342,black bear,2,1
LU15,LU15_25,342,caribou,0,0
LU15,LU15_25,342,cougar,0,0
LU15,LU15_25,342,coyote,2,1
LU15,LU15_25,342,fisher,0,0
LU15,LU15_25,342,grey wolf,0,0
LU15,LU15_25,342,lynx,0,0
LU15,LU15_25,342,moose,8,1
LU15,LU15_25,342,red fox,0,0
LU15,LU15_25,342,red squirrel,1,1
LU15,LU15_25,342,snowshoe hare,1,1
LU15,LU15_25,342,white-tailed deer,0,0
LU15,LU15_25,342,wolverine,0,0
LU15,LU15_26,366,black bear,0,0
LU15,LU15_26,366,caribou,0,0
LU15,LU15_26,366,cougar,0,0
LU15,LU15_26,366,coyote,0,0
LU15,LU15_26,366,fisher,1,1
LU15,LU15_26,366,grey wolf,3,1
LU15,LU15_26,366,lynx,0,0
LU15,LU15_26,366,moose,0,0
LU15,LU15_26,366,red fox,2,1
LU15,LU15_26,366,red squirrel,1,1
LU15,LU15_26,366,snowshoe hare,5,1
LU15,LU15_26,366,white-tailed deer,1,1
LU15,LU15_26,366,wolverine,0,0
LU15,LU15_27,366,black bear,14,1
LU15,LU15_27,366,caribou,2,1
LU15,LU15_27,366,cougar,0,0
LU15,LU15_27,366,coyote,2,1
LU15,LU15_27,366,fisher,0,0
LU15,LU15_27,366,grey wolf,11,1
LU15,LU15_27,366,lynx,4,1
LU15,LU15_27,366,moose,8,1
LU15,LU15_27,366,red fox,4,1
LU15,LU15_27,366,red squirrel,0,0
LU15,LU15_27,366,snowshoe hare,2,1
LU15,LU15_27,366,white-tailed deer,0,0
LU15,LU15_27,366,wolverine,0,0
LU15,LU15_28,366,black bear,0,0
LU15,LU15_28,366,caribou,1,1
LU15,LU15_28,366,cougar,0,0
LU15,LU15_28,366,coyote,2,1
LU15,LU15_28,366,fisher,0,0
LU15,LU15_28,366,grey wolf,1,1
LU15,LU15_28,366,lynx,0,0
LU15,LU15_28,366,moose,1,1
LU15,LU15_28,366,red fox,8,1
LU15,LU15_28,366,red squirrel,0,0
LU15,LU15_28,366,snowshoe hare,0,0
LU15,LU15_28,366,white-tailed deer,0,0
LU15,LU15_28,366,wolverine,0,0
LU15,LU15_29,361,black bear,3,1
LU15,LU15_29,361,caribou,3,1
LU15,LU15_29,361,cougar,0,0
LU15,LU15_29,361,coyote,1,1
LU15,LU15_29,361,fisher,0,0
LU15,LU15_29,361,grey wolf,1,1
LU15,LU15_29,361,lynx,0,0
LU15,LU15_29,361,moose,0,0
LU15,LU15_29,361,red fox,4,1
LU15,LU15_29,361,red squirrel,0,0
LU15,LU15_29,361,snowshoe hare,2,1
LU15,LU15_29,361,white-tailed deer,0,0
LU15,LU15_29,361,wolverine,0,0
LU15,LU15_3,366,black bear,2,1
LU15,LU15_3,366,caribou,0,0
LU15,LU15_3,366,cougar,0,0
LU15,LU15_3,366,coyote,5,1
LU15,LU15_3,366,fisher,1,1
LU15,LU15_3,366,grey wolf,0,0
LU15,LU15_3,366,lynx,0,0
LU15,LU15_3,366,moose,0,0
LU15,LU15_3,366,red fox,0,0
LU15,LU15_3,366,red squirrel,35,1
LU15,LU15_3,366,snowshoe hare,8,1
LU15,LU15_3,366,white-tailed deer,13,1
LU15,LU15_3,366,wolverine,0,0
LU15,LU15_30,366,black bear,2,1
LU15,LU15_30,366,caribou,0,0
LU15,LU15_30,366,cougar,0,0
LU15,LU15_30,366,coyote,0,0
LU15,LU15_30,366,fisher,0,0
LU15,LU15_30,366,grey wolf,0,0
LU15,LU15_30,366,lynx,3,1
LU15,LU15_30,366,moose,14,1
LU15,LU15_30,366,red fox,1,1
LU15,LU15_30,366,red squirrel,22,1
LU15,LU15_30,366,snowshoe hare,43,1
LU15,LU15_30,366,white-tailed deer,1,1
LU15,LU15_30,366,wolverine,0,0
LU15,LU15_31,365,black bear,0,0
LU15,LU15_31,365,caribou,0,0
LU15,LU15_31,365,cougar,0,0
LU15,LU15_31,365,coyote,1,1
LU15,LU15_31,365,fisher,0,0
LU15,LU15_31,365,grey wolf,0,0
LU15,LU15_31,365,lynx,5,1
LU15,LU15_31,365,moose,2,1
LU15,LU15_31,365,red fox,0,0
LU15,LU15_31,365,red squirrel,7,1
LU15,LU15_31,365,snowshoe hare,48,1
LU15,LU15_31,365,white-tailed deer,1,1
LU15,LU15_31,365,wolverine,0,0
LU15,LU15_32,366,black bear,4,1
LU15,LU15_32,366,caribou,0,0
LU15,LU15_32,366,cougar,0,0
LU15,LU15_32,366,coyote,8,1
LU15,LU15_32,366,fisher,0,0
LU15,LU15_32,366,grey wolf,0,0
LU15,LU15_32,366,lynx,15,1
LU15,LU15_32,366,moose,4,1
LU15,LU15_32,366,red fox,0,0
LU15,LU15_32,366,red squirrel,139,1
LU15,LU15_32,366,snowshoe hare,65,1
LU15,LU15_32,366,white-tailed deer,2,1
LU15,LU15_32,366,wolverine,0,0
LU15,LU15_34,365,black bear,0,0
LU15,LU15_34,365,caribou,1,1
LU15,LU15_34,365,cougar,0,0
LU15,LU15_34,365,coyote,1,1
LU15,LU15_34,365,fisher,0,0
LU15,LU15_34,365,grey wolf,2,1
LU15,LU15_34,365,lynx,1,1
LU15,LU15_34,365,moose,4,1
LU15,LU15_34,365,red fox,0,0
LU15,LU15_34,365,red squirrel,0,0
LU15,LU15_34,365,snowshoe hare,4,1
LU15,LU15_34,365,white-tailed deer,2,1
LU15,LU15_34,365,wolverine,0,0
LU15,LU15_36,366,black bear,1,1
LU15,LU15_36,366,caribou,0,0
LU15,LU15_36,366,cougar,0,0
LU15,LU15_36,366,coyote,1,1
LU15,LU15_36,366,fisher,1,1
LU15,LU15_36,366,grey wolf,0,0
LU15,LU15_36,366,lynx,2,1
LU15,LU15_36,366,moose,0,0
LU15,LU15_36,366,red fox,0,0
LU15,LU15_36,366,red squirrel,79,1
LU15,LU15_36,366,snowshoe hare,5,1
LU15,LU15_36,366,white-tailed deer,0,0
LU15,LU15_36,366,wolverine,0,0
LU15,LU15_37,353,black bear,1,1
LU15,LU15_37,353,caribou,1,1
LU15,LU15_37,353,cougar,0,0
LU15,LU15_37,353,coyote,1,1
LU15,LU15_37,353,fisher,0,0
LU15,LU15_37,353,grey wolf,0,0
LU15,LU15_37,353,lynx,1,1
LU15,LU15_37,353,moose,0,0
LU15,LU15_37,353,red fox,1,1
LU15,LU15_37,353,red squirrel,100,1
LU15,LU15_37,353,snowshoe hare,12,1
LU15,LU15_37,353,white-tailed deer,0,0
LU15,LU15_37,353,wolverine,0,0
LU15,LU15_4,358,black bear,6,1
LU15,LU15_4,358,caribou,4,1
LU15,LU15_4,358,cougar,0,0
LU15,LU15_4,358,coyote,5,1
LU15,LU15_4,358,fisher,0,0
LU15,LU15_4,358,grey wolf,0,0
LU15,LU15_4,358,lynx,8,1
LU15,LU15_4,358,moose,0,0
LU15,LU15_4,358,red fox,2,1
LU15,LU15_4,358,red squirrel,6,1
LU15,LU15_4,358,snowshoe hare,8,1
LU15,LU15_4,358,white-tailed deer,0,0
LU15,LU15_4,358,wolverine,0,0
LU15,LU15_40,366,black bear,0,0
LU15,LU15_40,366,caribou,2,1
LU15,LU15_40,366,cougar,0,0
LU15,LU15_40,366,coyote,0,0
LU15,LU15_40,366,fisher,1,1
LU15,LU15_40,366,grey wolf,1,1
LU15,LU15_40,366,lynx,10,1
LU15,LU15_40,366,moose,7,1
LU15,LU15_40,366,red fox,0,0
LU15,LU15_40,366,red squirrel,9,1
LU15,LU15_40,366,snowshoe hare,9,1
LU15,LU15_40,366,white-tailed deer,1,1
LU15,LU15_40,366,wolverine,0,0
LU15,LU15_41,340,black bear,4,1
LU15,LU15_41,340,caribou,0,0
LU15,LU15_41,340,cougar,0,0
LU15,LU15_41,340,coyote,1,1
LU15,LU15_41,340,fisher,0,0
LU15,LU15_41,340,grey wolf,0,0
LU15,LU15_41,340,lynx,1,1
LU15,LU15_41,340,moose,1,1
LU15,LU15_41,340,red fox,0,0
LU15,LU15_41,340,red squirrel,3,1
LU15,LU15_41,340,snowshoe hare,9,1
LU15,LU15_41,340,white-tailed deer,24,1
LU15,LU15_41,340,wolverine,0,0
LU15,LU15_43,365,black bear,5,1
LU15,LU15_43,365,caribou,3,1
LU15,LU15_43,365,cougar,0,0
LU15,LU15_43,365,coyote,1,1
LU15,LU15_43,365,fisher,0,0
LU15,LU15_43,365,grey wolf,0,0
LU15,LU15_43,365,lynx,2,1
LU15,LU15_43,365,moose,5,1
LU15,LU15_43,365,red fox,0,0
LU15,LU15_43,365,red squirrel,10,1
LU15,LU15_43,365,snowshoe hare,5,1
LU15,LU15_43,365,white-tailed deer,0,0
LU15,LU15_43,365,wolverine,0,0
LU15,LU15_44,359,black bear,1,1
LU15,LU15_44,359,caribou,0,0
LU15,LU15_44,359,cougar,0,0
LU15,LU15_44,359,coyote,10,1
LU15,LU15_44,359,fisher,2,1
LU15,LU15_44,359,grey wolf,2,1
LU15,LU15_44,359,lynx,3,1
LU15,LU15_44,359,moose,0,0
LU15,LU15_44,359,red fox,0,0
LU15,LU15_44,359,red squirrel,89,1
LU15,LU15_44,359,snowshoe hare,67,1
LU15,LU15_44,359,white-tailed deer,0,0
LU15,LU15_44,359,wolverine,0,0
LU15,LU15_46,346,black bear,10,1
LU15,LU15_46,346,caribou,0,0
LU15,LU15_46,346,cougar,0,0
LU15,LU15_46,346,coyote,3,1
LU15,LU15_46,346,fisher,0,0
LU15,LU15_46,346,grey wolf,1,1
LU15,LU15_46,346,lynx,3,1
LU15,LU15_46,346,moose,1,1
LU15,LU15_46,346,red fox,0,0
LU15,LU15_46,346,red squirrel,17,1
LU15,LU15_46,346,snowshoe hare,18,1
LU15,LU15_46,346,white-tailed deer,19,1
LU15,LU15_46,346,wolverine,0,0
LU15,LU15_58,354,black bear,16,1
LU15,LU15_58,354,caribou,0,0
LU15,LU15_58,354,cougar,0,0
LU15,LU15_58,354,coyote,7,1
LU15,LU15_58,354,fisher,0,0
LU15,LU15_58,354,grey wolf,9,1
LU15,LU15_58,354,lynx,12,1
LU15,LU15_58,354,moose,35,1
LU15,LU15_58,354,red fox,0,0
LU15,LU15_58,354,red squirrel,22,1
LU15,LU15_58,354,snowshoe hare,2,1
LU15,LU15_58,354,white-tailed deer,2,1
LU15,LU15_58,354,wolverine,0,0
LU15,LU15_61,351,black bear,19,1
LU15,LU15_61,351,caribou,0,0
LU15,LU15_61,351,cougar,0,0
LU15,LU15_61,351,coyote,6,1
LU15,LU15_61,351,fisher,1,1
LU15,LU15_61,351,grey wolf,0,0
LU15,LU15_61,351,lynx,8,1
LU15,LU15_61,351,moose,8,1
LU15,LU15_61,351,red fox,0,0
LU15,LU15_61,351,red squirrel,3,1
LU15,LU15_61,351,snowshoe hare,35,1
LU15,LU15_61,351,white-tailed deer,38,1
LU15,LU15_61,351,wolverine,0,0
LU15,LU15_7,343,black bear,5,1
LU15,LU15_7,343,caribou,0,0
LU15,LU15_7,343,cougar,0,0
LU15,LU15_7,343,coyote,3,1
LU15,LU15_7,343,fisher,0,0
LU15,LU15_7,343,grey wolf,1,1
LU15,LU15_7,343,lynx,0,0
LU15,LU15_7,343,moose,8,1
LU15,LU15_7,343,red fox,0,0
LU15,LU15_7,343,red squirrel,6,1
LU15,LU15_7,343,snowshoe hare,62,1
LU15,LU15_7,343,white-tailed deer,3,1
LU15,LU15_7,343,wolverine,0,0
LU15,LU15_8,345,black bear,11,1
LU15,LU15_8,345,caribou,0,0
LU15,LU15_8,345,cougar,0,0
LU15,LU15_8,345,coyote,5,1
LU15,LU15_8,345,fisher,0,0
LU15,LU15_8,345,grey wolf,1,1
LU15,LU15_8,345,lynx,10,1
LU15,LU15_8,345,moose,0,0
LU15,LU15_8,345,red fox,0,0
LU15,LU15_8,345,red squirrel,5,1
LU15,LU15_8,345,snowshoe hare,20,1
LU15,LU15_8,345,white-tailed deer,13,1
LU15,LU15_8,345,wolverine,0,0
LU15,LU15_9,333,black bear,3,1
LU15,LU15_9,333,caribou,0,0
LU15,LU15_9,333,cougar,0,0
LU15,LU15_9,333,coyote,3,1
LU15,LU15_9,333,fisher,4,1
LU15,LU15_9,333,grey wolf,1,1
LU15,LU15_9,333,lynx,0,0
LU15,LU15_9,333,moose,0,0
LU15,LU15_9,333,red fox,0,0
LU15,LU15_9,333,red squirrel,7,1
LU15,LU15_9,333,snowshoe hare,8,1
LU15,LU15_9,333,white-tailed deer,1,1
LU15,LU15_9,333,wolverine,0,0
LU21,LU21_10,371,black bear,1,1
LU21,LU21_10,371,caribou,0,0
LU21,LU21_10,371,cougar,0,0
LU21,LU21_10,371,coyote,0,0
LU21,LU21_10,371,fisher,1,1
LU21,LU21_10,371,grey wolf,2,1
LU21,LU21_10,371,lynx,0,0
LU21,LU21_10,371,moose,8,1
LU21,LU21_10,371,red fox,1,1
LU21,LU21_10,371,red squirrel,6,1
LU21,LU21_10,371,snowshoe hare,0,0
LU21,LU21_10,371,white-tailed deer,18,1
LU21,LU21_10,371,wolverine,0,0
LU21,LU21_100,348,black bear,56,1
LU21,LU21_100,348,caribou,0,0
LU21,LU21_100,348,cougar,0,0
LU21,LU21_100,348,coyote,0,0
LU21,LU21_100,348,fisher,0,0
LU21,LU21_100,348,grey wolf,4,1
LU21,LU21_100,348,lynx,0,0
LU21,LU21_100,348,moose,3,1
LU21,LU21_100,348,red fox,0,0
LU21,LU21_100,348,red squirrel,7,1
LU21,LU21_100,348,snowshoe hare,0,0
LU21,LU21_100,348,white-tailed deer,12,1
LU21,LU21_100,348,wolverine,0,0
LU21,LU21_105,356,black bear,0,0
LU21,LU21_105,356,caribou,0,0
LU21,LU21_105,356,cougar,0,0
LU21,LU21_105,356,coyote,1,1
LU21,LU21_105,356,fisher,0,0
LU21,LU21_105,356,grey wolf,0,0
LU21,LU21_105,356,lynx,2,1
LU21,LU21_105,356,moose,3,1
LU21,LU21_105,356,red fox,0,0
LU21,LU21_105,356,red squirrel,0,0
LU21,LU21_105,356,snowshoe hare,0,0
LU21,LU21_105,356,white-tailed deer,7,1
LU21,LU21_105,356,wolverine,0,0
LU21,LU21_106,367,black bear,45,1
LU21,LU21_106,367,caribou,0,0
LU21,LU21_106,367,cougar,0,0
LU21,LU21_106,367,coyote,2,1
LU21,LU21_106,367,fisher,0,0
LU21,LU21_106,367,grey wolf,1,1
LU21,LU21_106,367,lynx,1,1
LU21,LU21_106,367,moose,4,1
LU21,LU21_106,367,red fox,0,0
LU21,LU21_106,367,red squirrel,1,1
LU21,LU21_106,367,snowshoe hare,19,1
LU21,LU21_106,367,white-tailed deer,25,1
LU21,LU21_106,367,wolverine,0,0
LU21,LU21_107,371,black bear,19,1
LU21,LU21_107,371,caribou,1,1
LU21,LU21_107,371,cougar,0,0
LU21,LU21_107,371,coyote,2,1
LU21,LU21_107,371,fisher,0,0
LU21,LU21_107,371,grey wolf,1,1
LU21,LU21_107,371,lynx,1,1
LU21,LU21_107,371,moose,3,1
LU21,LU21_107,371,red fox,0,0
LU21,LU21_107,371,red squirrel,6,1
LU21,LU21_107,371,snowshoe hare,3,1
LU21,LU21_107,371,white-tailed deer,13,1
LU21,LU21_107,371,wolverine,0,0
LU21,LU21_109,374,black bear,1,1
LU21,LU21_109,374,caribou,0,0
LU21,LU21_109,374,cougar,0,0
LU21,LU21_109,374,coyote,1,1
LU21,LU21_109,374,fisher,0,0
LU21,LU21_109,374,grey wolf,0,0
LU21,LU21_109,374,lynx,3,1
LU21,LU21_109,374,moose,0,0
LU21,LU21_109,374,red fox,0,0
LU21,LU21_109,374,red squirrel,2,1
LU21,LU21_109,374,snowshoe hare,4,1
LU21,LU21_109,374,white-tailed deer,7,1
LU21,LU21_109,374,wolverine,0,0
LU21,LU21_114,326,black bear,6,1
LU21,LU21_114,326,caribou,0,0
LU21,LU21_114,326,cougar,0,0
LU21,LU21_114,326,coyote,0,0
LU21,LU21_114,326,fisher,0,0
LU21,LU21_114,326,grey wolf,0,0
LU21,LU21_114,326,lynx,0,0
LU21,LU21_114,326,moose,3,1
LU21,LU21_114,326,red fox,0,0
LU21,LU21_114,326,red squirrel,3,1
LU21,LU21_114,326,snowshoe hare,0,0
LU21,LU21_114,326,white-tailed deer,8,1
LU21,LU21_114,326,wolverine,0,0
LU21,LU21_116,356,black bear,19,1
LU21,LU21_116,356,caribou,0,0
LU21,LU21_116,356,cougar,0,0
LU21,LU21_116,356,coyote,0,0
LU21,LU21_116,356,fisher,2,1
LU21,LU21_116,356,grey wolf,3,1
LU21,LU21_116,356,lynx,0,0
LU21,LU21_116,356,moose,6,1
LU21,LU21_116,356,red fox,0,0
LU21,LU21_116,356,red squirrel,1,1
LU21,LU21_116,356,snowshoe hare,0,0
LU21,LU21_116,356,white-tailed deer,33,1
LU21,LU21_116,356,wolverine,0,0
LU21,LU21_119,363,black bear,4,1
LU21,LU21_119,363,caribou,0,0
LU21,LU21_119,363,cougar,1,1
LU21,LU21_119,363,coyote,0,0
LU21,LU21_119,363,fisher,0,0
LU21,LU21_119,363,grey wolf,0,0
LU21,LU21_119,363,lynx,3,1
LU21,LU21_119,363,moose,5,1
LU21,LU21_119,363,red fox,0,0
LU21,LU21_119,363,red squirrel,1,1
LU21,LU21_119,363,snowshoe hare,37,1
LU21,LU21_119,363,white-tailed deer,18,1
LU21,LU21_119,363,wolverine,0,0
LU21,LU21_122,371,black bear,5,1
LU21,LU21_122,371,caribou,0,0
LU21,LU21_122,371,cougar,0,0
LU21,LU21_122,371,coyote,0,0
LU21,LU21_122,371,fisher,2,1
LU21,LU21_122,371,grey wolf,4,1
LU21,LU21_122,371,lynx,1,1
LU21,LU21_122,371,moose,2,1
LU21,LU21_122,371,red fox,0,0
LU21,LU21_122,371,red squirrel,0,0
LU21,LU21_122,371,snowshoe hare,2,1
LU21,LU21_122,371,white-tailed deer,11,1
LU21,LU21_122,371,wolverine,0,0
LU21,LU21_126,357,black bear,6,1
LU21,LU21_126,357,caribou,5,1
LU21,LU21_126,357,cougar,0,0
LU21,LU21_126,357,coyote,0,0
LU21,LU21_126,357,fisher,0,0
LU21,LU21_126,357,grey wolf,2,1
LU21,LU21_126,357,lynx,0,0
LU21,LU21_126,357,moose,8,1
LU21,LU21_126,357,red fox,0,0
LU21,LU21_126,357,red squirrel,0,0
LU21,LU21_126,357,snowshoe hare,1,1
LU21,LU21_126,357,white-tailed deer,0,0
LU21,LU21_126,357,wolverine,0,0
LU21,LU21_14,323,black bear,8,1
LU21,LU21_14,323,caribou,0,0
LU21,LU21_14,323,cougar,0,0
LU21,LU21_14,323,coyote,0,0
LU21,LU21_14,323,fisher,2,1
LU21,LU21_14,323,grey wolf,2,1
LU21,LU21_14,323,lynx,2,1
LU21,LU21_14,323,moose,6,1
LU21,LU21_14,323,red fox,0,0
LU21,LU21_14,323,red squirrel,3,1
LU21,LU21_14,323,snowshoe hare,3,1
LU21,LU21_14,323,white-tailed deer,21,1
LU21,LU21_14,323,wolverine,0,0
LU21,LU21_153,375,black bear,0,0
LU21,LU21_153,375,caribou,0,0
LU21,LU21_153,375,cougar,0,0
LU21,LU21_153,375,coyote,2,1
LU21,LU21_153,375,fisher,0,0
LU21,LU21_153,375,grey wolf,0,0
LU21,LU21_153,375,lynx,1,1
LU21,LU21_153,375,moose,0,0
LU21,LU21_153,375,red fox,0,0
LU21,LU21_153,375,red squirrel,0,0
LU21,LU21_153,375,snowshoe hare,8,1
LU21,LU21_153,375,white-tailed deer,0,0
LU21,LU21_153,375,wolverine,0,0
LU21,LU21_16,371,black bear,35,1
LU21,LU21_16,371,caribou,0,0
LU21,LU21_16,371,cougar,0,0
LU21,LU21_16,371,coyote,0,0
LU21,LU21_16,371,fisher,8,1
LU21,LU21_16,371,grey wolf,0,0
LU21,LU21_16,371,lynx,4,1
LU21,LU21_16,371,moose,7,1
LU21,LU21_16,371,red fox,0,0
LU21,LU21_16,371,red squirrel,100,1
LU21,LU21_16,371,snowshoe hare,44,1
LU21,LU21_16,371,white-tailed deer,14,1
LU21,LU21_16,371,wolverine,0,0
LU21,LU21_164,343,black bear,53,1
LU21,LU21_164,343,caribou,0,0
LU21,LU21_164,343,cougar,0,0
LU21,LU21_164,343,coyote,7,1
LU21,LU21_164,343,fisher,0,0
LU21,LU21_164,343,grey wolf,0,0
LU21,LU21_164,343,lynx,0,0
LU21,LU21_164,343,moose,6,1
LU21,LU21_164,343,red fox,7,1
LU21,LU21_164,343,red squirrel,0,0
LU21,LU21_164,343,snowshoe hare,0,0
LU21,LU21_164,343,white-tailed deer,24,1
LU21,LU21_164,343,wolverine,0,0
LU21,LU21_21,358,black bear,7,1
LU21,LU21_21,358,caribou,0,0
LU21,LU21_21,358,cougar,0,0
LU21,LU21_21,358,coyote,0,0
LU21,LU21_21,358,fisher,1,1
LU21,LU21_21,358,grey wolf,0,0
LU21,LU21_21,358,lynx,0,0
LU21,LU21_21,358,moose,8,1
LU21,LU21_21,358,red fox,0,0
LU21,LU21_21,358,red squirrel,0,0
LU21,LU21_21,358,snowshoe hare,0,0
LU21,LU21_21,358,white-tailed deer,69,1
LU21,LU21_21,358,wolverine,0,0
LU21,LU21_23,341,black bear,3,1
LU21,LU21_23,341,caribou,0,0
LU21,LU21_23,341,cougar,0,0
LU21,LU21_23,341,coyote,0,0
LU21,LU21_23,341,fisher,1,1
LU21,LU21_23,341,grey wolf,0,0
LU21,LU21_23,341,lynx,1,1
LU21,LU21_23,341,moose,1,1
LU21,LU21_23,341,red fox,0,0
LU21,LU21_23,341,red squirrel,6,1
LU21,LU21_23,341,snowshoe hare,6,1
LU21,LU21_23,341,white-tailed deer,2,1
LU21,LU21_23,341,wolverine,0,0
LU21,LU21_27,370,black bear,5,1
LU21,LU21_27,370,caribou,3,1
LU21,LU21_27,370,cougar,0,0
LU21,LU21_27,370,coyote,0,0
LU21,LU21_27,370,fisher,9,1
LU21,LU21_27,370,grey wolf,1,1
LU21,LU21_27,370,lynx,0,0
LU21,LU21_27,370,moose,1,1
LU21,LU21_27,370,red fox,0,0
LU21,LU21_27,370,red squirrel,0,0
LU21,LU21_27,370,snowshoe hare,0,0
LU21,LU21_27,370,white-tailed deer,2,1
LU21,LU21_27,370,wolverine,0,0
LU21,LU21_32,353,black bear,2,1
LU21,LU21_32,353,caribou,4,1
LU21,LU21_32,353,cougar,0,0
LU21,LU21_32,353,coyote,0,0
LU21,LU21_32,353,fisher,0,0
LU21,LU21_32,353,grey wolf,0,0
LU21,LU21_32,353,lynx,0,0
LU21,LU21_32,353,moose,7,1
LU21,LU21_32,353,red fox,0,0
LU21,LU21_32,353,red squirrel,0,0
LU21,LU21_32,353,snowshoe hare,0,0
LU21,LU21_32,353,white-tailed deer,0,0
LU21,LU21_32,353,wolverine,0,0
LU21,LU21_36,369,black bear,16,1
LU21,LU21_36,369,caribou,0,0
LU21,LU21_36,369,cougar,0,0
LU21,LU21_36,369,coyote,2,1
LU21,LU21_36,369,fisher,2,1
LU21,LU21_36,369,grey wolf,9,1
LU21,LU21_36,369,lynx,0,0
LU21,LU21_36,369,moose,11,1
LU21,LU21_36,369,red fox,0,0
LU21,LU21_36,369,red squirrel,0,0
LU21,LU21_36,369,snowshoe hare,0,0
LU21,LU21_36,369,white-tailed deer,32,1
LU21,LU21_36,369,wolverine,0,0
LU21,LU21_41,348,black bear,1,1
LU21,LU21_41,348,caribou,3,1
LU21,LU21_41,348,cougar,0,0
LU21,LU21_41,348,coyote,0,0
LU21,LU21_41,348,fisher,2,1
LU21,LU21_41,348,grey wolf,0,0
LU21,LU21_41,348,lynx,2,1
LU21,LU21_41,348,moose,3,1
LU21,LU21_41,348,red fox,0,0
LU21,LU21_41,348,red squirrel,4,1
LU21,LU21_41,348,snowshoe hare,35,1
LU21,LU21_41,348,white-tailed deer,1,1
LU21,LU21_41,348,wolverine,0,0
LU21,LU21_52,371,black bear,33,1
LU21,LU21_52,371,caribou,0,0
LU21,LU21_52,371,cougar,0,0
LU21,LU21_52,371,coyote,5,1
LU21,LU21_52,371,fisher,0,0
LU21,LU21_52,371,grey wolf,2,1
LU21,LU21_52,371,lynx,15,1
LU21,LU21_52,371,moose,5,1
LU21,LU21_52,371,red fox,0,0
LU21,LU21_52,371,red squirrel,2,1
LU21,LU21_52,371,snowshoe hare,24,1
LU21,LU21_52,371,white-tailed deer,26,1
LU21,LU21_52,371,wolverine,0,0
LU21,LU21_56,370,black bear,5,1
LU21,LU21_56,370,caribou,0,0
LU21,LU21_56,370,cougar,0,0
LU21,LU21_56,370,coyote,0,0
LU21,LU21_56,370,fisher,0,0
LU21,LU21_56,370,grey wolf,2,1
LU21,LU21_56,370,lynx,7,1
LU21,LU21_56,370,moose,3,1
LU21,LU21_56,370,red fox,0,0
LU21,LU21_56,370,red squirrel,1,1
LU21,LU21_56,370,snowshoe hare,1,1
LU21,LU21_56,370,white-tailed deer,34,1
LU21,LU21_56,370,wolverine,0,0
LU21,LU21_57,356,black bear,3,1
LU21,LU21_57,356,caribou,0,0
LU21,LU21_57,356,cougar,0,0
LU21,LU21_57,356,coyote,0,0
LU21,LU21_57,356,fisher,2,1
LU21,LU21_57,356,grey wolf,0,0
LU21,LU21_57,356,lynx,0,0
LU21,LU21_57,356,moose,14,1
LU21,LU21_57,356,red fox,0,0
LU21,LU21_57,356,red squirrel,0,0
LU21,LU21_57,356,snowshoe hare,3,1
LU21,LU21_57,356,white-tailed deer,15,1
LU21,LU21_57,356,wolverine,0,0
LU21,LU21_59,381,black bear,3,1
LU21,LU21_59,381,caribou,0,0
LU21,LU21_59,381,cougar,0,0
LU21,LU21_59,381,coyote,0,0
LU21,LU21_59,381,fisher,0,0
LU21,LU21_59,381,grey wolf,2,1
LU21,LU21_59,381,lynx,0,0
LU21,LU21_59,381,moose,21,1
LU21,LU21_59,381,red fox,0,0
LU21,LU21_59,381,red squirrel,0,0
LU21,LU21_59,381,snowshoe hare,0,0
LU21,LU21_59,381,white-tailed deer,15,1
LU21,LU21_59,381,wolverine,0,0
LU21,LU21_6,321,black bear,17,1
LU21,LU21_6,321,caribou,0,0
LU21,LU21_6,321,cougar,0,0
LU21,LU21_6,321,coyote,0,0
LU21,LU21_6,321,fisher,2,1
LU21,LU21_6,321,grey wolf,2,1
LU21,LU21_6,321,lynx,16,1
LU21,LU21_6,321,moose,2,1
LU21,LU21_6,321,red fox,0,0
LU21,LU21_6,321,red squirrel,15,1
LU21,LU21_6,321,snowshoe hare,43,1
LU21,LU21_6,321,white-tailed deer,10,1
LU21,LU21_6,321,wolverine,0,0
LU21,LU21_63,261,black bear,0,0
LU21,LU21_63,261,caribou,0,0
LU21,LU21_63,261,cougar,0,0
LU21,LU21_63,261,coyote,3,1
LU21,LU21_63,261,fisher,1,1
LU21,LU21_63,261,grey wolf,1,1
LU21,LU21_63,261,lynx,1,1
LU21,LU21_63,261,moose,1,1
LU21,LU21_63,261,red fox,2,1
LU21,LU21_63,261,red squirrel,0,0
LU21,LU21_63,261,snowshoe hare,0,0
LU21,LU21_63,261,white-tailed deer,15,1
LU21,LU21_63,261,wolverine,0,0
LU21,LU21_68,381,black bear,28,1
LU21,LU21_68,381,caribou,0,0
LU21,LU21_68,381,cougar,0,0
LU21,LU21_68,381,coyote,8,1
LU21,LU21_68,381,fisher,0,0
LU21,LU21_68,381,grey wolf,1,1
LU21,LU21_68,381,lynx,0,0
LU21,LU21_68,381,moose,9,1
LU21,LU21_68,381,red fox,4,1
LU21,LU21_68,381,red squirrel,6,1
LU21,LU21_68,381,snowshoe hare,10,1
LU21,LU21_68,381,white-tailed deer,38,1
LU21,LU21_68,381,wolverine,0,0
LU21,LU21_74,369,black bear,6,1
LU21,LU21_74,369,caribou,0,0
LU21,LU21_74,369,cougar,0,0
LU21,LU21_74,369,coyote,0,0
LU21,LU21_74,369,fisher,2,1
LU21,LU21_74,369,grey wolf,0,0
LU21,LU21_74,369,lynx,0,0
LU21,LU21_74,369,moose,8,1
LU21,LU21_74,369,red fox,0,0
LU21,LU21_74,369,red squirrel,8,1
LU21,LU21_74,369,snowshoe hare,21,1
LU21,LU21_74,369,white-tailed deer,26,1
LU21,LU21_74,369,wolverine,0,0
LU21,LU21_78,355,black bear,27,1
LU21,LU21_78,355,caribou,0,0
LU21,LU21_78,355,cougar,0,0
LU21,LU21_78,355,coyote,0,0
LU21,LU21_78,355,fisher,0,0
LU21,LU21_78,355,grey wolf,3,1
LU21,LU21_78,355,lynx,0,0
LU21,LU21_78,355,moose,15,1
LU21,LU21_78,355,red fox,0,0
LU21,LU21_78,355,red squirrel,1,1
LU21,LU21_78,355,snowshoe hare,0,0
LU21,LU21_78,355,white-tailed deer,72,1
LU21,LU21_78,355,wolverine,0,0
LU21,LU21_82,356,black bear,16,1
LU21,LU21_82,356,caribou,0,0
LU21,LU21_82,356,cougar,0,0
LU21,LU21_82,356,coyote,3,1
LU21,LU21_82,356,fisher,1,1
LU21,LU21_82,356,grey wolf,0,0
LU21,LU21_82,356,lynx,3,1
LU21,LU21_82,356,moose,11,1
LU21,LU21_82,356,red fox,0,0
LU21,LU21_82,356,red squirrel,3,1
LU21,LU21_82,356,snowshoe hare,1,1
LU21,LU21_82,356,white-tailed deer,35,1
LU21,LU21_82,356,wolverine,0,0
LU21,LU21_871,355,black bear,33,1
LU21,LU21_871,355,caribou,0,0
LU21,LU21_871,355,cougar,0,0
LU21,LU21_871,355,coyote,2,1
LU21,LU21_871,355,fisher,1,1
LU21,LU21_871,355,grey wolf,2,1
LU21,LU21_871,355,lynx,4,1
LU21,LU21_871,355,moose,17,1
LU21,LU21_871,355,red fox,0,0
LU21,LU21_871,355,red squirrel,0,0
LU21,LU21_871,355,snowshoe hare,1,1
LU21,LU21_871,355,white-tailed deer,79,1
LU21,LU21_871,355,wolverine,0,0
LU21,LU21_9,341,black bear,44,1
LU21,LU21_9,341,caribou,0,0
LU21,LU21_9,341,cougar,1,1
LU21,LU21_9,341,coyote,3,1
LU21,LU21_9,341,fisher,0,0
LU21,LU21_9,341,grey wolf,4,1
LU21,LU21_9,341,lynx,1,1
LU21,LU21_9,341,moose,8,1
LU21,LU21_9,341,red fox,0,0
LU21,LU21_9,341,red squirrel,3,1
LU21,LU21_9,341,snowshoe hare,0,0
LU21,LU21_9,341,white-tailed deer,49,1
LU21,LU21_9,341,wolverine,0,0
LU21,LU21_93,381,black bear,11,1
LU21,LU21_93,381,caribou,0,0
LU21,LU21_93,381,cougar,0,0
LU21,LU21_93,381,coyote,10,1
LU21,LU21_93,381,fisher,4,1
LU21,LU21_93,381,grey wolf,4,1
LU21,LU21_93,381,lynx,4,1
LU21,LU21_93,381,moose,4,1
LU21,LU21_93,381,red fox,0,0
LU21,LU21_93,381,red squirrel,34,1
LU21,LU21_93,381,snowshoe hare,17,1
LU21,LU21_93,381,white-tailed deer,62,1
LU21,LU21_93,381,wolverine,0,0
LU21,LU21_97,360,black bear,18,1
LU21,LU21_97,360,caribou,0,0
LU21,LU21_97,360,cougar,0,0
LU21,LU21_97,360,coyote,0,0
LU21,LU21_97,360,fisher,0,0
LU21,LU21_97,360,grey wolf,1,1
LU21,LU21_97,360,lynx,0,0
LU21,LU21_97,360,moose,11,1
LU21,LU21_97,360,red fox,0,0
LU21,LU21_97,360,red squirrel,1,1
LU21,LU21_97,360,snowshoe hare,0,0
LU21,LU21_97,360,white-tailed deer,37,1
LU21,LU21_97,360,wolverine,0,0
LU21,LU21_98,371,black bear,8,1
LU21,LU21_98,371,caribou,0,0
LU21,LU21_98,371,cougar,0,0
LU21,LU21_98,371,coyote,0,0
LU21,LU21_98,371,fisher,1,1
LU21,LU21_98,371,grey wolf,0,0
LU21,LU21_98,371,lynx,0,0
LU21,LU21_98,371,moose,6,1
LU21,LU21_98,371,red fox,0,0
LU21,LU21_98,371,red squirrel,1,1
LU21,LU21_98,371,snowshoe hare,0,0
LU21,LU21_98,371,white-tailed deer,3,1
LU21,LU21_98,371,wolverine,0,0
LU14,LU14_100,357,black bear,4,1
LU14,LU14_100,357,caribou,0,0
LU14,LU14_100,357,cougar,0,0
LU14,LU14_100,357,coyote,0,0
LU14,LU14_100,357,fisher,0,0
LU14,LU14_100,357,grey wolf,0,0
LU14,LU14_100,357,lynx,1,1
LU14,LU14_100,357,moose,0,0
LU14,LU14_100,357,red fox,0,0
LU14,LU14_100,357,red squirrel,17,1
LU14,LU14_100,357,snowshoe hare,48,1
LU14,LU14_100,357,white-tailed deer,0,0
LU14,LU14_100,357,wolverine,0,0
LU14,LU14_102,367,black bear,0,0
LU14,LU14_102,367,caribou,0,0
LU14,LU14_102,367,cougar,0,0
LU14,LU14_102,367,coyote,0,0
LU14,LU14_102,367,fisher,3,1
LU14,LU14_102,367,grey wolf,0,0
LU14,LU14_102,367,lynx,1,1
LU14,LU14_102,367,moose,0,0
LU14,LU14_102,367,red fox,0,0
LU14,LU14_102,367,red squirrel,24,1
LU14,LU14_102,367,snowshoe hare,36,1
LU14,LU14_102,367,white-tailed deer,3,1
LU14,LU14_102,367,wolverine,0,0
LU14,LU14_105,367,black bear,27,1
LU14,LU14_105,367,caribou,0,0
LU14,LU14_105,367,cougar,0,0
LU14,LU14_105,367,coyote,0,0
LU14,LU14_105,367,fisher,2,1
LU14,LU14_105,367,grey wolf,2,1
LU14,LU14_105,367,lynx,0,0
LU14,LU14_105,367,moose,1,1
LU14,LU14_105,367,red fox,0,0
LU14,LU14_105,367,red squirrel,0,0
LU14,LU14_105,367,snowshoe hare,0,0
LU14,LU14_105,367,white-tailed deer,0,0
LU14,LU14_105,367,wolverine,0,0
LU14,LU14_110,341,black bear,0,0
LU14,LU14_110,341,caribou,0,0
LU14,LU14_110,341,cougar,0,0
LU14,LU14_110,341,coyote,0,0
LU14,LU14_110,341,fisher,0,0
LU14,LU14_110,341,grey wolf,11,1
LU14,LU14_110,341,lynx,1,1
LU14,LU14_110,341,moose,0,0
LU14,LU14_110,341,red fox,0,0
LU14,LU14_110,341,red squirrel,3,1
LU14,LU14_110,341,snowshoe hare,6,1
LU14,LU14_110,341,white-tailed deer,0,0
LU14,LU14_110,341,wolverine,0,0
LU14,LU14_114,367,black bear,2,1
LU14,LU14_114,367,caribou,0,0
LU14,LU14_114,367,cougar,0,0
LU14,LU14_114,367,coyote,0,0
LU14,LU14_114,367,fisher,0,0
LU14,LU14_114,367,grey wolf,0,0
LU14,LU14_114,367,lynx,3,1
LU14,LU14_114,367,moose,2,1
LU14,LU14_114,367,red fox,0,0
LU14,LU14_114,367,red squirrel,3,1
LU14,LU14_114,367,snowshoe hare,17,1
LU14,LU14_114,367,white-tailed deer,0,0
LU14,LU14_114,367,wolverine,0,0
LU14,LU14_115,367,black bear,11,1
LU14,LU14_115,367,caribou,0,0
LU14,LU14_115,367,cougar,0,0
LU14,LU14_115,367,coyote,0,0
LU14,LU14_115,367,fisher,1,1
LU14,LU14_115,367,grey wolf,7,1
LU14,LU14_115,367,lynx,24,1
LU14,LU14_115,367,moose,2,1
LU14,LU14_115,367,red fox,0,0
LU14,LU14_115,367,red squirrel,11,1
LU14,LU14_115,367,snowshoe hare,7,1
LU14,LU14_115,367,white-tailed deer,0,0
LU14,LU14_115,367,wolverine,0,0
LU14,LU14_120,368,black bear,2,1
LU14,LU14_120,368,caribou,0,0
LU14,LU14_120,368,cougar,0,0
LU14,LU14_120,368,coyote,0,0
LU14,LU14_120,368,fisher,2,1
LU14,LU14_120,368,grey wolf,1,1
LU14,LU14_120,368,lynx,1,1
LU14,LU14_120,368,moose,3,1
LU14,LU14_120,368,red fox,0,0
LU14,LU14_120,368,red squirrel,24,1
LU14,LU14_120,368,snowshoe hare,11,1
LU14,LU14_120,368,white-tailed deer,0,0
LU14,LU14_120,368,wolverine,0,0
LU14,LU14_121,368,black bear,1,1
LU14,LU14_121,368,caribou,0,0
LU14,LU14_121,368,cougar,0,0
LU14,LU14_121,368,coyote,0,0
LU14,LU14_121,368,fisher,1,1
LU14,LU14_121,368,grey wolf,4,1
LU14,LU14_121,368,lynx,0,0
LU14,LU14_121,368,moose,4,1
LU14,LU14_121,368,red fox,0,0
LU14,LU14_121,368,red squirrel,15,1
LU14,LU14_121,368,snowshoe hare,0,0
LU14,LU14_121,368,white-tailed deer,0,0
LU14,LU14_121,368,wolverine,0,0
LU14,LU14_131,367,black bear,15,1
LU14,LU14_131,367,caribou,0,0
LU14,LU14_131,367,cougar,0,0
LU14,LU14_131,367,coyote,0,0
LU14,LU14_131,367,fisher,1,1
LU14,LU14_131,367,grey wolf,4,1
LU14,LU14_131,367,lynx,12,1
LU14,LU14_131,367,moose,2,1
LU14,LU14_131,367,red fox,0,0
LU14,LU14_131,367,red squirrel,9,1
LU14,LU14_131,367,snowshoe hare,13,1
LU14,LU14_131,367,white-tailed deer,0,0
LU14,LU14_131,367,wolverine,0,0
LU14,LU14_135,367,black bear,3,1
LU14,LU14_135,367,caribou,0,0
LU14,LU14_135,367,cougar,0,0
LU14,LU14_135,367,coyote,0,0
LU14,LU14_135,367,fisher,1,1
LU14,LU14_135,367,grey wolf,2,1
LU14,LU14_135,367,lynx,0,0
LU14,LU14_135,367,moose,0,0
LU14,LU14_135,367,red fox,0,0
LU14,LU14_135,367,red squirrel,3,1
LU14,LU14_135,367,snowshoe hare,2,1
LU14,LU14_135,367,white-tailed deer,0,0
LU14,LU14_135,367,wolverine,0,0
LU14,LU14_16,361,black bear,3,1
LU14,LU14_16,361,caribou,0,0
LU14,LU14_16,361,cougar,0,0
LU14,LU14_16,361,coyote,0,0
LU14,LU14_16,361,fisher,0,0
LU14,LU14_16,361,grey wolf,1,1
LU14,LU14_16,361,lynx,5,1
LU14,LU14_16,361,moose,0,0
LU14,LU14_16,361,red fox,0,0
LU14,LU14_16,361,red squirrel,38,1
LU14,LU14_16,361,snowshoe hare,62,1
LU14,LU14_16,361,white-tailed deer,0,0
LU14,LU14_16,361,wolverine,0,0
LU14,LU14_17,347,black bear,10,1
LU14,LU14_17,347,caribou,0,0
LU14,LU14_17,347,cougar,0,0
LU14,LU14_17,347,coyote,0,0
LU14,LU14_17,347,fisher,0,0
LU14,LU14_17,347,grey wolf,1,1
LU14,LU14_17,347,lynx,2,1
LU14,LU14_17,347,moose,4,1
LU14,LU14_17,347,red fox,0,0
LU14,LU14_17,347,red squirrel,0,0
LU14,LU14_17,347,snowshoe hare,16,1
LU14,LU14_17,347,white-tailed deer,0,0
LU14,LU14_17,347,wolverine,0,0
LU14,LU14_19,367,black bear,9,1
LU14,LU14_19,367,caribou,0,0
LU14,LU14_19,367,cougar,0,0
LU14,LU14_19,367,coyote,5,1
LU14,LU14_19,367,fisher,5,1
LU14,LU14_19,367,grey wolf,0,0
LU14,LU14_19,367,lynx,2,1
LU14,LU14_19,367,moose,0,0
LU14,LU14_19,367,red fox,0,0
LU14,LU14_19,367,red squirrel,4,1
LU14,LU14_19,367,snowshoe hare,75,1
LU14,LU14_19,367,white-tailed deer,1,1
LU14,LU14_19,367,wolverine,0,0
LU14,LU14_20,367,black bear,13,1
LU14,LU14_20,367,caribou,0,0
LU14,LU14_20,367,cougar,0,0
LU14,LU14_20,367,coyote,0,0
LU14,LU14_20,367,fisher,4,1
LU14,LU14_20,367,grey wolf,1,1
LU14,LU14_20,367,lynx,0,0
LU14,LU14_20,367,moose,0,0
LU14,LU14_20,367,red fox,0,0
LU14,LU14_20,367,red squirrel,0,0
LU14,LU14_20,367,snowshoe hare,1,1
LU14,LU14_20,367,white-tailed deer,1,1
LU14,LU14_20,367,wolverine,0,0
LU14,LU14_250,361,black bear,3,1
LU14,LU14_250,361,caribou,0,0
LU14,LU14_250,361,cougar,0,0
LU14,LU14_250,361,coyote,0,0
LU14,LU14_250,361,fisher,3,1
LU14,LU14_250,361,grey wolf,1,1
LU14,LU14_250,361,lynx,2,1
LU14,LU14_250,361,moose,1,1
LU14,LU14_250,361,red fox,0,0
LU14,LU14_250,361,red squirrel,26,1
LU14,LU14_250,361,snowshoe hare,0,0
LU14,LU14_250,361,white-tailed deer,4,1
LU14,LU14_250,361,wolverine,2,1
LU14,LU14_3,367,black bear,36,1
LU14,LU14_3,367,caribou,0,0
LU14,LU14_3,367,cougar,0,0
LU14,LU14_3,367,coyote,0,0
LU14,LU14_3,367,fisher,1,1
LU14,LU14_3,367,grey wolf,2,1
LU14,LU14_3,367,lynx,0,0
LU14,LU14_3,367,moose,0,0
LU14,LU14_3,367,red fox,0,0
LU14,LU14_3,367,red squirrel,1,1
LU14,LU14_3,367,snowshoe hare,2,1
LU14,LU14_3,367,white-tailed deer,2,1
LU14,LU14_3,367,wolverine,0,0
LU14,LU14_30,367,black bear,1,1
LU14,LU14_30,367,caribou,0,0
LU14,LU14_30,367,cougar,0,0
LU14,LU14_30,367,coyote,0,0
LU14,LU14_30,367,fisher,2,1
LU14,LU14_30,367,grey wolf,0,0
LU14,LU14_30,367,lynx,0,0
LU14,LU14_30,367,moose,2,1
LU14,LU14_30,367,red fox,0,0
LU14,LU14_30,367,red squirrel,1,1
LU14,LU14_30,367,snowshoe hare,0,0
LU14,LU14_30,367,white-tailed deer,0,0
LU14,LU14_30,367,wolverine,0,0
LU14,LU14_31,367,black bear,15,1
LU14,LU14_31,367,caribou,0,0
LU14,LU14_31,367,cougar,0,0
LU14,LU14_31,367,coyote,0,0
LU14,LU14_31,367,fisher,0,0
LU14,LU14_31,367,grey wolf,0,0
LU14,LU14_31,367,lynx,2,1
LU14,LU14_31,367,moose,0,0
LU14,LU14_31,367,red fox,0,0
LU14,LU14_31,367,red squirrel,48,1
LU14,LU14_31,367,snowshoe hare,36,1
LU14,LU14_31,367,white-tailed deer,0,0
LU14,LU14_31,367,wolverine,0,0
LU14,LU14_33,361,black bear,7,1
LU14,LU14_33,361,caribou,0,0
LU14,LU14_33,361,cougar,0,0
LU14,LU14_33,361,coyote,0,0
LU14,LU14_33,361,fisher,3,1
LU14,LU14_33,361,grey wolf,0,0
LU14,LU14_33,361,lynx,0,0
LU14,LU14_33,361,moose,3,1
LU14,LU14_33,361,red fox,0,0
LU14,LU14_33,361,red squirrel,2,1
LU14,LU14_33,361,snowshoe hare,2,1
LU14,LU14_33,361,white-tailed deer,0,0
LU14,LU14_33,361,wolverine,0,0
LU14,LU14_37,360,black bear,17,1
LU14,LU14_37,360,caribou,0,0
LU14,LU14_37,360,cougar,0,0
LU14,LU14_37,360,coyote,0,0
LU14,LU14_37,360,fisher,0,0
LU14,LU14_37,360,grey wolf,0,0
LU14,LU14_37,360,lynx,0,0
LU14,LU14_37,360,moose,5,1
LU14,LU14_37,360,red fox,0,0
LU14,LU14_37,360,red squirrel,6,1
LU14,LU14_37,360,snowshoe hare,5,1
LU14,LU14_37,360,white-tailed deer,6,1
LU14,LU14_37,360,wolverine,0,0
LU14,LU14_47,367,black bear,7,1
LU14,LU14_47,367,caribou,0,0
LU14,LU14_47,367,cougar,0,0
LU14,LU14_47,367,coyote,0,0
LU14,LU14_47,367,fisher,6,1
LU14,LU14_47,367,grey wolf,1,1
LU14,LU14_47,367,lynx,0,0
LU14,LU14_47,367,moose,0,0
LU14,LU14_47,367,red fox,0,0
LU14,LU14_47,367,red squirrel,27,1
LU14,LU14_47,367,snowshoe hare,3,1
LU14,LU14_47,367,white-tailed deer,9,1
LU14,LU14_47,367,wolverine,1,1
LU14,LU14_48,367,black bear,18,1
LU14,LU14_48,367,caribou,0,0
LU14,LU14_48,367,cougar,0,0
LU14,LU14_48,367,coyote,0,0
LU14,LU14_48,367,fisher,0,0
LU14,LU14_48,367,grey wolf,0,0
LU14,LU14_48,367,lynx,0,0
LU14,LU14_48,367,moose,3,1
LU14,LU14_48,367,red fox,0,0
LU14,LU14_48,367,red squirrel,31,1
LU14,LU14_48,367,snowshoe hare,0,0
LU14,LU14_48,367,white-tailed deer,2,1
LU14,LU14_48,367,wolverine,0,0
LU14,LU14_49,367,black bear,12,1
LU14,LU14_49,367,caribou,0,0
LU14,LU14_49,367,cougar,0,0
LU14,LU14_49,367,coyote,0,0
LU14,LU14_49,367,fisher,1,1
LU14,LU14_49,367,grey wolf,0,0
LU14,LU14_49,367,lynx,0,0
LU14,LU14_49,367,moose,1,1
LU14,LU14_49,367,red fox,0,0
LU14,LU14_49,367,red squirrel,0,0
LU14,LU14_49,367,snowshoe hare,7,1
LU14,LU14_49,367,white-tailed deer,4,1
LU14,LU14_49,367,wolverine,0,0
LU14,LU14_51,361,black bear,18,1
LU14,LU14_51,361,caribou,0,0
LU14,LU14_51,361,cougar,0,0
LU14,LU14_51,361,coyote,0,0
LU14,LU14_51,361,fisher,4,1
LU14,LU14_51,361,grey wolf,3,1
LU14,LU14_51,361,lynx,2,1
LU14,LU14_51,361,moose,5,1
LU14,LU14_51,361,red fox,0,0
LU14,LU14_51,361,red squirrel,49,1
LU14,LU14_51,361,snowshoe hare,16,1
LU14,LU14_51,361,white-tailed deer,2,1
LU14,LU14_51,361,wolverine,0,0
LU14,LU14_54,366,black bear,47,1
LU14,LU14_54,366,caribou,0,0
LU14,LU14_54,366,cougar,0,0
LU14,LU14_54,366,coyote,3,1
LU14,LU14_54,366,fisher,3,1
LU14,LU14_54,366,grey wolf,0,0
LU14,LU14_54,366,lynx,0,0
LU14,LU14_54,366,moose,5,1
LU14,LU14_54,366,red fox,0,0
LU14,LU14_54,366,red squirrel,0,0
LU14,LU14_54,366,snowshoe hare,1,1
LU14,LU14_54,366,white-tailed deer,0,0
LU14,LU14_54,366,wolverine,0,0
LU14,LU14_56,361,black bear,3,1
LU14,LU14_56,361,caribou,0,0
LU14,LU14_56,361,cougar,0,0
LU14,LU14_56,361,coyote,0,0
LU14,LU14_56,361,fisher,8,1
LU14,LU14_56,361,grey wolf,0,0
LU14,LU14_56,361,lynx,9,1
LU14,LU14_56,361,moose,7,1
LU14,LU14_56,361,red fox,0,0
LU14,LU14_56,361,red squirrel,22,1
LU14,LU14_56,361,snowshoe hare,14,1
LU14,LU14_56,361,white-tailed deer,1,1
LU14,LU14_56,361,wolverine,1,1
LU14,LU14_61,367,black bear,2,1
LU14,LU14_61,367,caribou,0,0
LU14,LU14_61,367,cougar,0,0
LU14,LU14_61,367,coyote,2,1
LU14,LU14_61,367,fisher,9,1
LU14,LU14_61,367,grey wolf,0,0
LU14,LU14_61,367,lynx,4,1
LU14,LU14_61,367,moose,4,1
LU14,LU14_61,367,red fox,0,0
LU14,LU14_61,367,red squirrel,12,1
LU14,LU14_61,367,snowshoe hare,10,1
LU14,LU14_61,367,white-tailed deer,0,0
LU14,LU14_61,367,wolverine,1,1
LU14,LU14_62,343,black bear,4,1
LU14,LU14_62,343,caribou,0,0
LU14,LU14_62,343,cougar,0,0
LU14,LU14_62,343,coyote,0,0
LU14,LU14_62,343,fisher,0,0
LU14,LU14_62,343,grey wolf,1,1
LU14,LU14_62,343,lynx,1,1
LU14,LU14_62,343,moose,10,1
LU14,LU14_62,343,red fox,0,0
LU14,LU14_62,343,red squirrel,0,0
LU14,LU14_62,343,snowshoe hare,4,1
LU14,LU14_62,343,white-tailed deer,0,0
LU14,LU14_62,343,wolverine,0,0
LU14,LU14_63,367,black bear,25,1
LU14,LU14_63,367,caribou,0,0
LU14,LU14_63,367,cougar,0,0
LU14,LU14_63,367,coyote,0,0
LU14,LU14_63,367,fisher,1,1
LU14,LU14_63,367,grey wolf,1,1
LU14,LU14_63,367,lynx,1,1
LU14,LU14_63,367,moose,0,0
LU14,LU14_63,367,red fox,0,0
LU14,LU14_63,367,red squirrel,31,1
LU14,LU14_63,367,snowshoe hare,1,1
LU14,LU14_63,367,white-tailed deer,0,0
LU14,LU14_63,367,wolverine,0,0
LU14,LU14_66,134,black bear,0,0
LU14,LU14_66,134,caribou,0,0
LU14,LU14_66,134,cougar,0,0
LU14,LU14_66,134,coyote,2,1
LU14,LU14_66,134,fisher,0,0
LU14,LU14_66,134,grey wolf,0,0
LU14,LU14_66,134,lynx,0,0
LU14,LU14_66,134,moose,1,1
LU14,LU14_66,134,red fox,0,0
LU14,LU14_66,134,red squirrel,1,1
LU14,LU14_66,134,snowshoe hare,0,0
LU14,LU14_66,134,white-tailed deer,0,0
LU14,LU14_66,134,wolverine,0,0
LU14,LU14_7,367,black bear,4,1
LU14,LU14_7,367,caribou,1,1
LU14,LU14_7,367,cougar,0,0
LU14,LU14_7,367,coyote,3,1
LU14,LU14_7,367,fisher,1,1
LU14,LU14_7,367,grey wolf,0,0
LU14,LU14_7,367,lynx,1,1
LU14,LU14_7,367,moose,0,0
LU14,LU14_7,367,red fox,0,0
LU14,LU14_7,367,red squirrel,4,1
LU14,LU14_7,367,snowshoe hare,8,1
LU14,LU14_7,367,white-tailed deer,0,0
LU14,LU14_7,367,wolverine,0,0
LU14,LU14_70,186,black bear,0,0
LU14,LU14_70,186,caribou,0,0
LU14,LU14_70,186,cougar,0,0
LU14,LU14_70,186,coyote,0,0
LU14,LU14_70,186,fisher,0,0
LU14,LU14_70,186,grey wolf,2,1
LU14,LU14_70,186,lynx,2,1
LU14,LU14_70,186,moose,0,0
LU14,LU14_70,186,red fox,0,0
LU14,LU14_70,186,red squirrel,17,1
LU14,LU14_70,186,snowshoe hare,24,1
LU14,LU14_70,186,white-tailed deer,0,0
LU14,LU14_70,186,wolverine,0,0
LU14,LU14_71,360,black bear,8,1
LU14,LU14_71,360,caribou,0,0
LU14,LU14_71,360,cougar,0,0
LU14,LU14_71,360,coyote,0,0
LU14,LU14_71,360,fisher,0,0
LU14,LU14_71,360,grey wolf,0,0
LU14,LU14_71,360,lynx,0,0
LU14,LU14_71,360,moose,0,0
LU14,LU14_71,360,red fox,0,0
LU14,LU14_71,360,red squirrel,0,0
LU14,LU14_71,360,snowshoe hare,0,0
LU14,LU14_71,360,white-tailed deer,0,0
LU14,LU14_71,360,wolverine,0,0
LU14,LU14_72,345,black bear,19,1
LU14,LU14_72,345,caribou,0,0
LU14,LU14_72,345,cougar,0,0
LU14,LU14_72,345,coyote,0,0
LU14,LU14_72,345,fisher,0,0
LU14,LU14_72,345,grey wolf,1,1
LU14,LU14_72,345,lynx,2,1
LU14,LU14_72,345,moose,8,1
LU14,LU14_72,345,red fox,0,0
LU14,LU14_72,345,red squirrel,0,0
LU14,LU14_72,345,snowshoe hare,0,0
LU14,LU14_72,345,white-tailed deer,0,0
LU14,LU14_72,345,wolverine,0,0
LU14,LU14_74,362,black bear,9,1
LU14,LU14_74,362,caribou,0,0
LU14,LU14_74,362,cougar,0,0
LU14,LU14_74,362,coyote,0,0
LU14,LU14_74,362,fisher,0,0
LU14,LU14_74,362,grey wolf,8,1
LU14,LU14_74,362,lynx,12,1
LU14,LU14_74,362,moose,4,1
LU14,LU14_74,362,red fox,0,0
LU14,LU14_74,362,red squirrel,21,1
LU14,LU14_74,362,snowshoe hare,5,1
LU14,LU14_74,362,white-tailed deer,1,1
LU14,LU14_74,362,wolverine,2,1
LU14,LU14_75,361,black bear,9,1
LU14,LU14_75,361,caribou,0,0
LU14,LU14_75,361,cougar,0,0
LU14,LU14_75,361,coyote,1,1
LU14,LU14_75,361,fisher,0,0
LU14,LU14_75,361,grey wolf,2,1
LU14,LU14_75,361,lynx,1,1
LU14,LU14_75,361,moose,2,1
LU14,LU14_75,361,red fox,0,0
LU14,LU14_75,361,red squirrel,19,1
LU14,LU14_75,361,snowshoe hare,14,1
LU14,LU14_75,361,white-tailed deer,0,0
LU14,LU14_75,361,wolverine,0,0
LU14,LU14_76,362,black bear,6,1
LU14,LU14_76,362,caribou,0,0
LU14,LU14_76,362,cougar,0,0
LU14,LU14_76,362,coyote,2,1
LU14,LU14_76,362,fisher,2,1
LU14,LU14_76,362,grey wolf,10,1
LU14,LU14_76,362,lynx,2,1
LU14,LU14_76,362,moose,2,1
LU14,LU14_76,362,red fox,0,0
LU14,LU14_76,362,red squirrel,13,1
LU14,LU14_76,362,snowshoe hare,0,0
LU14,LU14_76,362,white-tailed deer,1,1
LU14,LU14_76,362,wolverine,0,0
LU14,LU14_78,361,black bear,2,1
LU14,LU14_78,361,caribou,0,0
LU14,LU14_78,361,cougar,0,0
LU14,LU14_78,361,coyote,1,1
LU14,LU14_78,361,fisher,0,0
LU14,LU14_78,361,grey wolf,0,0
LU14,LU14_78,361,lynx,0,0
LU14,LU14_78,361,moose,4,1
LU14,LU14_78,361,red fox,0,0
LU14,LU14_78,361,red squirrel,7,1
LU14,LU14_78,361,snowshoe hare,0,0
LU14,LU14_78,361,white-tailed deer,8,1
LU14,LU14_78,361,wolverine,0,0
LU14,LU14_8,363,black bear,25,1
LU14,LU14_8,363,caribou,0,0
LU14,LU14_8,363,cougar,0,0
LU14,LU14_8,363,coyote,6,1
LU14,LU14_8,363,fisher,8,1
LU14,LU14_8,363,grey wolf,0,0
LU14,LU14_8,363,lynx,6,1
LU14,LU14_8,363,moose,3,1
LU14,LU14_8,363,red fox,0,0
LU14,LU14_8,363,red squirrel,32,1
LU14,LU14_8,363,snowshoe hare,12,1
LU14,LU14_8,363,white-tailed deer,2,1
LU14,LU14_8,363,wolverine,0,0
LU14,LU14_80,361,black bear,35,1
LU14,LU14_80,361,caribou,0,0
LU14,LU14_80,361,cougar,0,0
LU14,LU14_80,361,coyote,1,1
LU14,LU14_80,361,fisher,13,1
LU14,LU14_80,361,grey wolf,2,1
LU14,LU14_80,361,lynx,4,1
LU14,LU14_80,361,moose,8,1
LU14,LU14_80,361,red fox,0,0
LU14,LU14_80,361,red squirrel,6,1
LU14,LU14_80,361,snowshoe hare,0,0
LU14,LU14_80,361,white-tailed deer,4,1
LU14,LU14_80,361,wolverine,0,0
LU14,LU14_84,309,black bear,7,1
LU14,LU14_84,309,caribou,0,0
LU14,LU14_84,309,cougar,0,0
LU14,LU14_84,309,coyote,0,0
LU14,LU14_84,309,fisher,1,1
LU14,LU14_84,309,grey wolf,1,1
LU14,LU14_84,309,lynx,1,1
LU14,LU14_84,309,moose,1,1
LU14,LU14_84,309,red fox,0,0
LU14,LU14_84,309,red squirrel,1,1
LU14,LU14_84,309,snowshoe hare,1,1
LU14,LU14_84,309,white-tailed deer,0,0
LU14,LU14_84,309,wolverine,0,0
LU14,LU14_85,361,black bear,11,1
LU14,LU14_85,361,caribou,1,1
LU14,LU14_85,361,cougar,0,0
LU14,LU14_85,361,coyote,1,1
LU14,LU14_85,361,fisher,0,0
LU14,LU14_85,361,grey wolf,0,0
LU14,LU14_85,361,lynx,1,1
LU14,LU14_85,361,moose,0,0
LU14,LU14_85,361,red fox,1,1
LU14,LU14_85,361,red squirrel,1,1
LU14,LU14_85,361,snowshoe hare,0,0
LU14,LU14_85,361,white-tailed deer,0,0
LU14,LU14_85,361,wolverine,1,1
LU14,LU14_86,367,black bear,9,1
LU14,LU14_86,367,caribou,0,0
LU14,LU14_86,367,cougar,0,0
LU14,LU14_86,367,coyote,0,0
LU14,LU14_86,367,fisher,0,0
LU14,LU14_86,367,grey wolf,0,0
LU14,LU14_86,367,lynx,3,1
LU14,LU14_86,367,moose,4,1
LU14,LU14_86,367,red fox,0,0
LU14,LU14_86,367,red squirrel,5,1
LU14,LU14_86,367,snowshoe hare,0,0
LU14,LU14_86,367,white-tailed deer,5,1
LU14,LU14_86,367,wolverine,0,0
LU14,LU14_88,334,black bear,7,1
LU14,LU14_88,334,caribou,0,0
LU14,LU14_88,334,cougar,0,0
LU14,LU14_88,334,coyote,1,1
LU14,LU14_88,334,fisher,3,1
LU14,LU14_88,334,grey wolf,1,1
LU14,LU14_88,334,lynx,1,1
LU14,LU14_88,334,moose,7,1
LU14,LU14_88,334,red fox,1,1
LU14,LU14_88,334,red squirrel,5,1
LU14,LU14_88,334,snowshoe hare,14,1
LU14,LU14_88,334,white-tailed deer,1,1
LU14,LU14_88,334,wolverine,0,0
LU14,LU14_9,367,black bear,17,1
LU14,LU14_9,367,caribou,0,0
LU14,LU14_9,367,cougar,0,0
LU14,LU14_9,367,coyote,3,1
LU14,LU14_9,367,fisher,3,1
LU14,LU14_9,367,grey wolf,0,0
LU14,LU14_9,367,lynx,0,0
LU14,LU14_9,367,moose,1,1
LU14,LU14_9,367,red fox,1,1
LU14,LU14_9,367,red squirrel,23,1
LU14,LU14_9,367,snowshoe hare,12,1
LU14,LU14_9,367,white-tailed deer,1,1
LU14,LU14_9,367,wolverine,0,0
LU14,LU14_91,367,black bear,6,1
LU14,LU14_91,367,caribou,0,0
LU14,LU14_91,367,cougar,0,0
LU14,LU14_91,367,coyote,0,0
LU14,LU14_91,367,fisher,0,0
LU14,LU14_91,367,grey wolf,1,1
LU14,LU14_91,367,lynx,1,1
LU14,LU14_91,367,moose,6,1
LU14,LU14_91,367,red fox,0,0
LU14,LU14_91,367,red squirrel,47,1
LU14,LU14_91,367,snowshoe hare,6,1
LU14,LU14_91,367,white-tailed deer,0,0
LU14,LU14_91,367,wolverine,0,0
LU14,LU14_92,368,black bear,16,1
LU14,LU14_92,368,caribou,1,1
LU14,LU14_92,368,cougar,0,0
LU14,LU14_92,368,coyote,0,0
LU14,LU14_92,368,fisher,1,1
LU14,LU14_92,368,grey wolf,0,0
LU14,LU14_92,368,lynx,3,1
LU14,LU14_92,368,moose,2,1
LU14,LU14_92,368,red fox,0,0
LU14,LU14_92,368,red squirrel,3,1
LU14,LU14_92,368,snowshoe hare,2,1
LU14,LU14_92,368,white-tailed deer,2,1
LU14,LU14_92,368,wolverine,0,0
LU14,LU14_96,367,black bear,18,1
LU14,LU14_96,367,caribou,0,0
LU14,LU14_96,367,cougar,0,0
LU14,LU14_96,367,coyote,1,1
LU14,LU14_96,367,fisher,1,1
LU14,LU14_96,367,grey wolf,2,1
LU14,LU14_96,367,lynx,1,1
LU14,LU14_96,367,moose,9,1
LU14,LU14_96,367,red fox,0,0
LU14,LU14_96,367,red squirrel,2,1
LU14,LU14_96,367,snowshoe hare,1,1
LU14,LU14_96,367,white-tailed deer,6,1
LU14,LU14_96,367,wolverine,0,0
LU14,LU14_97,368,black bear,8,1
LU14,LU14_97,368,caribou,0,0
LU14,LU14_97,368,cougar,0,0
LU14,LU14_97,368,coyote,0,0
LU14,LU14_97,368,fisher,1,1
LU14,LU14_97,368,grey wolf,0,0
LU14,LU14_97,368,lynx,0,0
LU14,LU14_97,368,moose,1,1
LU14,LU14_97,368,red fox,0,0
LU14,LU14_97,368,red squirrel,0,0
LU14,LU14_97,368,snowshoe hare,13,1
LU14,LU14_97,368,white-tailed deer,2,1
LU14,LU14_97,368,wolverine,0,0
LU16,LU16_15,361,black bear,5,1
LU16,LU16_15,361,caribou,0,0
LU16,LU16_15,361,cougar,0,0
LU16,LU16_15,361,coyote,15,1
LU16,LU16_15,361,fisher,0,0
LU16,LU16_15,361,grey wolf,0,0
LU16,LU16_15,361,lynx,10,1
LU16,LU16_15,361,moose,7,1
LU16,LU16_15,361,red fox,0,0
LU16,LU16_15,361,red squirrel,14,1
LU16,LU16_15,361,snowshoe hare,59,1
LU16,LU16_15,361,white-tailed deer,0,0
LU16,LU16_15,361,wolverine,0,0
LU16,LU16_2,364,black bear,1,1
LU16,LU16_2,364,caribou,0,0
LU16,LU16_2,364,cougar,0,0
LU16,LU16_2,364,coyote,2,1
LU16,LU16_2,364,fisher,0,0
LU16,LU16_2,364,grey wolf,0,0
LU16,LU16_2,364,lynx,7,1
LU16,LU16_2,364,moose,2,1
LU16,LU16_2,364,red fox,0,0
LU16,LU16_2,364,red squirrel,9,1
LU16,LU16_2,364,snowshoe hare,54,1
LU16,LU16_2,364,white-tailed deer,0,0
LU16,LU16_2,364,wolverine,0,0
LU16,LU16_20,364,black bear,14,1
LU16,LU16_20,364,caribou,0,0
LU16,LU16_20,364,cougar,0,0
LU16,LU16_20,364,coyote,11,1
LU16,LU16_20,364,fisher,0,0
LU16,LU16_20,364,grey wolf,0,0
LU16,LU16_20,364,lynx,5,1
LU16,LU16_20,364,moose,1,1
LU16,LU16_20,364,red fox,0,0
LU16,LU16_20,364,red squirrel,44,1
LU16,LU16_20,364,snowshoe hare,82,1
LU16,LU16_20,364,white-tailed deer,0,0
LU16,LU16_20,364,wolverine,0,0
LU16,LU16_200,364,black bear,25,1
LU16,LU16_200,364,caribou,0,0
LU16,LU16_200,364,cougar,0,0
LU16,LU16_200,364,coyote,13,1
LU16,LU16_200,364,fisher,2,1
LU16,LU16_200,364,grey wolf,0,0
LU16,LU16_200,364,lynx,17,1
LU16,LU16_200,364,moose,2,1
LU16,LU16_200,364,red fox,0,0
LU16,LU16_200,364,red squirrel,3,1
LU16,LU16_200,364,snowshoe hare,177,1
LU16,LU16_200,364,white-tailed deer,2,1
LU16,LU16_200,364,wolverine,0,0
LU16,LU16_201,364,black bear,18,1
LU16,LU16_201,364,caribou,0,0
LU16,LU16_201,364,cougar,0,0
LU16,LU16_201,364,coyote,6,1
LU16,LU16_201,364,fisher,0,0
LU16,LU16_201,364,grey wolf,3,1
LU16,LU16_201,364,lynx,0,0
LU16,LU16_201,364,moose,3,1
LU16,LU16_201,364,red fox,0,0
LU16,LU16_201,364,red squirrel,2,1
LU16,LU16_201,364,snowshoe hare,1,1
LU16,LU16_201,364,white-tailed deer,3,1
LU16,LU16_201,364,wolverine,0,0
LU16,LU16_202,364,black bear,11,1
LU16,LU16_202,364,caribou,0,0
LU16,LU16_202,364,cougar,0,0
LU16,LU16_202,364,coyote,3,1
LU16,LU16_202,364,fisher,2,1
LU16,LU16_202,364,grey wolf,4,1
LU16,LU16_202,364,lynx,1,1
LU16,LU16_202,364,moose,1,1
LU16,LU16_202,364,red fox,0,0
LU16,LU16_202,364,red squirrel,8,1
LU16,LU16_202,364,snowshoe hare,11,1
LU16,LU16_202,364,white-tailed deer,0,0
LU16,LU16_202,364,wolverine,0,0
LU16,LU16_203,364,black bear,8,1
LU16,LU16_203,364,caribou,0,0
LU16,LU16_203,364,cougar,0,0
LU16,LU16_203,364,coyote,13,1
LU16,LU16_203,364,fisher,1,1
LU16,LU16_203,364,grey wolf,4,1
LU16,LU16_203,364,lynx,3,1
LU16,LU16_203,364,moose,3,1
LU16,LU16_203,364,red fox,0,0
LU16,LU16_203,364,red squirrel,4,1
LU16,LU16_203,364,snowshoe hare,214,1
LU16,LU16_203,364,white-tailed deer,2,1
LU16,LU16_203,364,wolverine,0,0
LU16,LU16_22,361,black bear,1,1
LU16,LU16_22,361,caribou,0,0
LU16,LU16_22,361,cougar,0,0
LU16,LU16_22,361,coyote,8,1
LU16,LU16_22,361,fisher,0,0
LU16,LU16_22,361,grey wolf,2,1
LU16,LU16_22,361,lynx,1,1
LU16,LU16_22,361,moose,0,0
LU16,LU16_22,361,red fox,0,0
LU16,LU16_22,361,red squirrel,2,1
LU16,LU16_22,361,snowshoe hare,19,1
LU16,LU16_22,361,white-tailed deer,0,0
LU16,LU16_22,361,wolverine,0,0
LU16,LU16_23,359,black bear,6,1
LU16,LU16_23,359,caribou,0,0
LU16,LU16_23,359,cougar,0,0
LU16,LU16_23,359,coyote,11,1
LU16,LU16_23,359,fisher,0,0
LU16,LU16_23,359,grey wolf,0,0
LU16,LU16_23,359,lynx,1,1
LU16,LU16_23,359,moose,8,1
LU16,LU16_23,359,red fox,0,0
LU16,LU16_23,359,red squirrel,2,1
LU16,LU16_23,359,snowshoe hare,91,1
LU16,LU16_23,359,white-tailed deer,0,0
LU16,LU16_23,359,wolverine,0,0
LU16,LU16_24,364,black bear,9,1
LU16,LU16_24,364,caribou,0,0
LU16,LU16_24,364,cougar,0,0
LU16,LU16_24,364,coyote,18,1
LU16,LU16_24,364,fisher,0,0
LU16,LU16_24,364,grey wolf,0,0
LU16,LU16_24,364,lynx,20,1
LU16,LU16_24,364,moose,8,1
LU16,LU16_24,364,red fox,0,0
LU16,LU16_24,364,red squirrel,1,1
LU16,LU16_24,364,snowshoe hare,31,1
LU16,LU16_24,364,white-tailed deer,0,0
LU16,LU16_24,364,wolverine,0,0
LU16,LU16_25,364,black bear,5,1
LU16,LU16_25,364,caribou,0,0
LU16,LU16_25,364,cougar,0,0
LU16,LU16_25,364,coyote,25,1
LU16,LU16_25,364,fisher,0,0
LU16,LU16_25,364,grey wolf,2,1
LU16,LU16_25,364,lynx,1,1
LU16,LU16_25,364,moose,7,1
LU16,LU16_25,364,red fox,0,0
LU16,LU16_25,364,red squirrel,1,1
LU16,LU16_25,364,snowshoe hare,40,1
LU16,LU16_25,364,white-tailed deer,8,1
LU16,LU16_25,364,wolverine,0,0
LU16,LU16_26,364,black bear,4,1
LU16,LU16_26,364,caribou,0,0
LU16,LU16_26,364,cougar,0,0
LU16,LU16_26,364,coyote,26,1
LU16,LU16_26,364,fisher,1,1
LU16,LU16_26,364,grey wolf,0,0
LU16,LU16_26,364,lynx,10,1
LU16,LU16_26,364,moose,3,1
LU16,LU16_26,364,red fox,1,1
LU16,LU16_26,364,red squirrel,28,1
LU16,LU16_26,364,snowshoe hare,35,1
LU16,LU16_26,364,white-tailed deer,0,0
LU16,LU16_26,364,wolverine,0,0
LU16,LU16_270,357,black bear,31,1
LU16,LU16_270,357,caribou,0,0
LU16,LU16_270,357,cougar,0,0
LU16,LU16_270,357,coyote,10,1
LU16,LU16_270,357,fisher,4,1
LU16,LU16_270,357,grey wolf,0,0
LU16,LU16_270,357,lynx,0,0
LU16,LU16_270,357,moose,13,1
LU16,LU16_270,357,red fox,0,0
LU16,LU16_270,357,red squirrel,11,1
LU16,LU16_270,357,snowshoe hare,0,0
LU16,LU16_270,357,white-tailed deer,42,1
LU16,LU16_270,357,wolverine,0,0
LU16,LU16_28,360,black bear,28,1
LU16,LU16_28,360,caribou,0,0
LU16,LU16_28,360,cougar,0,0
LU16,LU16_28,360,coyote,5,1
LU16,LU16_28,360,fisher,1,1
LU16,LU16_28,360,grey wolf,4,1
LU16,LU16_28,360,lynx,2,1
LU16,LU16_28,360,moose,4,1
LU16,LU16_28,360,red fox,0,0
LU16,LU16_28,360,red squirrel,0,0
LU16,LU16_28,360,snowshoe hare,56,1
LU16,LU16_28,360,white-tailed deer,12,1
LU16,LU16_28,360,wolverine,0,0
LU16,LU16_3,360,black bear,10,1
LU16,LU16_3,360,caribou,0,0
LU16,LU16_3,360,cougar,0,0
LU16,LU16_3,360,coyote,4,1
LU16,LU16_3,360,fisher,0,0
LU16,LU16_3,360,grey wolf,0,0
LU16,LU16_3,360,lynx,4,1
LU16,LU16_3,360,moose,5,1
LU16,LU16_3,360,red fox,0,0
LU16,LU16_3,360,red squirrel,11,1
LU16,LU16_3,360,snowshoe hare,20,1
LU16,LU16_3,360,white-tailed deer,0,0
LU16,LU16_3,360,wolverine,1,1
LU16,LU16_300,364,black bear,7,1
LU16,LU16_300,364,caribou,0,0
LU16,LU16_300,364,cougar,0,0
LU16,LU16_300,364,coyote,5,1
LU16,LU16_300,364,fisher,0,0
LU16,LU16_300,364,grey wolf,0,0
LU16,LU16_300,364,lynx,3,1
LU16,LU16_300,364,moose,7,1
LU16,LU16_300,364,red fox,0,0
LU16,LU16_300,364,red squirrel,0,0
LU16,LU16_300,364,snowshoe hare,46,1
LU16,LU16_300,364,white-tailed deer,1,1
LU16,LU16_300,364,wolverine,0,0
LU16,LU16_301,364,black bear,0,0
LU16,LU16_301,364,caribou,0,0
LU16,LU16_301,364,cougar,0,0
LU16,LU16_301,364,coyote,12,1
LU16,LU16_301,364,fisher,0,0
LU16,LU16_301,364,grey wolf,0,0
LU16,LU16_301,364,lynx,4,1
LU16,LU16_301,364,moose,3,1
LU16,LU16_301,364,red fox,0,0
LU16,LU16_301,364,red squirrel,0,0
LU16,LU16_301,364,snowshoe hare,40,1
LU16,LU16_301,364,white-tailed deer,0,0
LU16,LU16_301,364,wolverine,0,0
LU16,LU16_302,313,black bear,6,1
LU16,LU16_302,313,caribou,0,0
LU16,LU16_302,313,cougar,0,0
LU16,LU16_302,313,coyote,4,1
LU16,LU16_302,313,fisher,0,0
LU16,LU16_302,313,grey wolf,0,0
LU16,LU16_302,313,lynx,3,1
LU16,LU16_302,313,moose,5,1
LU16,LU16_302,313,red fox,0,0
LU16,LU16_302,313,red squirrel,3,1
LU16,LU16_302,313,snowshoe hare,19,1
LU16,LU16_302,313,white-tailed deer,0,0
LU16,LU16_302,313,wolverine,0,0
LU16,LU16_303,362,black bear,2,1
LU16,LU16_303,362,caribou,0,0
LU16,LU16_303,362,cougar,0,0
LU16,LU16_303,362,coyote,4,1
LU16,LU16_303,362,fisher,0,0
LU16,LU16_303,362,grey wolf,0,0
LU16,LU16_303,362,lynx,4,1
LU16,LU16_303,362,moose,1,1
LU16,LU16_303,362,red fox,0,0
LU16,LU16_303,362,red squirrel,0,0
LU16,LU16_303,362,snowshoe hare,38,1
LU16,LU16_303,362,white-tailed deer,0,0
LU16,LU16_303,362,wolverine,0,0
LU16,LU16_313,361,black bear,2,1
LU16,LU16_313,361,caribou,0,0
LU16,LU16_313,361,cougar,0,0
LU16,LU16_313,361,coyote,14,1
LU16,LU16_313,361,fisher,0,0
LU16,LU16_313,361,grey wolf,0,0
LU16,LU16_313,361,lynx,1,1
LU16,LU16_313,361,moose,2,1
LU16,LU16_313,361,red fox,3,1
LU16,LU16_313,361,red squirrel,2,1
LU16,LU16_313,361,snowshoe hare,13,1
LU16,LU16_313,361,white-tailed deer,16,1
LU16,LU16_313,361,wolverine,0,0
LU16,LU16_314,348,black bear,1,1
LU16,LU16_314,348,caribou,0,0
LU16,LU16_314,348,cougar,0,0
LU16,LU16_314,348,coyote,8,1
LU16,LU16_314,348,fisher,0,0
LU16,LU16_314,348,grey wolf,0,0
LU16,LU16_314,348,lynx,3,1
LU16,LU16_314,348,moose,4,1
LU16,LU16_314,348,red fox,0,0
LU16,LU16_314,348,red squirrel,0,0
LU16,LU16_314,348,snowshoe hare,20,1
LU16,LU16_314,348,white-tailed deer,0,0
LU16,LU16_314,348,wolverine,0,0
LU16,LU16_36,363,black bear,31,1
LU16,LU16_36,363,caribou,0,0
LU16,LU16_36,363,cougar,0,0
LU16,LU16_36,363,coyote,16,1
LU16,LU16_36,363,fisher,0,0
LU16,LU16_36,363,grey wolf,5,1
LU16,LU16_36,363,lynx,17,1
LU16,LU16_36,363,moose,0,0
LU16,LU16_36,363,red fox,0,0
LU16,LU16_36,363,red squirrel,30,1
LU16,LU16_36,363,snowshoe hare,50,1
LU16,LU16_36,363,white-tailed deer,2,1
LU16,LU16_36,363,wolverine,0,0
LU16,LU16_37,339,black bear,46,1
LU16,LU16_37,339,caribou,0,0
LU16,LU16_37,339,cougar,0,0
LU16,LU16_37,339,coyote,0,0
LU16,LU16_37,339,fisher,0,0
LU16,LU16_37,339,grey wolf,2,1
LU16,LU16_37,339,lynx,0,0
LU16,LU16_37,339,moose,16,1
LU16,LU16_37,339,red fox,0,0
LU16,LU16_37,339,red squirrel,4,1
LU16,LU16_37,339,snowshoe hare,4,1
LU16,LU16_37,339,white-tailed deer,6,1
LU16,LU16_37,339,wolverine,0,0
LU16,LU16_49,356,black bear,3,1
LU16,LU16_49,356,caribou,0,0
LU16,LU16_49,356,cougar,0,0
LU16,LU16_49,356,coyote,20,1
LU16,LU16_49,356,fisher,1,1
LU16,LU16_49,356,grey wolf,5,1
LU16,LU16_49,356,lynx,1,1
LU16,LU16_49,356,moose,0,0
LU16,LU16_49,356,red fox,1,1
LU16,LU16_49,356,red squirrel,6,1
LU16,LU16_49,356,snowshoe hare,7,1
LU16,LU16_49,356,white-tailed deer,23,1
LU16,LU16_49,356,wolverine,0,0
LU16,LU16_52,356,black bear,9,1
LU16,LU16_52,356,caribou,0,0
LU16,LU16_52,356,cougar,0,0
LU16,LU16_52,356,coyote,14,1
LU16,LU16_52,356,fisher,0,0
LU16,LU16_52,356,grey wolf,3,1
LU16,LU16_52,356,lynx,2,1
LU16,LU16_52,356,moose,2,1
LU16,LU16_52,356,red fox,1,1
LU16,LU16_52,356,red squirrel,6,1
LU16,LU16_52,356,snowshoe hare,36,1
LU16,LU16_52,356,white-tailed deer,17,1
LU16,LU16_52,356,wolverine,0,0
LU16,LU16_54,361,black bear,18,1
LU16,LU16_54,361,caribou,0,0
LU16,LU16_54,361,cougar,0,0
LU16,LU16_54,361,coyote,9,1
LU16,LU16_54,361,fisher,2,1
LU16,LU16_54,361,grey wolf,0,0
LU16,LU16_54,361,lynx,1,1
LU16,LU16_54,361,moose,4,1
LU16,LU16_54,361,red fox,1,1
LU16,LU16_54,361,red squirrel,2,1
LU16,LU16_54,361,snowshoe hare,11,1
LU16,LU16_54,361,white-tailed deer,17,1
LU16,LU16_54,361,wolverine,0,0
LU16,LU16_55,110,black bear,4,1
LU16,LU16_55,110,caribou,0,0
LU16,LU16_55,110,cougar,0,0
LU16,LU16_55,110,coyote,9,1
LU16,LU16_55,110,fisher,1,1
LU16,LU16_55,110,grey wolf,0,0
LU16,LU16_55,110,lynx,0,0
LU16,LU16_55,110,moose,0,0
LU16,LU16_55,110,red fox,0,0
LU16,LU16_55,110,red squirrel,1,1
LU16,LU16_55,110,snowshoe hare,3,1
LU16,LU16_55,110,white-tailed deer,3,1
LU16,LU16_55,110,wolverine,0,0
LU16,LU16_57,362,black bear,16,1
LU16,LU16_57,362,caribou,0,0
LU16,LU16_57,362,cougar,0,0
LU16,LU16_57,362,coyote,12,1
LU16,LU16_57,362,fisher,0,0
LU16,LU16_57,362,grey wolf,1,1
LU16,LU16_57,362,lynx,0,0
LU16,LU16_57,362,moose,0,0
LU16,LU16_57,362,red fox,4,1
LU16,LU16_57,362,red squirrel,4,1
LU16,LU16_57,362,snowshoe hare,1,1
LU16,LU16_57,362,white-tailed deer,25,1
LU16,LU16_57,362,wolverine,0,0
LU16,LU16_58,357,black bear,7,1
LU16,LU16_58,357,caribou,0,0
LU16,LU16_58,357,cougar,0,0
LU16,LU16_58,357,coyote,4,1
LU16,LU16_58,357,fisher,3,1
LU16,LU16_58,357,grey wolf,0,0
LU16,LU16_58,357,lynx,1,1
LU16,LU16_58,357,moose,1,1
LU16,LU16_58,357,red fox,1,1
LU16,LU16_58,357,red squirrel,18,1
LU16,LU16_58,357,snowshoe hare,8,1
LU16,LU16_58,357,white-tailed deer,12,1
LU16,LU16_58,357,wolverine,0,0
LU16,LU16_60,351,black bear,7,1
LU16,LU16_60,351,caribou,0,0
LU16,LU16_60,351,cougar,0,0
LU16,LU16_60,351,coyote,9,1
LU16,LU16_60,351,fisher,0,0
LU16,LU16_60,351,grey wolf,1,1
LU16,LU16_60,351,lynx,1,1
LU16,LU16_60,351,moose,3,1
LU16,LU16_60,351,red fox,2,1
LU16,LU16_60,351,red squirrel,36,1
LU16,LU16_60,351,snowshoe hare,10,1
LU16,LU16_60,351,white-tailed deer,5,1
LU16,LU16_60,351,wolverine,0,0
LU16,LU16_62,362,black bear,7,1
LU16,LU16_62,362,caribou,0,0
LU16,LU16_62,362,cougar,0,0
LU16,LU16_62,362,coyote,3,1
LU16,LU16_62,362,fisher,0,0
LU16,LU16_62,362,grey wolf,0,0
LU16,LU16_62,362,lynx,0,0
LU16,LU16_62,362,moose,0,0
LU16,LU16_62,362,red fox,1,1
LU16,LU16_62,362,red squirrel,20,1
LU16,LU16_62,362,snowshoe hare,2,1
LU16,LU16_62,362,white-tailed deer,9,1
LU16,LU16_62,362,wolverine,0,0
LU16,LU16_63,338,black bear,7,1
LU16,LU16_63,338,caribou,0,0
LU16,LU16_63,338,cougar,0,0
LU16,LU16_63,338,coyote,17,1
LU16,LU16_63,338,fisher,5,1
LU16,LU16_63,338,grey wolf,0,0
LU16,LU16_63,338,lynx,1,1
LU16,LU16_63,338,moose,4,1
LU16,LU16_63,338,red fox,0,0
LU16,LU16_63,338,red squirrel,12,1
LU16,LU16_63,338,snowshoe hare,4,1
LU16,LU16_63,338,white-tailed deer,1,1
LU16,LU16_63,338,wolverine,0,0
LU16,LU16_64,1,black bear,0,0
LU16,LU16_64,1,caribou,0,0
LU16,LU16_64,1,cougar,0,0
LU16,LU16_64,1,coyote,0,0
LU16,LU16_64,1,fisher,0,0
LU16,LU16_64,1,grey wolf,0,0
LU16,LU16_64,1,lynx,0,0
LU16,LU16_64,1,moose,0,0
LU16,LU16_64,1,red fox,0,0
LU16,LU16_64,1,red squirrel,0,0
LU16,LU16_64,1,snowshoe hare,0,0
LU16,LU16_64,1,white-tailed deer,0,0
LU16,LU16_64,1,wolverine,0,0
LU16,LU16_67,363,black bear,4,1
LU16,LU16_67,363,caribou,0,0
LU16,LU16_67,363,cougar,0,0
LU16,LU16_67,363,coyote,17,1
LU16,LU16_67,363,fisher,9,1
LU16,LU16_67,363,grey wolf,0,0
LU16,LU16_67,363,lynx,2,1
LU16,LU16_67,363,moose,0,0
LU16,LU16_67,363,red fox,0,0
LU16,LU16_67,363,red squirrel,17,1
LU16,LU16_67,363,snowshoe hare,3,1
LU16,LU16_67,363,white-tailed deer,0,0
LU16,LU16_67,363,wolverine,3,1
LU16,LU16_68,361,black bear,2,1
LU16,LU16_68,361,caribou,0,0
LU16,LU16_68,361,cougar,0,0
LU16,LU16_68,361,coyote,2,1
LU16,LU16_68,361,fisher,0,0
LU16,LU16_68,361,grey wolf,0,0
LU16,LU16_68,361,lynx,0,0
LU16,LU16_68,361,moose,0,0
LU16,LU16_68,361,red fox,1,1
LU16,LU16_68,361,red squirrel,12,1
LU16,LU16_68,361,snowshoe hare,0,0
LU16,LU16_68,361,white-tailed deer,0,0
LU16,LU16_68,361,wolverine,0,0
LU16,LU16_69,354,black bear,29,1
LU16,LU16_69,354,caribou,0,0
LU16,LU16_69,354,cougar,0,0
LU16,LU16_69,354,coyote,1,1
LU16,LU16_69,354,fisher,0,0
LU16,LU16_69,354,grey wolf,0,0
LU16,LU16_69,354,lynx,1,1
LU16,LU16_69,354,moose,4,1
LU16,LU16_69,354,red fox,0,0
LU16,LU16_69,354,red squirrel,5,1
LU16,LU16_69,354,snowshoe hare,2,1
LU16,LU16_69,354,white-tailed deer,0,0
LU16,LU16_69,354,wolverine,0,0
LU16,LU16_70,362,black bear,18,1
LU16,LU16_70,362,caribou,0,0
LU16,LU16_70,362,cougar,0,0
LU16,LU16_70,362,coyote,6,1
LU16,LU16_70,362,fisher,0,0
LU16,LU16_70,362,grey wolf,1,1
LU16,LU16_70,362,lynx,0,0
LU16,LU16_70,362,moose,3,1
LU16,LU16_70,362,red fox,1,1
LU16,LU16_70,362,red squirrel,48,1
LU16,LU16_70,362,snowshoe hare,0,0
LU16,LU16_70,362,white-tailed deer,1,1
LU16,LU16_70,362,wolverine,0,0
LU16,LU16_71,362,black bear,0,0
LU16,LU16_71,362,caribou,0,0
LU16,LU16_71,362,cougar,0,0
LU16,LU16_71,362,coyote,1,1
LU16,LU16_71,362,fisher,0,0
LU16,LU16_71,362,grey wolf,0,0
LU16,LU16_71,362,lynx,0,0
LU16,LU16_71,362,moose,0,0
LU16,LU16_71,362,red fox,4,1
LU16,LU16_71,362,red squirrel,15,1
LU16,LU16_71,362,snowshoe hare,0,0
LU16,LU16_71,362,white-tailed deer,1,1
LU16,LU16_71,362,wolverine,0,0
LU16,LU16_72,363,black bear,6,1
LU16,LU16_72,363,caribou,0,0
LU16,LU16_72,363,cougar,0,0
LU16,LU16_72,363,coyote,4,1
LU16,LU16_72,363,fisher,2,1
LU16,LU16_72,363,grey wolf,0,0
LU16,LU16_72,363,lynx,5,1
LU16,LU16_72,363,moose,3,1
LU16,LU16_72,363,red fox,1,1
LU16,LU16_72,363,red squirrel,63,1
LU16,LU16_72,363,snowshoe hare,215,1
LU16,LU16_72,363,white-tailed deer,2,1
LU16,LU16_72,363,wolverine,0,0
LU16,LU16_73,362,black bear,8,1
LU16,LU16_73,362,caribou,0,0
LU16,LU16_73,362,cougar,0,0
LU16,LU16_73,362,coyote,4,1
LU16,LU16_73,362,fisher,0,0
LU16,LU16_73,362,grey wolf,0,0
LU16,LU16_73,362,lynx,1,1
LU16,LU16_73,362,moose,3,1
LU16,LU16_73,362,red fox,0,0
LU16,LU16_73,362,red squirrel,95,1
LU16,LU16_73,362,snowshoe hare,3,1
LU16,LU16_73,362,white-tailed deer,5,1
LU16,LU16_73,362,wolverine,0,0
LU16,LU16_74,362,black bear,19,1
LU16,LU16_74,362,caribou,0,0
LU16,LU16_74,362,cougar,0,0
LU16,LU16_74,362,coyote,9,1
LU16,LU16_74,362,fisher,2,1
LU16,LU16_74,362,grey wolf,0,0
LU16,LU16_74,362,lynx,19,1
LU16,LU16_74,362,moose,2,1
LU16,LU16_74,362,red fox,0,0
LU16,LU16_74,362,red squirrel,352,1
LU16,LU16_74,362,snowshoe hare,321,1
LU16,LU16_74,362,white-tailed deer,1,1
LU16,LU16_74,362,wolverine,0,0
LU16,LU16_75,361,black bear,0,0
LU16,LU16_75,361,caribou,0,0
LU16,LU16_75,361,cougar,0,0
LU16,LU16_75,361,coyote,6,1
LU16,LU16_75,361,fisher,0,0
LU16,LU16_75,361,grey wolf,1,1
LU16,LU16_75,361,lynx,0,0
LU16,LU16_75,361,moose,0,0
LU16,LU16_75,361,red fox,2,1
LU16,LU16_75,361,red squirrel,1,1
LU16,LU16_75,361,snowshoe hare,0,0
LU16,LU16_75,361,white-tailed deer,5,1
LU16,LU16_75,361,wolverine,0,0
LU16,LU16_77,362,black bear,4,1
LU16,LU16_77,362,caribou,1,1
LU16,LU16_77,362,cougar,0,0
LU16,LU16_77,362,coyote,0,0
LU16,LU16_77,362,fisher,0,0
LU16,LU16_77,362,grey wolf,0,0
LU16,LU16_77,362,lynx,0,0
LU16,LU16_77,362,moose,0,0
LU16,LU16_77,362,red fox,17,1
LU16,LU16_77,362,red squirrel,6,1
LU16,LU16_77,362,snowshoe hare,0,0
LU16,LU16_77,362,white-tailed deer,2,1
LU16,LU16_77,362,wolverine,0,0
LU16,LU16_80,361,black bear,2,1
LU16,LU16_80,361,caribou,0,0
LU16,LU16_80,361,cougar,0,0
LU16,LU16_80,361,coyote,3,1
LU16,LU16_80,361,fisher,1,1
LU16,LU16_80,361,grey wolf,1,1
LU16,LU16_80,361,lynx,0,0
LU16,LU16_80,361,moose,1,1
LU16,LU16_80,361,red fox,9,1
LU16,LU16_80,361,red squirrel,0,0
LU16,LU16_80,361,snowshoe hare,0,0
LU16,LU16_80,361,white-tailed deer,8,1
LU16,LU16_80,361,wolverine,0,0
LU16,LU16_81,337,black bear,1,1
LU16,LU16_81,337,caribou,0,0
LU16,LU16_81,337,cougar,0,0
LU16,LU16_81,337,coyote,1,1
LU16,LU16_81,337,fisher,0,0
LU16,LU16_81,337,grey wolf,0,0
LU16,LU16_81,337,lynx,0,0
LU16,LU16_81,337,moose,0,0
LU16,LU16_81,337,red fox,15,1
LU16,LU16_81,337,red squirrel,20,1
LU16,LU16_81,337,snowshoe hare,0,0
LU16,LU16_81,337,white-tailed deer,1,1
LU16,LU16_81,337,wolverine,0,0
LU16,LU16_83,359,black bear,10,1
LU16,LU16_83,359,caribou,0,0
LU16,LU16_83,359,cougar,0,0
LU16,LU16_83,359,coyote,7,1
LU16,LU16_83,359,fisher,3,1
LU16,LU16_83,359,grey wolf,0,0
LU16,LU16_83,359,lynx,2,1
LU16,LU16_83,359,moose,11,1
LU16,LU16_83,359,red fox,0,0
LU16,LU16_83,359,red squirrel,18,1
LU16,LU16_83,359,snowshoe hare,16,1
LU16,LU16_83,359,white-tailed deer,3,1
LU16,LU16_83,359,wolverine,0,0
LU16,LU16_84,363,black bear,9,1
LU16,LU16_84,363,caribou,0,0
LU16,LU16_84,363,cougar,0,0
LU16,LU16_84,363,coyote,7,1
LU16,LU16_84,363,fisher,1,1
LU16,LU16_84,363,grey wolf,1,1
LU16,LU16_84,363,lynx,5,1
LU16,LU16_84,363,moose,2,1
LU16,LU16_84,363,red fox,2,1
LU16,LU16_84,363,red squirrel,17,1
LU16,LU16_84,363,snowshoe hare,19,1
LU16,LU16_84,363,white-tailed deer,6,1
LU16,LU16_84,363,wolverine,0,0
LU16,LU16_85,360,black bear,20,1
LU16,LU16_85,360,caribou,0,0
LU16,LU16_85,360,cougar,0,0
LU16,LU16_85,360,coyote,2,1
LU16,LU16_85,360,fisher,1,1
LU16,LU16_85,360,grey wolf,0,0
LU16,LU16_85,360,lynx,1,1
LU16,LU16_85,360,moose,3,1
LU16,LU16_85,360,red fox,0,0
LU16,LU16_85,360,red squirrel,10,1
LU16,LU16_85,360,snowshoe hare,50,1
LU16,LU16_85,360,white-tailed deer,9,1
LU16,LU16_85,360,wolverine,0,0
LU16,LU16_88,362,black bear,8,1
LU16,LU16_88,362,caribou,1,1
LU16,LU16_88,362,cougar,0,0
LU16,LU16_88,362,coyote,7,1
LU16,LU16_88,362,fisher,0,0
LU16,LU16_88,362,grey wolf,3,1
LU16,LU16_88,362,lynx,3,1
LU16,LU16_88,362,moose,1,1
LU16,LU16_88,362,red fox,4,1
LU16,LU16_88,362,red squirrel,15,1
LU16,LU16_88,362,snowshoe hare,2,1
LU16,LU16_88,362,white-tailed deer,0,0
LU16,LU16_88,362,wolverine,2,1
LU22,LU22_101,353,black bear,4,1
LU22,LU22_101,353,caribou,0,0
LU22,LU22_101,353,cougar,0,0
LU22,LU22_101,353,coyote,0,0
LU22,LU22_101,353,fisher,0,0
LU22,LU22_101,353,grey wolf,1,1
LU22,LU22_101,353,lynx,0,0
LU22,LU22_101,353,moose,4,1
LU22,LU22_101,353,red fox,0,0
LU22,LU22_101,353,red squirrel,0,0
LU22,LU22_101,353,snowshoe hare,0,0
LU22,LU22_101,353,white-tailed deer,3,1
LU22,LU22_101,353,wolverine,0,0
LU22,LU22_103,352,black bear,5,1
LU22,LU22_103,352,caribou,0,0
LU22,LU22_103,352,cougar,0,0
LU22,LU22_103,352,coyote,2,1
LU22,LU22_103,352,fisher,2,1
LU22,LU22_103,352,grey wolf,0,0
LU22,LU22_103,352,lynx,1,1
LU22,LU22_103,352,moose,0,0
LU22,LU22_103,352,red fox,0,0
LU22,LU22_103,352,red squirrel,0,0
LU22,LU22_103,352,snowshoe hare,7,1
LU22,LU22_103,352,white-tailed deer,2,1
LU22,LU22_103,352,wolverine,0,0
LU22,LU22_107,354,black bear,4,1
LU22,LU22_107,354,caribou,0,0
LU22,LU22_107,354,cougar,0,0
LU22,LU22_107,354,coyote,0,0
LU22,LU22_107,354,fisher,3,1
LU22,LU22_107,354,grey wolf,0,0
LU22,LU22_107,354,lynx,0,0
LU22,LU22_107,354,moose,0,0
LU22,LU22_107,354,red fox,0,0
LU22,LU22_107,354,red squirrel,0,0
LU22,LU22_107,354,snowshoe hare,55,1
LU22,LU22_107,354,white-tailed deer,3,1
LU22,LU22_107,354,wolverine,0,0
LU22,LU22_11,353,black bear,1,1
LU22,LU22_11,353,caribou,0,0
LU22,LU22_11,353,cougar,0,0
LU22,LU22_11,353,coyote,1,1
LU22,LU22_11,353,fisher,1,1
LU22,LU22_11,353,grey wolf,2,1
LU22,LU22_11,353,lynx,4,1
LU22,LU22_11,353,moose,0,0
LU22,LU22_11,353,red fox,0,0
LU22,LU22_11,353,red squirrel,81,1
LU22,LU22_11,353,snowshoe hare,61,1
LU22,LU22_11,353,white-tailed deer,1,1
LU22,LU22_11,353,wolverine,0,0
LU22,LU22_110,323,black bear,13,1
LU22,LU22_110,323,caribou,0,0
LU22,LU22_110,323,cougar,0,0
LU22,LU22_110,323,coyote,8,1
LU22,LU22_110,323,fisher,3,1
LU22,LU22_110,323,grey wolf,0,0
LU22,LU22_110,323,lynx,2,1
LU22,LU22_110,323,moose,0,0
LU22,LU22_110,323,red fox,0,0
LU22,LU22_110,323,red squirrel,2,1
LU22,LU22_110,323,snowshoe hare,5,1
LU22,LU22_110,323,white-tailed deer,6,1
LU22,LU22_110,323,wolverine,0,0
LU22,LU22_15,354,black bear,4,1
LU22,LU22_15,354,caribou,0,0
LU22,LU22_15,354,cougar,0,0
LU22,LU22_15,354,coyote,0,0
LU22,LU22_15,354,fisher,6,1
LU22,LU22_15,354,grey wolf,0,0
LU22,LU22_15,354,lynx,0,0
LU22,LU22_15,354,moose,0,0
LU22,LU22_15,354,red fox,0,0
LU22,LU22_15,354,red squirrel,33,1
LU22,LU22_15,354,snowshoe hare,18,1
LU22,LU22_15,354,white-tailed deer,2,1
LU22,LU22_15,354,wolverine,0,0
LU22,LU22_17,333,black bear,1,1
LU22,LU22_17,333,caribou,0,0
LU22,LU22_17,333,cougar,0,0
LU22,LU22_17,333,coyote,3,1
LU22,LU22_17,333,fisher,2,1
LU22,LU22_17,333,grey wolf,0,0
LU22,LU22_17,333,lynx,0,0
LU22,LU22_17,333,moose,0,0
LU22,LU22_17,333,red fox,0,0
LU22,LU22_17,333,red squirrel,1,1
LU22,LU22_17,333,snowshoe hare,3,1
LU22,LU22_17,333,white-tailed deer,2,1
LU22,LU22_17,333,wolverine,0,0
LU22,LU22_18,354,black bear,31,1
LU22,LU22_18,354,caribou,0,0
LU22,LU22_18,354,cougar,0,0
LU22,LU22_18,354,coyote,7,1
LU22,LU22_18,354,fisher,5,1
LU22,LU22_18,354,grey wolf,0,0
LU22,LU22_18,354,lynx,3,1
LU22,LU22_18,354,moose,1,1
LU22,LU22_18,354,red fox,0,0
LU22,LU22_18,354,red squirrel,1,1
LU22,LU22_18,354,snowshoe hare,9,1
LU22,LU22_18,354,white-tailed deer,1,1
LU22,LU22_18,354,wolverine,0,0
LU22,LU22_21,354,black bear,4,1
LU22,LU22_21,354,caribou,0,0
LU22,LU22_21,354,cougar,0,0
LU22,LU22_21,354,coyote,4,1
LU22,LU22_21,354,fisher,2,1
LU22,LU22_21,354,grey wolf,2,1
LU22,LU22_21,354,lynx,3,1
LU22,LU22_21,354,moose,0,0
LU22,LU22_21,354,red fox,0,0
LU22,LU22_21,354,red squirrel,2,1
LU22,LU22_21,354,snowshoe hare,6,1
LU22,LU22_21,354,white-tailed deer,1,1
LU22,LU22_21,354,wolverine,0,0
LU22,LU22_22,345,black bear,1,1
LU22,LU22_22,345,caribou,0,0
LU22,LU22_22,345,cougar,0,0
LU22,LU22_22,345,coyote,15,1
LU22,LU22_22,345,fisher,1,1
LU22,LU22_22,345,grey wolf,3,1
LU22,LU22_22,345,lynx,1,1
LU22,LU22_22,345,moose,0,0
LU22,LU22_22,345,red fox,0,0
LU22,LU22_22,345,red squirrel,6,1
LU22,LU22_22,345,snowshoe hare,2,1
LU22,LU22_22,345,white-tailed deer,0,0
LU22,LU22_22,345,wolverine,0,0
LU22,LU22_25,354,black bear,5,1
LU22,LU22_25,354,caribou,0,0
LU22,LU22_25,354,cougar,0,0
LU22,LU22_25,354,coyote,1,1
LU22,LU22_25,354,fisher,1,1
LU22,LU22_25,354,grey wolf,0,0
LU22,LU22_25,354,lynx,0,0
LU22,LU22_25,354,moose,0,0
LU22,LU22_25,354,red fox,0,0
LU22,LU22_25,354,red squirrel,0,0
LU22,LU22_25,354,snowshoe hare,11,1
LU22,LU22_25,354,white-tailed deer,2,1
LU22,LU22_25,354,wolverine,0,0
LU22,LU22_29,354,black bear,3,1
LU22,LU22_29,354,caribou,0,0
LU22,LU22_29,354,cougar,0,0
LU22,LU22_29,354,coyote,3,1
LU22,LU22_29,354,fisher,3,1
LU22,LU22_29,354,grey wolf,1,1
LU22,LU22_29,354,lynx,2,1
LU22,LU22_29,354,moose,1,1
LU22,LU22_29,354,red fox,0,0
LU22,LU22_29,354,red squirrel,0,0
LU22,LU22_29,354,snowshoe hare,8,1
LU22,LU22_29,354,white-tailed deer,2,1
LU22,LU22_29,354,wolverine,0,0
LU22,LU22_30,354,black bear,7,1
LU22,LU22_30,354,caribou,0,0
LU22,LU22_30,354,cougar,0,0
LU22,LU22_30,354,coyote,2,1
LU22,LU22_30,354,fisher,22,1
LU22,LU22_30,354,grey wolf,1,1
LU22,LU22_30,354,lynx,0,0
LU22,LU22_30,354,moose,0,0
LU22,LU22_30,354,red fox,0,0
LU22,LU22_30,354,red squirrel,5,1
LU22,LU22_30,354,snowshoe hare,6,1
LU22,LU22_30,354,white-tailed deer,1,1
LU22,LU22_30,354,wolverine,0,0
LU22,LU22_32,352,black bear,8,1
LU22,LU22_32,352,caribou,0,0
LU22,LU22_32,352,cougar,0,0
LU22,LU22_32,352,coyote,3,1
LU22,LU22_32,352,fisher,1,1
LU22,LU22_32,352,grey wolf,1,1
LU22,LU22_32,352,lynx,0,0
LU22,LU22_32,352,moose,0,0
LU22,LU22_32,352,red fox,0,0
LU22,LU22_32,352,red squirrel,2,1
LU22,LU22_32,352,snowshoe hare,16,1
LU22,LU22_32,352,white-tailed deer,4,1
LU22,LU22_32,352,wolverine,0,0
LU22,LU22_33,352,black bear,3,1
LU22,LU22_33,352,caribou,0,0
LU22,LU22_33,352,cougar,0,0
LU22,LU22_33,352,coyote,1,1
LU22,LU22_33,352,fisher,3,1
LU22,LU22_33,352,grey wolf,0,0
LU22,LU22_33,352,lynx,5,1
LU22,LU22_33,352,moose,0,0
LU22,LU22_33,352,red fox,0,0
LU22,LU22_33,352,red squirrel,13,1
LU22,LU22_33,352,snowshoe hare,55,1
LU22,LU22_33,352,white-tailed deer,2,1
LU22,LU22_33,352,wolverine,0,0
LU22,LU22_34,343,black bear,3,1
LU22,LU22_34,343,caribou,0,0
LU22,LU22_34,343,cougar,0,0
LU22,LU22_34,343,coyote,0,0
LU22,LU22_34,343,fisher,2,1
LU22,LU22_34,343,grey wolf,0,0
LU22,LU22_34,343,lynx,3,1
LU22,LU22_34,343,moose,0,0
LU22,LU22_34,343,red fox,0,0
LU22,LU22_34,343,red squirrel,0,0
LU22,LU22_34,343,snowshoe hare,0,0
LU22,LU22_34,343,white-tailed deer,3,1
LU22,LU22_34,343,wolverine,0,0
LU22,LU22_35,354,black bear,8,1
LU22,LU22_35,354,caribou,0,0
LU22,LU22_35,354,cougar,0,0
LU22,LU22_35,354,coyote,1,1
LU22,LU22_35,354,fisher,11,1
LU22,LU22_35,354,grey wolf,0,0
LU22,LU22_35,354,lynx,0,0
LU22,LU22_35,354,moose,0,0
LU22,LU22_35,354,red fox,0,0
LU22,LU22_35,354,red squirrel,3,1
LU22,LU22_35,354,snowshoe hare,0,0
LU22,LU22_35,354,white-tailed deer,1,1
LU22,LU22_35,354,wolverine,0,0
LU22,LU22_36,354,black bear,3,1
LU22,LU22_36,354,caribou,0,0
LU22,LU22_36,354,cougar,0,0
LU22,LU22_36,354,coyote,20,1
LU22,LU22_36,354,fisher,4,1
LU22,LU22_36,354,grey wolf,1,1
LU22,LU22_36,354,lynx,0,0
LU22,LU22_36,354,moose,0,0
LU22,LU22_36,354,red fox,0,0
LU22,LU22_36,354,red squirrel,2,1
LU22,LU22_36,354,snowshoe hare,24,1
LU22,LU22_36,354,white-tailed deer,0,0
LU22,LU22_36,354,wolverine,0,0
LU22,LU22_38,132,black bear,0,0
LU22,LU22_38,132,caribou,0,0
LU22,LU22_38,132,cougar,0,0
LU22,LU22_38,132,coyote,4,1
LU22,LU22_38,132,fisher,4,1
LU22,LU22_38,132,grey wolf,0,0
LU22,LU22_38,132,lynx,1,1
LU22,LU22_38,132,moose,0,0
LU22,LU22_38,132,red fox,0,0
LU22,LU22_38,132,red squirrel,2,1
LU22,LU22_38,132,snowshoe hare,0,0
LU22,LU22_38,132,white-tailed deer,0,0
LU22,LU22_38,132,wolverine,0,0
LU22,LU22_4,337,black bear,4,1
LU22,LU22_4,337,caribou,0,0
LU22,LU22_4,337,cougar,0,0
LU22,LU22_4,337,coyote,2,1
LU22,LU22_4,337,fisher,0,0
LU22,LU22_4,337,grey wolf,0,0
LU22,LU22_4,337,lynx,1,1
LU22,LU22_4,337,moose,0,0
LU22,LU22_4,337,red fox,0,0
LU22,LU22_4,337,red squirrel,0,0
LU22,LU22_4,337,snowshoe hare,9,1
LU22,LU22_4,337,white-tailed deer,0,0
LU22,LU22_4,337,wolverine,0,0
LU22,LU22_40,353,black bear,3,1
LU22,LU22_40,353,caribou,0,0
LU22,LU22_40,353,cougar,0,0
LU22,LU22_40,353,coyote,1,1
LU22,LU22_40,353,fisher,6,1
LU22,LU22_40,353,grey wolf,0,0
LU22,LU22_40,353,lynx,0,0
LU22,LU22_40,353,moose,0,0
LU22,LU22_40,353,red fox,2,1
LU22,LU22_40,353,red squirrel,129,1
LU22,LU22_40,353,snowshoe hare,1,1
LU22,LU22_40,353,white-tailed deer,0,0
LU22,LU22_40,353,wolverine,0,0
LU22,LU22_44,330,black bear,6,1
LU22,LU22_44,330,caribou,0,0
LU22,LU22_44,330,cougar,0,0
LU22,LU22_44,330,coyote,14,1
LU22,LU22_44,330,fisher,3,1
LU22,LU22_44,330,grey wolf,0,0
LU22,LU22_44,330,lynx,1,1
LU22,LU22_44,330,moose,0,0
LU22,LU22_44,330,red fox,0,0
LU22,LU22_44,330,red squirrel,0,0
LU22,LU22_44,330,snowshoe hare,15,1
LU22,LU22_44,330,white-tailed deer,8,1
LU22,LU22_44,330,wolverine,0,0
LU22,LU22_46,339,black bear,3,1
LU22,LU22_46,339,caribou,0,0
LU22,LU22_46,339,cougar,0,0
LU22,LU22_46,339,coyote,1,1
LU22,LU22_46,339,fisher,1,1
LU22,LU22_46,339,grey wolf,1,1
LU22,LU22_46,339,lynx,0,0
LU22,LU22_46,339,moose,0,0
LU22,LU22_46,339,red fox,0,0
LU22,LU22_46,339,red squirrel,2,1
LU22,LU22_46,339,snowshoe hare,0,0
LU22,LU22_46,339,white-tailed deer,3,1
LU22,LU22_46,339,wolverine,0,0
LU22,LU22_47,353,black bear,10,1
LU22,LU22_47,353,caribou,0,0
LU22,LU22_47,353,cougar,0,0
LU22,LU22_47,353,coyote,4,1
LU22,LU22_47,353,fisher,1,1
LU22,LU22_47,353,grey wolf,0,0
LU22,LU22_47,353,lynx,0,0
LU22,LU22_47,353,moose,0,0
LU22,LU22_47,353,red fox,0,0
LU22,LU22_47,353,red squirrel,13,1
LU22,LU22_47,353,snowshoe hare,7,1
LU22,LU22_47,353,white-tailed deer,8,1
LU22,LU22_47,353,wolverine,0,0
LU22,LU22_48,354,black bear,9,1
LU22,LU22_48,354,caribou,0,0
LU22,LU22_48,354,cougar,0,0
LU22,LU22_48,354,coyote,2,1
LU22,LU22_48,354,fisher,6,1
LU22,LU22_48,354,grey wolf,0,0
LU22,LU22_48,354,lynx,1,1
LU22,LU22_48,354,moose,0,0
LU22,LU22_48,354,red fox,0,0
LU22,LU22_48,354,red squirrel,5,1
LU22,LU22_48,354,snowshoe hare,5,1
LU22,LU22_48,354,white-tailed deer,12,1
LU22,LU22_48,354,wolverine,0,0
LU22,LU22_49,354,black bear,9,1
LU22,LU22_49,354,caribou,0,0
LU22,LU22_49,354,cougar,0,0
LU22,LU22_49,354,coyote,1,1
LU22,LU22_49,354,fisher,2,1
LU22,LU22_49,354,grey wolf,0,0
LU22,LU22_49,354,lynx,0,0
LU22,LU22_49,354,moose,0,0
LU22,LU22_49,354,red fox,0,0
LU22,LU22_49,354,red squirrel,1,1
LU22,LU22_49,354,snowshoe hare,2,1
LU22,LU22_49,354,white-tailed deer,9,1
LU22,LU22_49,354,wolverine,0,0
LU22,LU22_5,331,black bear,9,1
LU22,LU22_5,331,caribou,0,0
LU22,LU22_5,331,cougar,0,0
LU22,LU22_5,331,coyote,5,1
LU22,LU22_5,331,fisher,2,1
LU22,LU22_5,331,grey wolf,0,0
LU22,LU22_5,331,lynx,0,0
LU22,LU22_5,331,moose,1,1
LU22,LU22_5,331,red fox,0,0
LU22,LU22_5,331,red squirrel,31,1
LU22,LU22_5,331,snowshoe hare,19,1
LU22,LU22_5,331,white-tailed deer,0,0
LU22,LU22_5,331,wolverine,0,0
LU22,LU22_50,335,black bear,3,1
LU22,LU22_50,335,caribou,0,0
LU22,LU22_50,335,cougar,0,0
LU22,LU22_50,335,coyote,1,1
LU22,LU22_50,335,fisher,5,1
LU22,LU22_50,335,grey wolf,1,1
LU22,LU22_50,335,lynx,0,0
LU22,LU22_50,335,moose,1,1
LU22,LU22_50,335,red fox,0,0
LU22,LU22_50,335,red squirrel,3,1
LU22,LU22_50,335,snowshoe hare,0,0
LU22,LU22_50,335,white-tailed deer,4,1
LU22,LU22_50,335,wolverine,0,0
LU22,LU22_53,353,black bear,12,1
LU22,LU22_53,353,caribou,0,0
LU22,LU22_53,353,cougar,0,0
LU22,LU22_53,353,coyote,2,1
LU22,LU22_53,353,fisher,0,0
LU22,LU22_53,353,grey wolf,0,0
LU22,LU22_53,353,lynx,0,0
LU22,LU22_53,353,moose,0,0
LU22,LU22_53,353,red fox,0,0
LU22,LU22_53,353,red squirrel,10,1
LU22,LU22_53,353,snowshoe hare,13,1
LU22,LU22_53,353,white-tailed deer,2,1
LU22,LU22_53,353,wolverine,0,0
LU22,LU22_6,32,black bear,0,0
LU22,LU22_6,32,caribou,0,0
LU22,LU22_6,32,cougar,0,0
LU22,LU22_6,32,coyote,0,0
LU22,LU22_6,32,fisher,0,0
LU22,LU22_6,32,grey wolf,0,0
LU22,LU22_6,32,lynx,0,0
LU22,LU22_6,32,moose,0,0
LU22,LU22_6,32,red fox,0,0
LU22,LU22_6,32,red squirrel,0,0
LU22,LU22_6,32,snowshoe hare,0,0
LU22,LU22_6,32,white-tailed deer,0,0
LU22,LU22_6,32,wolverine,0,0
LU22,LU22_60,344,black bear,2,1
LU22,LU22_60,344,caribou,0,0
LU22,LU22_60,344,cougar,0,0
LU22,LU22_60,344,coyote,4,1
LU22,LU22_60,344,fisher,0,0
LU22,LU22_60,344,grey wolf,1,1
LU22,LU22_60,344,lynx,0,0
LU22,LU22_60,344,moose,0,0
LU22,LU22_60,344,red fox,0,0
LU22,LU22_60,344,red squirrel,2,1
LU22,LU22_60,344,snowshoe hare,5,1
LU22,LU22_60,344,white-tailed deer,2,1
LU22,LU22_60,344,wolverine,0,0
LU22,LU22_61,310,black bear,1,1
LU22,LU22_61,310,caribou,0,0
LU22,LU22_61,310,cougar,0,0
LU22,LU22_61,310,coyote,0,0
LU22,LU22_61,310,fisher,4,1
LU22,LU22_61,310,grey wolf,0,0
LU22,LU22_61,310,lynx,0,0
LU22,LU22_61,310,moose,0,0
LU22,LU22_61,310,red fox,0,0
LU22,LU22_61,310,red squirrel,2,1
LU22,LU22_61,310,snowshoe hare,31,1
LU22,LU22_61,310,white-tailed deer,0,0
LU22,LU22_61,310,wolverine,0,0
LU22,LU22_63,353,black bear,1,1
LU22,LU22_63,353,caribou,0,0
LU22,LU22_63,353,cougar,0,0
LU22,LU22_63,353,coyote,3,1
LU22,LU22_63,353,fisher,1,1
LU22,LU22_63,353,grey wolf,0,0
LU22,LU22_63,353,lynx,1,1
LU22,LU22_63,353,moose,0,0
LU22,LU22_63,353,red fox,0,0
LU22,LU22_63,353,red squirrel,38,1
LU22,LU22_63,353,snowshoe hare,0,0
LU22,LU22_63,353,white-tailed deer,0,0
LU22,LU22_63,353,wolverine,0,0
LU22,LU22_65,353,black bear,4,1
LU22,LU22_65,353,caribou,0,0
LU22,LU22_65,353,cougar,0,0
LU22,LU22_65,353,coyote,1,1
LU22,LU22_65,353,fisher,0,0
LU22,LU22_65,353,grey wolf,0,0
LU22,LU22_65,353,lynx,0,0
LU22,LU22_65,353,moose,1,1
LU22,LU22_65,353,red fox,0,0
LU22,LU22_65,353,red squirrel,14,1
LU22,LU22_65,353,snowshoe hare,2,1
LU22,LU22_65,353,white-tailed deer,0,0
LU22,LU22_65,353,wolverine,0,0
LU22,LU22_69,355,black bear,2,1
LU22,LU22_69,355,caribou,0,0
LU22,LU22_69,355,cougar,0,0
LU22,LU22_69,355,coyote,12,1
LU22,LU22_69,355,fisher,1,1
LU22,LU22_69,355,grey wolf,1,1
LU22,LU22_69,355,lynx,2,1
LU22,LU22_69,355,moose,0,0
LU22,LU22_69,355,red fox,0,0
LU22,LU22_69,355,red squirrel,32,1
LU22,LU22_69,355,snowshoe hare,39,1
LU22,LU22_69,355,white-tailed deer,2,1
LU22,LU22_69,355,wolverine,0,0
LU22,LU22_7,352,black bear,7,1
LU22,LU22_7,352,caribou,0,0
LU22,LU22_7,352,cougar,0,0
LU22,LU22_7,352,coyote,0,0
LU22,LU22_7,352,fisher,1,1
LU22,LU22_7,352,grey wolf,1,1
LU22,LU22_7,352,lynx,1,1
LU22,LU22_7,352,moose,1,1
LU22,LU22_7,352,red fox,0,0
LU22,LU22_7,352,red squirrel,13,1
LU22,LU22_7,352,snowshoe hare,5,1
LU22,LU22_7,352,white-tailed deer,1,1
LU22,LU22_7,352,wolverine,0,0
LU22,LU22_70,353,black bear,5,1
LU22,LU22_70,353,caribou,0,0
LU22,LU22_70,353,cougar,0,0
LU22,LU22_70,353,coyote,3,1
LU22,LU22_70,353,fisher,1,1
LU22,LU22_70,353,grey wolf,0,0
LU22,LU22_70,353,lynx,0,0
LU22,LU22_70,353,moose,0,0
LU22,LU22_70,353,red fox,0,0
LU22,LU22_70,353,red squirrel,3,1
LU22,LU22_70,353,snowshoe hare,0,0
LU22,LU22_70,353,white-tailed deer,17,1
LU22,LU22_70,353,wolverine,0,0
LU22,LU22_71,353,black bear,0,0
LU22,LU22_71,353,caribou,0,0
LU22,LU22_71,353,cougar,0,0
LU22,LU22_71,353,coyote,2,1
LU22,LU22_71,353,fisher,6,1
LU22,LU22_71,353,grey wolf,0,0
LU22,LU22_71,353,lynx,0,0
LU22,LU22_71,353,moose,0,0
LU22,LU22_71,353,red fox,0,0
LU22,LU22_71,353,red squirrel,19,1
LU22,LU22_71,353,snowshoe hare,0,0
LU22,LU22_71,353,white-tailed deer,4,1
LU22,LU22_71,353,wolverine,0,0
LU22,LU22_72,329,black bear,1,1
LU22,LU22_72,329,caribou,0,0
LU22,LU22_72,329,cougar,0,0
LU22,LU22_72,329,coyote,0,0
LU22,LU22_72,329,fisher,0,0
LU22,LU22_72,329,grey wolf,0,0
LU22,LU22_72,329,lynx,0,0
LU22,LU22_72,329,moose,1,1
LU22,LU22_72,329,red fox,0,0
LU22,LU22_72,329,red squirrel,7,1
LU22,LU22_72,329,snowshoe hare,1,1
LU22,LU22_72,329,white-tailed deer,4,1
LU22,LU22_72,329,wolverine,0,0
LU22,LU22_76,353,black bear,2,1
LU22,LU22_76,353,caribou,0,0
LU22,LU22_76,353,cougar,0,0
LU22,LU22_76,353,coyote,3,1
LU22,LU22_76,353,fisher,18,1
LU22,LU22_76,353,grey wolf,0,0
LU22,LU22_76,353,lynx,3,1
LU22,LU22_76,353,moose,0,0
LU22,LU22_76,353,red fox,0,0
LU22,LU22_76,353,red squirrel,15,1
LU22,LU22_76,353,snowshoe hare,9,1
LU22,LU22_76,353,white-tailed deer,2,1
LU22,LU22_76,353,wolverine,0,0
LU22,LU22_77,353,black bear,4,1
LU22,LU22_77,353,caribou,0,0
LU22,LU22_77,353,cougar,0,0
LU22,LU22_77,353,coyote,1,1
LU22,LU22_77,353,fisher,1,1
LU22,LU22_77,353,grey wolf,2,1
LU22,LU22_77,353,lynx,0,0
LU22,LU22_77,353,moose,1,1
LU22,LU22_77,353,red fox,0,0
LU22,LU22_77,353,red squirrel,3,1
LU22,LU22_77,353,snowshoe hare,0,0
LU22,LU22_77,353,white-tailed deer,1,1
LU22,LU22_77,353,wolverine,0,0
LU22,LU22_8,354,black bear,7,1
LU22,LU22_8,354,caribou,0,0
LU22,LU22_8,354,cougar,0,0
LU22,LU22_8,354,coyote,0,0
LU22,LU22_8,354,fisher,4,1
LU22,LU22_8,354,grey wolf,0,0
LU22,LU22_8,354,lynx,1,1
LU22,LU22_8,354,moose,0,0
LU22,LU22_8,354,red fox,0,0
LU22,LU22_8,354,red squirrel,0,0
LU22,LU22_8,354,snowshoe hare,1,1
LU22,LU22_8,354,white-tailed deer,1,1
LU22,LU22_8,354,wolverine,0,0
LU22,LU22_80,353,black bear,3,1
LU22,LU22_80,353,caribou,0,0
LU22,LU22_80,353,cougar,0,0
LU22,LU22_80,353,coyote,2,1
LU22,LU22_80,353,fisher,11,1
LU22,LU22_80,353,grey wolf,0,0
LU22,LU22_80,353,lynx,0,0
LU22,LU22_80,353,moose,1,1
LU22,LU22_80,353,red fox,0,0
LU22,LU22_80,353,red squirrel,0,0
LU22,LU22_80,353,snowshoe hare,92,1
LU22,LU22_80,353,white-tailed deer,0,0
LU22,LU22_80,353,wolverine,0,0
LU22,LU22_81,345,black bear,2,1
LU22,LU22_81,345,caribou,0,0
LU22,LU22_81,345,cougar,0,0
LU22,LU22_81,345,coyote,8,1
LU22,LU22_81,345,fisher,7,1
LU22,LU22_81,345,grey wolf,0,0
LU22,LU22_81,345,lynx,0,0
LU22,LU22_81,345,moose,0,0
LU22,LU22_81,345,red fox,0,0
LU22,LU22_81,345,red squirrel,1,1
LU22,LU22_81,345,snowshoe hare,5,1
LU22,LU22_81,345,white-tailed deer,1,1
LU22,LU22_81,345,wolverine,1,1
LU22,LU22_82,353,black bear,0,0
LU22,LU22_82,353,caribou,0,0
LU22,LU22_82,353,cougar,0,0
LU22,LU22_82,353,coyote,7,1
LU22,LU22_82,353,fisher,0,0
LU22,LU22_82,353,grey wolf,0,0
LU22,LU22_82,353,lynx,1,1
LU22,LU22_82,353,moose,1,1
LU22,LU22_82,353,red fox,0,0
LU22,LU22_82,353,red squirrel,1,1
LU22,LU22_82,353,snowshoe hare,19,1
LU22,LU22_82,353,white-tailed deer,2,1
LU22,LU22_82,353,wolverine,0,0
LU22,LU22_85,353,black bear,2,1
LU22,LU22_85,353,caribou,0,0
LU22,LU22_85,353,cougar,0,0
LU22,LU22_85,353,coyote,19,1
LU22,LU22_85,353,fisher,1,1
LU22,LU22_85,353,grey wolf,0,0
LU22,LU22_85,353,lynx,6,1
LU22,LU22_85,353,moose,0,0
LU22,LU22_85,353,red fox,0,0
LU22,LU22_85,353,red squirrel,1,1
LU22,LU22_85,353,snowshoe hare,13,1
LU22,LU22_85,353,white-tailed deer,3,1
LU22,LU22_85,353,wolverine,0,0
LU22,LU22_86,353,black bear,3,1
LU22,LU22_86,353,caribou,0,0
LU22,LU22_86,353,cougar,0,0
LU22,LU22_86,353,coyote,1,1
LU22,LU22_86,353,fisher,2,1
LU22,LU22_86,353,grey wolf,0,0
LU22,LU22_86,353,lynx,3,1
LU22,LU22_86,353,moose,3,1
LU22,LU22_86,353,red fox,0,0
LU22,LU22_86,353,red squirrel,0,0
LU22,LU22_86,353,snowshoe hare,0,0
LU22,LU22_86,353,white-tailed deer,0,0
LU22,LU22_86,353,wolverine,0,0
LU22,LU22_87,353,black bear,0,0
LU22,LU22_87,353,caribou,0,0
LU22,LU22_87,353,cougar,0,0
LU22,LU22_87,353,coyote,3,1
LU22,LU22_87,353,fisher,1,1
LU22,LU22_87,353,grey wolf,1,1
LU22,LU22_87,353,lynx,0,0
LU22,LU22_87,353,moose,0,0
LU22,LU22_87,353,red fox,0,0
LU22,LU22_87,353,red squirrel,4,1
LU22,LU22_87,353,snowshoe hare,7,1
LU22,LU22_87,353,white-tailed deer,2,1
LU22,LU22_87,353,wolverine,0,0
LU22,LU22_89,353,black bear,2,1
LU22,LU22_89,353,caribou,0,0
LU22,LU22_89,353,cougar,0,0
LU22,LU22_89,353,coyote,18,1
LU22,LU22_89,353,fisher,2,1
LU22,LU22_89,353,grey wolf,0,0
LU22,LU22_89,353,lynx,7,1
LU22,LU22_89,353,moose,1,1
LU22,LU22_89,353,red fox,0,0
LU22,LU22_89,353,red squirrel,5,1
LU22,LU22_89,353,snowshoe hare,119,1
LU22,LU22_89,353,white-tailed deer,1,1
LU22,LU22_89,353,wolverine,0,0
LU22,LU22_94,353,black bear,7,1
LU22,LU22_94,353,caribou,0,0
LU22,LU22_94,353,cougar,0,0
LU22,LU22_94,353,coyote,24,1
LU22,LU22_94,353,fisher,5,1
LU22,LU22_94,353,grey wolf,0,0
LU22,LU22_94,353,lynx,0,0
LU22,LU22_94,353,moose,0,0
LU22,LU22_94,353,red fox,0,0
LU22,LU22_94,353,red squirrel,9,1
LU22,LU22_94,353,snowshoe hare,2,1
LU22,LU22_94,353,white-tailed deer,0,0
LU22,LU22_94,353,wolverine,0,0
LU9,LU9_100,363,black bear,0,0
LU9,LU9_100,363,caribou,0,0
LU9,LU9_100,363,cougar,0,0
LU9,LU9_100,363,coyote,1,1
LU9,LU9_100,363,fisher,1,1
LU9,LU9_100,363,grey wolf,0,0
LU9,LU9_100,363,lynx,1,1
LU9,LU9_100,363,moose,0,0
LU9,LU9_100,363,red fox,0,0
LU9,LU9_100,363,red squirrel,2,1
LU9,LU9_100,363,snowshoe hare,0,0
LU9,LU9_100,363,white-tailed deer,1,1
LU9,LU9_100,363,wolverine,0,0
LU9,LU9_102,363,black bear,1,1
LU9,LU9_102,363,caribou,0,0
LU9,LU9_102,363,cougar,0,0
LU9,LU9_102,363,coyote,4,1
LU9,LU9_102,363,fisher,1,1
LU9,LU9_102,363,grey wolf,0,0
LU9,LU9_102,363,lynx,0,0
LU9,LU9_102,363,moose,0,0
LU9,LU9_102,363,red fox,0,0
LU9,LU9_102,363,red squirrel,5,1
LU9,LU9_102,363,snowshoe hare,6,1
LU9,LU9_102,363,white-tailed deer,22,1
LU9,LU9_102,363,wolverine,0,0
LU9,LU9_106,363,black bear,1,1
LU9,LU9_106,363,caribou,1,1
LU9,LU9_106,363,cougar,0,0
LU9,LU9_106,363,coyote,19,1
LU9,LU9_106,363,fisher,0,0
LU9,LU9_106,363,grey wolf,0,0
LU9,LU9_106,363,lynx,4,1
LU9,LU9_106,363,moose,0,0
LU9,LU9_106,363,red fox,0,0
LU9,LU9_106,363,red squirrel,35,1
LU9,LU9_106,363,snowshoe hare,5,1
LU9,LU9_106,363,white-tailed deer,6,1
LU9,LU9_106,363,wolverine,0,0
LU9,LU9_112,363,black bear,0,0
LU9,LU9_112,363,caribou,2,1
LU9,LU9_112,363,cougar,0,0
LU9,LU9_112,363,coyote,1,1
LU9,LU9_112,363,fisher,2,1
LU9,LU9_112,363,grey wolf,1,1
LU9,LU9_112,363,lynx,0,0
LU9,LU9_112,363,moose,0,0
LU9,LU9_112,363,red fox,3,1
LU9,LU9_112,363,red squirrel,7,1
LU9,LU9_112,363,snowshoe hare,5,1
LU9,LU9_112,363,white-tailed deer,4,1
LU9,LU9_112,363,wolverine,0,0
LU9,LU9_113,350,black bear,0,0
LU9,LU9_113,350,caribou,10,1
LU9,LU9_113,350,cougar,0,0
LU9,LU9_113,350,coyote,1,1
LU9,LU9_113,350,fisher,0,0
LU9,LU9_113,350,grey wolf,0,0
LU9,LU9_113,350,lynx,0,0
LU9,LU9_113,350,moose,0,0
LU9,LU9_113,350,red fox,0,0
LU9,LU9_113,350,red squirrel,4,1
LU9,LU9_113,350,snowshoe hare,0,0
LU9,LU9_113,350,white-tailed deer,0,0
LU9,LU9_113,350,wolverine,0,0
LU9,LU9_12,362,black bear,8,1
LU9,LU9_12,362,caribou,0,0
LU9,LU9_12,362,cougar,0,0
LU9,LU9_12,362,coyote,21,1
LU9,LU9_12,362,fisher,0,0
LU9,LU9_12,362,grey wolf,2,1
LU9,LU9_12,362,lynx,0,0
LU9,LU9_12,362,moose,0,0
LU9,LU9_12,362,red fox,1,1
LU9,LU9_12,362,red squirrel,6,1
LU9,LU9_12,362,snowshoe hare,6,1
LU9,LU9_12,362,white-tailed deer,35,1
LU9,LU9_12,362,wolverine,0,0
LU9,LU9_13,361,black bear,1,1
LU9,LU9_13,361,caribou,0,0
LU9,LU9_13,361,cougar,0,0
LU9,LU9_13,361,coyote,0,0
LU9,LU9_13,361,fisher,0,0
LU9,LU9_13,361,grey wolf,6,1
LU9,LU9_13,361,lynx,1,1
LU9,LU9_13,361,moose,0,0
LU9,LU9_13,361,red fox,0,0
LU9,LU9_13,361,red squirrel,4,1
LU9,LU9_13,361,snowshoe hare,0,0
LU9,LU9_13,361,white-tailed deer,6,1
LU9,LU9_13,361,wolverine,0,0
LU9,LU9_18,362,black bear,0,0
LU9,LU9_18,362,caribou,0,0
LU9,LU9_18,362,cougar,0,0
LU9,LU9_18,362,coyote,6,1
LU9,LU9_18,362,fisher,2,1
LU9,LU9_18,362,grey wolf,0,0
LU9,LU9_18,362,lynx,0,0
LU9,LU9_18,362,moose,0,0
LU9,LU9_18,362,red fox,3,1
LU9,LU9_18,362,red squirrel,14,1
LU9,LU9_18,362,snowshoe hare,2,1
LU9,LU9_18,362,white-tailed deer,33,1
LU9,LU9_18,362,wolverine,0,0
LU9,LU9_21,361,black bear,2,1
LU9,LU9_21,361,caribou,0,0
LU9,LU9_21,361,cougar,0,0
LU9,LU9_21,361,coyote,17,1
LU9,LU9_21,361,fisher,0,0
LU9,LU9_21,361,grey wolf,4,1
LU9,LU9_21,361,lynx,0,0
LU9,LU9_21,361,moose,0,0
LU9,LU9_21,361,red fox,0,0
LU9,LU9_21,361,red squirrel,1,1
LU9,LU9_21,361,snowshoe hare,0,0
LU9,LU9_21,361,white-tailed deer,49,1
LU9,LU9_21,361,wolverine,0,0
LU9,LU9_24,362,black bear,6,1
LU9,LU9_24,362,caribou,0,0
LU9,LU9_24,362,cougar,0,0
LU9,LU9_24,362,coyote,4,1
LU9,LU9_24,362,fisher,2,1
LU9,LU9_24,362,grey wolf,3,1
LU9,LU9_24,362,lynx,2,1
LU9,LU9_24,362,moose,0,0
LU9,LU9_24,362,red fox,0,0
LU9,LU9_24,362,red squirrel,4,1
LU9,LU9_24,362,snowshoe hare,16,1
LU9,LU9_24,362,white-tailed deer,48,1
LU9,LU9_24,362,wolverine,0,0
LU9,LU9_27,361,black bear,11,1
LU9,LU9_27,361,caribou,2,1
LU9,LU9_27,361,cougar,0,0
LU9,LU9_27,361,coyote,23,1
LU9,LU9_27,361,fisher,7,1
LU9,LU9_27,361,grey wolf,1,1
LU9,LU9_27,361,lynx,6,1
LU9,LU9_27,361,moose,0,0
LU9,LU9_27,361,red fox,0,0
LU9,LU9_27,361,red squirrel,65,1
LU9,LU9_27,361,snowshoe hare,54,1
LU9,LU9_27,361,white-tailed deer,14,1
LU9,LU9_27,361,wolverine,0,0
LU9,LU9_28,362,black bear,1,1
LU9,LU9_28,362,caribou,0,0
LU9,LU9_28,362,cougar,0,0
LU9,LU9_28,362,coyote,6,1
LU9,LU9_28,362,fisher,3,1
LU9,LU9_28,362,grey wolf,0,0
LU9,LU9_28,362,lynx,0,0
LU9,LU9_28,362,moose,0,0
LU9,LU9_28,362,red fox,2,1
LU9,LU9_28,362,red squirrel,12,1
LU9,LU9_28,362,snowshoe hare,7,1
LU9,LU9_28,362,white-tailed deer,49,1
LU9,LU9_28,362,wolverine,0,0
LU9,LU9_29,362,black bear,8,1
LU9,LU9_29,362,caribou,0,0
LU9,LU9_29,362,cougar,0,0
LU9,LU9_29,362,coyote,20,1
LU9,LU9_29,362,fisher,1,1
LU9,LU9_29,362,grey wolf,1,1
LU9,LU9_29,362,lynx,3,1
LU9,LU9_29,362,moose,0,0
LU9,LU9_29,362,red fox,1,1
LU9,LU9_29,362,red squirrel,30,1
LU9,LU9_29,362,snowshoe hare,0,0
LU9,LU9_29,362,white-tailed deer,85,1
LU9,LU9_29,362,wolverine,0,0
LU9,LU9_30,362,black bear,3,1
LU9,LU9_30,362,caribou,0,0
LU9,LU9_30,362,cougar,0,0
LU9,LU9_30,362,coyote,15,1
LU9,LU9_30,362,fisher,1,1
LU9,LU9_30,362,grey wolf,4,1
LU9,LU9_30,362,lynx,0,0
LU9,LU9_30,362,moose,1,1
LU9,LU9_30,362,red fox,0,0
LU9,LU9_30,362,red squirrel,2,1
LU9,LU9_30,362,snowshoe hare,32,1
LU9,LU9_30,362,white-tailed deer,49,1
LU9,LU9_30,362,wolverine,0,0
LU9,LU9_31,360,black bear,5,1
LU9,LU9_31,360,caribou,0,0
LU9,LU9_31,360,cougar,0,0
LU9,LU9_31,360,coyote,6,1
LU9,LU9_31,360,fisher,0,0
LU9,LU9_31,360,grey wolf,0,0
LU9,LU9_31,360,lynx,2,1
LU9,LU9_31,360,moose,0,0
LU9,LU9_31,360,red fox,0,0
LU9,LU9_31,360,red squirrel,2,1
LU9,LU9_31,360,snowshoe hare,1,1
LU9,LU9_31,360,white-tailed deer,51,1
LU9,LU9_31,360,wolverine,0,0
LU9,LU9_32,361,black bear,8,1
LU9,LU9_32,361,caribou,0,0
LU9,LU9_32,361,cougar,0,0
LU9,LU9_32,361,coyote,25,1
LU9,LU9_32,361,fisher,1,1
LU9,LU9_32,361,grey wolf,2,1
LU9,LU9_32,361,lynx,4,1
LU9,LU9_32,361,moose,0,0
LU9,LU9_32,361,red fox,0,0
LU9,LU9_32,361,red squirrel,0,0
LU9,LU9_32,361,snowshoe hare,45,1
LU9,LU9_32,361,white-tailed deer,59,1
LU9,LU9_32,361,wolverine,0,0
LU9,LU9_33,361,black bear,6,1
LU9,LU9_33,361,caribou,0,0
LU9,LU9_33,361,cougar,0,0
LU9,LU9_33,361,coyote,29,1
LU9,LU9_33,361,fisher,2,1
LU9,LU9_33,361,grey wolf,7,1
LU9,LU9_33,361,lynx,0,0
LU9,LU9_33,361,moose,0,0
LU9,LU9_33,361,red fox,3,1
LU9,LU9_33,361,red squirrel,2,1
LU9,LU9_33,361,snowshoe hare,0,0
LU9,LU9_33,361,white-tailed deer,26,1
LU9,LU9_33,361,wolverine,0,0
LU9,LU9_39,362,black bear,5,1
LU9,LU9_39,362,caribou,0,0
LU9,LU9_39,362,cougar,0,0
LU9,LU9_39,362,coyote,3,1
LU9,LU9_39,362,fisher,2,1
LU9,LU9_39,362,grey wolf,0,0
LU9,LU9_39,362,lynx,2,1
LU9,LU9_39,362,moose,0,0
LU9,LU9_39,362,red fox,0,0
LU9,LU9_39,362,red squirrel,20,1
LU9,LU9_39,362,snowshoe hare,59,1
LU9,LU9_39,362,white-tailed deer,3,1
LU9,LU9_39,362,wolverine,0,0
LU9,LU9_41,362,black bear,5,1
LU9,LU9_41,362,caribou,0,0
LU9,LU9_41,362,cougar,0,0
LU9,LU9_41,362,coyote,5,1
LU9,LU9_41,362,fisher,0,0
LU9,LU9_41,362,grey wolf,0,0
LU9,LU9_41,362,lynx,0,0
LU9,LU9_41,362,moose,0,0
LU9,LU9_41,362,red fox,1,1
LU9,LU9_41,362,red squirrel,0,0
LU9,LU9_41,362,snowshoe hare,2,1
LU9,LU9_41,362,white-tailed deer,35,1
LU9,LU9_41,362,wolverine,0,0
LU9,LU9_44,358,black bear,1,1
LU9,LU9_44,358,caribou,3,1
LU9,LU9_44,358,cougar,0,0
LU9,LU9_44,358,coyote,4,1
LU9,LU9_44,358,fisher,0,0
LU9,LU9_44,358,grey wolf,0,0
LU9,LU9_44,358,lynx,1,1
LU9,LU9_44,358,moose,1,1
LU9,LU9_44,358,red fox,0,0
LU9,LU9_44,358,red squirrel,0,0
LU9,LU9_44,358,snowshoe hare,17,1
LU9,LU9_44,358,white-tailed deer,1,1
LU9,LU9_44,358,wolverine,0,0
LU9,LU9_5,361,black bear,0,0
LU9,LU9_5,361,caribou,0,0
LU9,LU9_5,361,cougar,0,0
LU9,LU9_5,361,coyote,17,1
LU9,LU9_5,361,fisher,0,0
LU9,LU9_5,361,grey wolf,0,0
LU9,LU9_5,361,lynx,0,0
LU9,LU9_5,361,moose,0,0
LU9,LU9_5,361,red fox,0,0
LU9,LU9_5,361,red squirrel,3,1
LU9,LU9_5,361,snowshoe hare,0,0
LU9,LU9_5,361,white-tailed deer,2,1
LU9,LU9_5,361,wolverine,0,0
LU9,LU9_51,362,black bear,0,0
LU9,LU9_51,362,caribou,2,1
LU9,LU9_51,362,cougar,0,0
LU9,LU9_51,362,coyote,0,0
LU9,LU9_51,362,fisher,1,1
LU9,LU9_51,362,grey wolf,0,0
LU9,LU9_51,362,lynx,2,1
LU9,LU9_51,362,moose,0,0
LU9,LU9_51,362,red fox,0,0
LU9,LU9_51,362,red squirrel,21,1
LU9,LU9_51,362,snowshoe hare,129,1
LU9,LU9_51,362,white-tailed deer,3,1
LU9,LU9_51,362,wolverine,0,0
LU9,LU9_55,360,black bear,4,1
LU9,LU9_55,360,caribou,0,0
LU9,LU9_55,360,cougar,0,0
LU9,LU9_55,360,coyote,4,1
LU9,LU9_55,360,fisher,1,1
LU9,LU9_55,360,grey wolf,0,0
LU9,LU9_55,360,lynx,1,1
LU9,LU9_55,360,moose,0,0
LU9,LU9_55,360,red fox,0,0
LU9,LU9_55,360,red squirrel,19,1
LU9,LU9_55,360,snowshoe hare,3,1
LU9,LU9_55,360,white-tailed deer,12,1
LU9,LU9_55,360,wolverine,0,0
LU9,LU9_57,360,black bear,0,0
LU9,LU9_57,360,caribou,0,0
LU9,LU9_57,360,cougar,0,0
LU9,LU9_57,360,coyote,0,0
LU9,LU9_57,360,fisher,0,0
LU9,LU9_57,360,grey wolf,0,0
LU9,LU9_57,360,lynx,1,1
LU9,LU9_57,360,moose,2,1
LU9,LU9_57,360,red fox,0,0
LU9,LU9_57,360,red squirrel,2,1
LU9,LU9_57,360,snowshoe hare,5,1
LU9,LU9_57,360,white-tailed deer,4,1
LU9,LU9_57,360,wolverine,0,0
LU9,LU9_6,352,black bear,4,1
LU9,LU9_6,352,caribou,0,0
LU9,LU9_6,352,cougar,0,0
LU9,LU9_6,352,coyote,17,1
LU9,LU9_6,352,fisher,0,0
LU9,LU9_6,352,grey wolf,1,1
LU9,LU9_6,352,lynx,0,0
LU9,LU9_6,352,moose,1,1
LU9,LU9_6,352,red fox,0,0
LU9,LU9_6,352,red squirrel,1,1
LU9,LU9_6,352,snowshoe hare,3,1
LU9,LU9_6,352,white-tailed deer,14,1
LU9,LU9_6,352,wolverine,0,0
LU9,LU9_62,361,black bear,3,1
LU9,LU9_62,361,caribou,0,0
LU9,LU9_62,361,cougar,0,0
LU9,LU9_62,361,coyote,1,1
LU9,LU9_62,361,fisher,0,0
LU9,LU9_62,361,grey wolf,0,0
LU9,LU9_62,361,lynx,0,0
LU9,LU9_62,361,moose,0,0
LU9,LU9_62,361,red fox,0,0
LU9,LU9_62,361,red squirrel,1,1
LU9,LU9_62,361,snowshoe hare,0,0
LU9,LU9_62,361,white-tailed deer,179,1
LU9,LU9_62,361,wolverine,0,0
LU9,LU9_63,361,black bear,8,1
LU9,LU9_63,361,caribou,0,0
LU9,LU9_63,361,cougar,0,0
LU9,LU9_63,361,coyote,3,1
LU9,LU9_63,361,fisher,0,0
LU9,LU9_63,361,grey wolf,0,0
LU9,LU9_63,361,lynx,0,0
LU9,LU9_63,361,moose,0,0
LU9,LU9_63,361,red fox,0,0
LU9,LU9_63,361,red squirrel,0,0
LU9,LU9_63,361,snowshoe hare,0,0
LU9,LU9_63,361,white-tailed deer,98,1
LU9,LU9_63,361,wolverine,0,0
LU9,LU9_64,362,black bear,2,1
LU9,LU9_64,362,caribou,0,0
LU9,LU9_64,362,cougar,0,0
LU9,LU9_64,362,coyote,6,1
LU9,LU9_64,362,fisher,3,1
LU9,LU9_64,362,grey wolf,2,1
LU9,LU9_64,362,lynx,2,1
LU9,LU9_64,362,moose,0,0
LU9,LU9_64,362,red fox,0,0
LU9,LU9_64,362,red squirrel,5,1
LU9,LU9_64,362,snowshoe hare,10,1
LU9,LU9_64,362,white-tailed deer,49,1
LU9,LU9_64,362,wolverine,0,0
LU9,LU9_65,360,black bear,4,1
LU9,LU9_65,360,caribou,1,1
LU9,LU9_65,360,cougar,0,0
LU9,LU9_65,360,coyote,20,1
LU9,LU9_65,360,fisher,1,1
LU9,LU9_65,360,grey wolf,0,0
LU9,LU9_65,360,lynx,4,1
LU9,LU9_65,360,moose,1,1
LU9,LU9_65,360,red fox,0,0
LU9,LU9_65,360,red squirrel,39,1
LU9,LU9_65,360,snowshoe hare,7,1
LU9,LU9_65,360,white-tailed deer,5,1
LU9,LU9_65,360,wolverine,0,0
LU9,LU9_67,353,black bear,0,0
LU9,LU9_67,353,caribou,9,1
LU9,LU9_67,353,cougar,0,0
LU9,LU9_67,353,coyote,1,1
LU9,LU9_67,353,fisher,0,0
LU9,LU9_67,353,grey wolf,0,0
LU9,LU9_67,353,lynx,0,0
LU9,LU9_67,353,moose,0,0
LU9,LU9_67,353,red fox,0,0
LU9,LU9_67,353,red squirrel,0,0
LU9,LU9_67,353,snowshoe hare,0,0
LU9,LU9_67,353,white-tailed deer,0,0
LU9,LU9_67,353,wolverine,0,0
LU9,LU9_68,362,black bear,2,1
LU9,LU9_68,362,caribou,0,0
LU9,LU9_68,362,cougar,0,0
LU9,LU9_68,362,coyote,1,1
LU9,LU9_68,362,fisher,1,1
LU9,LU9_68,362,grey wolf,0,0
LU9,LU9_68,362,lynx,0,0
LU9,LU9_68,362,moose,0,0
LU9,LU9_68,362,red fox,0,0
LU9,LU9_68,362,red squirrel,4,1
LU9,LU9_68,362,snowshoe hare,0,0
LU9,LU9_68,362,white-tailed deer,7,1
LU9,LU9_68,362,wolverine,0,0
LU9,LU9_7,361,black bear,5,1
LU9,LU9_7,361,caribou,0,0
LU9,LU9_7,361,cougar,0,0
LU9,LU9_7,361,coyote,27,1
LU9,LU9_7,361,fisher,2,1
LU9,LU9_7,361,grey wolf,2,1
LU9,LU9_7,361,lynx,0,0
LU9,LU9_7,361,moose,0,0
LU9,LU9_7,361,red fox,1,1
LU9,LU9_7,361,red squirrel,1,1
LU9,LU9_7,361,snowshoe hare,2,1
LU9,LU9_7,361,white-tailed deer,36,1
LU9,LU9_7,361,wolverine,0,0
LU9,LU9_72,362,black bear,8,1
LU9,LU9_72,362,caribou,0,0
LU9,LU9_72,362,cougar,0,0
LU9,LU9_72,362,coyote,24,1
LU9,LU9_72,362,fisher,1,1
LU9,LU9_72,362,grey wolf,3,1
LU9,LU9_72,362,lynx,0,0
LU9,LU9_72,362,moose,0,0
LU9,LU9_72,362,red fox,0,0
LU9,LU9_72,362,red squirrel,6,1
LU9,LU9_72,362,snowshoe hare,28,1
LU9,LU9_72,362,white-tailed deer,46,1
LU9,LU9_72,362,wolverine,0,0
LU9,LU9_73,359,black bear,4,1
LU9,LU9_73,359,caribou,0,0
LU9,LU9_73,359,cougar,0,0
LU9,LU9_73,359,coyote,12,1
LU9,LU9_73,359,fisher,2,1
LU9,LU9_73,359,grey wolf,0,0
LU9,LU9_73,359,lynx,0,0
LU9,LU9_73,359,moose,0,0
LU9,LU9_73,359,red fox,0,0
LU9,LU9_73,359,red squirrel,7,1
LU9,LU9_73,359,snowshoe hare,3,1
LU9,LU9_73,359,white-tailed deer,26,1
LU9,LU9_73,359,wolverine,0,0
LU9,LU9_75,361,black bear,0,0
LU9,LU9_75,361,caribou,1,1
LU9,LU9_75,361,cougar,0,0
LU9,LU9_75,361,coyote,7,1
LU9,LU9_75,361,fisher,1,1
LU9,LU9_75,361,grey wolf,1,1
LU9,LU9_75,361,lynx,4,1
LU9,LU9_75,361,moose,0,0
LU9,LU9_75,361,red fox,0,0
LU9,LU9_75,361,red squirrel,62,1
LU9,LU9_75,361,snowshoe hare,21,1
LU9,LU9_75,361,white-tailed deer,13,1
LU9,LU9_75,361,wolverine,0,0
LU9,LU9_76,360,black bear,3,1
LU9,LU9_76,360,caribou,1,1
LU9,LU9_76,360,cougar,0,0
LU9,LU9_76,360,coyote,14,1
LU9,LU9_76,360,fisher,0,0
LU9,LU9_76,360,grey wolf,1,1
LU9,LU9_76,360,lynx,2,1
LU9,LU9_76,360,moose,1,1
LU9,LU9_76,360,red fox,0,0
LU9,LU9_76,360,red squirrel,6,1
LU9,LU9_76,360,snowshoe hare,8,1
LU9,LU9_76,360,white-tailed deer,42,1
LU9,LU9_76,360,wolverine,0,0
LU9,LU9_77,362,black bear,3,1
LU9,LU9_77,362,caribou,3,1
LU9,LU9_77,362,cougar,0,0
LU9,LU9_77,362,coyote,8,1
LU9,LU9_77,362,fisher,0,0
LU9,LU9_77,362,grey wolf,0,0
LU9,LU9_77,362,lynx,3,1
LU9,LU9_77,362,moose,0,0
LU9,LU9_77,362,red fox,0,0
LU9,LU9_77,362,red squirrel,1,1
LU9,LU9_77,362,snowshoe hare,9,1
LU9,LU9_77,362,white-tailed deer,11,1
LU9,LU9_77,362,wolverine,0,0
LU9,LU9_79,363,black bear,3,1
LU9,LU9_79,363,caribou,0,0
LU9,LU9_79,363,cougar,0,0
LU9,LU9_79,363,coyote,9,1
LU9,LU9_79,363,fisher,0,0
LU9,LU9_79,363,grey wolf,2,1
LU9,LU9_79,363,lynx,5,1
LU9,LU9_79,363,moose,0,0
LU9,LU9_79,363,red fox,1,1
LU9,LU9_79,363,red squirrel,10,1
LU9,LU9_79,363,snowshoe hare,4,1
LU9,LU9_79,363,white-tailed deer,21,1
LU9,LU9_79,363,wolverine,0,0
LU9,LU9_8,361,black bear,6,1
LU9,LU9_8,361,caribou,0,0
LU9,LU9_8,361,cougar,0,0
LU9,LU9_8,361,coyote,19,1
LU9,LU9_8,361,fisher,0,0
LU9,LU9_8,361,grey wolf,2,1
LU9,LU9_8,361,lynx,0,0
LU9,LU9_8,361,moose,0,0
LU9,LU9_8,361,red fox,0,0
LU9,LU9_8,361,red squirrel,0,0
LU9,LU9_8,361,snowshoe hare,1,1
LU9,LU9_8,361,white-tailed deer,42,1
LU9,LU9_8,361,wolverine,0,0
LU9,LU9_80,362,black bear,6,1
LU9,LU9_80,362,caribou,0,0
LU9,LU9_80,362,cougar,0,0
LU9,LU9_80,362,coyote,29,1
LU9,LU9_80,362,fisher,3,1
LU9,LU9_80,362,grey wolf,0,0
LU9,LU9_80,362,lynx,1,1
LU9,LU9_80,362,moose,0,0
LU9,LU9_80,362,red fox,0,0
LU9,LU9_80,362,red squirrel,24,1
LU9,LU9_80,362,snowshoe hare,6,1
LU9,LU9_80,362,white-tailed deer,30,1
LU9,LU9_80,362,wolverine,0,0
LU9,LU9_81,147,black bear,0,0
LU9,LU9_81,147,caribou,0,0
LU9,LU9_81,147,cougar,0,0
LU9,LU9_81,147,coyote,1,1
LU9,LU9_81,147,fisher,2,1
LU9,LU9_81,147,grey wolf,0,0
LU9,LU9_81,147,lynx,1,1
LU9,LU9_81,147,moose,0,0
LU9,LU9_81,147,red fox,0,0
LU9,LU9_81,147,red squirrel,6,1
LU9,LU9_81,147,snowshoe hare,26,1
LU9,LU9_81,147,white-tailed deer,6,1
LU9,LU9_81,147,wolverine,0,0
LU9,LU9_82,362,black bear,5,1
LU9,LU9_82,362,caribou,1,1
LU9,LU9_82,362,cougar,0,0
LU9,LU9_82,362,coyote,5,1
LU9,LU9_82,362,fisher,2,1
LU9,LU9_82,362,grey wolf,4,1
LU9,LU9_82,362,lynx,1,1
LU9,LU9_82,362,moose,1,1
LU9,LU9_82,362,red fox,0,0
LU9,LU9_82,362,red squirrel,0,0
LU9,LU9_82,362,snowshoe hare,0,0
LU9,LU9_82,362,white-tailed deer,7,1
LU9,LU9_82,362,wolverine,0,0
LU9,LU9_85,363,black bear,3,1
LU9,LU9_85,363,caribou,0,0
LU9,LU9_85,363,cougar,1,1
LU9,LU9_85,363,coyote,23,1
LU9,LU9_85,363,fisher,0,0
LU9,LU9_85,363,grey wolf,6,1
LU9,LU9_85,363,lynx,3,1
LU9,LU9_85,363,moose,0,0
LU9,LU9_85,363,red fox,1,1
LU9,LU9_85,363,red squirrel,5,1
LU9,LU9_85,363,snowshoe hare,3,1
LU9,LU9_85,363,white-tailed deer,26,1
LU9,LU9_85,363,wolverine,1,1
LU9,LU9_86,362,black bear,4,1
LU9,LU9_86,362,caribou,0,0
LU9,LU9_86,362,cougar,0,0
LU9,LU9_86,362,coyote,6,1
LU9,LU9_86,362,fisher,1,1
LU9,LU9_86,362,grey wolf,2,1
LU9,LU9_86,362,lynx,1,1
LU9,LU9_86,362,moose,0,0
LU9,LU9_86,362,red fox,1,1
LU9,LU9_86,362,red squirrel,4,1
LU9,LU9_86,362,snowshoe hare,0,0
LU9,LU9_86,362,white-tailed deer,9,1
LU9,LU9_86,362,wolverine,1,1
LU9,LU9_87,362,black bear,1,1
LU9,LU9_87,362,caribou,0,0
LU9,LU9_87,362,cougar,0,0
LU9,LU9_87,362,coyote,13,1
LU9,LU9_87,362,fisher,1,1
LU9,LU9_87,362,grey wolf,0,0
LU9,LU9_87,362,lynx,0,0
LU9,LU9_87,362,moose,0,0
LU9,LU9_87,362,red fox,0,0
LU9,LU9_87,362,red squirrel,1,1
LU9,LU9_87,362,snowshoe hare,71,1
LU9,LU9_87,362,white-tailed deer,6,1
LU9,LU9_87,362,wolverine,0,0
LU9,LU9_90,363,black bear,7,1
LU9,LU9_90,363,caribou,9,1
LU9,LU9_90,363,cougar,0,0
LU9,LU9_90,363,coyote,4,1
LU9,LU9_90,363,fisher,0,0
LU9,LU9_90,363,grey wolf,1,1
LU9,LU9_90,363,lynx,2,1
LU9,LU9_90,363,moose,0,0
LU9,LU9_90,363,red fox,0,0
LU9,LU9_90,363,red squirrel,0,0
LU9,LU9_90,363,snowshoe hare,3,1
LU9,LU9_90,363,white-tailed deer,0,0
LU9,LU9_90,363,wolverine,0,0
LU9,LU9_93,361,black bear,4,1
LU9,LU9_93,361,caribou,0,0
LU9,LU9_93,361,cougar,0,0
LU9,LU9_93,361,coyote,17,1
LU9,LU9_93,361,fisher,0,0
LU9,LU9_93,361,grey wolf,0,0
LU9,LU9_93,361,lynx,0,0
LU9,LU9_93,361,moose,0,0
LU9,LU9_93,361,red fox,4,1
LU9,LU9_93,361,red squirrel,1,1
LU9,LU9_93,361,snowshoe hare,0,0
LU9,LU9_93,361,white-tailed deer,82,1
LU9,LU9_93,361,wolverine,0,0
LU9,LU9_94,363,black bear,2,1
LU9,LU9_94,363,caribou,0,0
LU9,LU9_94,363,cougar,0,0
LU9,LU9_94,363,coyote,6,1
LU9,LU9_94,363,fisher,0,0
LU9,LU9_94,363,grey wolf,6,1
LU9,LU9_94,363,lynx,1,1
LU9,LU9_94,363,moose,1,1
LU9,LU9_94,363,red fox,0,0
LU9,LU9_94,363,red squirrel,1,1
LU9,LU9_94,363,snowshoe hare,0,0
LU9,LU9_94,363,white-tailed deer,42,1
LU9,LU9_94,363,wolverine,0,0
LU9,LU9_96,362,black bear,2,1
LU9,LU9_96,362,caribou,1,1
LU9,LU9_96,362,cougar,0,0
LU9,LU9_96,362,coyote,5,1
LU9,LU9_96,362,fisher,2,1
LU9,LU9_96,362,grey wolf,0,0
LU9,LU9_96,362,lynx,0,0
LU9,LU9_96,362,moose,0,0
LU9,LU9_96,362,red fox,0,0
LU9,LU9_96,362,red squirrel,0,0
LU9,LU9_96,362,snowshoe hare,16,1
LU9,LU9_96,362,white-tailed deer,8,1
LU9,LU9_96,362,wolverine,0,0
LU9,LU9_98,362,black bear,1,1
LU9,LU9_98,362,caribou,3,1
LU9,LU9_98,362,cougar,0,0
LU9,LU9_98,362,coyote,9,1
LU9,LU9_98,362,fisher,2,1
LU9,LU9_98,362,grey wolf,0,0
LU9,LU9_98,362,lynx,2,1
LU9,LU9_98,362,moose,0,0
LU9,LU9_98,362,red fox,0,0
LU9,LU9_98,362,red squirrel,3,1
LU9,LU9_98,362,snowshoe hare,4,1
LU9,LU9_98,362,white-tailed deer,0,0
LU9,LU9_98,362,wolverine,0,0
LU8,LU8_AB29_24,352,black bear,0,0
LU8,LU8_AB29_24,352,caribou,0,0
LU8,LU8_AB29_24,352,cougar,0,0
LU8,LU8_AB29_24,352,coyote,0,0
LU8,LU8_AB29_24,352,fisher,0,0
LU8,LU8_AB29_24,352,grey wolf,0,0
LU8,LU8_AB29_24,352,lynx,0,0
LU8,LU8_AB29_24,352,moose,0,0
LU8,LU8_AB29_24,352,red fox,0,0
LU8,LU8_AB29_24,352,red squirrel,0,0
LU8,LU8_AB29_24,352,snowshoe hare,0,0
LU8,LU8_AB29_24,352,white-tailed deer,0,0
LU8,LU8_AB29_24,352,wolverine,0,0
LU8,LU8_AB31_24,351,black bear,0,0
LU8,LU8_AB31_24,351,caribou,0,0
LU8,LU8_AB31_24,351,cougar,0,0
LU8,LU8_AB31_24,351,coyote,0,0
LU8,LU8_AB31_24,351,fisher,0,0
LU8,LU8_AB31_24,351,grey wolf,0,0
LU8,LU8_AB31_24,351,lynx,0,0
LU8,LU8_AB31_24,351,moose,0,0
LU8,LU8_AB31_24,351,red fox,0,0
LU8,LU8_AB31_24,351,red squirrel,0,0
LU8,LU8_AB31_24,351,snowshoe hare,0,0
LU8,LU8_AB31_24,351,white-tailed deer,0,0
LU8,LU8_AB31_24,351,wolverine,0,0
LU8,LU8_AC24_24,351,black bear,0,0
LU8,LU8_AC24_24,351,caribou,0,0
LU8,LU8_AC24_24,351,cougar,0,0
LU8,LU8_AC24_24,351,coyote,0,0
LU8,LU8_AC24_24,351,fisher,0,0
LU8,LU8_AC24_24,351,grey wolf,0,0
LU8,LU8_AC24_24,351,lynx,0,0
LU8,LU8_AC24_24,351,moose,0,0
LU8,LU8_AC24_24,351,red fox,0,0
LU8,LU8_AC24_24,351,red squirrel,0,0
LU8,LU8_AC24_24,351,snowshoe hare,0,0
LU8,LU8_AC24_24,351,white-tailed deer,0,0
LU8,LU8_AC24_24,351,wolverine,0,0
LU8,LU8_AC25_24,351,black bear,0,0
LU8,LU8_AC25_24,351,caribou,0,0
LU8,LU8_AC25_24,351,cougar,0,0
LU8,LU8_AC25_24,351,coyote,0,0
LU8,LU8_AC25_24,351,fisher,0,0
LU8,LU8_AC25_24,351,grey wolf,0,0
LU8,LU8_AC25_24,351,lynx,0,0
LU8,LU8_AC25_24,351,moose,0,0
LU8,LU8_AC25_24,351,red fox,0,0
LU8,LU8_AC25_24,351,red squirrel,0,0
LU8,LU8_AC25_24,351,snowshoe hare,0,0
LU8,LU8_AC25_24,351,white-tailed deer,0,0
LU8,LU8_AC25_24,351,wolverine,0,0
LU8,LU8_AC28_24,351,black bear,0,0
LU8,LU8_AC28_24,351,caribou,0,0
LU8,LU8_AC28_24,351,cougar,0,0
LU8,LU8_AC28_24,351,coyote,0,0
LU8,LU8_AC28_24,351,fisher,0,0
LU8,LU8_AC28_24,351,grey wolf,0,0
LU8,LU8_AC28_24,351,lynx,0,0
LU8,LU8_AC28_24,351,moose,0,0
LU8,LU8_AC28_24,351,red fox,0,0
LU8,LU8_AC28_24,351,red squirrel,0,0
LU8,LU8_AC28_24,351,snowshoe hare,0,0
LU8,LU8_AC28_24,351,white-tailed deer,0,0
LU8,LU8_AC28_24,351,wolverine,0,0
LU8,LU8_AC29_24,351,black bear,0,0
LU8,LU8_AC29_24,351,caribou,0,0
LU8,LU8_AC29_24,351,cougar,0,0
LU8,LU8_AC29_24,351,coyote,0,0
LU8,LU8_AC29_24,351,fisher,0,0
LU8,LU8_AC29_24,351,grey wolf,0,0
LU8,LU8_AC29_24,351,lynx,0,0
LU8,LU8_AC29_24,351,moose,0,0
LU8,LU8_AC29_24,351,red fox,0,0
LU8,LU8_AC29_24,351,red squirrel,0,0
LU8,LU8_AC29_24,351,snowshoe hare,0,0
LU8,LU8_AC29_24,351,white-tailed deer,0,0
LU8,LU8_AC29_24,351,wolverine,0,0
LU8,LU8_AC30_24,351,black bear,0,0
LU8,LU8_AC30_24,351,caribou,0,0
LU8,LU8_AC30_24,351,cougar,0,0
LU8,LU8_AC30_24,351,coyote,0,0
LU8,LU8_AC30_24,351,fisher,0,0
LU8,LU8_AC30_24,351,grey wolf,0,0
LU8,LU8_AC30_24,351,lynx,0,0
LU8,LU8_AC30_24,351,moose,0,0
LU8,LU8_AC30_24,351,red fox,0,0
LU8,LU8_AC30_24,351,red squirrel,0,0
LU8,LU8_AC30_24,351,snowshoe hare,0,0
LU8,LU8_AC30_24,351,white-tailed deer,0,0
LU8,LU8_AC30_24,351,wolverine,0,0
LU8,LU8_AC31_24,351,black bear,0,0
LU8,LU8_AC31_24,351,caribou,0,0
LU8,LU8_AC31_24,351,cougar,0,0
LU8,LU8_AC31_24,351,coyote,0,0
LU8,LU8_AC31_24,351,fisher,0,0
LU8,LU8_AC31_24,351,grey wolf,0,0
LU8,LU8_AC31_24,351,lynx,0,0
LU8,LU8_AC31_24,351,moose,0,0
LU8,LU8_AC31_24,351,red fox,0,0
LU8,LU8_AC31_24,351,red squirrel,0,0
LU8,LU8_AC31_24,351,snowshoe hare,0,0
LU8,LU8_AC31_24,351,white-tailed deer,0,0
LU8,LU8_AC31_24,351,wolverine,0,0
LU8,LU8_AD27_24,351,black bear,0,0
LU8,LU8_AD27_24,351,caribou,0,0
LU8,LU8_AD27_24,351,cougar,0,0
LU8,LU8_AD27_24,351,coyote,0,0
LU8,LU8_AD27_24,351,fisher,0,0
LU8,LU8_AD27_24,351,grey wolf,0,0
LU8,LU8_AD27_24,351,lynx,0,0
LU8,LU8_AD27_24,351,moose,0,0
LU8,LU8_AD27_24,351,red fox,0,0
LU8,LU8_AD27_24,351,red squirrel,0,0
LU8,LU8_AD27_24,351,snowshoe hare,0,0
LU8,LU8_AD27_24,351,white-tailed deer,0,0
LU8,LU8_AD27_24,351,wolverine,0,0
LU8,LU8_AD28_24,335,black bear,16,1
LU8,LU8_AD28_24,335,caribou,0,0
LU8,LU8_AD28_24,335,cougar,0,0
LU8,LU8_AD28_24,335,coyote,8,1
LU8,LU8_AD28_24,335,fisher,0,0
LU8,LU8_AD28_24,335,grey wolf,3,1
LU8,LU8_AD28_24,335,lynx,0,0
LU8,LU8_AD28_24,335,moose,3,1
LU8,LU8_AD28_24,335,red fox,3,1
LU8,LU8_AD28_24,335,red squirrel,4,1
LU8,LU8_AD28_24,335,snowshoe hare,0,0
LU8,LU8_AD28_24,335,white-tailed deer,3,1
LU8,LU8_AD28_24,335,wolverine,0,0
LU8,LU8_AD29_24,282,black bear,9,1
LU8,LU8_AD29_24,282,caribou,0,0
LU8,LU8_AD29_24,282,cougar,0,0
LU8,LU8_AD29_24,282,coyote,1,1
LU8,LU8_AD29_24,282,fisher,0,0
LU8,LU8_AD29_24,282,grey wolf,1,1
LU8,LU8_AD29_24,282,lynx,1,1
LU8,LU8_AD29_24,282,moose,4,1
LU8,LU8_AD29_24,282,red fox,1,1
LU8,LU8_AD29_24,282,red squirrel,1,1
LU8,LU8_AD29_24,282,snowshoe hare,1,1
LU8,LU8_AD29_24,282,white-tailed deer,2,1
LU8,LU8_AD29_24,282,wolverine,0,0
LU8,LU8_AE29_24,351,black bear,8,1
LU8,LU8_AE29_24,351,caribou,0,0
LU8,LU8_AE29_24,351,cougar,0,0
LU8,LU8_AE29_24,351,coyote,3,1
LU8,LU8_AE29_24,351,fisher,0,0
LU8,LU8_AE29_24,351,grey wolf,4,1
LU8,LU8_AE29_24,351,lynx,0,0
LU8,LU8_AE29_24,351,moose,2,1
LU8,LU8_AE29_24,351,red fox,2,1
LU8,LU8_AE29_24,351,red squirrel,4,1
LU8,LU8_AE29_24,351,snowshoe hare,1,1
LU8,LU8_AE29_24,351,white-tailed deer,6,1
LU8,LU8_AE29_24,351,wolverine,0,0
LU8,LU8_M19_24,346,black bear,7,1
LU8,LU8_M19_24,346,caribou,0,0
LU8,LU8_M19_24,346,cougar,0,0
LU8,LU8_M19_24,346,coyote,2,1
LU8,LU8_M19_24,346,fisher,1,1
LU8,LU8_M19_24,346,grey wolf,2,1
LU8,LU8_M19_24,346,lynx,0,0
LU8,LU8_M19_24,346,moose,1,1
LU8,LU8_M19_24,346,red fox,1,1
LU8,LU8_M19_24,346,red squirrel,22,1
LU8,LU8_M19_24,346,snowshoe hare,26,1
LU8,LU8_M19_24,346,white-tailed deer,25,1
LU8,LU8_M19_24,346,wolverine,0,0
LU8,LU8_N18_24,346,black bear,8,1
LU8,LU8_N18_24,346,caribou,0,0
LU8,LU8_N18_24,346,cougar,0,0
LU8,LU8_N18_24,346,coyote,3,1
LU8,LU8_N18_24,346,fisher,1,1
LU8,LU8_N18_24,346,grey wolf,11,1
LU8,LU8_N18_24,346,lynx,0,0
LU8,LU8_N18_24,346,moose,2,1
LU8,LU8_N18_24,346,red fox,0,0
LU8,LU8_N18_24,346,red squirrel,4,1
LU8,LU8_N18_24,346,snowshoe hare,0,0
LU8,LU8_N18_24,346,white-tailed deer,10,1
LU8,LU8_N18_24,346,wolverine,0,0
LU8,LU8_N19_24,345,black bear,19,1
LU8,LU8_N19_24,345,caribou,0,0
LU8,LU8_N19_24,345,cougar,0,0
LU8,LU8_N19_24,345,coyote,1,1
LU8,LU8_N19_24,345,fisher,0,0
LU8,LU8_N19_24,345,grey wolf,5,1
LU8,LU8_N19_24,345,lynx,0,0
LU8,LU8_N19_24,345,moose,2,1
LU8,LU8_N19_24,345,red fox,0,0
LU8,LU8_N19_24,345,red squirrel,0,0
LU8,LU8_N19_24,345,snowshoe hare,1,1
LU8,LU8_N19_24,345,white-tailed deer,68,1
LU8,LU8_N19_24,345,wolverine,1,1
LU8,LU8_N20_24,330,black bear,9,1
LU8,LU8_N20_24,330,caribou,0,0
LU8,LU8_N20_24,330,cougar,0,0
LU8,LU8_N20_24,330,coyote,7,1
LU8,LU8_N20_24,330,fisher,1,1
LU8,LU8_N20_24,330,grey wolf,13,1
LU8,LU8_N20_24,330,lynx,0,0
LU8,LU8_N20_24,330,moose,3,1
LU8,LU8_N20_24,330,red fox,3,1
LU8,LU8_N20_24,330,red squirrel,25,1
LU8,LU8_N20_24,330,snowshoe hare,0,0
LU8,LU8_N20_24,330,white-tailed deer,7,1
LU8,LU8_N20_24,330,wolverine,1,1
LU8,LU8_O20_24,346,black bear,83,1
LU8,LU8_O20_24,346,caribou,0,0
LU8,LU8_O20_24,346,cougar,0,0
LU8,LU8_O20_24,346,coyote,3,1
LU8,LU8_O20_24,346,fisher,1,1
LU8,LU8_O20_24,346,grey wolf,6,1
LU8,LU8_O20_24,346,lynx,0,0
LU8,LU8_O20_24,346,moose,4,1
LU8,LU8_O20_24,346,red fox,0,0
LU8,LU8_O20_24,346,red squirrel,1,1
LU8,LU8_O20_24,346,snowshoe hare,1,1
LU8,LU8_O20_24,346,white-tailed deer,9,1
LU8,LU8_O20_24,346,wolverine,0,0
LU8,LU8_S24_24,350,black bear,12,1
LU8,LU8_S24_24,350,caribou,0,0
LU8,LU8_S24_24,350,cougar,0,0
LU8,LU8_S24_24,350,coyote,7,1
LU8,LU8_S24_24,350,fisher,0,0
LU8,LU8_S24_24,350,grey wolf,2,1
LU8,LU8_S24_24,350,lynx,0,0
LU8,LU8_S24_24,350,moose,1,1
LU8,LU8_S24_24,350,red fox,0,0
LU8,LU8_S24_24,350,red squirrel,0,0
LU8,LU8_S24_24,350,snowshoe hare,2,1
LU8,LU8_S24_24,350,white-tailed deer,4,1
LU8,LU8_S24_24,350,wolverine,0,0
LU8,LU8_S25_24,351,black bear,2,1
LU8,LU8_S25_24,351,caribou,0,0
LU8,LU8_S25_24,351,cougar,0,0
LU8,LU8_S25_24,351,coyote,2,1
LU8,LU8_S25_24,351,fisher,0,0
LU8,LU8_S25_24,351,grey wolf,0,0
LU8,LU8_S25_24,351,lynx,0,0
LU8,LU8_S25_24,351,moose,0,0
LU8,LU8_S25_24,351,red fox,0,0
LU8,LU8_S25_24,351,red squirrel,1,1
LU8,LU8_S25_24,351,snowshoe hare,4,1
LU8,LU8_S25_24,351,white-tailed deer,0,0
LU8,LU8_S25_24,351,wolverine,0,0
LU8,LU8_T25_24,335,black bear,13,1
LU8,LU8_T25_24,335,caribou,0,0
LU8,LU8_T25_24,335,cougar,0,0
LU8,LU8_T25_24,335,coyote,1,1
LU8,LU8_T25_24,335,fisher,0,0
LU8,LU8_T25_24,335,grey wolf,1,1
LU8,LU8_T25_24,335,lynx,0,0
LU8,LU8_T25_24,335,moose,2,1
LU8,LU8_T25_24,335,red fox,0,0
LU8,LU8_T25_24,335,red squirrel,0,0
LU8,LU8_T25_24,335,snowshoe hare,1,1
LU8,LU8_T25_24,335,white-tailed deer,22,1
LU8,LU8_T25_24,335,wolverine,0,0
