array,site,array_year,start_date,end_date,lat,long,easting_12n,northing_12n,buffer_dist,cfi,cfi_with_harvest,cfi_with_vegedges,harvest_0_10,harvest_0_15,harvest_10_20,harvest_10_25,harvest_20_30,harvest_30_40,harvest_gt_15,harvest_gt_25,harvest_gt_40,harvest_total,landfill,osm_industrial,pipe_trans,railways,roads,seismic_lines_3D,seismic_lines_conventional,seismic_total,trails,veg_edges,wells_active,wells_inactive,wells_total,pct_betu_pap,fire_0_10,fire_0_15,fire_10_20,fire_10_25,fire_20_30,fire_30_40,fire_gt_15,fire_gt_25,fire_gt_40,fire_total,pct_lari_lar,lc_broadleaf,lc_coniferous,lc_herbs,lc_mixedwood,lc_shrubs,lc_water,lc_wetland,lc_wetland_treed,pct_pice_gla,pct_pice_mar,pct_pinu_ban,pct_popu_tre,array_visit,ndvi,geometry
LU1,LU1_10,2022,2022-06-17,2022-12-05,54.58592,-110.60129,525766.8107989627,6048787.659593273,250,0.11538415595014252,0.12297401025455536,0.12297401025455536,0,0,0,0,0,0,0,0,0,0,0,0.04388803189027734,0.03037958715888238,0,0.0085264350104324,0,0,0,0,0.00758985430441285,0.01136538170837422,0.02122472018217619,0.03259010189055041,0,0,0,0,0,0,0,0,0,0,0,0.00174976893171749,0.8467509870034733,0.00780768101577655,0.04205539913671342,0.08352010165168872,7.626043534259162e-4,0,0.0030331166484673,0.01616841631927226,0,0.0026238064619849002,6.402833070563549e-4,0.9913083861959064,LU1_2022,0.7484895833333334,"c(525766.810798963, 6048787.65959327)"
LU1,LU1_11,2022,2022-06-17,2023-09-09,54.588892,-110.48226,533456.6812036387,6049168.492295013,250,0.18951800862124835,0.2531158023205454,0.2531158023205454,0,0,0,0,0,0,0,0,0,0,0,0,0.01406049219392939,0,0.03299767975268899,0,0,0,0,0.06359779369929706,0.14245983667462997,0,0.14245983667462997,0,0,0,0,0,0,0.00379114062710475,0.00379114062710475,0.00379114062710475,0,0.00379114062710475,0,0.17428675322996234,0.05892560204315603,0.1564048762517699,0.02992764709170313,2.8564236798301777e-4,0.273360267148975,0.11533897034079613,0.0992376527524459,0.00783997137655517,0.3234561548435969,0.04089476826649078,0.5551931592938874,LU1_2022,0.561675,"c(533456.681203639, 6049168.49229501)"
LU1,LU1_13,2022,2022-06-13,2023-09-10,54.60634,-110.72349,517860.66818018013,6051021.891309919,250,0.16128548321133607,0.19405632241026047,0.19405632241026047,0,0,0,0,0,0,0,0,0,0,0,0,0,0,0,0,0.03930689792453407,0.03930689792453407,0.00890495790296827,0.03277083919892441,0,0.11307362738383372,0.11307362738383372,0,0,0,0,0,0,0,0,0,0,0,0,0.7308116549566107,0.04379144355569793,0.07664817532267135,0.06616375180835943,3.0198435002505054e-4,0,0.06404822547785513,0.0182347645287804,0,0,0.03233814623287896,0.954631395144752,LU1_2022,0.73251875,"c(517860.66818018, 6051021.89130992)"
LU1,LU1_22,2022,2022-06-18,2023-09-09,54.65007,-110.48788,533043.9067839758,6055973.139892376,250,0.22944727038027496,0.27383327617793246,0.27383327617793246,0,0,0,0,0,0,0,0,0,0,0,0.08778815770420167,0.03940959299065293,0,0.02588916901925021,0,0.0058894177989482,0.0058894177989482,0.00307302764868805,0.04438600579765749,0.06739790521853391,0,0.06739790521853391,0,0,0,0,0,0,0,0,0,0,0,0.03202052744516191,0.046183040871574,0.18637494416678235,0.13775986127263104,0.02340263121666249,0,0,0.17009967107921764,0.31918382345909657,0,0.3116113539761605,0.095489886764876,0.48418852204174107,LU1_2022,0.6289687500000001,"c(533043.906783976, 6055973.13989238)"
LU1,LU1_25,2022,2022-06-17,2023-09-09,54.692400000000006,-110.549,529069.9948021881,6060656.239644214,250,0.20195848723875617,0.2594758126265042,0.2594758126265042,0,0,0,0,0,0,0,0,0,0,0,0.14452570916280036,0.02283578431851235,0,0.0272967510016348,0,0,0,0,0.05751732538774805,0.00730024275580866,0,0.00730024275580866,0,0,0,0,0,0,0,0,0,0,0,0.07519352637536944,0.15273929102542302,0.4274296296985752,0.1480104212107288,0.086184110506271,6.421644376353296e-5,0.02222878646616076,0.00390076277201964,0.04401205967892806,0,0.2829083422217709,0.2324737746734873,0.4094053804551932,LU1_2022,0.6283937500000001,"c(529069.994802188, 6060656.23964421)"
LU1,LU1_27,2022,2022-06-14,2023-09-10,54.69098,-110.7394,516798.0541118343,6060436.038469366,250,0.0934764641937545,0.12023534701567498,0.12023534701567498,0,0,0,0,0,0,0,0,0,0,0,0,0.02626588071308534,0,0.02146759144357844,0,0.01384689959805893,0.01384689959805893,0,0.02675888282192049,0,0.03189609243903178,0.03189609243903178,0,0,0,0,0,0,0,0,0,0,0,0,0.4129634284291606,0.23946182132049296,0.08430214850616939,0.05376721008436416,7.884195868116882e-4,0,0.0766316387505469,0.0875519904005717,0.02350098050535157,0.17646677558415608,0.06514152902546692,0.725914067912836,LU1_2022,0.63238125,"c(516798.054111834, 6060436.03846937)"
LU1,LU1_30,2022,2022-06-13,2023-09-10,54.73432,-110.82258,511424.15943137114,6065241.908204695,250,0.03882317097598901,0.0907579025912399,0.0907579025912399,0,0,0,0,0,0,0,0,0,0,0,0,0,0,0.02609710000551254,0,0.01272607097047647,0.01272607097047647,0,0.0519347316152509,0,0,0,0,0,0,0,0,0,0,0,0,0,0,0.00411235816806135,0.6177868028268305,0.1310738836697818,0.04420771948717678,0.07988060066967027,1.0945989180704975e-4,0.00221467992925498,0.04939628754804788,0.07542933804128023,0.03156381832169822,0.10437442062586882,0.02699838450035521,0.8169378348230526,LU1_2022,0.6635145833333334,"c(511424.159431371, 6065241.9082047)"
LU1,LU1_32,2022,2022-06-16,2023-09-09,54.74266,-110.54806,529094.5727078938,6066249.192262178,250,0.6227559443627646,0.6607967495726741,0.6607967495726741,0,0,0,0,0,0,0,0,0,0,0,0.5578580711567919,0.02682387629545408,0,0.03510682117894829,0,0.00147149314013409,0.00147149314013409,0,0.03804080520990953,0.00149568259143632,0,0.00149568259143632,0,0,0,0,0,0,0,0,0,0,0,0.02480329526648737,0.17355383762056242,0.19348238025758305,0.17351726506332557,0.0482215553772412,0.00640575935462622,0.00145422949197129,0.0324910731211547,0.12500397782572345,3.35857506407311e-4,0.26553663620840756,0.04723006665357937,0.6612867815341016,LU1_2022,0.6671,"c(529094.572707894, 6066249.19226218)"
LU1,LU1_36,2022,2022-06-16,2023-09-09,54.72431000000001,-110.53843,529727.9499859876,6064211.370486616,250,0.01855542389371063,0.01855542389371063,0.01855542389371063,0,0,0,0,0,0,0,0,0,0,0,0,0,0,0,0.00116103868734729,0.01739438520636335,0.01855542389371063,0,0,0,0,0,0,0,0,0,0,0,0,0,0,0,0,0.07697661016065747,0.06240480379768134,0.4250884063058978,0.01651570696711146,0.03638646617512527,4.443008520712826e-4,0,0.02480990607628403,0.43431798450367104,0,0.6667208500010677,0.02705939884994678,0.22703821908159116,LU1_2022,0.711653125,"c(529727.949985988, 6064211.37048662)"
LU1,LU1_40,2022,2022-06-17,2023-08-24,54.58176,-110.57063,527751.0422112439,6048336.444604886,250,0.20658455762668915,0.2484373721360145,0.2484373721360145,0,0,0,0,0,0,0,0,0,0,0,0,0.03808016919041226,0,0.02163559887287263,0,0.01234523561595756,0.01234523561595756,0,0.04185281450932533,0.11647888313390296,0.01804467081354373,0.1345235539474467,0,0,0,0,0,0,0,0,0,0,0,0,0.6250665461010901,0.00366314572241576,0.2219295160041422,0.05499442321649491,5.692111548252365e-4,0,0.01168059673751443,0.07770402385678103,0,0,0,0.9872135479500584,LU1_2022,0.7315312500000001,"c(527751.042211244, 6048336.44460489)"
LU1,LU1_41,2022,2022-06-15,2023-09-10,54.594100000000005,-110.29359,545642.6551964608,6049854.132664412,250,0.03795232207836672,0.0877581649065674,0.0877581649065674,0,0,0,0,0,0,0,0,0,0,0,0,0,0,0.02671103047575145,0,0.00787619379540799,0.00787619379540799,0.00336509780720728,0.04980584282820068,0,0,0,0,0,0,0,0,0,0,0,0,0,0,0.03347620130330223,0.3745037304389672,0.17416925095227093,0.04403403964592929,0.34477853342932707,0,0.00701049107951804,0.01167721291198566,0.04315669409665718,0.03398068104587179,0.03185795709857208,0.10743471704213248,0.7772449467629474,LU1_2022,0.7339291666666667,"c(545642.655196461, 6049854.13266441)"
LU1,LU1_43,2022,2022-06-18,2023-09-09,54.608610000000006,-110.51104,531581.652536649,6051349.203132933,250,0.28399678670458806,0.3119688001695935,0.3119688001695935,0,0,0,0,0,0,0,0,0,0,0,0,0.15217572485956135,0,0.01498498459637049,0,0.01066987382486016,0.01066987382486016,0,0.02797201346500543,0.10616620342379604,0,0.10616620342379604,0,0,0,0,0,0,0,0,0,0,0,0.11200741443319584,0.09059466797382186,0.04265197888774196,0.21526229149430395,0.0224200197156418,8.00962254237713e-6,0,0.03854042466620788,0.4607873220720424,0,0.122399249073798,0.07966468717777492,0.6196529051724392,LU1_2022,0.6281734375000001,"c(531581.652536649, 6051349.20313293)"
LU1,LU1_44,2022,2022-06-15,2023-09-09,54.59921000000001,-110.47691,533793.854956572,6050319.135362371,250,0.16076768401529706,0.30865069877149875,0.30865069877149875,0,0,0,0,0,0,0,0,0,0,0,0,0.04152524265818063,0,0.07181179570974451,0,0,0,0,0.14788301475620166,0.047430645647371913,0,0.047430645647371913,0,0,0,0,0,0,0.00291009961243491,0.00291009961243491,0.00291009961243491,0,0.00291009961243491,0.0544663672809852,0.12382837182371872,0.07202792586152298,0.2469866549624976,0.02189893099275668,0.00152823370571229,0.04628929372600964,0.1075493975919056,0.10947049144519223,0.02626075493743251,0.12477776876655432,0.12004460638968067,0.6611284010436932,LU1_2022,0.6079270833333333,"c(533793.854956572, 6050319.13536237)"
LU1,LU1_45,2022,2022-06-17,2023-09-09,54.59816000000001,-110.37065,540659.6693352675,6050258.579091811,250,0.15041847157763114,0.19185975484884407,0.19185975484884407,0,0,0,0,0,0,0,0,0,0,0,0,0.02306401785319809,0,0.02965769500299175,0,0.00881990928788446,0.00881990928788446,0,0.04144128327121294,0.08887684943355684,0,0.08887684943355684,0,0,0,0,0,0,0,0,0,0,0,0,0.370575210300818,0.05376554374423405,0.1676552413764083,0.28148667038690495,0,0,0.00156758951469294,0.03656537622039621,0,0.00329245592008064,0.00237310954512055,0.9162519296180412,LU1_2022,0.6863166666666667,"c(540659.669335268, 6050258.57909181)"
LU1,LU1_46,2022,2022-06-18,2023-09-09,54.616679999999995,-110.51263,531472.7289227777,6052246.442997281,250,0.2721824321750831,0.3392281415694832,0.3392281415694832,0,0,0,0,0,0,0,0,0,0,0,0.06955595459235138,0.11887324685751412,0,0.03808512046259843,0.02662232833924123,0.00685082698826187,0.0334731553275031,0,0.0670457093944001,0.01219495493511606,0,0.01219495493511606,0,0,0,0,0,0,0,0,0,0,0,0.12076449290695083,0.03948940978444642,0.10771524767316226,0.22067719223474147,0.03115460351027519,0.00111376468885439,0,0.04717745617882015,0.4479014550316774,0,0.22832763585893048,0.05496767161866139,0.5003556692823621,LU1_2022,0.6328750000000001,"c(531472.728922778, 6052246.44299728)"
LU1,LU1_47,2022,2022-06-15,2023-09-09,54.617839999999994,-110.48721000000002,533113.3118253504,6052387.198038379,250,0.2870662523967165,0.32655207731746205,0.32655207731746205,0,0,0,0,0,0,0,0,0,0,0,0.13186584002180576,0.0282301076291311,0,0.022131468011188,0.02697934032670447,0.00154871924116357,0.02852805956786804,0,0.03948582492074556,0.07631077716672367,0,0.07631077716672367,0,0,0,0,0,0,0,0,0,0,0,0.1378649272248174,0.17816406539264537,0.01158115944188765,0.2768059306057503,0.02576158704541654,0,0,0.06007446362191058,0.3872248897799438,0,0.07328429137078192,0.00257608398760446,0.7567558287100861,LU1_2022,0.6333979166666668,"c(533113.31182535, 6052387.19803838)"
LU1,LU1_48,2022,2022-06-17,2023-09-09,54.60776,-110.40762000000002,538262.2182523218,6051306.011127127,250,0.3811049018331142,0.4227470067287796,0.4227470067287796,0,0,0,0,0,0,0,0,0,0,0,0.2899049400981679,0.01756641198028687,0,0.02402758686794303,0,0.00959745823937929,0.00959745823937929,0,0.04164210489566546,0.00632996085875332,0.03367854378858368,0.040008504647337,0,0,0,0,0,0,0,0,0,0,0,0.01717879737798118,0.26399269085205734,0.102159467436869,0.25149651982366045,0.1611430243438369,0,0,0.01128547773367242,0.125965802294602,0,0.17196966281761095,0.03750840554941508,0.7375977386754794,LU1_2022,0.7054854166666666,"c(538262.218252322, 6051306.01112713)"
LU1,LU1_6,2022,2022-06-17,2023-09-10,54.56253000000001,-110.60829,525328.9342540767,6046182.504395512,250,0.07872211882961594,0.09571292483698354,0.09571292483698354,0,0,0,0,0,0,0,0,0,0,0,0,0.06060412902336811,0,0.0095228429701835,0,0,0,0,0.01699080600736761,0.00859514683606432,0,0.00859514683606432,0,0,0,0,0,0,0,0,0,0,0,0,0.7097266563806804,0.0017621900633446,0.10846869127623684,0.1534066459732084,0,0,8.132998720204144e-4,0.01440595485784662,0,0,0,0.9960398897421162,LU1_2022,0.7604770833333333,"c(525328.934254077, 6046182.50439551)"
LU1,LU1_60,2022,2022-06-18,2023-09-09,54.690430000000006,-110.50311,532029.4430693227,6060457.00132527,250,0.16079493409691054,0.16079493409691054,0.16079493409691054,0,0,0,0,0,0,0,0,0,0,0,0.06395401674809272,0.05400185863513657,0,0.01375461307148742,0,0.00700496110956582,0.00700496110956582,0,0,0,0.022079484532628,0.022079484532628,0,0,0,0,0,0,0,0,0,0,0,0.14034519518054936,0.188274118507244,0.162649431648409,0.11583764095776417,0.0913592821757614,0,2.651528434358005e-4,0.10805602778496504,0.3297077896705726,0.00742427961620241,0.19439251997663048,0.02598308564051462,0.6251343390247195,LU1_2022,0.6486229166666667,"c(532029.443069323, 6060457.00132527)"
LU1,LU1_63,2022,2022-06-16,2022-12-05,54.69512000000001,-110.38139,539870.8038651495,6061041.19200159,250,0.180426623106319,0.2478004573969124,0.2478004573969124,0,0,0,0,0,0,0,0,0,0,0,0,0.1372602660087717,0,0.0431663570975473,0,0,0,0,0.06737383429059345,0,0,0,0,0,0,0,0,0,0,0,0,0,0,0.04292265291255053,0.00605354600031523,0.5637378908352573,0.08994960910874969,0.00384258799617903,0,0,0.07066916869719053,0.13692128094549488,0,0.5140503734342355,0.32948598678481,0.11141383994194766,LU1_2022,0.6561416666666667,"c(539870.80386515, 6061041.19200159)"
LU1,LU1_64,2022,2022-06-16,2023-09-09,54.69595000000001,-110.31862,543915.5147019767,6061171.0032300865,250,0.1311240096819758,0.2485347747435731,0.2485347747435731,0,0,0.00220459255265293,0.01222333187834073,0.0100187393256878,0,0.4408112110487241,0.4285878791703834,0.4285878791703834,0.4408112110487241,0,0.04513236233481176,0.03730019515016988,0,0.04093810143373984,0,0.00603721764130658,0.00603721764130658,0,0.11741076506159732,3.081370587178589e-4,0.00140799606322986,0.00171613312194771,0,0,0,0,0,0,0,0,0,0,0,0.07191627721516523,0.07461160291142149,0.12610584992101734,0.10978543426465252,0.24730654192689225,0,0,0.01260393455358539,0.2226184932928169,0.00418083886180003,0.19874215777346552,0.01043253589552716,0.7099234528882443,LU1_2022,0.6769437500000001,"c(543915.514701977, 6061171.00323009)"
LU1,LU1_66,2022,2022-06-14,2023-09-10,54.70777,-110.72408,517778.22296196065,6062308.085680805,250,0.08873075837612539,0.13454930737917686,0.13454930737917686,0,0,0,0,0,0,0,0,0,0,0,0,0.00368690640987108,0,0.02573224507851501,0.04174322061689296,0,0.04174322061689296,0,0.04581854900305149,0.00872562983666682,0.00884275643417951,0.01756838627084633,0,0,0,0,0,0,0,0,0,0,0,0.2971400118161129,0.06574044808243923,0.1896766857620298,0.1819078883609208,0.06568951014870388,2.1541322145228643e-4,0,0.07414731317330905,0.39478447348685664,0.01488109553936128,0.168518006594457,0.00446478984945326,0.5136292739981829,LU1_2022,0.7166791666666668,"c(517778.222961961, 6062308.08568081)"
LU1,LU1_67,2022,2022-06-16,2023-09-09,54.75274,-110.55328,528751.385144662,6067368.674344985,250,0.14541674225620416,0.14541674225620416,0.14541674225620416,0,0,0,0,0,0,0,0,0,0,0,0,0.03300915242820518,0,0,0,0.00256574778267354,0.00256574778267354,0,0,0.08497711180887892,0.02486473023644651,0.10984184204532545,0,0,0,0,0,0,0,0,0,0,0,0,0.47721162794076655,0.16360127589515566,0.04704688940626053,0.08939905645232007,0,0.00117611457887518,0.00814233169990514,0.1482391827119506,0,0.245422791249664,9.855491033601324e-4,0.6808313763301859,LU1_2022,0.7353770833333333,"c(528751.385144662, 6067368.67434498)"
LU1,LU1_70,2022,2022-06-17,2023-04-11,54.60699,-110.56893,527843.7001830979,6051144.471224809,250,0.08188901936747048,0.11119953765907012,0.11119953765907012,0,0,0,0,0,0,0,0,0,0,0,0,0.01766943378534784,0,0.01575232999098062,0,0,0,0,0.02931051829159966,0.04846725559114202,0,0.04846725559114202,0,0,0,0,0,0,0,0,0,0,0,0.20803549676259797,0.05470852835429925,0.1210466748841775,0.09715276170585464,0.2583820163961514,0,0,0.01391741133910141,0.390508830536267,0.02810721811040263,0.2218071880493786,0.01241784525078678,0.5134595367179323,LU1_2022,0.7012458333333333,"c(527843.700183098, 6051144.47122481)"
LU1,LU1_71,2022,2022-06-18,2023-09-09,54.63866,-110.50838,531730.0655292924,6054694.0864779595,250,0.119338448927174,0.15344219608761625,0.15344219608761625,0,0,0,0,0,0,0,0,0,0,0,0,0.09961512889659307,0,0.01898967259480345,0,7.336474357774687e-4,7.336474357774687e-4,0,0.03410374716044226,0,0,0,0,0,0,0,0,0,0,0,0,0,0,0.07331387069313663,0.02295051242636735,0.22730453585773464,0.13032308492768718,0.04385958881726223,4.444617520261892e-4,0,0.0798315342035703,0.4084917229020572,3.4004178228334164e-4,0.3363318782620275,0.08191921824775936,0.5008829726405709,LU1_2022,0.6424729166666667,"c(531730.065529292, 6054694.08647796)"
LU1,LU1_72,2022,2022-06-16,2022-09-22,54.65901,-110.41977,537430.3559633855,6057002.070236914,250,0.11916693272951503,0.16372777700167815,0.16372777700167815,0,0,0,0,0,0,0,0,0,0,0,0,0.02634817144087554,0,0.0251188501137175,0,0.03872037125104088,0.03872037125104088,0,0.04456084427216312,0,0.02897953992388112,0.02897953992388112,0,0,0,0,0,0,0,0,0,0,0,0.0375545619190686,0.05155173942555537,0.36160539707066475,0.08612289940088894,0.03569721500948994,0,0,0.08183062373036486,0.3589223859130936,0,0.3695614991956204,0.15864544498291933,0.4309724432884489,LU1_2022,0.6821645833333333,"c(537430.355963386, 6057002.07023691)"
LU1,LU1_73,2022,2022-06-14,2023-09-10,54.675050000000006,-110.70935,518742.38346785546,6058671.068673693,250,0.31198584106852506,0.35939159553345423,0.35939159553345423,0,0,0,0,0,0,0,0,0,0,0,0.11064837350269537,0.01983681049380476,0,0.02269561929510323,0,0.03635750440617499,0.03635750440617499,0,0.04740575446492916,0.08488958975634871,0.03755794361439802,0.12244753337074674,0,0,0,0,0,0,0,0,0,0,0,0.13121375212827813,0.01466251049742326,0.16457896287046206,0.10626951894490452,0.01002439343099529,0,0,0.3705021634540547,0.23859164004493008,0,0.3635701639697663,0.06576976754973685,0.4319064594372329,LU1_2022,0.6750645833333333,"c(518742.383467855, 6058671.06867369)"
LU1,LU1_74,2022,2022-06-15,2023-09-10,54.66743,-110.26517,547393.5628430925,6058032.326147448,250,0.04758907781511735,0.05188640412641342,0.05188640412641342,0,0,0,0,0,0.11864815576474612,0.11864815576474612,0.11864815576474612,0,0.11864815576474612,0,0,0,0,0.02563636156140295,0,0.02195271625371441,0.02195271625371441,0,0.00429732631129606,0,0,0,0,0,0,0,0,0,0,0,0,0,0,0.06668267484174387,0.08944429421621476,0.30373856297908625,0.05712296690769591,0.2717004813517437,0,2.034681827009482e-4,0.06799013395836759,0.2097767094776076,0.04030220053349346,0.06524118174196646,0.03640864543661289,0.7813229138913119,LU1_2022,0.74514375,"c(547393.562843092, 6058032.32614745)"
LU1,LU1_75,2022,2022-06-14,2023-09-10,54.68616,-110.69173,519873.16744600306,6059912.152166309,250,0.17462940507324778,0.21134797618585113,0.21134797618585113,0,0,0,0,0,0,0,0,0,0,0,0.01546252497487223,0.06200438284134041,0,0.01783423413501867,0,0.01585802140007146,0.01585802140007146,0,0.03671857111260334,0.02515579751517454,0.03831444420677048,0.06347024172194501,0,0,0,0,0,0,0,0,0,0,0,0.04561512705907584,0.05796256612123851,0.43818097415521534,0.13382920852818983,0.03095777231226362,0.00612057112099213,0,0.08147219290256505,0.21797294604156936,0.03102588613267251,0.5595864395904556,0.02705571845059191,0.32162843313615636,LU1_2022,0.70784375,"c(519873.167446003, 6059912.15216631)"
LU1,LU1_76,2022,2022-06-14,2022-12-26,54.70008,-110.70893,518757.9210049606,6061456.338101148,250,0.26396612290840055,0.29936181540939055,0.29936181540939055,0,0,0,0,0,0,0,0,0,0,0,0.1895773899984486,0.03395342555146053,0,0.02123026408000761,0.00834711156402823,0.0108579317144556,0.01920504327848383,0,0.03539569250098998,0,0,0,0,0,0,0,0,0,0,0,0,0,0,0.030617573722049152,0.05927752884670117,0.44604739613481975,0.23003724891348323,0.04274980735774145,0,0,0.00706533542883395,0.1767933326818945,9.103399837473632e-4,0.5592526405740235,0.01009183559039364,0.3815434514498964,LU1_2022,0.6629666666666667,"c(518757.921004961, 6061456.33810115)"
LU1,LU1_77,2022,2022-06-16,2022-09-22,54.700920000000004,-110.53466000000002,529988.0140915285,6061610.310552047,250,0.187450753324606,0.2465477695406797,0.2465477695406797,0,0,0,0,0,0,0,0,0,0,0,0.07871724219087932,0.02527160509787202,0,0.0227531316641384,0,0,0,0,0.05909701621607371,0.06070877437171626,0,0.06070877437171626,0,0,0,0,0,0,0,0,0,0,0,0.03143034215936057,0.06693765190056936,0.4518976454601992,0.05911328094872963,0.07118031130258912,0.00425963374365973,0.01416092339048113,0.01717540704459956,0.09773950429389666,0,0.11310625918018154,0.27962070305110565,0.5752202613087779,LU1_2022,0.5797010416666666,"c(529988.014091528, 6061610.31055205)"
LU1,LU1_78,2022,2022-06-18,2023-09-09,54.69755000000001,-110.37037999999998,540577.9887446966,6061317.889308336,250,0.00920720781138519,0.08753872228762152,0.08753872228762152,0,0,0,0,0,0,0,0,0,0,0,0,0,0,0.00920720781138519,0,0,0,0,0.07833151447623633,0,0,0,0,0,0,0,0,0,0,0,0,0,0,0.1410912954696026,0.00129122752807822,0.4181322960383441,0.03865485845822023,0.0065544911749826,8.088767540125849e-4,0,0.02397111880818437,0.4698033607180383,6.233456157155911e-4,0.5828763630144526,0.18495569484478872,0.08699434709345691,LU1_2022,0.6481229166666668,"c(540577.988744697, 6061317.88930834)"
LU1,LU1_79,2022,2022-06-16,2023-09-09,54.703970000000005,-110.33426,542899.0558042112,6062053.725407843,250,0.22475533189501767,0.2584093922403895,0.2584093922403895,0,0,0,0,0,0,0,0,0,0,0,0.09825562545535713,0.05570144619815548,0,0.02065594041406,0.01332268801440562,0.01250654639828357,0.02582923441268918,0,0.03365406034537181,0,0.02431308541475588,0.02431308541475588,0,0,0,0,0,0,0,0,0,0,0,0.10016270816658994,0,0.3767033690180217,0.04734182712363821,9.118715010594578e-4,0.00105138836424737,0,0.01278232863220336,0.419140105682842,0,0.6791137269681715,0.10905235183000206,0.09155300765831184,LU1_2022,0.63546875,"c(542899.055804211, 6062053.72540784)"
LU1,LU1_80,2022,2022-06-17,2023-09-09,54.71254,-110.54085,529580.6559765858,6062900.669334268,250,0.24157680524710337,0.31872363716895125,0.31872363716895125,0,0,0,0,0,0,0,0,0,0,0,0,0.03225458994794798,0,0.02192425180757625,0,0,0,0,0.0771468319218479,0.1873979634915791,0,0.1873979634915791,0,0,0,0,0,0,0,0,0,0,0,0.05151600968787296,0.04279954715272816,0.2034639220895905,0.1897205196308342,0.03033429924184046,0.002844448613253,0,0.10473067993978602,0.2437985714027827,0,0.22350858880744853,0.11698663401243135,0.6014291956250393,LU1_2022,0.6432125000000001,"c(529580.655976586, 6062900.66933427)"
LU1,LU1_82,2022,2022-06-15,2023-09-10,54.703959000000005,-110.08388,559032.7028347463,6062234.287410351,250,0.04071561536843984,0.08734528949514633,0.08734528949514633,0,0,0,0,0,0,0,0,0,0,0,0,0,0,0.01286366850925274,0,0.0278519468591871,0.0278519468591871,0,0.04662967412670649,0,0,0,0,0,0,0,0,0,0,0,0,0,0,0.08052376370055044,3.9701820968111986e-4,0.5214381188187387,0.01210643435905158,0.06942037347264858,0,7.252016800655034e-5,0.01574962224455925,0.33420358963038477,0,0.7467156704865341,3.538634703934083e-4,0.14638913616381735,LU1_2022,NA,"c(559032.702834746, 6062234.28741035)"
LU1,LU1_83,2022,2022-06-17,2023-09-09,54.73326,-110.54852,529071.6893751898,6065203.035231719,250,0.2898683695399255,0.3751657808214738,0.3751657808214738,0,0,0,0,0,0,0,0,0,0,0,0.015568724410306,0.0466146198857219,0,0.03168719511900957,0,0.01326866034644628,0.01326866034644628,0,0.08529741128154826,0.1825173316929295,2.1183808551224288e-4,0.18272916977844175,0,0,0,0,0,0,0,0,0,0,0,0.02127094510741873,0.03888785001706625,0.32260600964596703,0.2060440953355249,0.02455038890819517,2.009751329550383e-4,6.029253988651149e-4,0.02809260750896632,0.1658976487586832,0,0.4971968262402774,0.12879002541969117,0.34493440852161844,LU1_2022,0.6708437500000001,"c(529071.68937519, 6065203.03523172)"
LU1,LU1_84,2022,2022-06-16,2023-09-09,54.72892000000001,-110.50404,531939.2348060943,6064739.446890527,250,0.1699825007663064,0.21185531415993455,0.21185531415993455,0,0,0,0,0,0,0,0,0,0,0,0.11637093387784243,0,0,0.01474540215533258,0.00878844987643961,0.00911535466951522,0.01790380454595483,0,0.04187281339362817,0,0.02096236018717655,0.02096236018717655,0,0.13436223539099224,0.13436223539099224,0,0,0,0,0,0,0,0.13436223539099224,0.01175636222899405,0.02189131305719634,0.6676915317792997,0.08840080551414418,0.0450621257833718,0.02607655222112926,0,0.04568006896887874,0.09224579306740469,0,0.4662535510006279,0.2653834970117968,0.2451801693518494,LU1_2022,0.7167604166666667,"c(531939.234806094, 6064739.44689053)"
LU1,LU1_85,2022,2022-06-13,2023-05-25,54.73971000000001,-110.71049,518639.19765712455,6065865.68579549,250,0.3133268952014846,0.3133268952014846,0.3133268952014846,0,0,0,0,0,0,0,0,0,0,0,0,0,0,0,0,0.00878670875808896,0.00878670875808896,0,0,0,0.30454018644339564,0.30454018644339564,0,0,0,0,0,0,0,0,0,0,0,0.0192085022310023,0.1690414214493715,0.2116590008909739,0.10731157762043686,0.06681647244949633,8.739798323495011e-5,0,0.00126828839395675,0.4437722431891783,0,0.2816661906985012,0,0.6807646358505246,LU1_2022,0.7403583333333333,"c(518639.197657125, 6065865.68579549)"
LU1,LU1_86,2022,2022-06-16,2023-07-27,54.73745,-110.34254,542330.617004722,6065774.063896275,250,0.03230579923576866,0.03954551480883662,0.03954551480883662,0,0,0,0.02358733631749649,0.02358733631749649,0,0.02358733631749649,0,0,0.02358733631749649,0,0,0.00158366447308983,0,0.00492978283049402,0,0.02402629761924347,0.02402629761924347,0,0.00723971557306796,0,0.00176605431294134,0.00176605431294134,0,0,0,0,0,0,0,0,0,0,0,0.02737082003403828,0.12500693702365284,0.4510625617156161,0.04562153348482786,0.06364509628434842,2.9149731495140425e-4,0,0.01433008021599259,0.2842957086984982,0,0.46672024003099494,0.11457478507443648,0.3885469243338204,LU1_2022,0.6756645833333333,"c(542330.617004722, 6065774.06389628)"
LU13,LU13_11,2022,2022-09-15,2023-09-24,57.17275000000001,-111.04179,497473.12089306954,6336616.685389035,250,0.5985825831907073,0.6409927423526072,0.6409927423526072,0,0,0,0,0,0,0,0,0,0,0,0.4547168775055835,0.03166028340780214,0,0.02259628746510291,0.02694994905216707,0,0.02694994905216707,0,0.04241015916189985,0.00318546031171003,0.05947372544834167,0.0626591857600517,0,0.00824896421741205,0.00824896421741205,0,1.2799840506289248e-4,1.2799840506289248e-4,0,1.2799840506289248e-4,0,0,0.00837696262247494,0.0381187770306581,0.01110586262298508,0.20736209849818063,0,0.0033878296513226,0,0.03767089830547771,0.04184299903462778,0.4725763625078141,0,0.6522236440362875,0.13995190721938866,0.16073578958732132,LU13_2022,0.72126875,"c(497473.12089307, 6336616.68538904)"
LU13,LU13_12,2022,2022-09-16,2023-09-24,57.057739999999995,-111.31858,480676.964330659,6323858.38122181,250,0.0443106326091649,0.0443106326091649,0.0443106326091649,0,0,0,0,0,0,0,0,0,0,0,0,0,0,0,0,0.03581499440796279,0.03581499440796279,0,0,0,0.00849563820120211,0.00849563820120211,0,0,0,0,0,0,0,0,0,0,0,0,0.00105055494770261,0.7824376627293417,0,0.00210110989540523,0.00105055494770261,0,0.00622829004709408,0.2036049643940378,0,0.98791861810142,0,0,LU13_2022,0.6747416666666667,"c(480676.964330659, 6323858.38122181)"
LU13,LU13_128,2022,2022-09-16,2023-09-24,57.063210000000005,-111.3068,481394.1976718645,6324464.006005322,250,0.04306313233519816,0.04306313233519816,0.04306313233519816,0,0,0,0,0,0,0,0,0,0,0,0.01498820726856842,0,0,0,0,0.01265983162459102,0.01265983162459102,0.01541509344203873,0,0,0,0,0,0,0,0,0,0,0,0,0,0,0,0.02009647761376109,0.05112407927611357,0.7624147657685049,0.00351865471733302,0.02157460886654999,0.00493556265719867,0,0.0159202541581292,0.12641384055450747,0,0.8145369561246661,0,0.15352244867421128,LU13_2022,0.6942354166666668,"c(481394.197671864, 6324464.00600532)"
LU13,LU13_13,2022,2022-09-16,2023-09-24,57.07174,-111.30007,481806.50896256446,6325411.716689266,250,0.03056367591659676,0.03056367591659676,0.03056367591659676,0,0,0,0,0,0,0,0,0,0,0,0,0.00151847220736724,0,0,0,0.00878142809691542,0.00878142809691542,0.01882644351821609,0,0,0.00143733209409801,0.00143733209409801,0,0,0,0,0,0,0,0,0,0,0,0.01861608954250071,0.00119362328653744,0.6753450490036375,1.2758515729884383e-6,0.01341961446216043,9.488761183493832e-4,0,0.0033085881136622,0.3027558573659759,0,0.9428098709796836,9.397912569927068e-4,0.02315752396300612,LU13_2022,0.7193270833333333,"c(481806.508962564, 6325411.71668927)"
LU13,LU13_131,2022,2022-09-16,2023-09-24,57.06533000000001,-111.32229999999998,480455.3224948368,6324704.32650561,250,0.05275911082627269,0.05275911082627269,0.05275911082627269,0,0,0,0,0,0,0,0,0,0,0,0,0.01742411459203842,0,0,0,0.01594419211622521,0.01594419211622521,0,0,0,0.01939080411800905,0.01939080411800905,0,0,0,0,0,0,0,0,0,0,0,0.03308983713143049,0.1480304343077481,0.5286689545148943,0.00221986328764313,0.01185974853566239,0.00276813042260033,0,0.04771707735213355,0.2464895713225633,0,0.7079784851188011,0,0.2449480396458723,LU13_2022,0.6987416666666667,"c(480455.322494837, 6324704.32650561)"
LU13,LU13_14,2022,2022-09-15,2023-09-24,57.12302,-111.19258,488339.8123069894,6331096.525420971,250,0.4631451838557946,0.4631451838557946,0.4631451838557946,0,0,0,0,0,0,0,0,0,0,0,0,0.46291095957260786,0,0,0,0,0,2.3422428318675296e-4,0,0,0,0,0,0,0,0,0,0,0,0,0,0,0,0.01022031543551009,0.03291202180315097,0.45058856428348376,0.05007431956759047,0.03116797948397904,0.02563097177725462,0,0.00599354606695739,0.1458019942426663,0,0.5998270292407172,9.366771170898912e-4,0.36528313040243776,LU13_2022,0.683828125,"c(488339.812306989, 6331096.52542097)"
LU13,LU13_15,2022,2022-09-18,2023-09-27,57.14037,-111.59116000000002,464223.8632156805,6333166.465912139,250,0.2752217941944935,0.361015952790358,0.361015952790358,0,0,0,0,0,0,0,0,0,0,0,0.15698331785860362,0.06795575898197846,0,0.01742585718482367,0,0.03285686016908775,0.03285686016908775,0,0.08579415859586446,0,0,0,0,0,0.00201857847295847,0.00201857847295847,0.00201857847295847,0,0,0,0,0,0.00201857847295847,0.07809622094211466,0.00522552918429382,0.6180008095353119,0,0.07872794908640389,0,0.00531148021594805,0.04570872351290515,0.06092465932220573,0,0.622716027845731,0.04762092011017051,0.17803137231064697,LU13_2022,0.6459625,"c(464223.863215681, 6333166.46591214)"
LU13,LU13_16,2022,2022-09-18,2023-09-27,57.16297000000001,-111.58554,464585.5722862072,6335679.26593479,250,0.4488542892887004,0.4488542892887004,0.4488542892887004,0,0,0,0,0,0,0,0,0,0,0,0.4413844685562542,0,0,0,0,0.0074698207324463,0.0074698207324463,0,0,0,0,0,0,0,0,0,0,0,0,0,0,0,0,0.05713982651146856,0.00167543818789597,0.5821201768551316,0,0.06955432321346344,0.00137589185620179,9.056770185670518e-5,0.01301791987550707,0.02473532306848055,0,0.45027758997911776,0.2494783398547551,0.13778659391531484,LU13_2022,0.6848302083333333,"c(464585.572286207, 6335679.26593479)"
LU13,LU13_17,2022,2022-09-15,2023-09-24,57.16414,-111.10896,493410.0815294281,6335662.725005699,250,0.1850599401346754,0.22631975769143375,0.22631975769143375,0,0,0,0,0,0,0,0,0,0,0,0,0.09578135234771964,0,0.03014312474883244,0.04662311255053691,0.01251235048758641,0.05913546303812332,0,0.04125981755675838,0,0,0,0,0,0,0,0,0,0,0,0,0,0,0,0.0259999495034118,0.5997233200050748,0.00357621790135761,0.18382558847483657,0.00467232886701349,0,0.01261340534812636,0.02911963163083525,0,0.5618514413994714,0.12515065561571062,0.28809593482126933,LU13_2022,0.6887895833333333,"c(493410.081529428, 6335662.7250057)"
LU13,LU13_18,2022,2022-09-18,2023-09-27,57.179930000000006,-111.5902,464320.0739628832,6337569.614511734,250,0.4559029481092623,0.4559029481092623,0.4559029481092623,0,0,0,0,0,0,0,0,0,0,0,0.38287207984667193,0.06421027153968126,0,0,0,0.00882059672290914,0.00882059672290914,0,0,0,0,0,0,0,1.5760100825582208e-4,1.5760100825582208e-4,0.00244759073882426,0.00228998973056844,0,0.00228998973056844,0,0,0.00244759073882426,0.13930799746915154,0.00178614476023265,0.4385581390871815,0,0.02417182680848075,0,5.652698746624233e-4,0.14353560999907444,0.1214802369035765,0,0.5087277033940862,0.05878873410784913,0.09275974223557144,LU13_2022,0.6139458333333333,"c(464320.073962883, 6337569.61451173)"
LU13,LU13_19,2022,2022-09-15,2023-09-24,57.163340000000005,-111.13,492137.4099684517,6335575.900099875,250,0.3885929587217374,0.6481782418773568,0.4939954797094528,0,0.15418276216790408,0.15418276216790408,0.15418276216790408,0,0,0,0,0,0.15418276216790408,0,0.19994983594929325,0.1563957212580555,0,0.03224740151438868,0,0,0,0,0.10540252098771542,0,0,0,0,0,0,0,0,0,0,0,0,0,0,0.00579775656133677,0.1541057447986484,0.2435885796225348,0.13439307997470945,0.0223919969741071,0,0,0.01834322234408016,0.1091775256845346,0,0.23533132479820168,0,0.6410991355107786,LU13_2022,0.7078916666666667,"c(492137.409968452, 6335575.90009988)"
LU13,LU13_20,2022,2022-09-14,2023-09-24,57.1806,-111.10409,493707.4169632783,6337494.564737168,250,0.4164134318934468,0.4896063384343065,0.4896063384343065,0,0,0,0,0,0,0,0,0,0,0,0.238178834497131,0.08718336595890219,0,0.02228894158181925,0.02548926270436324,0.00517653265661214,0.03066579536097538,0.01657308241831022,0.0731929065408597,0.02152341207630873,0,0.02152341207630873,0,0,0,0,0,0,0,0,0,0,0,0,0.05285585309799739,0.34712638249309524,0.1486495304823202,0.04289914696097771,0,0.00480768769353407,0.04356710871884636,0.11791967086812276,0,0.3940223575251459,0.03916162654085042,0.5623919278133569,LU13_2022,0.5773375000000001,"c(493707.416963278, 6337494.56473717)"
LU13,LU13_21,2022,2022-09-18,2023-09-27,57.19368,-111.58622,464573.8392547519,6339098.137356905,250,0.6670231822272956,0.6676363288723061,0.6676363288723061,0,0,0,0,0,0,0,0,0,0,0,0.5579842873449137,0.0872333456424067,0,0.02180554923997523,0,0,0,0,6.131466450104742e-4,0,0,0,0,0,0,7.964475651834424e-4,0.00263810244600849,0.00184165488082505,0,0.00263810244600849,0,0,0.00263810244600849,0.14666493312544734,0,0.32940778785548447,0,0,0,0.03869433514802636,0.15151675704941286,0.14211991296631715,0,0.6019637560924984,0.05428872694220774,0.15516718109759237,LU13_2022,0.46166041666666674,"c(464573.839254752, 6339098.13735691)"
LU13,LU13_22,2022,2022-09-15,2023-09-24,57.17485,-111.12086,492692.4812117806,6336856.156385674,250,0.00770570970672872,0.00770570970672872,0.00770570970672872,0,0,0,0,0,0.00332140601417325,0.00332140601417325,0.00332140601417325,0,0.00332140601417325,0,4.701904221669951e-4,0,0,0,0,0.00723551928456173,0.00723551928456173,0,0,0,0,0,0,0,0,0,0,0,0,0,0,0,0,0,0.05724712551358515,0.4147735969358693,1.3047270773752927e-4,0.5162909872528262,0,0,0,0.00729464535828943,0,0.35385181461490356,0,0.6401294919516616,LU13_2022,0.7217416666666667,"c(492692.481211781, 6336856.15638567)"
LU13,LU13_26,2022,2022-09-16,2023-09-24,57.08022,-111.27681,483220.60531814536,6326349.718606728,250,0.20213575726689065,0.22304799477224463,0.22304799477224463,0,0,0,0,0,0,0,0,0,0,0,0,0.18126272957889672,0,0.02087302768799394,0,0,0,0,0.02091223750535401,0,0,0,0,0,0,0,0,0,0,0,0,0,0,0.05923107937917322,2.636626605802241e-4,0.545688499166451,0.01808738548349157,0.00685522917508582,0.01256211625407229,0,0.03912913463772994,0.22800001066414535,0,0.7267820385309237,0,0.1997904457377249,LU13_2022,0.7024333333333334,"c(483220.605318145, 6326349.71860673)"
LU13,LU13_27,2022,2022-09-16,2023-09-24,57.097150000000006,-111.24763000000002,484996.24288582953,6328227.511506748,250,0.1718560525079736,0.1892164876975137,0.1892164876975137,0,0,0,0,0,0,0,0,0,0,0,0,0.14051781011373135,0,0.01703974840719906,0,0.01429849398704317,0.01429849398704317,0,0.0173604351895401,0,0,0,0,0,0,0,0,0,0,0,0,0,0,0.05794981095877042,0.00172121941776084,0.5847969367766513,0.00926162556464818,0,0.00961915982566364,0,0.09471371377377796,0.2781402034679935,0,0.8564236922229663,0,0.08122243185811456,LU13_2022,0.69418125,"c(484996.24288583, 6328227.51150675)"
LU13,LU13_3,2022,2022-09-18,2023-09-27,57.12465,-111.49142000000002,470247.3084264982,6331368.676032839,250,0,0.6870198549538111,0,0.6870198549538111,0.6870198549538111,0,0,0,0,0,0,0,0.6870198549538111,0,0,0,0,0,0,0,0,0,0,0,0,0,0,0,0,0,0,0,0,0,0,0,0,0.08852893986128174,0.1242998302741647,0.197306412568677,0,0,0.01239582305999318,0,0.227857913356258,0.2937882589600615,0,0.4903434984340277,0.05280993059585786,0.36433378756581114,LU13_2022,0.6917666666666668,"c(470247.308426498, 6331368.67603284)"
LU13,LU13_30,2022,2022-09-16,2023-09-24,57.04375,-111.36054,478123.7272529245,6322313.737581318,250,0.08022680851967211,0.08775203560320896,0.08775203560320896,0,0,0,0,0,0,0,0,0,0,0,0,0.05761318709699542,0,0.00733975722974239,0,0.01527386419293429,0.01527386419293429,0,0.00752522708353685,0,0,0,0,0,0,0,0,0,0,0,0,0,0,0.02029612039749154,0,0.2442363785039207,1.8389052626405391e-6,0,0,0,0.02658715312366146,0.6984423025619128,0,0.9379174600725092,0.00468469789756786,0.00281571885798673,LU13_2022,0.65924375,"c(478123.727252925, 6322313.73758132)"
LU13,LU13_32,2022,2022-09-16,2023-09-24,57.04958,-111.34759,478912.7864094643,6322958.631600377,250,0.22683726962400672,0.24798678412303665,0.24798678412303665,0,0,0,0,0,0,0,0,0,0,0,0,0.18865588466280228,0,0.03818138496120447,0,0,0,0,0.02114951449902992,0,0,0,0,0,0,0,0,0,0,0,0,0,0,0.2147694950157017,0,0.1304810551477598,0.01220088507863813,0,0,0,0.2243904008150876,0.5729428061345693,0,0.7322702345119496,0,0.04263722865902213,LU13_2022,0.6759125,"c(478912.786409464, 6322958.63160038)"
LU13,LU13_33,2022,2022-09-16,2023-09-24,57.0561,-111.33517,479669.8288322192,6323680.641388611,250,0.2438313807010129,0.2664961647714572,0.2664961647714572,0,0,0,0,0,0,0,0,0,0,0,0,0.20505936359241855,0,0.02291404974399284,0,0,0,0.00719650779541429,0.02266478407044431,0.00866145956918723,0,0.00866145956918723,0,0,0,0,0,0,0,0,0,0,0,0.1809433198104328,0.00320583992541306,0.4222271648829548,0.00967057290743898,0.00579978660071759,2.740179267919132e-5,0,0.180219370609199,0.3312466479516889,0,0.752868635526575,0,0.05621941481284223,LU13_2022,0.6781,"c(479669.828832219, 6323680.64138861)"
LU13,LU13_34,2022,2022-09-18,2023-09-27,57.12297000000001,-111.45408,472506.76850448793,6331165.998673154,250,0.0344184946409168,0.3647447114600926,0.0344184946409168,0.3303262168191758,0.3303262168191758,0,0,0,0,0,0,0,0.3303262168191758,0,0,0,0,0,0,0.00888548289425304,0.00888548289425304,0.01394791325435522,0,0,0.01158509849230854,0.01158509849230854,0,0,0,0,0,0,0,0,0,0,0,0,0,0.7057516508603233,0,6.351941324196546e-4,0.02407086061544199,0,0.01359450149102417,0.01547792644803349,0,0.1823961217534991,0.8031175072749275,0,LU13_2022,0.52894375,"c(472506.768504488, 6331165.99867315)"
LU13,LU13_35,2022,2022-09-16,2023-09-26,57.11565,-111.43315,473768.8360320066,6330342.923998093,250,0.06135029225716591,0.12454078033820958,0.12454078033820958,0,0,0,0,0,0,0,0,0,0,0,0.01043628449488583,0,0,0.02066551984807401,0,0.00840066650945253,0.00840066650945253,0.00516893745127584,0.06319048808104366,0,0.0166788839534777,0.0166788839534777,0,0,0,0,0,0,0,0,0,0,0,0.02337416097388343,0,0.49469227672869176,0,0,0,0,0.316444870552646,0.10394088797403764,0,0.4535457085674,0.4791622733163808,0.04391785714233567,LU13_2022,0.6510458333333333,"c(473768.836032007, 6330342.92399809)"
LU13,LU13_36,2022,2022-09-15,2023-09-27,57.12073000000001,-111.38155,476896.82666234055,6330889.754647152,250,0.0539681815262933,0.13675522791441025,0.13675522791441025,0,0,0,0,0,0,0,0,0,0,0,0,0,0,0.02542029725043368,0,0.0180703075172989,0.0180703075172989,0,0.08278704638811694,0,0.01047757675856073,0.01047757675856073,0,0,3.052932000437039e-4,3.052932000437039e-4,3.052932000437039e-4,0,0,0,0,0,3.052932000437039e-4,0.04080002221837434,0,0.451632725962335,0,3.052932000437039e-4,5.0183290264402e-6,1.5264660002185196e-4,0.03080852163338806,0.4258390607916003,0,0.8916680940745022,0.06129357272954881,0,LU13_2022,0.6637895833333334,"c(476896.826662341, 6330889.75464715)"
LU13,LU13_37,2022,2022-09-18,2023-09-27,57.11808,-111.37926,477033.84740603017,6330593.99285106,250,0.0591588369833335,0.1613261648678587,0.1613261648678587,0,0,0,0,0,0,0,0,0,0,0,0,0,0,0.0312794695224845,0,0.01572203658209078,0.01572203658209078,0,0.1021673278845252,0,0.01215733087875822,0.01215733087875822,0,0,1.1983404861813592e-4,1.1983404861813592e-4,1.1983404861813592e-4,0,0,0,0,0,1.1983404861813592e-4,0.00431702292695184,0,0.698419249012702,0,1.1983404861813592e-4,2.6856781954416294e-4,5.9917024309067965e-5,0.01214271443337037,0.16121404592831953,0,0.90285498342178,0.08602900671270843,0,LU13_2022,0.62871875,"c(477033.84740603, 6330593.99285106)"
LU13,LU13_38,2022,2022-09-15,2023-09-27,57.11777,-111.35448,478534.2170245104,6330551.415765374,250,0.06237362109755624,0.1537726858346201,0.1537726858346201,0,0,0,0,0,0,0,0,0,0,0,0,0,0,0.02802208036882499,0,0,0,0.0186006403376237,0.09139906473706384,0,0.01575090039110755,0.01575090039110755,0,0,0,0,0,0,0,0,0,0,0,0.04212773311578202,7.364523331975015e-4,0.3957063807811224,0,7.633506923844968e-4,0,0,0.03638314694839987,0.444114666978877,0,0.8310444758851483,0.10554368165724778,0.00719002715286657,LU13_2022,0.6281635416666667,"c(478534.21702451, 6330551.41576537)"
LU13,LU13_41,2022,2022-09-15,2023-09-24,57.13169,-111.18623,488726.921400142,6332060.579590536,250,0.2688301150064044,0.3771522342029924,0.3771522342029924,0,0,0,0,0,0,0,0,0,0,0,0,0.23562428027374335,0,0.03320583473266109,0,0,0,0,0.10832211919658802,0,0,0,0,0,0,0,0,0,0,0,0,0,0,0,0.01864377301217897,0.44337493770176817,0.02744149173009269,0.02503902705481745,0.00593851440712371,0,0.00142150169989736,0.24338548058709125,0,0.7328630041863072,0.01908809603110895,0.2333346393984312,LU13_2022,0.6856645833333334,"c(488726.921400142, 6332060.57959054)"
LU13,LU13_43,2022,2022-09-15,2023-09-24,57.14806,-111.15834999999998,490418.8126757553,6333878.587190207,250,0.11898065933200132,0.21229884608276123,0.21229884608276123,0,0,0,0,0,0,0,0,0,0,0,0,0.07825757104544087,0,0.02873577284133952,0,0.01198731544522094,0.01198731544522094,0,0.09331818675075988,0,0,0,0,0,0.003449716477714,0.003449716477714,0.003449716477714,0,0,0,0,0,0.003449716477714,0.0985932223555743,0.03575529146254755,0.2090530128083336,0.02352180627208508,0.00990643171528886,2.4144221089868157e-4,0,0.03250943780432867,0.5942219923847756,0,0.5985845600669978,0,0.29857758208034474,LU13_2022,0.6756447916666667,"c(490418.812675755, 6333878.58719021)"
LU13,LU13_45,2022,2022-09-15,2023-09-24,57.1554,-111.14605,491164.79037309525,6334693.999751847,250,0.15106182145177502,0.5719357295176566,0.22969806429885997,0,0.34223766521879667,0.34223766521879667,0.34223766521879667,0,0,0,0,0,0.34223766521879667,0,0.09417665463361984,0.0282054648620131,0,0.02380708087427662,0,0.00487262108186544,0.00487262108186544,0,0.07863624284708495,0,0,0,0,0,0.01066492524558775,0.01066492524558775,0.01066492524558775,0,0,0,0,0,0.01066492524558775,0.04750701022813257,0.20874342525694164,0.08804780549795335,0.1931829981125332,0.01228013188874148,0.00366424144733627,0,0.02565540429101185,0.27711440174492763,0,0.12207239528566284,0,0.8197804738577716,LU13_2022,0.7023583333333333,"c(491164.790373095, 6334693.99975185)"
LU13,LU13_47,2022,2022-09-18,2023-09-24,57.1871,-111.09103,494497.902779457,6338217.005614256,250,0.3064736104763057,0.3146159929015161,0.3146159929015161,0,0,0,0,0,0,0,0,0,0,0,0.10962861109304196,0.07153499929830112,0,0.05328973907695664,0.06065166156895248,0.00936850817267437,0.07002016974162685,0,0.00814238242521038,0,0.00200009126637912,0.00200009126637912,0,0,0,0,0,0,0,0,0,0,0,0.06618667906750247,0.0376001444271566,0.12984665586371505,0.02559218690452216,0.0136624823942319,0.01451285030799501,0,0.02052213123633002,0.6029311238019993,0,0.6201763043464396,0.01336860822885744,0.29420968068389514,LU13_2022,0.7221458333333334,"c(494497.902779457, 6338217.00561426)"
LU13,LU13_49,2022,2022-09-15,2023-09-24,57.193340000000006,-111.07793,495290.4957489808,6338910.653045533,250,0.26185053740262854,0.34200631945897275,0.34200631945897275,0,0,0,0,0,0,0,0,0,0,0,0,0.13942786436664767,0,0.02382864825894347,0.06770803686003683,2.176942786780973e-5,0.06772980628790465,0,0.08015578205634419,0,0.03086421848913276,0.03086421848913276,0,0,3.489035137794667e-4,3.489035137794667e-4,3.489035137794667e-4,0,0,0,0,0,3.489035137794667e-4,0.00969844646736068,0.04276482009731906,0.172495290833616,0.02734232498590012,0.00660205273581364,0,0,0.02449744141263826,0.5831983387927744,0,0.6511751122515705,0,0.24355025162979568,LU13_2022,0.6712666666666667,"c(495290.495748981, 6338910.65304553)"
LU13,LU13_5,2022,2022-09-16,2023-09-23,57.1115,-111.21362000000002,487061.8854939164,6329817.9447749965,250,0.41313161069006854,0.43026085319122925,0.43026085319122925,0,0,0,0,0,0,0,0,0,0,0,0,0.39586596416036424,0,0.01726564652970431,0,0,0,0,0.01712924250116073,0,0,0,0,0,0,0,0,0,0,0,0,0,0,0.0176521848071576,0.03370237893335779,0.38662337757406545,0.05365488812130208,0.03233191471356188,0.05077732114613638,0,0.03762494201559144,0.12779475788989392,0,0.5483263849408709,0.00479525011026696,0.40978255488132304,LU13_2022,0.7140729166666667,"c(487061.885493916, 6329817.944775)"
LU13,LU13_51,2022,2022-09-16,2023-09-24,57.08858,-111.25424,484592.1939485075,6327275.00139388,250,0.28309234998407223,0.29871507755674576,0.29871507755674576,0,0,0,0,0,0,0,0,0,0,0,0,0.26706679312055953,0,0.01602555686351268,0,0,0,0,0.0156227275726735,0,0,0,0,0,0,0,0,0,0,0,0,0,0,0.04569534742564668,7.777070327195961e-5,0.5076003044263899,0.07567597645561304,5.324021860596791e-4,0.00251383473223453,0,0.04165314747264752,0.1832543374172784,0,0.7283364551021533,0,0.21879052325495885,LU13_2022,0.6827645833333333,"c(484592.193948507, 6327275.00139388)"
LU13,LU13_52,2022,2022-09-15,2023-09-27,57.11729,-111.41942000000002,474601.4282416654,6330520.287483885,250,0.05694560640615272,0.2030446789911195,0.14840453772071505,0.05464014127040444,0.05464014127040444,0,0,0,0,0,0,0,0.05464014127040444,0,0,0,0,0.03144183730410615,0,0.01083339159446021,0.01083339159446021,0,0.09145893131456231,0,0.01467037750758636,0.01467037750758636,0,0,0,0,0,0,0,0,0,0,0,0,0,0.8124406677011254,0,1.9966095630716347e-4,6.64809295439898e-4,0,0.00250452490311304,0.00440184974198947,0,0.33511497011313973,0.6601473930559087,0,LU13_2022,0.6158041666666667,"c(474601.428241665, 6330520.28748388)"
LU13,LU13_53,2022,2022-09-15,2023-09-24,57.11683,-111.2645,483982.5942887108,6330422.06073381,250,6.66972917385368e-4,0.02053678356019231,0.02053678356019231,0,0,0,0,0,0,0,0,0,0,0,0,0,0,6.66972917385368e-4,0,0,0,0,0.01986981064280694,0,0,0,0,0,0,0,0,0,0,0,0,0,0,0,0,0.936883254109698,0,9.740361342775562e-5,0,0,0.00165307846788819,0.04015175680442092,0,0.9881210660062636,0.00763922625311969,0,LU13_2022,0.653759375,"c(483982.594288711, 6330422.06073381)"
LU13,LU13_55,2022,2022-09-18,2023-09-27,57.11781,-111.30484,481540.2090756391,6330541.343869722,250,0.02859216542236552,0.12260375006475176,0.12260375006475176,0,0,0,0,0,0,0,0,0,0,0,0,0,0,0.02859216542236552,0,0,0,0,0.09401158464238624,0,0,0,0,0,0,0,0,0,0,0,0,0,0,0.13926683548193475,0.02928811226856737,0.26053247750697056,0,0.01316829853935587,0.00219471642322597,0,0.02132478133990917,0.5555392131882271,0,0.7032761294789995,0.07897472595381727,0.07545283703297592,LU13_2022,0.6439833333333334,"c(481540.209075639, 6330541.34386972)"
LU13,LU13_56,2022,2022-09-15,2023-09-24,57.1521,-111.10345,493741.2939270289,6334321.936245136,250,0.48167175370886933,0.5473140502308745,0.5473140502308745,0,0,0,0,0,0,0,0,0,0,0,0.2223147543536568,0.17380037695179867,0,0.04284084415123015,0.03442150136556068,0.00829427688662304,0.04271577825218372,0,0.06564229652200523,0,0,0,0,0,0,0,0,0,0,0,0,0,0,0.00574613821887955,0.02842682933269616,0.31216148773140157,0.01643511593944533,0.02398825160765401,0.02778103770684767,0,0.03352069347684172,0.16430884985172314,0,0.4365250063185558,0.3562723595738602,0.19303904146806292,LU13_2022,0.6206583333333334,"c(493741.293927029, 6334321.93624514)"
LU13,LU13_57,2022,2022-09-18,2023-09-24,57.20649,-111.05726,496540.86488449504,6340373.257721259,250,0.2277598250072488,0.2277598250072488,0.2277598250072488,0,0,0,0,0,0,0,0,0,0,0,0,0.13118385599393304,0,0,0.05275592431133697,0.01287022029851213,0.0656261446098491,0,0,0,0.03094982440346668,0.03094982440346668,0,0,0,0,0,0,0,0,0,0,0,0.02206408029362511,0.04412519065858225,0.4774821210876071,0.0145595559293002,0.01144572484868854,0.00138617136692579,0,0.02771234767586857,0.387449150079229,0,0.7520872150431316,0,0.19535837680891988,LU13_2022,0.6983312500000001,"c(496540.864884495, 6340373.25772126)"
LU13,LU13_59,2022,2022-09-15,2023-09-24,57.12108,-111.25407,484615.9670030699,6330892.7576912735,250,0.02265945275208559,0.07174618613140984,0.07174618613140984,0,0,0,0,0,0,0,0,0,0,0,0,0,0,0.017325641596919,0,0.00533381115516659,0.00533381115516659,0,0.04908673337932426,0,0,0,0,0,0,0,0,0,0,0,0,0,0,6.864016098412779e-6,8.372254982787922e-4,0.7444022999148611,0,0.01028368731041309,0,0,0.00402252744206089,0.18837460065104353,0,0.9665689747650674,0.01858610725087233,0,LU13_2022,0.69186875,"c(484615.96700307, 6330892.75769127)"
LU13,LU13_6,2022,2022-09-15,2023-09-24,57.12073000000001,-111.2196,486703.0083957579,6330846.551176109,250,0.03691839630515626,0.11384933794858489,0.11384933794858489,0,0,0,0,0,0,0,0,0,0,0,0,0,0,0.02364588034086465,0,0.01327251596429161,0.01327251596429161,0,0.0769309416434286,0,0,0,0,0,0,0,0,0,0,0,0,0,0,0,7.943673912889627e-4,0.7230682722567608,0,0.00999711402800662,2.0060224825441055e-5,0,0.00622701632828395,0.17953973210452542,0,0.956175202444116,0.02877636333525161,0,LU13_2022,0.7192458333333334,"c(486703.008395758, 6330846.55117611)"
LU13,LU13_70,2022,2022-09-15,2023-09-24,57.19792,-111.05211,496851.2522681376,6339419.00489534,250,0.11872590069574776,0.14268303099916263,0.14268303099916263,0,0,0,0,0,0,0,0,0,0,0,0,0.0136741166052897,0,0.01152181315390265,0.08764485293114414,0.00588511800541128,0.09352997093655542,0,0.02395713030341485,0,0,0,0,7.581365634766731e-4,7.581365634766731e-4,0,0,0,0,0,0,0,7.581365634766731e-4,2.6867418847718233e-5,0.01294233982425682,0.7078494321915725,1.4249739910351418e-4,0.0348109952188098,0,0,0.00773281570653213,0.21963285783354808,0,0.8760343326866439,0,0.11711057963803584,LU13_2022,0.7117187500000001,"c(496851.252268138, 6339419.00489534)"
LU13,LU13_8,2022,2022-09-15,2023-09-24,57.14077,-111.17169,489609.6155952056,6333069.034034191,250,0.1337076871637538,0.2209909799707949,0.2209909799707949,0,0,0,0,0,0,0,0,0,0,0,0.04465717929917164,0.06156215815266563,0,0.02748834971191654,0,0,0,0,0.08728329280704104,0,0,0,0,0,0,0,0,0,0,0,0,0,0,0.03503156765998066,0.00999155658208285,0.673001161777506,0.02842309891178362,0.03680102692516921,0.01065594514035946,0,0.00551239532787712,0.10716613620921206,0,0.7996601320446154,0.01291434454102244,0.15244738414778292,LU13_2022,0.6849791666666667,"c(489609.615595206, 6333069.03403419)"
LU14,LU14_100,2023,2023-09-26,2024-09-26,57.21349,-112.32694,419856.3233502198,6341931.293747484,250,0.03038837258952497,0.03038837258952497,0.03038837258952497,0,0,0,0,0,0,0,0,0,0,0,0,0,0,0,0,0.03038837258952497,0.03038837258952497,0,0,0,0,0,0,0,0,0,0,0,0,0,0,0,0,0,6.547677980199842e-4,0.19358606092797245,0,0.08341616933410122,0,0,0.01371160800559496,0.708669909687136,0,0.8969947214955022,0,0.10142613263868484,LU14_2023,0.6971291666666667,"c(419856.32335022, 6341931.29374748)"
LU14,LU14_102,2023,2023-09-26,2024-09-26,57.21218,-112.24976,424514.8027022622,6341697.3515789015,250,0.01482928103283263,0.01482928103283263,0.01482928103283263,0,0,0,0,0,0,0,0,0,0,0,0,0,0,0,0,0.01482928103283263,0.01482928103283263,0,0,0,0,0,0,0,0,0,0,0,0,0,0,0,0,0,0.02405988422470843,0.7293149583514738,0.0026050239610694,0.06573929296906722,0,0,0.00780043691713478,0.16787537961547705,0,0.8656295486244876,0,0.12422159203121966,LU14_2023,0.7245916666666667,"c(424514.802702262, 6341697.3515789)"
LU14,LU14_105,2023,2023-09-26,2024-09-26,57.226420000000005,-112.42336,414063.35302271094,6343487.984663296,250,0.10766643713271697,0.10766643713271697,0.10766643713271697,0,0,0,0,0,0,0,0,0,0,0,0,0.03038194893477696,0,0,0,0,0,0,0,0,0.07728448819794,0.07728448819794,0,0,0,0,0,0,0,0,0,0,0,0,0.09959957029736402,0.6775055503725003,6.785982000396216e-4,0.09316510778664525,0,0.00240119363090943,0.00480238726181886,0.121795392589181,0,0.5746114492978023,0,0.41692576094812617,LU14_2023,0.7585895833333334,"c(414063.353022711, 6343487.9846633)"
LU14,LU14_110,2023,2023-09-26,2024-09-27,57.24136,-112.55234,406314.71765268134,6345320.896703065,250,0.11178486593385534,0.11178486593385534,0.11178486593385534,0,0,0,0,0,0,0,0,0,0,0,0,0,0,0,0.06254739433427343,0.01702880877289112,0.07957620310716455,0,0,0,0.03220866282669079,0.03220866282669079,0,0,0,0,0,0,0,0,0,0,0,0,0.00838651149234515,0.8724643897554012,0.01015890411194288,0.02786486076488875,0,0.00244874617178424,0.00720977585889722,0.07034398339527635,0,0.9140126448221568,0.00687194586144896,0.06323700197857035,LU14_2023,0.6775375,"c(406314.717652681, 6345320.89670307)"
LU14,LU14_114,2023,2023-09-26,2024-09-26,57.23443,-112.3881,416210.1987792412,6344335.62362766,250,0,0,0,0,0,0,0,0,0,0,0,0,0,0,0,0,0,0,0,0,0,0,0,0,0,0,0,0,0,0,0,0,0,0,0,0,0,0,0.00485084434186699,0.883359379661184,1.5686049465322384e-5,0.0092905288857141,1.5686049465322384e-5,0.01135439645021411,0.01418262818871139,0.07684351768060932,0,0.9164149255840128,0,0.08180474658606568,LU14_2023,0.7140802083333333,"c(416210.198779241, 6344335.62362766)"
LU14,LU14_115,2023,2023-09-26,2024-09-26,57.23761,-112.3089,420997.39010993845,6344594.955181667,250,0.03014013239035643,0.03014013239035643,0.03014013239035643,0,0,0,0,0,0,0,0,0,0,0,0,0,0,0,0,0.03014013239035643,0.03014013239035643,0,0,0,0,0,0,0,0,0,0,0,0,0,0,0,0,0,6.816806088913053e-4,0.22598403243031912,0,0.0120657467773761,0,0,0.00327206692267826,0.7580646413216243,0,0.9711649102438978,0,0.02685821599031742,LU14_2023,0.69244375,"c(420997.390109938, 6344594.95518167)"
LU14,LU14_120,2023,2023-09-26,2024-09-27,57.27318,-112.59342,403918.62523982994,6348919.772431652,250,0.06125232846982439,0.06125232846982439,0.06125232846982439,0,0,0,0,0,0,0,0,0,0,0,0,0,0,0,0,0.02013144338645373,0.02013144338645373,0,0,0,0.04112088508337067,0.04112088508337067,0,0,0,0,0,0,0,0,0,0,0,0,0.01031269255412258,0.7933177763712644,6.75849291202394e-4,0.03271024465727307,1.710851670045117e-4,2.7001468786452517e-4,0.00277769052893465,0.15893087814940002,0,0.8819932867446646,3.1877340296130724e-6,0.1033279255447598,LU14_2023,0.6914104166666667,"c(403918.62523983, 6348919.77243165)"
LU14,LU14_121,2023,2023-09-26,2024-09-27,57.26169,-112.5294,407749.8451524951,6347552.379374946,250,0.01368547186150894,0.01368547186150894,0.01368547186150894,0,0,0,0,0,0,0,0,0,0,0,0,0,0,0,0,0.01368547186150894,0.01368547186150894,0,0,0,0,0,0,0,0,0,0,0,0,0,0,0,0,0,0.00512612243156817,0.7957758441844512,2.8815481124199805e-4,0.0038807826260249,2.8815481124199805e-4,0.01374507561923207,0.06082615790361341,0.12003528437002932,0,0.941153436947436,0.01477049069504433,0.03610939684365834,LU14_2023,0.7063708333333334,"c(407749.845152495, 6347552.37937495)"
LU14,LU14_131,2023,2023-09-26,2024-09-26,57.28914,-112.27245,423304.45476634015,6350289.010309863,250,0,0,0,0,0,0,0,0,0,0,0,0,0,0,0,0,0,0,0,0,0,0,0,0,0,0,0,0,0,0,0,0,0,0,0,0,0,0,9.344749108083472e-4,0.5905089239477025,0,0.04743940980192689,0,0.00558405739385475,0.01740827502674724,0.33812485891896027,0,0.9296098604977652,0,0.05326506991607581,LU14_2023,0.7129333333333333,"c(423304.45476634, 6350289.01030986)"
LU14,LU14_135,2023,2023-09-26,2024-09-26,57.32076,-112.36021,418085.54469904024,6353910.823777473,250,0.01078246354000519,0.01078246354000519,0.01078246354000519,0,0,0,0,0,0,0,0,0,0,0,0,0,0,0,0,0.01078246354000519,0.01078246354000519,0,0,0,0,0,0,0,0,0,0.28537258138499355,0.28537258138499355,0,0.28537258138499355,0,0,0.28537258138499355,0,0.01545891609477875,0.3519130507082995,1.2975893296183084e-4,0.02429611903365167,0.04351991745438119,0.0325578946375317,0.17897608475559337,0.35298376642002016,0,0.8319738435429096,0.05387158366798678,0.11072782570527524,LU14_2023,0.6450083333333333,"c(418085.54469904, 6353910.82377747)"
LU14,LU14_16,2023,2023-10-03,2024-09-27,56.959219999999995,-112.29803,421063.9390673828,6313596.093109183,250,0.015166994817766,0.03032986782908955,0.03032986782908955,0,0,0,0,0,0,0,0,0,0,0,0,0,0,0,0,0,0,0.015166994817766,0.01516287301132355,0,0,0,0,0,0,0,0,0,0,0,0,0,0,0,0.08190478973156061,0.1429124684288101,0,0.10428500179727598,0,0,0.00160950314182348,0.6693030211586041,0,0.6450344999669765,0,0.34917111658126215,LU14_2023,0.7428614583333334,"c(421063.939067383, 6313596.09310918)"
LU14,LU14_17,2023,2023-10-03,2024-09-26,56.96855000000001,-112.19186,427538.0888221619,6314516.955820921,250,0.00977891818157157,0.00977891818157157,0.00977891818157157,0,0,0,0,0,0,0,0,0,0,0,0,0,0,0.00604064591417642,0,0,0,0,0,0,0.00373827226739515,0.00373827226739515,0,0,0,0,0,0,0,0,0,0,0,0.02702329141954713,0.09997751828525887,0.3113981645443982,0.00331332612322357,0.170534842887908,0,0.00108771673809275,0.04221175957962139,0.3694274900831626,0,0.4107191708987647,0,0.5600696800012371,LU14_2023,0.731740625,"c(427538.088822162, 6314516.95582092)"
LU14,LU14_19,2023,2023-09-30,2024-09-30,56.98159,-112.45065,411836.40365610167,6316272.524921992,250,0.0290895135925939,0.08153191488694723,0.08153191488694723,0,0,0,0,0,0,0,0,0,0,0,0,0,0,0.0290895135925939,0,0,0,0,0.05244240129435333,0,0,0,0,0,0,0,0,0,0,0,0,0,0,0.0598567379287038,0.03808059907756882,0.4414565288172715,1.9274551553947787e-5,0.00957027339385618,5.49268198468146e-4,0,0.20769835052900468,0.2119599587249037,0,0.5156835663784687,0.08594474880294109,0.31096034316546806,LU14_2023,0.6719760416666667,"c(411836.403656102, 6316272.52492199)"
LU14,LU14_20,2023,2023-09-30,2024-09-30,56.97155,-112.4352,412751.826859002,6315135.234977585,250,0.13138302667094423,0.17330975427808207,0.17330975427808207,0,0,0,0,0,0,0,0,0,0,0,0.0997130770087406,0,0,0.03166994966220363,0,0,0,0,0.04192672760713783,0,0,0,0,0,0,0,0,0,0,0,0,0,0,0,0.05624829590168399,0.5112806155344594,0.00668123003323097,0.08083224333003594,0,0,0.02287489956048092,0.21477793881888071,0,0.5732908700500831,0.05298000571672805,0.3684520342075084,LU14_2023,0.7092833333333334,"c(412751.826859002, 6315135.23497759)"
LU14,LU14_250,2023,2023-10-02,2024-09-26,57.020590000000006,-112.16242,429426.4260379256,6320278.484541901,250,0,0,0,0,0,0,0,0,0,0,0,0,0,0,0,0,0,0,0,0,0,0,0,0,0,0,0,0,0,0,0,0,0,0,0,0,0,0,9.507305865053724e-4,0.6052401178384933,0,0.1786117838921189,0,0.00118432688798632,0.00867586532275334,0.20534931467120507,0,0.7156863548307507,0,0.2826467056606463,LU14_2023,0.7205927083333333,"c(429426.426037926, 6320278.4845419)"
LU14,LU14_3,2023,2023-09-30,2024-09-30,56.94589,-112.30953,420336.21882470045,6312125.769456703,250,0.03523547983296441,0.09101033768792244,0.09101033768792244,0,0,0,0,0,0,0,0,0,0,0,0,0,0,0.03049424956185438,0,0.00474123027111003,0.00474123027111003,0,0.05577485785495804,0,0,0,0,0,0,0,0,0,0,0,0,0,0,0,0.10960305966958989,0.25060766659558226,0.01013071341046174,0.22645165230963,0,0,0.02060192083232075,0.3516141427487335,0,0.34297856147846917,0.0087080739365671,0.6467957374449324,LU14_2023,0.7407,"c(420336.2188247, 6312125.7694567)"
LU14,LU14_30,2023,2023-09-30,2024-09-30,57.01174,-112.49358,409300.9363864574,6319684.43367259,250,0.0544927495179929,0.10737138756825752,0.10737138756825752,0,0,0,0,0,0,0,0,0,0,0,0.01131208577094555,0,0,0.02943824559320826,0,0.0137424181538391,0.0137424181538391,0,0.0528786380502646,0,0,0,0,0,0,0,0,0,0,0,0,0,0,0,1.6054023075127337e-4,0.3762534522643622,0.0017320915959761,0.00673338618657635,0,0,0.0148847329563306,0.4968121224025415,0,0.716796849349707,0.02555136952085036,0.2544139041723999,LU14_2023,0.6848833333333333,"c(409300.936386457, 6319684.43367259)"
LU14,LU14_31,2023,2023-09-30,2024-09-30,57.00264,-112.47708,410280.9187900837,6318649.809394082,250,0.03477026136593645,0.0709571194398711,0.0709571194398711,0,0,0,0,0,0,0,0,0,0,0,0,0,0,0.0199968262940988,0,0.01477343507183765,0.01477343507183765,0,0.03618685807393464,0,0,0,0,0,0,0,0,0,0,0,0,0,0,0,0.01879743315545567,0.3536452966011469,0.00243495389489723,0.07731104411647607,0,0,0.03062921659219253,0.4511165523212552,0,0.31924922442117387,0.00870522143540514,0.6708205880719978,LU14_2023,0.7129031250000001,"c(410280.918790084, 6318649.80939408)"
LU14,LU14_33,2023,2023-10-03,2024-09-27,57.00923,-112.3383,418724.2495313491,6319209.576564437,250,0,0,0,0,0,0,0,0,0,0,0,0,0,0,0,0,0,0,0,0,0,0,0,0,0,0,0,0,0,0,0,0,0,0,0,0,0,0,0.00722093348144203,0.36766787624653446,0.0292901371765632,0.01876200602633151,0,0.00450204262924481,0.05771530397302733,0.5103396578376118,0,0.5235708275339488,0,0.47204581260851886,LU14_2023,0.7213416666666668,"c(418724.249531349, 6319209.57656444)"
LU14,LU14_37,2023,2023-10-02,2024-09-26,57.01992,-112.10431,432953.04854866746,6320145.36173619,250,0,0.3969014768310696,0,0.3969014768310696,0.3969014768310696,0,0,0,0.2587128832861551,0.2587128832861551,0.2587128832861551,0,0.6556143601172246,0,0,0,0,0,0,0,0,0,0,0,0,0,0,0,0,0,0,0,0,0,0,0,0,0,0.18754136560919116,0.1533690177455273,0,0.633723939218382,0,0,0.00147782145679874,0.02381748351977694,0,0.10636311677061153,0,0.8770080912230829,LU14_2023,0.7273020833333333,"c(432953.048548667, 6320145.36173619)"
LU14,LU14_47,2023,2023-09-30,2024-09-30,57.03347,-112.55693,405509.469917243,6322188.872381493,250,0.01755196030381198,0.0525078331692269,0.0525078331692269,0,0,0,0,0,0,0,0,0,0,0,0,0,0,0.01755196030381198,0,0,0,0,0.03495587286541492,0,0,0,0,0,0,0,0,0,0,0,0,0,0,0,0.06205876225964415,0.6294294650131911,0.00641481682248909,0.03648926210144791,0,0,0.00665980999227615,0.20205506266203763,0,0.6244770470929657,0.03602467252141742,0.33647099404367575,LU14_2023,0.7505937500000001,"c(405509.469917243, 6322188.87238149)"
LU14,LU14_48,2023,2023-09-30,2024-09-30,57.031310000000005,-112.53831,406633.99521472526,6321922.852359931,250,0.04546994646778037,0.10077894306793368,0.10077894306793368,0,0,0,0,0,0,0,0,0,0,0,0,0,0,0.03018442998059101,0,0.01528551648718936,0.01528551648718936,0,0.05530899660015331,0,0,0,0,0,0,0,0,0,0,0,0,0,0,0,0.01189592878546712,0.7967251304717332,0.00325935858447455,0.01613087674403943,0,0,0.00474553255210622,0.05041254816571072,0,0.8892052117906392,0.03423924238494594,0.06817982868672051,LU14_2023,0.7276541666666667,"c(406633.995214725, 6321922.85235993)"
LU14,LU14_49,2023,2023-09-30,2024-09-30,57.02781,-112.51659,407943.48739405646,6321503.813706188,250,0.13718042705753303,0.16559008402377223,0.16559008402377223,0,0,0,0,0,0,0,0,0,0,0,0,0,0,0.01629151659721541,0,0.01905533685473861,0.01905533685473861,0,0.0284096569662392,0,0.101833573605579,0.101833573605579,0,0,0,0,0,0,0,0,0,0,0,0,0.00566974046876632,0.5730897657107064,0.00355689931182124,0.00587858869235177,0,0,0.01037717628508979,0.3530345448615163,0,0.5753942761701977,0.00932767511735032,0.4147642310578438,LU14_2023,0.727075,"c(407943.487394056, 6321503.81370619)"
LU14,LU14_51,2023,2023-10-03,2024-09-27,57.03178,-112.43441,412940.63235834654,6321837.896992686,250,0,0,0,0,0,0,0,0,0,0,0,0,0,0,0,0,0,0,0,0,0,0,0,0,0,0,0,0,0,0,0,0,0,0,0,0,0,0,0.06711353138992551,0.040013553143393,0.00398985744680131,0.05605108941367696,0,0.00395809710589663,0.11103963337593428,0.7177659950708224,0,0.10039270010258644,0,0.8966870006104841,LU14_2023,0.7416479166666667,"c(412940.632358347, 6321837.89699269)"
LU14,LU14_54,2023,2023-09-30,2024-09-30,57.04813000000001,-112.59723,403102.0806370251,6323876.9979516715,250,0.06893857206571215,0.11606790920935468,0.11606790920935468,0,0,0,0,0,0,0,0,0,0,0,0,0,0,0.02578669335421019,0,0.00240891149549047,0.00240891149549047,0,0.04712933714364252,0,0.04074296721601149,0.04074296721601149,0,0,0,0,0,0,0,0,0,0,0,0.00372629412712603,0.07451055984428995,0.14467786518594164,0.02516737264946844,0.04590752438734701,0,0.00117932175784157,0.35806157772354213,0.2740489410896584,0,0.12376998081116916,0.07452793386986464,0.7898743634640589,LU14_2023,0.6912416666666668,"c(403102.080637025, 6323876.99795167)"
LU14,LU14_56,2023,2023-10-03,2024-09-27,57.066,-112.44809,412191.2109344503,6325664.165930759,250,0.01414214155602289,0.01414214155602289,0.01414214155602289,0,0,0,0,0,0,0,0,0,0,0,0,0,0,0,0,0.01414214155602289,0.01414214155602289,0,0,0,0,0,0,0,0,0,0,0,0,0,0,0,0,0,4.4864255018656234e-4,0.19115764840730037,0,0.00533873794762017,0,0,0.01474885716228328,0.7883362568774737,0,0.8441283284268615,0,0.1522999432326032,LU14_2023,0.7274729166666667,"c(412191.21093445, 6325664.16593076)"
LU14,LU14_57,2023,2023-10-03,NA,57.04958,-112.31251,420376.7059290082,6323670.2989174295,250,0.01110477425319548,0.01110477425319548,0.01110477425319548,0,0,0,0,0,0,0,0,0,0,0,0,0,0,0,0,0.01110477425319548,0.01110477425319548,0,0,0,0,0,0,0,0,0,0,0,0,0,0,0,0,0.01101505357317739,0.03747680969369661,0.2003473859312194,0.00100136850665249,0.13121571154832493,0,0.00405207611591052,0.22643646506857645,0.3923890772671485,0,0.28400994236758653,0,0.7041717066654138,LU14_2023,0.7157010416666667,"c(420376.705929008, 6323670.29891743)"
LU14,LU14_61,2023,2023-09-30,2024-09-30,57.056,-112.6067,402548.2502697878,6324766.397424504,250,0.06812817305431683,0.10557918612769204,0.10557918612769204,0,0,0,0,0,0,0,0,0,0,0,0,0.04807903698808397,0,0.02004913606623286,0,0,0,0,0.03745101307337522,0,0,0,0,0,0,0.19849802430599991,0.19849802430599991,0,0,0.19849802430599991,0,0,0.19849802430599991,0.0389647328007084,0.00899109386066691,0.14249578847053757,0,0.02031057802512791,0,0.00761453771940306,0.38123798579575785,0.3815102342725921,0,0.34022594580418203,0.04686115504837824,0.5711710059794268,LU14_2023,0.6675229166666667,"c(402548.250269788, 6324766.3974245)"
LU14,LU14_62,2023,2023-10-02,2024-09-26,57.06214000000001,-112.13075,431425.6851036093,6324871.019883973,250,0,0,0,0,0,0,0,0,0,0,0,0,0,0,0,0,0,0,0,0,0,0,0,0,0,0,0,0,0,0,0,0,0,0,0,0,0,0,9.828976068548597e-4,0.8053287510972987,0,0.013735360132387,0,0.00158604910806862,0.01343540577461639,0.16485340887326644,0,0.9105643761044144,0.02236092055594805,0.06192254923185616,LU14_2023,0.6825020833333333,"c(431425.685103609, 6324871.01988397)"
LU14,LU14_63,2023,2023-09-30,2024-09-30,57.07264,-112.60155,402904.04106148647,6326611.067908779,250,0.04686464547076915,0.08836951757608387,0.08836951757608387,0,0,0,0,0.1605315191836844,0,0.1605315191836844,0.1605315191836844,0,0.1605315191836844,0,0,0,0,0.02287331645905616,0,0.02399132901171299,0.02399132901171299,0,0.04150487210531472,0,0,0,0,0,0.00611089145603703,0.00611089145603703,0.00611089145603703,0,0,0,0,0,0.00611089145603703,0,0.19411185071838688,0.13255412301130615,0.00621959160903266,0.07562261336882983,0,0,0.09079621460156916,0.46110879029534385,0,0.13439135492472606,0,0.8239372772857525,LU14_2023,0.7282000000000001,"c(402904.041061486, 6326611.06790878)"
LU14,LU14_66,2023,2023-09-30,2024-02-10,57.085910000000005,-112.60819,402536.3333226355,6328097.469171536,250,0.11993920852952368,0.14219431284774045,0.14219431284774045,0,0,0,0,0,0,0,0,0,0,0,0.1059704485816198,0,0,0.01396875994790387,0,0,0,0,0.02225510431821679,0,0,0,0,0,0,0,0,0,0,0,0,0,0,0.0041224808987448,0.09921686137421032,0.23776487804591712,0.00258466228620951,0.04935046590101927,0,0,0.1775743117220617,0.364545451754088,0.01439534245032167,0.28310463329631946,0.0220557157759864,0.6136809489679836,LU14_2023,0.6767791666666667,"c(402536.333322636, 6328097.46917154)"
LU14,LU14_7,2023,2023-09-30,2024-09-30,56.9571,-112.41011000000002,414243.7738258533,6313495.178990953,250,0.07388740487315797,0.1398744935220137,0.1398744935220137,0,0,0,0,0,0,0,0,0,0,0,0.02957091104366674,0,0,0.03033545900381683,0,0,0,0.0139810348256744,0.06598708864885572,0,0,0,0,0,0,0,0,0,0,0,0,0,0,0,0.09461650793552752,0.08732939866190881,0.01775456344974572,0.5439841902284532,0,0,0.01898036865864869,0.1578425342798461,0,0.14910346653984427,0.02384045716689507,0.8265185814196052,LU14_2023,0.7624104166666668,"c(414243.773825853, 6313495.17899095)"
LU14,LU14_70,2023,2023-10-02,2024-04-04,57.0854,-112.17182,428979.5863553371,6327502.029904097,250,0,0,0,0,0,0,0,0,0,0,0,0,0,0,0,0,0,0,0,0,0,0,0,0,0,0,0,0,0,0,0,0,0,0,0,0,0,0,0.09299153120830377,0.3888065207491965,0.00534518376714298,0.237099487991933,0,0,0.03012482197086771,0.16081157150564562,0.00695445280703507,0.4088021211280015,0,0.5835316372820817,LU14_2023,0.7156958333333333,"c(428979.586355337, 6327502.0299041)"
LU14,LU14_71,2023,2023-10-03,2024-09-27,57.099720000000005,-112.35362,417993.64808687,6329299.776270689,250,0,0,0,0,0,0,0,0,0,0,0,0,0,0,0,0,0,0,0,0,0,0,0,0,0,0,0,0,0,0,0,0,0,0,0,0,0,0,0.4797789635115434,0.08223247597415614,0.01431168822864974,0.07442679340746035,0,3.378806042021441e-4,0.07842131711778785,0.27046892409191753,0,0.10484093898404982,0.00961071733426566,0.8797000654142929,LU14_2023,0.739784375,"c(417993.64808687, 6329299.77627069)"
LU14,LU14_72,2023,2023-10-02,2024-09-27,57.099850000000004,-112.30749,420788.41671731626,6329259.748961244,250,0,0,0,0,0,0,0,0,0,0,0,0,0,0,0,0,0,0,0,0,0,0,0,0,0,0,0,0,0,0,0,0,0,0,0,0,0,0,0.18755058625446805,0.10216209314234044,0.03484800852186565,0.04570734832441514,0,0,0.07950577775422649,0.5277380093826635,0,0.1970240469239241,0.01864995613359001,0.7758840072703879,LU14_2023,0.7127020833333333,"c(420788.416717316, 6329259.74896124)"
LU14,LU14_74,2023,2023-10-02,2024-09-27,57.11259,-112.29683,421461.140151398,6330665.45700316,250,0.06987826391490613,0.06987826391490613,0.06987826391490613,0,0,0,0,0,0,0,0,0,0,0,0,0.01688109718505521,0,0,0,0.01222229349441118,0.01222229349441118,0,0,0.04077487323543975,0,0.04077487323543975,0,0,0,0,0,0,0,0,0,0,0,0,0.03610402138003318,0.09326622323376677,0,0.02975809333038938,0,0,0.01397200728628815,0.8268996547695225,0,0.7867973991406491,0,0.2088294225469415,LU14_2023,0.732225,"c(421461.140151398, 6330665.45700316)"
LU14,LU14_75,2023,2023-10-03,2024-09-27,57.13144,-112.51261,408440.7147838744,6333032.567205313,250,0,0,0,0,0,0,0,0,0,0,0,0,0,0,0,0,0,0,0,0,0,0,0,0,0,0,0,0,0,0,0,0,6.919411901132267e-6,6.919411901132267e-6,6.919411901132267e-6,0,6.919411901132267e-6,0,0.06646404829392909,0.41473522382160166,1.4992059119119912e-5,0.18111342477882475,0,0.02723150768331568,0.03210856453802942,0.27835772915602663,0.03400084154033919,0.33395312915485315,0.01799617357748796,0.60280422821056,LU14_2023,0.7253395833333334,"c(408440.714783874, 6333032.56720531)"
LU14,LU14_76,2023,2023-10-02,2024-09-27,57.1339,-112.31454,420434.3718317401,6333057.904554643,250,0,0,0,0,0,0,0,0,0,0,0,0,0,0,0,0,0,0,0,0,0,0,0,0,0,0,0,0,0,0,0,0,0,0,0,0,0,0,0.12746227387544476,0.2899357577808519,0,0.23494198789149817,0,0.00210107753000131,0.12506930036706335,0.19104481688506952,0,0.2598904255842873,0.04154062999408265,0.6901268582798784,LU14_2023,0.6793291666666668,"c(420434.37183174, 6333057.90455464)"
LU14,LU14_78,2023,2023-10-03,2024-09-27,57.14869,-112.39216,415770.21368976025,6334797.315912318,250,0,0,0,0,0,0,0,0,0,0,0,0,0,0,0,0,0,0,0,0,0,0,0,0,0,0,0,0,0,0,0,0,0,0,0,0,0,0,0.4582995721687753,0.2074582474323616,7.736326481392171e-4,0.28044493455824493,0,0,0.00256628052684467,0.05025421790338611,0,0.16259744961988082,0,0.8305329422194139,LU14_2023,0.7602479166666667,"c(415770.21368976, 6334797.31591232)"
LU14,LU14_8,2023,2023-09-30,2024-09-30,56.95589,-112.38725,415631.1661896453,6313332.052127257,250,0.02897268158351944,0.08228982427803821,0.08228982427803821,0,0,0,0,0,0,0,0,0,0,0,0,0,0,0.02897268158351944,0,0,0,0,0.05331714269451878,0,0,0,0,0,0,0,0,0,0,0,0,0,0,0,0.02261898629934007,0.3281928378512314,0.01035078282872748,0.0888136313446247,0,0,0.01219102293108573,0.4676086614353241,0,0.6994017938846022,0.06739077310753405,0.23208480650825525,LU14_2023,0.7110979166666667,"c(415631.166189645, 6313332.05212726)"
LU14,LU14_80,2023,2023-10-02,2024-09-26,57.15258,-112.14778,430562.312907953,6334954.96085588,250,0.03210868970229923,0.03210868970229923,0.03210868970229923,0,0,0,0,0,0,0,0,0,0,0,0.03210868970229923,0,0,0,0,0,0,0,0,0,0,0,0,0,0,0,0,0,0,0,0,0,0,0.00517498781223414,0.01182921483587332,0.5171870545195488,0,0.12298616067065855,0,0.00322935496245792,0.00958810486379854,0.3301928603861172,0,0.7804355415025028,0,0.21075645925268996,LU14_2023,0.7009895833333334,"c(430562.312907953, 6334954.96085588)"
LU14,LU14_84,2023,2023-10-02,2024-08-06,57.16385,-112.20978,426833.9554086697,6336274.237214656,250,0,0,0,0,0,0,0,0,0,0,0,0,0,0,0,0,0,0,0,0,0,0,0,0,0,0,0,0,0,0,0,0,0,0,0,0,0,0,0.00144624117983612,0.253667465504611,0,0.05577771896758277,0,0.01829335141022969,0.16139007524865853,0.5093826111837927,0,0.8331778949474913,0,0.15643161704375674,LU14_2023,0.7124708333333334,"c(426833.95540867, 6336274.23721466)"
LU14,LU14_85,2023,2023-10-03,2024-09-27,57.17165,-112.5036,409084.7367175521,6337495.973138275,250,0.05641379996285122,0.05641379996285122,0.05641379996285122,0,0,0,0,0,0,0,0,0,0,0,0.03488502186543605,0,0,0,0.00837475983624341,0.01315401826117176,0.02152877809741517,0,0,0,0,0,0,0,0,0,0,0,0,0,0,0,0,0,0.00236548247178213,0.02427530864657003,1.711200085970056e-4,0.00451071841182344,6.039529715188432e-5,0,0.04319406167866053,0.9254430452511324,0,0.979073769509872,0,0.01265172172456307,LU14_2023,0.6863395833333333,"c(409084.736717552, 6337495.97313827)"
LU14,LU14_86,2023,2023-09-26,2024-09-26,57.16994,-112.28728,422159.9619625439,6337037.920845731,250,0,0,0,0,0,0,0,0,0,0,0,0,0,0,0,0,0,0,0,0,0,0,0,0,0,0,0,0,0,0,0,0,0,0,0,0,0,0,0.15327596457834206,0.0961751853250712,0,0.44775609708579583,0,0,0.01620631804433282,0.2845184910328901,0,0.25959889308144785,0,0.7387593099861627,LU14_2023,0.7454020833333334,"c(422159.961962544, 6337037.92084573)"
LU14,LU14_88,2023,2023-10-03,2024-09-27,57.19172,-112.46383,411537.18728729326,6339677.503117145,250,0.14311596579273178,0.14311596579273178,0.14311596579273178,0,0,0,0,0,0,0,0,0,0,0,0,0.0043118386983068,0,0,0.04848298994527417,0.02483548483775026,0.07331847478302443,0,0,0,0.06548565231140054,0.06548565231140054,0,0,0,0,0,0,0,0,0,0,0,0,0.07542454980382764,0.532451574193912,0.00238478250489966,0.11277652227884388,0,0.00256969905092968,0.01444458086177425,0.2584272247237581,0,0.47538150228059306,0.00272090727474843,0.5077437896011932,LU14_2023,0.7226354166666668,"c(411537.187287293, 6339677.50311715)"
LU14,LU14_9,2023,2023-09-30,2024-09-30,56.95599,-112.36073,417244.13928227354,6313310.7568694,250,0.03100553847967195,0.08736428451961373,0.08736428451961373,0,0,0,0,0,0,0,0,0,0,0,0,0,0,0.03100553847967195,0,0,0,0,0.05635874603994177,0,0,0,0,0,0,0,0,0,0,0,0,0,0,0,0.22933033793451452,0.27851748038307234,0.00107598306350584,0.19654083418243443,0,0,0.00916566915246775,0.20753555318197991,0,0.35402577997015655,0.10573110945204996,0.5397014464416625,LU14_2023,0.7045739583333335,"c(417244.139282274, 6313310.7568694)"
LU14,LU14_91,2023,2023-09-26,2024-09-26,57.188190000000006,-112.12025,432292.8473643552,6338891.000647993,250,0,0,0,0,0,0,0,0,0,0,0,0,0,0,0,0,0,0,0,0,0,0,0,0,0,0,0,0,0,0,0,0,0,0,0,0,0,0,0.06245579779336982,0.2664657506795664,0.00156301308562156,0.0916059449953223,0,0.00643781567305864,0.1623672669311838,0.32575953475026204,0,0.4834990426779988,0.01954261234029301,0.4906154192547724,LU14_2023,0.6996,"c(432292.847364355, 6338891.00064799)"
LU14,LU14_92,2023,2023-09-26,2024-09-27,57.19552000000001,-112.49829,409464.17740180704,6340145.705398979,250,0.07897576216515004,0.07897576216515004,0.07897576216515004,0,0,0,0,0,0,0,0,0,0,0,0.03224103459221295,0,0,0,0.04168714127560789,0.0050475862973292,0.04673472757293709,0,0,0,0,0,0,0,0,0,0,0,0,0,0,0,0,0,4.27562386838924e-4,0.7013893025825564,0,0.0023191828983044,0,0,0.03544093282248735,0.2597673406737209,0,0.9001258292472747,0,0.08574958614953589,LU14_2023,0.7072645833333333,"c(409464.177401807, 6340145.70539898)"
LU14,LU14_96,2023,2023-09-26,2024-09-26,57.19223000000001,-112.2138,426647.0918803796,6339437.485481922,250,0,0,0,0,0,0,0,0,0,0,0,0,0,0,0,0,0,0,0,0,0,0,0,0,0,0,0,0,0,0,0,0,0,0,0,0,0,0,0.1200618403436296,0.10933986828175284,3.1856660416600005e-4,0.40431515200783485,3.1856660416600005e-4,0,0.02717667353747894,0.3294179047829833,0,0.38801940186757267,0.00392474056332512,0.605024446518785,LU14_2023,0.7379187500000001,"c(426647.09188038, 6339437.48548192)"
LU14,LU14_97,2023,2023-09-26,2024-09-27,57.21857000000001,-112.54814,406510.52130139514,6342778.541420585,250,0,0,0,0,0,0,0,0,0,0,0,0,0,0,0,0,0,0,0,0,0,0,0,0,0,0,0,0,0,0,0,0,0,0,0,0,0,0,0.00503633621245797,0.8399645399516293,0,0.02367647119126258,0,0.00800641826523894,0.03957056224122595,0.08368145766758453,0,0.8283913418357037,0,0.16288519142351088,LU14_2023,0.7064583333333333,"c(406510.521301395, 6342778.54142058)"
LU15,LU15_1,2022,2022-09-13,2023-09-13,56.13297000000001,-113.01591,374713.9036239059,6222709.350921845,250,0.05179426696248622,0.0759983941873193,0.0759983941873193,0,0,0,0,0,0,0,0,0,0,0,0,0.01222741599444858,0,0.02366782299689058,0,0.01589902797114707,0.01589902797114707,0,0.02420412722483307,0,0,0,0,0,0,0,0,0,0,0,0,0,0,0.02502353737565954,0,0.01840249693076076,0.02563468849392605,0,0,0,0.4970732295468788,0.4291696509668565,0,0.9630254978277428,0,0,LU15_2022,0.6345947916666668,"c(374713.903623906, 6222709.35092185)"
LU15,LU15_10,2022,2022-09-13,2023-09-12,56.21595000000001,-112.9125,381395.91071771376,6231760.122069757,250,0.327165061632347,0.32865403713280017,0.32865403713280017,0,0,0,0,0,0,0,0,0,0,0,0.31110285430284523,0.00274566646363382,0,0.00842654833966653,0,0.00488999252620139,0.00488999252620139,0,0.00148897550045317,0,0,0,0,0,0,0,0,0,0,0,0,0,0,0,0.0078126601833187,0.7367282687700843,0.02729731313896771,0.0482974277400149,0,0.00148147216602661,0.02341477768703567,0.1401904167511469,0.00187835840042285,0.8630762892799012,0.01836427536002538,0.0977529934932502,LU15_2022,0.6853,"c(381395.910717714, 6231760.12206976)"
LU15,LU15_11,2022,2022-09-13,2023-09-12,56.212140000000005,-112.83254,386342.71401509346,6231201.422951982,250,0.19749628096608568,0.218587195715192,0.218587195715192,0,0,0,0,0,0,0,0,0,0,0,0.00213735367532622,0.05498456717833594,0,0.01955609347786713,0,0,0,0,0.02109091474910632,0.1208182666345564,0,0.1208182666345564,0,0,0,0.1732870622283518,0.1732870622283518,0,0,0.1732870622283518,0,0,0.1732870622283518,0.0088181503109248,1.714433281075828e-4,0.11425070113640937,0.00119271006522617,0,5.780288470379601e-4,0,0.14191550017989416,0.6509349217971873,0,0.8256090551490024,0.14200657530349914,0.00495694839963228,LU15_2022,0.6644265625000001,"c(386342.714015093, 6231201.42295198)"
LU15,LU15_12,2022,2022-09-13,2022-11-17,56.179370000000006,-112.82142,386935.94673362625,6227536.514374171,250,0.11929258330274144,0.14501412642435885,0.14501412642435885,0,0,0,0,0,0,0,0,0,0,0,0,0.08472918058505982,0,0.02461325273961034,0,0,0,0,0.0257215431216174,0.0099501499780713,0,0.0099501499780713,0,0,0,0,0.08388416160866466,0.08388416160866466,0,0.08388416160866466,0,0,0.08388416160866466,0,0,0.6749365434561138,0.01714698646083164,0,0.00149460368205681,0,0.11401854632370878,0.09686558117528592,0,0.9939424905288912,0.00390025130130639,0,LU15_2022,0.64394375,"c(386935.946733626, 6227536.51437417)"
LU15,LU15_14,2022,2022-09-12,2023-09-12,56.169160000000005,-113.07427,371208.63004443573,6226843.821752284,250,0.2531956872758369,0.2531956872758369,0.2531956872758369,0,0,0,0,0,0,0,0,0,0,0,0.2439283159522764,0,0,0,0,0.00926737132356051,0.00926737132356051,0,0,0,0,0,0,0,0,0,0,0,0,0,0,0,0,0,0.35728259617007846,0.20662268507339335,0.04155169380367397,0.15925301760066277,0,0,0.06495822691549691,0.06211960208634113,0,0.14334565381053604,0,0.7399754890616596,LU15_2022,0.7414645833333333,"c(371208.630044436, 6226843.82175228)"
LU15,LU15_15,2022,2022-09-12,2023-09-12,56.1834,-113.06137,372056.8388989137,6228404.331965728,250,0.28664863550066955,0.3439750171641484,0.3439750171641484,0,0,0,0,0,0,0,0,0,0,0,0.18355507981902824,0.03087570770386233,0,0.04079173841133568,0,0.01797306169754968,0.01797306169754968,0,0.05732638166347885,0.01345304786889366,0,0.01345304786889366,0,0,0,0,0,0,0,0,0,0,0,3.3002727986604136e-4,0.1963594948068449,0.11185540761605832,0.17210079854098626,0.00134345366266223,0,0,0.12786975989072877,0.23377286086105392,0,0.3170111304643601,0,0.38311780412484736,LU15_2022,0.6301625,"c(372056.838898914, 6228404.33196573)"
LU15,LU15_16,2022,2022-09-12,2023-09-12,56.17765,-112.76156000000002,390646.393808054,6227248.568999442,250,0.12456144933420268,0.16436762428397955,0.16436762428397955,0,0,0,0,0,0,0,0,0,0,0,0.02043377534385686,0.07473975294618829,0,0.02228350738888788,0.00710441365526967,0,0.00710441365526967,0,0.03980617494977686,0,0,0,0,0,0,0,0,0,0,0,0,0,0,0.00640790047841345,0.12956516819027153,0.2562344221758838,0.06709572865384734,0.08836854929434629,0,0,0.13366444640451222,0.2599941526203749,0,0.40291641541965767,0.11851999130036084,0.46711470933557586,LU15_2022,0.71678125,"c(390646.393808054, 6227248.56899944)"
LU15,LU15_17,2022,2022-09-13,2023-09-12,56.1792,-112.74088,391934.3650670384,6227388.450767236,250,0.07745613104218232,0.10200530882585304,0.10200530882585304,0,0,0,0,0,0,0,0,0,0,0,0,0.02862165773552232,0,0.02455914929474774,0.02427532401191227,0,0.02427532401191227,0,0.0245491777836707,0,0,0,0,0,0,0,0,0,0,0,0,0,0,0.03128179825080324,0.00773179802122324,0.0451082674681697,0.01857233236611669,0.00655728276753435,0,0,0.1569250035039795,0.7532445473128918,0,0.9018641150653308,0.01734535937639784,0.04887415155577125,LU15_2022,0.6910604166666667,"c(391934.365067038, 6227388.45076724)"
LU15,LU15_18,2022,2022-09-13,2023-09-12,56.21154,-112.93424000000002,380034.120252682,6231307.015188408,250,0.1265410279824523,0.13932014918085747,0.13932014918085747,0,0,0,0,0,0,0,0,0,0,0,0,0.06481994963045232,0,0.00708129938571315,0,0,0,0,0.01277912119840519,0.05463977896628683,0,0.05463977896628683,0,0,0,0,0,0,0,0,0,0,0,0,0.00502147135654994,0.30468052640759646,0.02435392693732612,0.00102137258971912,0,0,0.06968739856577465,0.5647503857165598,0,0.9647603646239508,0.00979728887683262,0.01678743749112318,LU15_2022,0.6881375000000001,"c(380034.120252682, 6231307.01518841)"
LU15,LU15_19,2022,2022-09-13,2023-09-11,56.2124,-112.85681,384838.4259052674,6231270.64182791,250,0.2323290241470409,0.25773423736977863,0.25773423736977863,0,0,0,0,0,0,0,0,0,0,0,0,0.06232261021458027,0,0.0227204787834383,0,0.00853874120945978,0.00853874120945978,0,0.02540521322273775,0.08416539447031075,0.0545817994692518,0.13874719393956256,0,0,0,0.186505880596173,0.186505880596173,0,0,0.186505880596173,0,0,0.186505880596173,0.10441181701267832,0.01064776935316402,0.02999709964641019,0.06475975781052087,0,0,0,0.22891544093483773,0.6123556738008104,0,0.7141642176256622,0.04498004322521747,0.10759440409376585,LU15_2022,0.6841291666666667,"c(384838.425905267, 6231270.64182791)"
LU15,LU15_2,2022,2022-09-13,2023-09-13,56.134530000000005,-112.92681,380255.38929692,6222724.702334563,250,0.01863642960715799,0.05210791933883259,0.05210791933883259,0,0,0,0,0,0,0,0,0,0,0,0,0,0,0.01863642960715799,0,0,0,0,0.0334714897316746,0,0,0,0,0,0,0,0,0,0,0,0,0,0,0,0,0.01202342351856885,0.01059119633167333,0,0,0,0.18385366647843637,0.772820892432394,0,0.9944300066229044,0,0,LU15_2022,0.6562666666666667,"c(380255.38929692, 6222724.70233456)"
LU15,LU15_20,2022,2022-09-13,2023-09-12,56.21454,-113.06107,372179.07888247794,6231868.831640249,250,0.25713108316078737,0.2740497735738523,0.2740497735738523,0,0,0,0,0,0,0,0,0,0,0,0.16856626586684054,0.04800417117212056,0,0.01560041384393283,0,0.02496023227789343,0.02496023227789343,0,0.01691869041306494,0,0,0,0,0,0,0,0,0,0,0,0,0,0,0,0.12170820584863196,0.34116601784576195,0.06051882219604831,0.10254207245334064,0,0.03642047388868207,0.04101494903642407,0.2676144324886154,0.01138139809021314,0.6038650400421849,0.00827507920848988,0.3707696610148389,LU15_2022,0.7364208333333333,"c(372179.078882478, 6231868.83164025)"
LU15,LU15_21,2022,2022-09-13,2023-09-12,56.217110000000005,-113.01251,375198.4878545134,6232065.807939357,250,0.01496978509023939,0.01496978509023939,0.01496978509023939,0,0,0,0,0,0,0,0,0,0,0,0,0,0,0,0,0.01496978509023939,0.01496978509023939,0,0,0,0,0,0,0,0,0,0,0,0,0,0,0,0,0,0.23371199927880987,0.5105274806385572,0.00828613828010021,0.18935651053004837,0,0,0.00629080168700392,0.05182706958548035,0,0.4856795161836446,0,0.504368854319483,LU15_2022,0.7695614583333334,"c(375198.487854513, 6232065.80793936)"
LU15,LU15_22,2022,2022-09-11,2023-09-14,56.39487999999999,-112.88846999999998,383432.152655207,6251630.289285858,250,0.5146063401486874,0.5146063401486874,0.5146063401486874,0,0,0,0,0,0,0,0,0,0,0,0.2097720498975907,0,0,0,0.03449738782530848,0.00116517908350129,0.03566256690880977,0.03687988434828819,0,0.23229183899399888,0,0.23229183899399888,0,0,0,0,0,0,0,0,0,0,0,0.07740632575305405,0.01656539385370806,0.15329302507569006,0.0914790056670036,3.6845961396293834e-4,0.00130180716097656,0,0.05860291755355572,0.43730393884798985,0,0.6059314204717005,0,0.20244296150034605,LU15_2022,0.6374041666666668,"c(383432.152655207, 6251630.28928586)"
LU15,LU15_23,2022,2022-09-12,2023-09-12,56.20251000000001,-113.05704,372389.00771009346,6230522.741561345,250,0.1528694196121527,0.18462010164495476,0.18462010164495476,0,0,0,0,0,0,0,0,0,0,0,0,0.0442508089773658,0,0.02669104720206924,0,0.01106672900377586,0.01106672900377586,0,0.03175068203280206,0.07086083442894177,0,0.07086083442894177,0,0,0,0,0,0,0,0,0,0,0,0,0.00668826347176773,0.6577222980627613,0.10389239362081298,0.01309133828735073,0,0,0.01277291325923197,0.13432876173700167,0,0.9287131543804568,0.01548747694990133,0.04959048761884542,LU15_2022,0.6960885416666667,"c(372389.007710093, 6230522.74156134)"
LU15,LU15_24,2022,2022-09-12,2023-09-12,56.21198,-113.04411000000002,373222.26250159263,6231552.644362559,250,0.14060962470203897,0.1624077296656033,0.1624077296656033,0,0,0,0,0,0,0,0,0,0,0,0,0.06668977281782475,0,0.01934119881245646,0,0.01269402245514149,0.01269402245514149,0,0.02179810496356432,0.04188463061661628,0,0.04188463061661628,0,0,0,0,0,0,0,0,0,0,0,0,0.05809902247166731,0.6815684988240432,0.04353810216681708,0.0886095845875235,0,0,0.02957196791753387,0.07412731103920643,0,0.6914269925379932,0.03379239558657618,0.2590868885779118,LU15_2022,0.7253171875,"c(373222.262501593, 6231552.64436256)"
LU15,LU15_25,2022,2022-09-12,2023-09-12,56.21123,-112.96203,378309.7953091972,6231321.237305047,250,0.0717735021910151,0.0823683356695904,0.0823683356695904,0,0,0,0,0,0,0,0,0,0,0,0,7.541511189904465e-6,0,0.00536543444544252,0.00611964621501666,0,0.00611964621501666,0,0.01059483347857531,0.06028088001936601,0,0.06028088001936601,0,0,0,0,0,0,0,0,0,0,0,5.848400234842812e-4,0.01714586726114981,0.5217920745753378,0.04986903840571993,0.00236478669847512,0,0,0.0080454071411105409,0.3765500252627104,0,0.926911843330166,0.01707747381918642,0.04726586675299239,LU15_2022,0.69926875,"c(378309.795309197, 6231321.23730505)"
LU15,LU15_26,2022,2022-09-13,2023-09-13,56.13686,-113.00198,375592.06429534184,6223116.995745056,250,0.18246590818990055,0.2249580423649311,0.2249580423649311,0,0,0,0,0,0,0,0,0,0,0,0,0.08721022765481408,0,0.02362967434827172,0,0,0,0,0.04249213417503057,0.07162600618681475,0,0.07162600618681475,0,0,0,0,0,0,0,0,0,0,0,0.02833348819880928,4.442695933644589e-5,0.05928254760523138,0.04421233252532513,0.00209054219608563,0,0.01507062508521432,0.3822404295439953,0.3469566363197771,0,0.8533096282483343,0,0.03029901492628445,LU15_2022,0.6714458333333333,"c(375592.064295342, 6223116.99574506)"
LU15,LU15_27,2022,2022-09-13,2023-09-13,56.13768,-112.9838,376724.2666191504,6223175.602775043,250,0.4328815721532317,0.4747997939831818,0.4747997939831818,0,0,0,0,0,0,0,0,0,0,0,0.27967626308079035,0.07288365066236423,0,0.02368378407097452,0,0.00189969483519881,0.00189969483519881,0,0.04191822182995005,0.05473817950390374,0,0.05473817950390374,0,0,0,0,0,0,0,0,0,0,0,0.05682582460966633,0.00257462386308678,0.04866925749489424,0.02822877980728955,0,0.00373051920207303,0.06180976388269936,0.43099219484698725,0.32410648331259206,0,0.7492650376975863,0,0.08376289652924673,LU15_2022,0.6754833333333333,"c(376724.26661915, 6223175.60277504)"
LU15,LU15_28,2022,2022-09-13,2023-09-13,56.13708,-112.94679,379021.88992029266,6223043.315520902,250,0.19020230108169445,0.2354928648934918,0.2354928648934918,0,0,0,0,0,0,0,0,0,0,0,0,0.11306039244159084,0,0.02589982625349691,0,0.01733970819578748,0.01733970819578748,0,0.04529056381179737,0.03390237419081921,0,0.03390237419081921,0,0,0,0,2.9686569496194893e-4,2.9686569496194893e-4,0,2.9686569496194893e-4,0,0,2.9686569496194893e-4,0.01796079918733738,0.00359661384842527,0.03855816264284766,0.0285269791571056,0,0,0,0.46003234700546775,0.368857750460611,0,0.905562246801758,0,0.0153663378044176,LU15_2022,0.6914375,"c(379021.889920293, 6223043.3155209)"
LU15,LU15_29,2022,2022-09-13,2023-09-13,56.13785,-112.91135,381226.2769669248,6223067.412171774,250,0.23035716134206563,0.2633796859018499,0.2633796859018499,0,0,0,0,0,0,0,0,0,0,0,0,0.08983906399299618,0,0.0185599670443771,0,0,0,0,0.03302252455978428,0.08169461445866476,0.04026351584602759,0.12195813030469237,0,0,0,0,0,0,0,0,0,0,0,0.01592188602441708,0.02696373331164089,0.01277929306641928,0.03095306428230856,8.635599199683842e-4,0,0,0.30123620210643254,0.5249275410366149,0,0.7683213751862975,0,0.10789604072829607,LU15_2022,0.66495625,"c(381226.276966925, 6223067.41217177)"
LU15,LU15_3,2022,2022-09-12,2023-09-12,56.17757,-113.04402000000002,373114.2923690789,6227723.54488496,250,0.2477485644506755,0.28691934205839836,0.28691934205839836,0,0,0,0,0,0,0,0,0,0,0,0,0.12733643133433137,0,0.03260878737226947,0,0,0,0,0.03917077760772286,0.08780334574407468,0,0.08780334574407468,0,0,0,0,0,0,0,0,0,0,0,0,0.4236189673412713,0.26432313499132715,0.21611159689491777,0.00385967105487635,0,0,0.01565018666333739,0.02195902584606553,0,0.3010353024700619,0,0.6984234890425385,LU15_2022,0.73284375,"c(373114.292369079, 6227723.54488496)"
LU15,LU15_30,2022,2022-09-13,2023-09-13,56.138250000000006,-112.88976,382568.94125089975,6223074.95990311,250,0.1478602361124816,0.16317073663799478,0.16317073663799478,0,0,0,0,0,0,0,0,0,0,0,0,0.0820572691143752,0,0.00976042776772153,0,0,0,0,0.01531050052551316,0.05604253923038487,0,0.05604253923038487,0,0,0,0,0,0,0,0,0,0,0,0.02484834100484305,0.0345276185210976,0.07177013074495449,0.07574922693493202,0.00199340395203168,0,0.04079298858209036,0.31194168669952616,0.4246421157549415,0,0.7683615969561871,0.03286712692680733,0.16658099896587542,LU15_2022,0.6892770833333334,"c(382568.9412509, 6223074.95990311)"
LU15,LU15_31,2022,2022-09-13,2023-09-13,56.138200000000005,-112.87376999999998,383562.2855690564,6223042.291356101,250,0.12307302392802452,0.1334599968200414,0.1334599968200414,0,0,0,0,0,0,0,0,0,0,0,0,0.08715134251469923,0,0.00696053914475251,0,0,0,0,0.01038697289201687,0.02896114226857278,0,0.02896114226857278,0,0,0,0,0,0,0,0,0,0,0,0.02031145609334613,0.03214458453264471,0.04416047716297643,0.03405797450295095,0.00163253283019482,0,0,0.26880872932288197,0.5907683873960694,0,0.8014000098432776,0,0.14584450947038852,LU15_2022,0.69586875,"c(383562.285569056, 6223042.2913561)"
LU15,LU15_32,2022,2022-09-13,2023-09-13,56.1378,-112.85918,384467.600225394,6222973.249768891,250,0.1824475516795645,0.22256174298973047,0.22256174298973047,0,0,0,0,0,0,0,0,0,0,0,0,0.07486446845951747,0,0.02466459508115215,0,0.0104137654397692,0.0104137654397692,0,0.04011419131016598,0.0725047226991257,0,0.0725047226991257,0,0,0,0,0,0,0,0,0,0,0,0.00757802125306605,0.0154655635591442,0.03409326079266535,0.0526221131826174,6.522613742244189e-4,0,0,0.27555759391549195,0.5383145576734628,0,0.8251680186074865,0.09575145822795957,0.06258542898776485,LU15_2022,0.6863791666666668,"c(384467.600225394, 6222973.24976889)"
LU15,LU15_34,2022,2022-09-13,2023-09-12,56.1777,-112.99898,375910.20354111807,6227656.0379533665,250,0.26136255876528736,0.30097511595057763,0.30097511595057763,0,0,0,0,0,0,0,0,0,0,0,0,0.1275003893107845,0,0.03274157303504843,0.00203412287735653,0.01088632657341854,0.01292044945077507,0,0.03961255718529026,0.08820014696867932,0,0.08820014696867932,0,0,0,0,0.23161923244800367,0.23161923244800367,0,0.23161923244800367,0,0,0.23161923244800367,0.06105812359211426,0.02073968053719068,0.03255326437629301,0.1085786601096318,0,0,0,0.324745081496108,0.3927807366898878,0,0.763197268225531,0,0.10803075323231082,LU15_2022,0.6756552083333334,"c(375910.203541118, 6227656.03795337)"
LU15,LU15_36,2022,2022-09-12,2023-09-12,56.17767,-112.95157,378852.7207795314,6227568.387544958,250,0.2470391512537812,0.28683306749834125,0.28683306749834125,0,0,0,0,0,0,0,0,0,0,0,0,0.1644262646798214,0,0.03290351671857565,0.00281529584289371,0,0.00281529584289371,0,0.03979391624456006,0.04689407401249042,0,0.04689407401249042,0,0,0,0,0.00535160096144669,0.00535160096144669,0,0.00535160096144669,0,0,0.00535160096144669,0.05664222604699559,0.05575183210652184,0.07859087612138825,0.07674581689158752,0.00144390233914409,0,0,0.4443271673493118,0.19639352175038116,0,0.4090831434481358,0,0.29242738323750894,LU15_2022,0.6500750000000001,"c(378852.720779531, 6227568.38754496)"
LU15,LU15_37,2022,2022-09-13,2023-09-12,56.1802,-112.86945,383957.40160727943,6227708.671682663,250,0.34725510255362585,0.3834430309603875,0.3834430309603875,0,0,0,0,0,0,0,0,0,0,0,0.2030914396115596,0.08693889069919661,0,0.02688709385437085,0,0,0,0,0.03618792840676166,0.03033767838849882,0,0.03033767838849882,0,0,0,0,0.04794000642046762,0.04794000642046762,0,0.04794000642046762,0,0,0.04794000642046762,0.0094006612818549,6.727373291353817e-4,0.11950102006668167,0.00810612872860424,0,0,0.0871271691683408,0.1581831011002286,0.5662069987705157,0,0.920637937261884,0.0096594925938118,0.00689238433434928,LU15_2022,0.6456895833333334,"c(383957.401607279, 6227708.67168266)"
LU15,LU15_4,2022,2022-09-12,2023-09-12,56.17984,-112.92477,380522.8820049821,6227763.093384468,250,0.16096267824088512,0.19165795634803545,0.19165795634803545,0,0,0,0,0,0,0,0,0,0,0,0,0.07438521131194781,0,0.02657711937063903,0.00383146790258041,0,0.00383146790258041,0,0.03069527810715033,0.05616887965571787,0,0.05616887965571787,0,0,0,0,0.00162711307214941,0.00162711307214941,0,0.00162711307214941,0,0,0.00162711307214941,0.06006832848712694,0.0463595366255558,0.04112827479042304,0.07760606792568724,1.344262905404884e-6,0,0,0.4059904330504169,0.3924117001167343,0,0.7114509809241709,0.00374129710805182,0.1914736805358849,LU15_2022,0.6169770833333333,"c(380522.882004982, 6227763.09338447)"
LU15,LU15_40,2022,2022-09-12,2023-09-12,56.18027,-112.73063,392573.5519461748,6227491.504812227,250,0.15053914566768878,0.17447387134427125,0.17447387134427125,0,0,0,0,0,0,0,0,0,0,0,0,0.06050395854989526,0,0.02180638535473754,0.02398922676056032,0,0.02398922676056032,0,0.02393472567658244,0.0329392911957329,0.01130028380676278,0.04423957500249567,0,0,0,0,0,0,0,0,0,0,0,0.0958978197549866,0.0031221188363545,0.04297673718880876,0.03535477192303989,1.309949139431607e-4,0,0,0.17594600596691606,0.7301513270604404,0,0.8448430596258251,0.01979499892461334,0.03667389817037672,LU15_2022,0.6882395833333333,"c(392573.551946175, 6227491.50481223)"
LU15,LU15_41,2022,2022-09-12,2023-09-12,56.19308,-113.05862,372259.664578309,6229476.358393606,250,0.1868916803632024,0.22513126792648208,0.22513126792648208,0,0,0,0,0,0,0,0,0,0,0,0,0.04871391754053753,0,0.03291588114405634,0,0,0,0,0.0382395875632797,0.10526188167860852,0,0.10526188167860852,0,0,0,0,0,0,0,0,0,0,0,0,0.13680493477348382,0.30478882492838216,0.07842627453829815,0.00601042948349044,0,0,0.17233315618332354,0.2472429553147958,0,0.6565290293528978,0,0.3247814333590624,LU15_2022,0.6896562500000001,"c(372259.664578309, 6229476.35839361)"
LU15,LU15_43,2022,2022-09-13,2023-09-12,56.21047,-112.89617,382391.6986376757,6231122.337027976,250,0.00764309486782975,0.00764309486782975,0.00764309486782975,0,0,0,0,0,0,0,0,0,0,0,0,0,0,0,0.00764309486782975,0,0.00764309486782975,0,0,0,0,0,0,0,0,0.00302437350879718,0.00302437350879718,0,0,0.00302437350879718,0,0,0.00302437350879718,0.03683686297429735,0.14095705379003104,0.33596377671802236,0.01375886716931049,0.00238645570365707,0,0,0.09240779112448358,0.4144862611062217,0,0.7526238161141205,0,0.2040520279103105,LU15_2022,0.7185770833333334,"c(382391.698637676, 6231122.33702798)"
LU15,LU15_44,2022,2022-09-13,2023-09-12,56.21265,-112.87608,383644.1967974084,6231330.82566303,250,0.12630376740224863,0.14779678552678138,0.14779678552678138,0,0,0,0,0,0,0,0,0,0,0,0,0.10464947472266084,0,0.02165429267958779,0,0,0,0,0.02149301812453276,0,0,0,0,0,0,0.12495806484979986,0.12495806484979986,0,0,0.12495806484979986,0,0,0.12495806484979986,0.03605010625220609,0.1170948649533994,0.22524485665257277,0.07078967959233948,0.01094086101853451,0,0.00708030849959059,0.12544940208329006,0.4256960525331784,0,0.6703568182590828,0.02223683702398892,0.26317914456493346,LU15_2022,0.6915333333333333,"c(383644.196797408, 6231330.82566303)"
LU15,LU15_46,2022,2022-09-12,2023-09-12,56.21193,-113.0253,374388.5278243866,6231512.639791253,250,0.14153532108173286,0.1680419536687661,0.1680419536687661,0,0,0,0,0,0,0,0,0,0,0,0,0.05895548122428286,0,0.02095882104005729,0,0.01276487986724539,0.01276487986724539,0,0.02650663258703324,0.04885613895014733,0,0.04885613895014733,0,0,0,0,0,0,0,0,0,0,0,0,0.11838589034067688,0.5297139846060289,0.07853037077576286,0.0965452370221749,0,0,0.05745196329663668,0.09660605789360166,0,0.5971254746024892,0.02048948707463539,0.37210557868047567,LU15_2022,0.7347888888888888,"c(374388.527824387, 6231512.63979125)"
LU15,LU15_58,2022,2022-09-13,2023-09-12,56.22151000000001,-112.9139,381326.2859146924,6232381.235544913,250,0.01117937634489417,0.01117937634489417,0.01117937634489417,0,0,0,0,0,0,0,0,0,0,0,0,0,0,0,0,0.01117937634489417,0.01117937634489417,0,0,0,0,0,0,0,0,0,0,0,0,0,0,0,0,0.01621800981857962,0.02585837698183445,0.6466646901335062,0.00599502336777932,0.00724138063126427,0,0.00313253128836963,0.14176032366606012,0.16942374532633836,0,0.8429592341363659,0,0.12235125610183847,LU15_2022,0.706996875,"c(381326.285914692, 6232381.23554491)"
LU15,LU15_61,2022,2022-09-11,2023-09-14,56.38513,-112.9044,382418.9507153663,6250572.416531802,250,0.465138830252829,0.465138830252829,0.465138830252829,0,0,0,0,0,0,0,0,0,0,0,0.3477683889116449,0,0,0,0.02065110027567682,0.00819329725737958,0.0288443975330564,0.0386511521680155,0,0.04987489164011214,0,0.04987489164011214,0,0,0,0,0,0,0,0,0,0,0,0,0.06377355693301891,0.2212504187737123,0.25185523749604233,0.00571284147621038,0.00774297282408458,0,0.0921810607923286,0.26251970324771584,0,0.6627746687931336,0.02272368485714802,0.2636627443739614,LU15_2022,0.6903645833333334,"c(382418.950715366, 6250572.4165318)"
LU15,LU15_7,2022,2022-09-13,2023-09-12,56.2118,-112.98846,376672.61732752214,6231431.643172883,250,0.1346416868658776,0.1599210654454247,0.1599210654454247,0,0,0,0,0,0,0,0,0,0,0,0,0.03643375275196144,0,0.02015967582927319,0.00545832327228624,0,0.00545832327228624,0,0.02527937857954709,0.07258993501235673,0,0.07258993501235673,0,0,0,0,0,0,0,0,0,0,0,0,0.0502066936832071,0.7066722485404469,0.09400948314086964,0.08143440642643796,0,0,0.00273647181881422,0.01924085816011031,0.01335784251518389,0.7650875012184883,0.03225594589015605,0.18155860172765337,LU15_2022,0.7492770833333333,"c(376672.617327522, 6231431.64317288)"
LU15,LU15_8,2022,2022-09-13,2023-09-12,56.215085,-112.806392,387972.8418194661,6231486.332417059,250,0.30365660172951,0.32717139233557285,0.32717139233557285,0,0,0,0,0,0,0,0,0,0,0,0.18902443879506065,0.05710622921079567,0,0.02093349887008273,0,0,0,0,0.02351479060606287,0.03659243485357096,0,0.03659243485357096,0,0,0,0.06331432621008892,0.06331432621008892,0,0,0.06331432621008892,0,0,0.06331432621008892,0,0,0.6944275360200871,3.695682921719317e-4,2.7368838431944705e-4,0.00291293111807883,0,0.03669493104944516,0.16470065713584292,0.03511666098116772,0.8257579566577284,0.1352970294984962,0,LU15_2022,0.6790750000000001,"c(387972.841819466, 6231486.33241706)"
LU15,LU15_9,2022,2022-09-12,2023-09-12,56.21596,-112.97829,377316.5699316274,6231876.399602427,250,0.02400289600197928,0.03362600530790562,0.03362600530790562,0,0,0,0,0,0,0,0,0,0,0,0,0.00190943183582885,0,0.00764249512275608,0,0.01445096904339436,0.01445096904339436,0,0.00962310930592633,0,0,0,0,0,0,0,0,0,0,0,0,0,0,0,2.981655440565474e-4,0.9630357330705728,0.01051872750456442,0.00147038090621954,0,0,2.981655440565474e-4,0.01922115590022737,0,0.9885688475874465,0.00363722471623947,0.00259858182767163,LU15_2022,0.6972270833333334,"c(377316.569931627, 6231876.39960243)"
LU16,LU16_15,2023,2023-10-01,2024-09-28,57.25314,-111.0137,499173.4130368188,6345564.939668037,250,0.19892451364291347,0.20286090876298635,0.20286090876298635,0,0,0,0,0,0,0,0,0,0,0,0.06907272343304628,0.02591032618538707,0,0.00321704111415133,0.07890856027732222,0,0.07890856027732222,0,0.00393639512007287,0,0.02181586263300657,0.02181586263300657,0,0,0,0,0,0,0,0,0,0,0,0.0148285493430505,0.00476164148302661,0.4382719970883753,0.0020252235088502,0.00499249242804635,0.00128391339091317,0,0.03105720823888766,0.4472575252004885,0,0.8722785159122725,0.03596624914545085,0.0564037953410801,LU16_2023,0.6934458333333333,"c(499173.413036819, 6345564.93966804)"
LU16,LU16_2,2023,2023-10-01,2024-09-28,57.20954,-111.00751,499546.3506055781,6340711.352803083,250,0.10716859138216284,0.10716859138216284,0.10716859138216284,0,0,0,0,0,0,0,0,0,0,0,0,0,0,0,0.07612801727024113,0.0106433991699599,0.08677141644020103,0,0,0,0.02039717494196182,0.02039717494196182,0,0,0,0,0,0,0,0,0,0,0,0.01487815551915966,5.092767170372501e-4,0.4015699657056394,5.092767170372501e-4,0,0,0,0.00831738171995591,0.5879915957671419,0,0.8849775033703717,0,0.08188442071791785,LU16_2023,0.7072395833333334,"c(499546.350605578, 6340711.35280308)"
LU16,LU16_20,2023,2023-10-01,2024-09-28,57.26106,-110.98528,500887.9379566395,6346446.60630802,250,0.09052742175483114,0.2339292462445262,0.2339292462445262,0,0,0,0,0,0,0,0,0,0,0,0,0,0,0.02235153888463675,0.04602853904571844,0.00214090440696731,0.04816944345268575,0,0.14340182448969507,0,0.02000643941750864,0.02000643941750864,0,0,0,0,0,0,0,0,0,0,0,0,0.01654553326160321,0.33777735915236273,0.02885152922741334,0.01871280246520921,6.737153036665947e-4,0,0.00463755979493673,0.4705996412567861,0,0.8636016319970617,0.0113447883142965,0.11811101874310016,LU16_2023,0.6964,"c(500887.93795664, 6346446.60630802)"
LU16,LU16_200,2023,2023-10-01,2024-09-28,57.344069999999995,-111.16485,490078.3191231738,6355699.261713245,250,0.28315707741561186,0.30110588574902897,0.30110588574902897,0,0,0,0.01638987082988577,0.01638987082988577,0,0.01638987082988577,0,0,0.01638987082988577,0,0.24185522842427196,0,0,0.00469717710657027,0.00353822320989442,0,0.00353822320989442,0,0.01794880833341713,0,0.03306644867487519,0.03306644867487519,0,0,0,0,0.00782378179795178,0.00782378179795178,0,0.00782378179795178,0,0,0.00782378179795178,0.00454434444360441,0.13823180200425092,0.3659921138732322,0.02412823787639542,0.04570603249517185,5.13054271768218e-4,0,0.04833287326514492,0.1915869768483683,0,0.47213202302540536,0.00272504229817289,0.5074928161125658,LU16_2023,0.7266125,"c(490078.319123174, 6355699.26171324)"
LU16,LU16_201,2023,2023-10-01,2024-09-28,57.32199,-111.22929,486191.6527824921,6353252.527222611,250,0.13486764415681726,0.1553155368364538,0.1553155368364538,0,0,0,0.11861114635015628,0.11861114635015628,0,0.11861114635015628,0,0,0.11861114635015628,0,0.13023819483679455,0,0,0,0,0.0046294493200227,0.0046294493200227,0,0.02044789267963654,0,0,0,0,0,0,0,0,0,0,0,0,0,0,0.00480940634803095,0.352134013880807,0.08703842741612498,4.376418077073694e-4,0.2721146814403065,0.00133376550920341,0,0.01123785876169332,0.04522704813813984,0,0.07864105571056501,0,0.8615942344780493,LU16_2023,0.6487520833333333,"c(486191.652782492, 6353252.52722261)"
LU16,LU16_202,2023,2023-10-01,2024-09-28,57.313779999999994,-111.238,485663.9233144941,6352340.385446687,250,0.11469463973823156,0.13837669523682658,0.13837669523682658,0,0,0,0.41410919090312,0.41410919090312,0,0.41410919090312,0,0,0.41410919090312,0,0.0822113760426419,0,0,0,0,0.01713248600481684,0.01713248600481684,0.01535077769077281,0.02368205549859502,0,0,0,0,0,0,0,0.2063521196964543,0.2063521196964543,0,0.2063521196964543,0,0,0.2063521196964543,0.00387763707396037,0.5742508642849797,0.06432022882605182,0,0.2068500646950609,7.940553735072449e-4,0,0.01186174412859984,0.02560070164557094,0,0.03524074425127951,0.01163291122188113,0.9339169260204312,LU16_2023,0.7325541666666666,"c(485663.923314494, 6352340.38544669)"
LU16,LU16_203,2023,2023-10-01,2024-09-28,57.29753000000001,-111.26814,483841.302501033,6350538.179873571,250,0.04142331451097791,0.04419499146358748,0.04419499146358748,0,0,0,0.6997363056365556,0.6997363056365556,0,0.6997363056365556,0,0,0.6997363056365556,0,0.02202791652925976,0,0,0,0,0,0,0,0.00277167695260957,0.01939539798171815,0,0.01939539798171815,0,0,0,0,0.6307176292241945,0.6307176292241945,0,0.6307176292241945,0,0,0.6307176292241945,0,0.8637384910926753,0.01885134115552399,0.00108012737386609,0.01526601598114715,0.00157621844483525,0,0.01404949835220716,6.492427951819646e-4,0,0.0154115557150662,0.04623466714519861,0.9329092086175346,LU16_2023,0.7733541666666668,"c(483841.302501033, 6350538.17987357)"
LU16,LU16_22,2023,2023-10-04,2024-09-28,57.268440000000005,-111.04905,497041.80392033607,6347269.117598976,250,0.1149460239630239,0.1354127241375393,0.1354127241375393,0,0,0,0,0,0,0,0,0,0,0,0,0,0,0.0103242233128432,0.05613017119410727,0.02226319413235754,0.07839336532646482,0,0.02046670017451539,0,0.02622843532371588,0.02622843532371588,0,0,0,0,0,0,0,0,0,0,0,0,0.01349496259486014,0.740714760965543,0,0.1030222604475311,0,0,0.00175366727015518,0.12283602808331948,0,0.8593202103102415,0.00754383690120691,0.10628296501880904,LU16_2023,0.6921,"c(497041.803920336, 6347269.11759898)"
LU16,LU16_23,2023,2023-10-01,2024-09-28,57.269540000000006,-110.99068,500562.07068155945,6347390.543035926,250,0.09377383314412176,0.09377383314412176,0.09377383314412176,0,0,0,0,0,0,0,0,0,0,0,0,0,0,0,0.0545509374103191,0.01824387821031961,0.0727948156206387,0,0,0,0.02097901752348306,0.02097901752348306,0,0,0,0,0,0,0,0,0,0,0,0.00186556051730311,0.03139489168387795,0.4138091183908477,0.00386896721494229,0.02666861490173674,8.153718086399298e-4,0,1.2722033838871126e-7,0.5234479842956558,0,0.7675271987175645,0,0.22013932190636845,LU16_2023,0.7003375000000001,"c(500562.070681559, 6347390.54303593)"
LU16,LU16_24,2023,2023-10-01,2024-09-28,57.280730000000005,-110.98764,500745.180972369,6348636.245774767,250,0.03249109052040462,0.2763722890286629,0.2763722890286629,0,0,0,0,0,0,0,0,0,0,0,0.001676362200522,0,0,0,0.0150184889244111,0.01579623939547152,0.03081472831988262,0,0.2438811985082583,0,0,0,0,0,0,0,0,0,0,0,0,0,0,0,0.02477420057121215,0.4975935134590274,0.01462324335701146,0.04156038141815178,0.00516665690903238,0,0.00832122949423773,0.2860594033315233,0,0.7927691365517057,0,0.190580774454882,LU16_2023,0.5389604166666667,"c(500745.180972369, 6348636.24577477)"
LU16,LU16_25,2023,2023-10-01,2024-09-28,57.30696,-111.10987,493380.6813431815,6351561.458133927,250,0.14499239062276872,0.2133670295742594,0.2133670295742594,0,0,0,0,0,0,0,0,0,0,0,0.06832313235776098,0.06056058982727767,0,0.00804892550773922,0.00102488726312731,0.00703485566686353,0.00805974292999084,0,0.06837463895149067,0,0,0,0,0,0,0,0.00697511278756839,0.00697511278756839,0,0.00697511278756839,0,0,0.00697511278756839,0.09812419906621592,0.10789308821776282,0.3932366600978435,0.01044438274824333,0.09422769473089602,0.00100217137752419,0,0.03203792476164605,0.2075973573317803,0,0.5444278334102891,0.00835810928855178,0.3379431358734139,LU16_2023,0.7193833333333334,"c(493380.681343182, 6351561.45813393)"
LU16,LU16_26,2023,2023-10-01,2024-09-28,57.31717,-111.11306,493190.3816628011,6352698.35831867,250,0.19100953891461267,0.20077771983424775,0.20077771983424775,0,0,0,0,0,0,0,0,0,0,0,0.10464929679486344,0.03494971516765035,0,0,0,0.01811723225432222,0.01811723225432222,0,0.00976818091963508,0.0133000351223599,0.01999325957541677,0.03329329469777667,0,0,0,0,0.4106346553349754,0.4106346553349754,0,0.4106346553349754,0,0,0.4106346553349754,0.3608466826548976,0.06985226664524638,0.07830921874861713,0.00952119312369792,0.00278351419894958,0.05470406580955993,0,0.16110007855407027,0.5064614784082475,0,0.28618413030453604,0.01531435919887996,0.29650567892290297,LU16_2023,0.645721875,"c(493190.381662801, 6352698.35831867)"
LU16,LU16_270,2023,2023-10-04,2024-09-24,57.51564,-111.50916,469498.8270391799,6374901.253665057,250,0.02523370553536255,0.1433754032335562,0.02523370553536255,0.11814169769819366,0.11814169769819366,0,0,0,0,0,0,0,0.11814169769819366,0,0,0,0,0,0,0.00494039823640305,0.00494039823640305,0.00777271430297267,0,0.00228755250913774,0.01023304048684909,0.01252059299598683,0,0,0.7166412266205074,0.7166412266205074,0.7166412266205074,0,0,0,0,0,0.7166412266205074,0.05066095601166894,0.12711862210789912,0.1898668565308596,0,0.25863389376285456,0.12250181681590568,0,0.136612504080222,0.08108042541022312,0,0.08036502788458653,0.02848435423957679,0.8241905041296553,LU16_2023,0.6847708333333333,"c(469498.82703918, 6374901.25366506)"
LU16,LU16_28,2023,2023-10-01,2024-09-28,57.33581,-111.19855,488047.36755534174,6354785.164663371,250,0.1225698282570924,0.16588380940251307,0.16588380940251307,0,0,0,0.7579106406193725,0.7579106406193725,0,0.7579106406193725,0,0,0.7579106406193725,0,0.06637628086961778,0,0,0.02207270087429532,0,0,0,0,0.04331398114542068,0,0.0341208465131793,0.0341208465131793,0,0,0,0,0.5121473870015943,0.5121473870015943,0,0.5121473870015943,0,0,0.5121473870015943,0.00507511948795415,0.7417896405853335,3.506294071206788e-4,0.02058841859376215,7.6729668284404e-5,0.02032580141770999,0,0.0222485687768071,0.01120635582676761,0,0,0,0.9659889893202126,LU16_2023,0.7418854166666666,"c(488047.367555342, 6354785.16466337)"
LU16,LU16_3,2023,2023-10-01,2024-09-28,57.21346,-110.98463,500928.34249181015,6341147.803411579,250,0.27263147565665846,0.29218889019885186,0.29218889019885186,0,0,0,0,0,0,0,0,0,0,0,0,0.14989857719470312,0,0.01419670300028398,0.07259102953580118,0.00242544136520326,0.07501647090100444,0,0.01955741454219339,0,0.03351972456066695,0.03351972456066695,0,0,0,0,0,0,0,0,0,0,0,0.0124194132085151,8.254549884673427e-4,0.08855344158048505,0.0612260627453659,2.5155338166975945e-6,8.085644410813694e-7,0,0.01358893632295092,0.7299663379345533,0,0.7837966097798436,0.00163088471931463,0.1932088258111152,LU16_2023,0.72050625,"c(500928.34249181, 6341147.80341158)"
LU16,LU16_300,2023,2023-10-01,2024-09-28,57.21725,-111.02139,498708.1840888144,6341569.801156589,250,0.39732512152861105,0.42854100300637105,0.42854100300637105,0,0,0,0,0,0,0,0,0,0,0,0.22115526131107335,0.07955045813546588,0,0.02235661562951713,0.04266384747457511,0.0298955321449311,0.07255937961950622,0,0.03121588147775999,0,0.00170340683304848,0.00170340683304848,0,0,0,0,0,0,0,0,0,0,0,0.00372549911529893,0.00125956275341335,0.28568064576686425,0.01829375718597635,9.449725421044992e-4,0.02551211202284327,0,0.0243365488607554,0.3160782484553885,0,0.7930697013969321,0.04989199305596623,0.0696882607119973,LU16_2023,0.6608666666666667,"c(498708.184088814, 6341569.80115659)"
LU16,LU16_301,2023,2023-10-01,2024-09-28,57.23484,-111.04526,497267.8930633397,6343528.61358946,250,0.24861427493246133,0.28382554262079884,0.28382554262079884,0,0,0,0,0,0,0,0,0,0,0,0.00375235852809571,0.15785649654211562,0,0.02156303770388659,0.02771130380393106,0.01190601242812938,0.03961731623206044,0,0.03521126768833754,0,0.02582506592630296,0.02582506592630296,0,0,0,0,0,0,0,0,0,0,0,0.14664926669634415,0.04050942562392794,0.1824008667638988,0.0234326481051735,0,0,0,0.09669998238833924,0.4214554245152902,0,0.4124070521924172,0.00123584064775957,0.34874944812532893,LU16_2023,0.34215625000000005,"c(497267.89306334, 6343528.61358946)"
LU16,LU16_302,2023,2023-10-01,2024-09-28,57.24204,-111.01058,499361.4657635176,6344329.25683307,250,0.16165238942529256,0.1825264993698462,0.1825264993698462,0,0,0,0,0,0,0,0,0,0,0,0.02218692627181472,0,0,0.02088337577536012,0.0754766242232931,0.00196700975342425,0.07744363397671734,0,0.02087410994455364,0.0089393781054681,0.03219907529593228,0.04113845340140038,0,0,0,0,0,0,0,0,0,0,0,0.00768314174674069,3.0698259642243235e-4,0.47847343100331946,0.00156321479838807,8.148661934999138e-4,0.00110742996174973,0,0.02367184717166233,0.4047040424567595,0,0.8923294089257292,0.04163019562959954,0.03559618502237127,LU16_2023,0.6562770833333333,"c(499361.465763518, 6344329.25683307)"
LU16,LU16_303,2023,2023-10-01,2024-09-28,57.23633000000001,-111.02443,498525.3494731496,6343693.836669405,250,0.12988550442319718,0.17362347227694175,0.17362347227694175,0,0,0,0,0,0,0,0,0,0,0,0,1.524665314429848e-6,0,0.02265144540657717,0.07501675172730103,0.00267909936639608,0.07769585109369712,0,0.04373796785374458,0,0.02953668325760846,0.02953668325760846,0,0,0,0,0,0,0,0,0,0,0,7.287513839737124e-4,0.00126515810824007,0.482372334459379,1.9089319480023104e-4,0.00629475431872649,0,0,0.00593162697945342,0.43203359039456,0,0.914063678567401,0.02583290141419884,0.0453905554827896,LU16_2023,0.6912875,"c(498525.34947315, 6343693.8366694)"
LU16,LU16_313,2023,2023-10-04,2024-09-28,57.28475,-111.09251,494423.206657136,6349087.47406007,250,0.28055943133325933,0.28055943133325933,0.28055943133325933,0,0,0,0,0,0,0,0,0,0,0,0.2666410631130415,0.00861040922240649,0,0,0,0.00530795899781138,0.00530795899781138,0,0,0,0,0,0,0,0,0,0,0,0,0,0,0,0,0.00810473305742739,0.04683847156822557,0.41857223358105655,0.00741361219003195,0.0811034674861392,0.01515371113848339,0,0.00633280610905565,0.1778640051046654,0,0.5705383750594057,0,0.3262403049894996,LU16_2023,0.6710541666666667,"c(494423.206657136, 6349087.47406007)"
LU16,LU16_314,2023,2023-10-04,2024-09-28,57.25639,-111.06755,495924.74238844286,6345928.666751804,250,0.17269384287003522,0.17269384287003522,0.17269384287003522,0,0,0,0,0,0,0,0,0,0,0,0.0666720346103932,0,0,0,0.04192895860737548,0.02132586383776372,0.06325482244513919,0,0,0.02443457662696155,0.01833240918754129,0.04276698581450284,0,0,0,0,0,0,0,0,0,0,0,0.04125919759237861,0.00517722788891914,0.5480571783264229,0.00511296371714049,0.04395598694977984,2.2759941697929169e-4,0,0.00390614873851488,0.3714561557838525,0,0.801134944829887,0.00229350181725286,0.139699481420822,LU16_2023,0.674190625,"c(495924.742388443, 6345928.6667518)"
LU16,LU16_36,2023,2023-10-01,2024-09-28,57.33492,-111.22568,486413.82693455514,6354691.179117712,250,0.24096304518531725,0.24096304518531725,0.24096304518531725,0,0,0,0.04943870194126959,0.04943870194126959,0,0.04943870194126959,0,0,0.04943870194126959,0,0.2217100678764115,0,0,0,0,0.00300034438860951,0.00300034438860951,0,0,0,0.01625263292029618,0.01625263292029618,0,0,0,0,0.9291230442648708,0.9291230442648708,0,0.9291230442648708,0,0,0.9291230442648708,0.4104972115032753,0.2317984908733132,2.1300387784425588e-4,0.00851892004481497,0,0.05799868563539049,0,0.445689544234708,0.09357912731770182,0,0.01409245962455218,0,0.46936084904481384,LU16_2023,0.6821440972222222,"c(486413.826934555, 6354691.17911771)"
LU16,LU16_37,2023,2023-10-01,2024-09-28,57.33694,-111.18068,489123.466965191,6354907.960403221,250,0.05423092051039512,0.05423092051039512,0.05423092051039512,0,0,0,0,0,0,0,0,0,0,0,0,0,0,0,0.00581749429447974,0.02841923567472665,0.03423672996920639,0,0,0,0.01999419054118873,0.01999419054118873,0,0,0,0,0,0,0,0,0,0,0,0,0.9202205368083594,0.01309461562816768,0.0024626012738098,0.00182243923571411,5.911385988092116e-4,0,0.03109008968332657,0.02584044654205307,0,0.01207355804840632,0.00469328220872768,0.9812089578742162,LU16_2023,0.7424958333333334,"c(489123.466965191, 6354907.96040322)"
LU16,LU16_49,2023,2023-10-04,2024-09-24,57.47615,-111.53667,467816.135757444,6370517.830688619,250,0.22809642676395953,0.2984343815025417,0.24413997523268324,0.01516176312755194,0.05429440626985847,0.03913264314230653,0.03913264314230653,0,0,0,0,0,0.05429440626985847,0,0.15691017943925506,0,0,0.05197271372157029,0,0,0,0,0.01604354846872372,0,0.01921353360313418,0.01921353360313418,0,0,0.5696032601326338,0.5696032601326338,0.5696032601326338,0,0,0,0,0,0.5696032601326338,0.07626300066878529,0.00526344170411203,0.5337196377505703,1.2763299628352972e-4,0.00399108897840776,0.09985076231292855,0,0.15487306994551248,0.05942195618747113,0,0.24636178038027237,0.5068625345805602,0.16361752646425193,LU16_2023,0.6249791666666666,"c(467816.135757444, 6370517.83068862)"
LU16,LU16_52,2023,2023-10-04,2024-09-24,57.49052,-111.50633,469647.51258792065,6372103.565916917,250,0.669429511794269,0.6740660869009778,0.6695296355080113,0,0.00453645139296653,0.00453645139296653,0.00453645139296653,0,0,0,0,0,0.00453645139296653,0,0.6373630667604466,0,0,0.03206644503382238,0,0,0,0,1.001237137422487e-4,0,0,0,0,0,0.8542369658854458,0.8542369658854458,0.8542369658854458,0,0,0,0,0,0.8542369658854458,0.0452741713703944,0,0.36377882253560023,2.723242681487579e-4,0,0.0973427152293186,0,0.33758259262236423,0.02886169934350872,0,0.13647734222363392,0.738143906773776,0.05882085369270539,LU16_2023,0.5917114583333334,"c(469647.512587921, 6372103.56591692)"
LU16,LU16_54,2023,2023-09-29,2024-09-24,57.49797,-111.45538,472707.29465185467,6372911.303241753,250,0.0170558882693291,0.0331818433745109,0.0331818433745109,0,0,0,0,0.32168165483279476,0,0.32168165483279476,0.32168165483279476,0,0.32168165483279476,0,0,0,0,7.237128779534117e-4,0,0,0,0.01633217539137569,0.0161259551051818,0,0,0,0,0,0.58203403543291,0.58203403543291,0.58203403543291,0,0,0,0,0,0.58203403543291,0,0,0.683433399637768,0,0,0.1719905117786208,0,0.11528518841251371,0.00770790537727131,0,0.11145606716881828,0.8517975219971644,0.02853720633072739,LU16_2023,0.5936604166666667,"c(472707.294651855, 6372911.30324175)"
LU16,LU16_55,2023,2023-09-29,2024-01-16,57.497910000000005,-111.4763,471453.44228097063,6372913.221408561,250,0.03076497625906969,0.6632806746235458,0.09728676058789736,0.33834154664535576,0.5659939140356484,0.22765236739029257,0.22765236739029257,0.288909749667082,0,0.288909749667082,0.288909749667082,0,0.8549036637027303,0,0,0,0,0.02209143800800708,0,8.682007471423392e-4,8.682007471423392e-4,0,0.06652178432882769,0,0.00780533750392027,0.00780533750392027,0,0,0.3694228503694209,0.3694228503694209,0.3694228503694209,0,0,0,0,0,0.3694228503694209,0.00226269671034691,0.00161718263382151,0.3201132349012262,0,0,0.14477701106293292,0,0.1230619064659446,0.01121806319922117,0,0.07915039459911648,0.8837475438264956,0.02944223677457407,LU16_2023,0.58611875,"c(471453.442280971, 6372913.22140856)"
LU16,LU16_57,2023,2023-09-29,2024-09-24,57.50681,-111.43999,473636.04370392114,6373889.319387967,250,0.03252022260324937,0.4042940569284647,0.0963140635207463,0.3079799934077184,0.3079799934077184,0.29423281600549833,0.29423281600549833,0,0,0.29423281600549833,0,0,0.6022128094132168,0,0,0,0,0.02570153995592188,0,0,0,0.00681868264732749,0.06379384091749693,0,0,0,0,0,0.3263873384999579,0.3263873384999579,0.3263873384999579,0,0,0,0,0,0.3263873384999579,0,0,0.33565870552955535,0.0184628280111766,0,0.1457896557334131,0,0.1247295065199564,0,0,0.0011675119299709,0.9533465104324312,0,LU16_2023,0.5626854166666667,"c(473636.043703921, 6373889.31938797)"
LU16,LU16_58,2023,2023-09-29,2024-09-24,57.510479999999994,-111.42342,474631.44782109855,6374291.5653498685,250,0.08729950461872737,0.3491356973501031,0.1404328418402584,0.2087028555098447,0.2087028555098447,0,0,0,0,0,0,0,0.2087028555098447,0,0,0,0,0.01481115825562415,0,0.01689836352684482,0.01689836352684482,0.0110710781615852,0.05313333722153102,0.0445189046746732,0,0.0445189046746732,0,0,0.8237619170300301,0.8237619170300301,0.8237619170300301,0,0,0,0,0,0.8237619170300301,0,0,0.47990493560538405,0,0,0.40185903662103595,0,0.00117390372744836,0,0,6.493296324596072e-4,0.9969208601576848,0,LU16_2023,0.5744104166666667,"c(474631.447821099, 6374291.56534987)"
LU16,LU16_60,2023,2023-10-04,2024-09-24,57.52402,-111.40755,475591.31180495326,6375793.067812621,250,0.1354424700701578,0.16563383436739862,0.1651354387274997,4.983956398989289e-4,4.983956398989289e-4,0,0,0.5290492320362111,0,0.5290492320362111,0.5290492320362111,0,0.5295476276761101,0,0.12507560192216502,0,0,0.0103668681479928,0,0,0,0,0.02969296865734189,0,0,0,0,0,0.614304928577291,0.614304928577291,0.614304928577291,0,0,0,0,0,0.614304928577291,0,0,0.5965976868448201,0,0,0.21429921116555903,0,0.09817948859705115,0.00256348474738229,0,0.0557595281479097,0.9257026192788586,0.00699175549442735,LU16_2023,0.6444500000000001,"c(475591.311804953, 6375793.06781262)"
LU16,LU16_62,2023,2023-09-29,2024-09-24,57.52477,-111.37714,477413.05747882463,6375866.039133837,250,0.02839494121079365,0.02839494121079365,0.02839494121079365,0,0,0,0,0.00207672531247999,0,0.00207672531247999,0.00207672531247999,0,0.00207672531247999,0,0.00784073699354853,0,0,0,0,0.01317520684261982,0.01317520684261982,0.0073789973746253,0,0,0,0,0,0,0.9951627932273518,0.9951627932273518,0.9951627932273518,0,0,0,0,0,0.9951627932273518,0,0,0.7362777154353012,0,0,0.2636482920129958,0,7.399255170298433e-5,0,0,0.01010423065199232,0.9867575596180148,0,LU16_2023,0.5714125,"c(477413.057478825, 6375866.03913384)"
LU16,LU16_63,2023,2023-09-28,2024-09-24,57.52407,-111.1943,488363.1095743681,6375742.044442952,250,0.17010075964564858,0.17010075964564858,0.17010075964564858,0,0,0,0,0,0,0,0,0,0,0,0,0.16625982877427295,0,0,0,0,0,0,0,0,0.00384093087137563,0.00384093087137563,0,0,0.5818186960883593,0.5818186960883593,0.5818186960883593,0,0,0,0,0,0.5818186960883593,0.01578530907852256,0.00207123869563622,0.5620919962886675,0.00185983237557675,7.018528692956679e-4,0.0704684619021558,0,0.23185453724321772,0.03586658247188288,0,0.05668636671579009,0.7908803827190296,0.12480816796580756,LU16_2023,0.6298583333333333,"c(488363.109574368, 6375742.04444295)"
LU16,LU16_64,2023,2023-09-29,2023-09-29,57.53079,-111.39218,476516.1866513379,6376541.3090869635,250,0.03375267051453173,0.1006759856904594,0.09871538632580738,0.00196059936465202,0.00196059936465202,0,0,0,0,0,0,0,0.00196059936465202,0,0,0,0,0.02183462182684337,0,0.01006438722393154,0.01006438722393154,0.00185366146375683,0.06496271581127565,0,0,0,0,0,0.9503529525444244,0.9503529525444244,0.9503529525444244,0,0,0,0,0,0.9503529525444244,0,0,0.5965499084189565,0,0,0.3127570915958485,0,0.03756005803585668,0.00114814014767483,0,0.02680672499802388,0.9518739201486712,0.00132978910803994,LU16_2023,0.6046875,"c(476516.186651338, 6376541.30908696)"
LU16,LU16_67,2023,2023-09-28,2024-09-24,57.51599,-111.18156,489123.7198196969,6374840.43221962,250,0.1398611941812937,0.1398611941812937,0.1398611941812937,0,0,0,0,0,0,0,0,0,0,0,0,0.1337392541260921,0,0,0,0,0,0,0,0,0.00612194005520159,0.00612194005520159,0,0,0.5859684823907474,0.5859684823907474,0.5859684823907474,0,0,0,0,0,0.5859684823907474,0,0,0.4612879798149707,0,0,0.42299104625846606,0,0.01635734509850597,0.00408132329056457,0,0.03793267078787195,0.9433537170082746,0.01838542030058403,LU16_2023,0.5750145833333333,"c(489123.719819697, 6374840.43221962)"
LU16,LU16_68,2023,2023-09-28,2024-09-24,57.53948,-111.26984,483845.7452324809,6377473.010881951,250,0.1832140194841163,0.1832140194841163,0.1832140194841163,0,0,0,0,0,0,0,0,0,0,0,0,0.16094899875471833,0,0.02226502072939802,0,0,0,0,0,0,0,0,0,0,0.7912456939097084,0.7912456939097084,0.7912456939097084,0,0,0,0,0,0.7912456939097084,0,0,0.16158091511134065,0,0,0.6365406455633421,0,0,0,0,0,0.9693590017680908,0,LU16_2023,0.5012208333333333,"c(483845.745232481, 6377473.01088195)"
LU16,LU16_69,2023,2023-09-28,2024-09-24,57.535210000000006,-111.30865,481520.1921690339,6377007.553093511,250,0.00445826934726928,0.3987404698372859,0.00445826934726928,0.39428220049001667,0.39428220049001667,0,0,0,0,0,0,0,0.39428220049001667,0,0,0,0,0,0,0.00445826934726928,0.00445826934726928,0,0,0,0,0,0,0,0.9576023168873372,0.9576023168873372,0.9576023168873372,0,0,0,0,0,0.9576023168873372,0.05105220543758857,0.03602091948646833,0.5036198311716987,0.00343428777000705,0.05768763797456958,0.09225049234689876,0,0.12402562057896371,0.08538956631946842,0,0.21432548702556575,0.5246527991535623,0.18105251636619607,LU16_2023,0.6308416666666667,"c(481520.192169034, 6377007.55309351)"
LU16,LU16_70,2023,2023-09-28,2024-09-24,57.53098,-111.23334,486027.5990661376,6376518.656849171,250,0,0,0,0,0,0,0,0,0,0,0,0,0,0,0,0,0,0,0,0,0,0,0,0,0,0,0,0,0.9703339465449372,0.9703339465449372,0.9703339465449372,0,0,0,0,0,0.9703339465449372,0,0.00451252730679416,0.30000457766516686,0,0,0.6359945500834002,0,0.04963780037473585,0.00902505461358833,0,0.01145258580503206,0.8872358543872924,0.09165047209904724,LU16_2023,0.5748427083333334,"c(486027.599066138, 6376518.65684917)"
LU16,LU16_71,2023,2023-09-28,2024-09-24,57.54227,-111.24512,485326.7511516136,6377777.994959924,250,0.0452759329633068,0.0452759329633068,0.0452759329633068,0,0,0,0,0,0,0,0,0,0,0,0.02567832430597346,0,0,0.01487675183586106,0,0,0,0,0,0,0.00472085682147228,0.00472085682147228,0,0,0.9511565807298344,0.9511565807298344,0.9511565807298344,0,0,0,0,0,0.9511565807298344,0,0,0.0376487169198525,0,0,0.9222159578070764,0,0,0,0,0,0.9376465338608136,0,LU16_2023,0.5387020833333334,"c(485326.751151614, 6377777.99495992)"
LU16,LU16_72,2023,2023-09-28,2024-09-24,57.557649999999995,-111.47166,471777.7214232695,6379561.726046585,250,0.12097182347901787,0.1829514107767041,0.1829514107767041,0,0,0,0,0,0,0.08798664947933076,0.08798664947933076,0.08798664947933076,0.08798664947933076,0,0.00643488116594199,0.08178468088673514,0,0.02722463779103285,0,0.0055276236353079,0.0055276236353079,0,0.06197958729768622,0,0,0,0,0,0.7558180140802511,0.7558180140802511,0.7558180140802511,0,0,0,0,0,0.7558180140802511,0.01332114090353134,0.0176867407580373,0.5696909442224425,0.00167172515906946,0.02919277959677455,0.10545105499663536,0,0.03859164621073795,0.02471926707590968,0,0.2863032120533295,0.3707616193714818,0.3249326139378691,LU16_2023,0.644715625,"c(471777.721423269, 6379561.72604658)"
LU16,LU16_73,2023,2023-09-28,2024-09-24,57.551489999999994,-111.40896,475525.2829041025,6378851.638033858,250,0.07321373329548252,0.622626483107388,0.07970925504620409,0.36265937469868614,0.5429172280611839,0.18025785336249775,0.18025785336249775,0,0,0,0,0,0.5429172280611839,0,0,0.07321373329548252,0,0,0,0,0,0,0.00649552175072157,0,0,0,0,0,0.5549817373668169,0.5549817373668169,0.5549817373668169,0,0,0,0,0,0.5549817373668169,0.02453086352629605,4.3649223356398664e-4,0.17024787453869047,0.01933153079836777,8.729844671279733e-4,0.33006161906681886,0,0.09806338984778742,0.01967536948444044,0,0.07628103236034552,0.5770521629681465,0.1995205108223466,LU16_2023,0.5615187500000001,"c(475525.282904103, 6378851.63803386)"
LU16,LU16_74,2023,2023-09-29,2024-09-24,57.54376,-111.40054,476024.10828720854,6377988.09998351,250,0.00225456998720438,0.4900265771289233,0.00225456998720438,0.4877720071417189,0.4877720071417189,0,0,0,0,0,0,0,0.4877720071417189,0,0,0,0,0,0,0.00225456998720438,0.00225456998720438,0,0,0,0,0,0,0,0.7674316785797243,0.7674316785797243,0.7674316785797243,0,0,0,0,0,0.7674316785797243,0.15167057915176546,5.980127635873332e-4,0.14366298777795958,0.01150886394557852,0,0.08121193042815156,0,0.19292501812325283,0.20667971917471503,0,0.3753503200318681,0.08295519274967059,0.23646090148473067,LU16_2023,0.6300656250000001,"c(476024.108287209, 6377988.09998351)"
LU16,LU16_75,2023,2023-09-29,2024-09-24,57.535410000000006,-111.37523,477533.9914569755,6377049.890490298,250,0.05102832166309316,0.237148713490612,0.10001174473392035,0.13713696875669165,0.13713696875669165,0,0,0,0,0,0,0,0.13713696875669165,0,0.03509814909055273,0,0,0.01593017257254043,0,0,0,0,0.0489834230708272,0,0,0,0,0,0.8692558182885219,0.8692558182885219,0.8692558182885219,0,0,0,0,0,0.8692558182885219,0,0,0.31144454560199925,0,0,0.5872356454673775,0,4.358661947855689e-4,0,0,0,1,0,LU16_2023,0.4454041666666667,"c(477533.991456976, 6377049.8904903)"
LU16,LU16_77,2023,2023-09-28,2024-09-24,57.54812,-111.30955,481472.85844522377,6378444.995109329,250,0.03075370068812032,0.4409702133914556,0.03075370068812032,0.41021651270333526,0.41021651270333526,0,0,0,0,0,0,0,0.41021651270333526,0,0,0,0,0.03075370068812032,0,0,0,0,0,0,0,0,0,0,0.9572618238264732,0.9572618238264732,0.9572618238264732,0,0,0,0,0,0.9572618238264732,0,0,0.27110910629238877,0,0,0.6468474167964668,0,0,0,0,0,0.9713172987594544,0,LU16_2023,0.5421708333333334,"c(481472.858445224, 6378444.99510933)"
LU16,LU16_80,2023,2023-09-28,2024-09-24,57.53865,-111.32841,480338.95865255286,6377396.057525969,250,0.17846195479303956,0.18698159487591404,0.17846195479303956,0.00851964008287449,0.00851964008287449,0,0,0,0,0,0,0,0.00851964008287449,0,0,0.12262799981010852,0,0.05489769315172724,0,9.36261831203803e-4,9.36261831203803e-4,0,0,0,0,0,0,0,0.711128120590751,0.711128120590751,0.711128120590751,0,0,0,0,0,0.711128120590751,0.00932629960702599,0.00141307569803424,0.5466001689890613,0,0,0.2829715605002591,0,0.00710885774241841,0.01278290016067898,0,0.04292984937581584,0.8700984443732381,0.0310659257306297,LU16_2023,0.5719333333333333,"c(480338.958652553, 6377396.05752597)"
LU16,LU16_81,2023,2023-09-28,2024-09-24,57.53815000000001,-111.29247,482490.3436169184,6377330.558845944,250,0.05656028054138368,0.05656028054138368,0.05656028054138368,0,0,0,0,0,0,0,0,0,0,0,0,0.05656028054138368,0,0,0,0,0,0,0,0,0,0,0,0,0.8713098886775719,0.8713098886775719,0.8713098886775719,0,0,0,0,0,0.8713098886775719,0,0,0.4753738870647226,0,0,0.43891023867025114,0,0,0,0,0,0.9706575908872288,0,LU16_2023,0.5053135416666668,"c(482490.343616918, 6377330.55884594)"
LU16,LU16_83,2023,2023-09-28,2024-09-24,57.55526,-111.43022000000002,474255.6212398843,6379279.191950018,250,0.162333789498533,0.4251230096592651,0.1827072394626529,0.2336623092557741,0.24241577019661217,0.00875346094083807,0.00875346094083807,0,0,0,0,0,0.24241577019661217,0,0.04799863633466188,0.1143351531638711,0,0,0,0,0,0,0.02037344996411992,0,0,0,0,0,0.5903945698146121,0.5903945698146121,0.5903945698146121,0,0,0,0,0,0.5903945698146121,0.03590521287749412,0.00150559265378373,0.25825677776896855,0.0012124958625818,0.0011877851577888,0.2779910876052495,0,0.07833648632832876,0.03093192092711983,0,0.23344331180215264,0.4784260854111983,0.25222538990915494,LU16_2023,0.5743750000000001,"c(474255.621239884, 6379279.19195002)"
LU16,LU16_84,2023,2023-09-28,2024-09-24,57.55958,-111.41671,475067.0058125744,6379755.0692642555,250,0.0598169022657358,0.6290954882605112,0.07184387129258367,0.5572516169679276,0.5572516169679276,0,0,0,0,0,0,0,0.5572516169679276,0,0.02963078552254702,0,0,0.03018611674318878,0,0,0,0,0.01202696902684787,0,0,0,0,0,0.48795638961407795,0.48795638961407795,0.48795638961407795,0,0,0,0,0,0.48795638961407795,0.03743481295597101,4.503651653086149e-4,0.2916283345815902,0.01075669687569864,1.2965037053360652e-6,0.13310377755486544,0,0.06675349514099857,0.06165978707204749,0,0.1092573261332141,0.7725016698753508,0.08082579812500583,LU16_2023,0.6077388888888889,"c(475067.005812574, 6379755.06926426)"
LU16,LU16_85,2023,2023-09-29,2024-09-24,57.55818,-111.39724,476231.0335593328,6379592.231949637,250,0,0.7946594684148452,0,0.7946594684148452,0.7946594684148452,0,0,0,0,0,0,0,0.7946594684148452,0,0,0,0,0,0,0,0,0,0,0,0,0,0,0,0.6310219768251605,0.6310219768251605,0.6310219768251605,0,0,0,0,0,0.6310219768251605,0.03453549144159371,0,0.22654442025690075,0.00877426268432102,0,0.10275460791206412,0,0.10403208200458956,0.03911221158909336,0,0.10309993142623024,0.7234511903293422,0.03186208521581686,LU16_2023,0.57665625,"c(476231.033559333, 6379592.23194964)"
LU16,LU16_88,2023,2023-09-29,2024-09-24,57.542190000000005,-111.34637,479265.7563790622,6377795.48711883,250,0.10071868274601375,0.5484328152731197,0.10071868274601375,0.4477141325271059,0.4477141325271059,0,0,0,0,0,0,0,0.4477141325271059,0,0,0.08199877286901396,0,0.0187199098769998,0,0,0,0,0,0,0,0,0,0,0.8616756154203782,0.8616756154203782,0.8616756154203782,0,0,0,0,0,0.8616756154203782,0,8.217914957294302e-4,0.25135088472960415,0,0,0.5396168874643255,2.549571390913851e-6,0.00242005929821399,0,0,0.07580884275844675,0.9241905476249994,6.088855988048274e-7,LU16_2023,0.5607072916666667,"c(479265.756379062, 6377795.48711883)"
LU2,LU2_100,2021,2021-07-15,2022-02-05,54.99404,-111.76688,450937.0408583181,6094397.1487539485,250,0.07236656752188557,0.17111072300011512,0.14439979469518216,0,0.02671092830493296,0.02671092830493296,0.02671092830493296,0,0,0,0,0,0.02671092830493296,0,0,0.04825112983683533,0,0.02152117753598416,0,0.00259426014906609,0.00259426014906609,0,0.07203322717329658,0,0,0,0,0,0,0,0,0,0,0,0,0,0,0,0.2010966087846274,0.09455314406064098,0.24551566281046672,0.02259624150105537,0,0,0.0976433052446849,0.3094794003507603,0.03083210030917744,0.1768484605333642,0.01935550212763276,0.7708264154451133,LU2_2021,0.7067395833333333,"c(450937.040858318, 6094397.14875395)"
LU2,LU2_100_24,2024,2024-10-02,2025-09-17,54.99394,-111.76685,450938.83814397984,6094386.000162612,250,0.07355803245491156,0.17347385651069003,0.1459747782677719,0,0.02749907824291814,0.02749907824291814,0.02749907824291814,0,0,0,0,0,0.02749907824291814,0,0,0.04802121601732039,0,0.02136935185070085,0,0.00416746458689032,0.00416746458689032,0,0.07241674581286031,0,0,0,0,0,0,0,0,0,0,0,0,0,0,0,0.2028638143728713,0.09374735510758572,0.24593119903125069,0.02187209199403901,0,0,0.09877598234707229,0.30803588370040674,0.03076487861164877,0.1767476830227397,0.01961788837449996,0.7707230391468304,LU2_2024,0.7067395833333333,"c(450938.83814398, 6094386.00016261)"
LU2,LU2_101,2021,2021-07-12,2022-02-06,54.86738,-111.41208,473553.05057956855,6080111.541518604,250,0.02252819056452352,0.04420876589941663,0.04420876589941663,0,0,0,0,0,0,0,0,0,0,0,0,0,0,0.02163474620818398,0,0,0,8.934443563395463e-4,0.02168057533489311,0,0,0,0,0,0,0,0,0,0,0,0,0,0,0,0.29493291646801967,0.5597672078360194,0.00941776243596106,0.109093603005311,0,0.00694239101149758,0.00441788518913482,0.01548381762878829,0.0740994477791671,0.3717649269298126,0,0.5502670060682633,LU2_2021,0.7795458333333334,"c(473553.050579569, 6080111.5415186)"
LU2,LU2_101_24,2024,2024-10-03,2025-09-17,54.86597,-111.41917,473097.0842786984,6079957.3425053265,250,0.01968519270239293,0.03982145861392772,0.03982145861392772,0,0,0,0,0,0,0,0,0,0,0,0,0,0,0.01968519270239293,0,0,0,0,0.02013626591153479,0,0,0,0,0,0,0,0,0,0,0,0,0,0,0,0.339265551628034,0.43460206794614337,0.08413056341107032,0.12191379744268016,0,0.00391788389062369,0.0024931988394878,0.01252865503904963,0.117910442912558,0.1645638168419952,0,0.7041034261687446,LU2_2024,0.7794083333333334,"c(473097.084278698, 6079957.34250533)"
LU2,LU2_106,2021,2021-07-12,2022-02-05,54.88816,-111.78943,449361.49613157735,6082631.472272619,250,0.10971084863678723,0.2659595774778867,0.2659595774778867,0,0,0,0,0,0,0,0,0,0,0,0,0.02184458568647751,0.02440252944494755,0.01994440776156827,0,0.00439451231877391,0.00439451231877391,0,0.15624872884109947,0.03912481342501998,0,0.03912481342501998,0,0,0,0,0,0,0,0,0,0,0,0,0.2321450920055767,0.339024236858951,0.11342315653340466,0.08765359278020536,6.998529865581971e-4,0,0.07894357574681611,0.14565159658635723,0.06020480160479484,0.32535922852283755,0.04285238892579201,0.5661112954419182,LU2_2021,0.7063125,"c(449361.496131577, 6082631.47227262)"
LU2,LU2_106_24,2024,2024-10-02,2025-09-17,54.88797999999999,-111.78869,449408.7373521994,6082610.908285439,250,0.10125934385406322,0.24199277888658777,0.24199277888658777,0,0,0,0,0,0,0,0,0,0,0,0,0.02131516765369835,0.02518971538066007,0.01174657401090709,0,0.00388307351375268,0.00388307351375268,0,0.14073343503252456,0.03912481329504504,0,0.03912481329504504,0,0,0,0,0,0,0,0,0,0,0,0,0.2203775324420763,0.3368975266912579,0.101553595837818,0.08647574727708711,5.974691485801711e-4,0,0.11530129082460489,0.1366639315095328,0.06260173120982639,0.3187233109007031,0.04513581988949098,0.5675985805383224,LU2_2024,0.7063125,"c(449408.737352199, 6082610.90828544)"
LU2,LU2_110,2021,2021-07-13,2022-09-10,54.917919999999995,-111.47919,469284.4974915763,6085762.812801509,250,0.0488316300512821,0.10757516046641756,0.10757516046641756,0,0,0,0,0,0,0.03228872049203709,0.03228872049203709,0.03228872049203709,0.03228872049203709,0,0,0,0,0.033351879150886,0,0.00983267433709719,0.00983267433709719,0.00564707656329891,0.05874353041513547,0,0,0,0,0,0,0,0,0,0,0,0,0,0,0,0.5239145358600382,0.3662877381565536,0.05082183246894822,0.05300765723706695,0,0,0,0.00599539569336046,0,0.2874953838437897,0,0.7074172935299362,LU2_2021,0.7737770833333334,"c(469284.497491576, 6085762.81280151)"
LU2,LU2_110_24,2024,2024-10-04,2025-09-16,54.91793,-111.47915,469287.0690385561,6085763.908015865,250,0.05383306923778646,0.11293470288064528,0.11293470288064528,0,0,0,0,0,0,0.03393328091601864,0.03393328091601864,0.03393328091601864,0.03393328091601864,0,0,0,0,0.03357701888661061,0,0.02025605035117585,0.02025605035117585,0,0.05910163364285881,0,0,0,0,0,0,0,0,0,0,0,0,0,0,0,0.5240947814013673,0.36570257260316547,0.05149537755158054,0.0527738918231725,0,0,0,0.00596074804164106,0,0.28716864959871924,0,0.7077701751899096,LU2_2024,0.7737770833333334,"c(469287.069038556, 6085763.90801586)"
LU2,LU2_119,2021,2021-07-15,2022-09-10,54.988879999999995,-111.78169,449983.1393723677,6093833.456562188,250,0.03462324704963721,0.04698377011532327,0.04698377011532327,0,0,5.859738460065153e-4,5.859738460065153e-4,0,0,0.19218031290481355,0.19159433905880704,0.19159433905880704,0.19218031290481355,0,0,0,0,0.02453450896466691,0,0,0,0.0100887380849703,0.01236052306568607,0,0,0,0,0,0,0,0,0,0,0,0,0,0,0,0.30686875095311555,0.38967731044173864,0.01219916465939891,0.07801780209051874,0,0,0.00198617418569524,0.21119868206164336,0.0773395621081656,0.38492588425764623,0,0.5225477361088161,LU2_2021,0.772821875,"c(449983.139372368, 6093833.45656219)"
LU2,LU2_123,2021,2021-07-15,2022-02-05,55.00679,-111.66826,457259.9391877543,6095751.196769467,250,0.05487682438967486,0.10003046747839275,0.10003046747839275,0,0,0,0,0,0,0,0,0,0,0,0,0,0,0.01311176231742847,0,0.02629960991294457,0.02629960991294457,0.00863769398580062,0.04515364308871788,0,0.0068277581735012,0.0068277581735012,0,0,0,0,0,0,0,0,0,0,0,8.051725900649191e-5,0.4583594711732003,0.21068614361946403,0.06699629890138986,0.22355531699320164,0,0,2.1131716697531527e-5,0.03677551275773794,0.0361231280419735,0.07676973159481391,0,0.8838281330219044,LU2_2021,0.7794489583333334,"c(457259.939187754, 6095751.19676947)"
LU2,LU2_123_24,2024,2024-10-02,2025-09-17,55.006530000000005,-111.66808,457271.174934234,6095722.154882478,250,0.05547261587173027,0.08220763626055409,0.08220763626055409,0,0,0,0,0,0,0,0,0,0,0,0,0,0,0.00904358745123427,0,0.02577204507057841,0.02577204507057841,0,0.02673502038882382,0,0.02065698334991759,0.02065698334991759,0,0,0,0,0,0,0,0,0,0,0,0,0.4547571336438246,0.2214632315193914,0.04105801270077862,0.24116746612260637,0,0,0,0.039392927897335,0.03915433373770888,0.0680569056301423,0,0.8899087823996306,LU2_2024,0.7794489583333334,"c(457271.174934234, 6095722.15488248)"
LU2,LU2_13,2021,2021-07-12,2022-02-06,54.89791,-111.40125000000002,474267.5681520477,6083504.760695242,250,0.04027073436557396,0.05954176102867909,0.05954176102867909,0,0,0,0,0,0,0,0,0,0,0,0,0,0,0.01928535732287209,0,0.01682294460919866,0.01682294460919866,0.00416243243350321,0.01927102666310513,0,0,0,0,0,0,0,0,0,0,0,0,0,0,0,0.27411037168064983,0.6163551634690436,0.01086207733112542,0.08131031057557071,0,0,0,0.01739218289468347,0.0369582101713725,0.5406914872439527,0,0.40965136267278063,LU2_2021,0.7409177083333334,"c(474267.568152048, 6083504.76069524)"
LU2,LU2_13_24,2024,2024-10-03,2025-09-17,54.8979,-111.40118,474272.0508997198,6083503.622214815,250,0.03372400766436028,0.05337533019103516,0.05337533019103516,0,0,0,0,0,0,0,0,0,0,0,0,0,0,0.01964732872879801,0,0.01407667893556227,0.01407667893556227,0,0.01965132252667488,0,0,0,0,0,0,0,0,0,0,0,0,0,0,0,0.2692027801439182,0.6214310881881719,0.01071497771577341,0.08126105819491788,0,0,0,0.01741917024327514,0.03697858875400196,0.5453769472082597,0,0.404895092181186,LU2_2024,0.7409177083333334,"c(474272.05089972, 6083503.62221481)"
LU2,LU2_137,2021,2021-07-14,2022-09-09,54.94295,-111.59875,461644.7532603298,6088607.037409125,250,0.16566211562549743,0.23262223689647385,0.23262223689647385,0,0,0,0,0,0.15975771703335906,0.15975771703335906,0.15975771703335906,0,0.15975771703335906,0,0.11229604946421576,0.01360430425734054,0,0.02242976370931839,0,0.01733199819462272,0.01733199819462272,0,0.0669601212709764,0,0,0,0,0,0,0,0,0,0,0,0,0,0,0,0.6674135553691194,0.06490406530530704,0.09771013597192364,0.05227622763559208,0,4.204394368705556e-4,0.0349904094803415,0.07197734900580247,0.01642523997648359,0.11165159681059164,0,0.8606256968040241,LU2_2021,0.7678239583333334,"c(461644.75326033, 6088607.03740912)"
LU2,LU2_137_24,2024,2024-10-02,2025-09-16,54.94318,-111.59857,461656.5025904858,6088632.532240364,250,0.15831878601067445,0.21977522255005064,0.21977522255005064,0,0,0,0,0,0.19698903173093577,0.19698903173093577,0.19698903173093577,0,0.19698903173093577,0,0.1042216693552704,0.01439703536175325,0,0.02060929411206753,0,0.0190907871815833,0.0190907871815833,0,0.06145643653937618,0,0,0,0,0,0,0,0,0,0,0,0,0,0,0,0.7123467946483548,0.04748671364383004,0.090221837309666,0.04150369671874524,0,4.6920401610662865e-4,0.0321698356091968,0.06628642209860995,0.00923532162522934,0.09818997491083342,0,0.8800730088319365,LU2_2024,0.7678239583333334,"c(461656.502590486, 6088632.53224036)"
LU2,LU2_143,2021,2021-07-13,2022-09-09,54.93758,-111.43214,472313.8299532292,6087930.883114251,250,0.04666296296255971,0.06140256724355364,0.06140256724355364,0,0,0,0,0,0,0,0,0,0,0,0,0,0,0,0,0.01403625105116649,0.01403625105116649,0.03262671191139322,0.01473960428099393,0,0,0,0,0,0,0,0,0,0,0,0,0,0,0,0.7833783692123396,0.13014135081647418,0.01419600638315255,0.00926427876649415,0.00117759257823023,7.479111223450225e-4,0.01268584614422809,0.04836381602304017,0.00229706959164073,0.1394553474008471,0,0.8534758236358062,LU2_2021,0.7702197916666667,"c(472313.829953229, 6087930.88311425)"
LU2,LU2_143_24,2024,2024-10-04,2025-09-16,54.93753,-111.43223,472308.0295504684,6087925.3548767585,250,0.02893315792554734,0.04355450499379535,0.04355450499379535,0,0,0,0,0,0,0,0,0,0,0,0,0,0,0,0,0.01430914325482516,0.01430914325482516,0.01462401467072218,0.01462134706824801,0,0,0,0,0,0,0,0,0,0,0,0,0,0,0,0.770495128901779,0.14009016231888102,0.01453558383082618,0.00905017473297517,0.00115351752880699,7.752770101757828e-4,0.01314798038124304,0.05070171473527298,0.00203728284262549,0.15077288802388242,0,0.8422753800670099,LU2_2024,0.7702197916666667,"c(472308.029550468, 6087925.35487676)"
LU2,LU2_15,2021,2021-07-12,2022-02-06,54.90787,-111.38586,475260.64098658354,6084607.526799967,250,0.02304024156370881,0.04890245362038156,0.04890245362038156,0,0,0.24441727595850277,0.24441727595850277,0,0,0.24441727595850277,0,0,0.24441727595850277,0,0,0,0,0.02304024156370881,0,0,0,0,0.02586221205667276,0,0,0,0,0,0,0,0,0,0,0,0,0,0,0,0.7156022254131723,0.1263069133097984,0.00337891938208434,0.077632495422298,4.3750821400902075e-5,0,0.00259314301949221,0.07438243029970595,0.03046147211792328,0.04794689773542242,0,0.9177478247670516,LU2_2021,0.7677114583333333,"c(475260.640986584, 6084607.52679997)"
LU2,LU2_15_24,2024,2024-10-03,2025-09-17,54.90785,-111.38596,475254.2172667281,6084605.336605655,250,0.02287889086937094,0.04858952441604769,0.04858952441604769,0,0,0.2427965158179551,0.2427965158179551,0,0,0.2427965158179551,0,0,0.2427965158179551,0,0,0,0,0.02287889086937094,0,0,0,0,0.02571063354667675,0,0,0,0,0,0,0,0,0,0,0,0,0,0,0,0.7166602890978288,0.1259224461371949,0.00344011444081236,0.0774054839811384,3.792484762798048e-5,0,0.00257610405883432,0.07389751454793787,0.03030458135806937,0.04770705627712619,0,0.9181295180205006,LU2_2024,0.7677114583333333,"c(475254.217266728, 6084605.33660566)"
LU2,LU2_153,2021,2021-07-13,2022-09-10,54.988679999999995,-111.49073,468600.0161686661,6093641.87949887,250,0.1277469869926749,0.143889005536736,0.143889005536736,0,0,0,0.03285082288250546,0.03285082288250546,0,0.03285082288250546,0,0,0.03285082288250546,0,0.01458885958608888,0.06268173847467061,0,0.02120941521885469,0,0,0,0.0292669737130607,0.01614201854406113,0,0,0,0,0,0,0,0,0,0,0,0,0,0,0,0.7460672644070232,0.06193159680825715,0.00127760734553588,0.18909278608977295,0,0,0,0.00163074534941088,0.00673659067588142,0.00712976257310875,0,0.9657173011041796,LU2_2021,0.7712083333333333,"c(468600.016168666, 6093641.87949887)"
LU2,LU2_155,2021,2021-07-14,2022-09-09,54.97483,-111.40751000000002,473915.94272478344,6092066.495962011,250,0.02273696029540172,0.7115961351592004,0.04073009526906145,0,0.6708660398901389,0.6708660398901389,0.6708660398901389,0,0,0,0,0,0.6708660398901389,0,0,0,0,0.01815816181856077,0,6.663901268808627e-4,6.663901268808627e-4,0.00391240834996009,0.01799313497365973,0,0,0,0,0,0,0,0,0,0,0,0,0,0,0,0.7364697280054475,0.08791528976256631,0.13176631059664368,0.0375746037283072,7.832236317964953e-4,2.2312038676869608e-4,0.00259137510480401,0.0026804318520818,0.02814990912317119,0.02100929281719894,0,0.9385355684157178,LU2_2021,0.7623718750000001,"c(473915.942724783, 6092066.49596201)"
LU2,LU2_155_24,2024,2024-10-04,2025-09-16,54.97483,-111.40743,473921.0633662538,6092066.466140091,250,0.0183088777949446,0.7078054181999384,0.03591814062664512,0,0.6718872775732933,0.6718872775732933,0.6718872775732933,0,0,0,0,0,0.6718872775732933,0,0,0,0,0.01778094142443054,0,5.279363705140618e-4,5.279363705140618e-4,0,0.01760926283170052,0,0,0,0,0,0,0,0,0,0,0,0,0,0,0,0.7371552331549599,0.08766433301665605,0.13132732211170084,0.03736525448620866,7.984901829842509e-4,2.267441864974334e-4,0.00277196149772688,0.00269454027654598,0.02752495756492731,0.02090584364050033,0,0.939343179778719,LU2_2024,0.7623718750000001,"c(473921.063366254, 6092066.46614009)"
LU2,LU2_17,2021,2021-07-14,2022-09-09,54.92504,-111.50987,467323.733468968,6086568.98862813,250,0.03060651480285374,0.07554703911272916,0.07554703911272916,0,0,0.08798412210985351,0.08798412210985351,0,0,0.3003699885565342,0.21238586644668064,0.21238586644668064,0.3003699885565342,0,0.00824485089642181,0,0,0.02236166390643193,0,0,0,0,0.04494052430987542,0,0,0,0,0,0,0,0,0,0,0,0,0,0,0,0.27986558390817523,0.26025427843196025,0.08285916979057398,0.17086785492259454,5.3035636973720016e-5,0,8.844564655571848e-5,0.2059998527946952,0.00187048168262556,0.3706760092064325,0,0.6116577369262054,LU2_2021,0.7317,"c(467323.733468968, 6086568.98862813)"
LU2,LU2_17_24,2024,2024-10-04,2025-09-16,54.92506,-111.50965,467337.8487828884,6086571.111488048,250,0.03236561271493521,0.07819895818798002,0.07819895818798002,0,0,0,0.09247427478250347,0.09247427478250347,0,0.2884677224637154,0.1959934476812119,0.1959934476812119,0.2884677224637154,0,0.0096546916751268,0,0,0.02271092103980841,0,0,0,0,0.04583334547304481,0,0,0,0,0,0,0,0,0,0,0,0,0,0,0,0.2837098744270479,0.2584537437664847,0.08405543619288416,0.1697798484015949,3.225951175413338e-5,0,7.06970914192319e-5,0.20388683989898837,0.00203040861995638,0.3674871929891952,0,0.6148531458299782,LU2_2024,0.7317,"c(467337.848782888, 6086571.11148805)"
LU2,LU2_18,2021,2021-07-13,2022-09-10,54.92097,-111.45886,470589.8407542466,6086093.475922492,250,0.01934430803043563,0.05770835628464268,0.05770835628464268,0,0,0,0,0,0,0,0,0,0,0,0,0,0,0.01934430803043563,0,0,0,0,0.03836404825420705,0,0,0,0,0,0,0,0,0,0,0,0,0,0,0,0.07949742392977817,0.764423965727432,0.08273308068487499,0.00539138832225864,0,0,0.00276493201430852,0.04251415747765061,0.01891373783700906,0.6763577630881582,0.01134022840651179,0.2913463904787477,LU2_2021,0.77044375,"c(470589.840754247, 6086093.47592249)"
LU2,LU2_18_24,2024,2024-10-04,2025-09-16,54.92096,-111.4588,470593.67907244794,6086092.337956357,250,0.01905456299702931,0.05682218663692934,0.05682218663692934,0,0,0,0,0,0,0,0,0,0,0,0,0,0,0.01905456299702931,0,0,0,0,0.03776762363990003,0,0,0,0,0,0,0,0,0,0,0,0,0,0,0,0.07957224364364188,0.7642530977958183,0.08283794994302773,0.00532353181627461,0,0,0.00276784245267738,0.04254222933894421,0.01893364692266271,0.6762799351822686,0.01135216542185073,0.29145662881082685,LU2_2024,0.77044375,"c(470593.679072448, 6086092.33795636)"
LU2,LU2_20,2021,2021-07-15,2022-09-09,54.95559,-111.63136,459568.5101910151,6090031.919827051,250,0.05465077123895888,0.11414808262947868,0.11414808262947868,0,0,0.07810670866753673,0.07810670866753673,0.282053910357612,0.03502960501341892,0.3951902240385677,0.3170835153710309,0,0.3951902240385677,0,0,0,0,0.01973755588745013,0,0.01491375397551982,0.01491375397551982,0,0.05949731139051981,0,0.01999946137598893,0.01999946137598893,0,0,0,0,0,0,0,0,0,0,0,0,0.8837463523545841,0.00221425057710548,0.09528878878446606,0.00191430916277148,0,0,6.018135936696713e-4,0.01333738671103182,0,0.0182561642158126,0,0.981206892746504,LU2_2021,0.7719729166666668,"c(459568.510191015, 6090031.91982705)"
LU2,LU2_20_24,2024,2024-10-02,2025-09-17,54.95559,-111.63141,459565.3082987853,6090031.948715524,250,0.04991648921274628,0.10868761266588815,0.10868761266588815,0,0,0,0.07796496886742525,0.07796496886742525,0.3156852749771507,0.3936502438445759,0.3156852749771507,0,0.3936502438445759,0,0,0,0,0.01948822653189878,0,0.00945298411994982,0.00945298411994982,0,0.05877112345314189,0,0.02097527856089768,0.02097527856089768,0,0,0,0,0,0,0,0,0,0,0,0,0.8853101278412218,0.0021911684072289,0.09439226409250227,0.00184524287940966,0,0,5.953106432370006e-4,0.01279524137273776,0,0.0177145984693107,0,0.981770629612355,LU2_2024,0.7719729166666668,"c(459565.308298785, 6090031.94871552)"
LU2,LU2_21,2021,2021-07-15,2022-09-09,54.94711,-111.62397,460033.3367776853,6089084.055948623,250,0.02502635458213985,0.08096797932427355,0.08096797932427355,0,0,0,0,0,0,0,0,0,0,0,0,0,0,0.01824147286231545,0,0.00678488171982441,0.00678488171982441,0,0.05594162474213368,0,0,0,0,0,0,0,0,0,0,0,0,0,0,8.27968517041652e-6,0.4214959870997789,0.12885667299803047,0.17177423631555563,0.04624974651302921,0.00121372759559804,0.00358166879810456,0.03491912410728238,0.18616974252477575,0,0.2618631547084356,3.220214271729765e-4,0.7310215899231304,LU2_2021,0.7272104166666666,"c(460033.336777685, 6089084.05594862)"
LU2,LU2_21_24,2024,2024-10-02,2025-09-16,54.94687,-111.62406,460027.3340244813,6089057.401158405,250,0.0256567768104492,0.07523371106708224,0.07523371106708224,0,0,0,0,0,0,0,0,0,0,0,0,0,0,0.01602676582515228,0,0.00963001098529692,0.00963001098529692,0,0.04957693425663303,0,0,0,0,0,0,0,0,0,0,0,0,0,0,0,0.4282153886579235,0.1392728392167277,0.15718058476018384,0.04754236268570255,0.00130496460156222,0.00367590297156516,0.03636783632600746,0.18229899660344337,0,0.26316333948324766,0.00129314419782033,0.7283408749864942,LU2_2024,0.7272104166666666,"c(460027.334024481, 6089057.4011584)"
LU2,LU2_24,2021,2021-07-12,2022-09-10,54.975930000000005,-111.78605,449687.9765996589,6092395.570083428,250,0.04591583337417815,0.09148631985945271,0.07082191052050797,0,0.02066440933894474,0.02066440933894474,0.02066440933894474,0,0,0.3723724773905092,0.3723724773905092,0.3723724773905092,0.393036886729454,0,0,0.01424901230295523,0,0.02492035246476662,0,0.0067464686064563,0.0067464686064563,0,0.02490607714632982,0,0,0,0,0,0,0,0,0,0,0,0,0,0,0,0.4654435470180505,0.2696528703760842,0.00630354893593302,0.03432508211140516,0,0.159412920390478,4.2474973006260616e-4,0.06440627258619418,0.01646329231187711,0.3734064851093564,7.89224719859348e-5,0.6001654286526862,LU2_2021,0.735365625,"c(449687.976599659, 6092395.57008343)"
LU2,LU2_25,2021,2021-07-13,2022-09-09,54.970279999999995,-111.63915,459084.5865132316,6091671.092143002,250,0.0319261466073487,0.05835533581802352,0.05835533581802352,0,0,0,0,0,0,0,0,0,0,0,0,0,0,0.01067989965068226,0,0.02124624695666644,0.02124624695666644,0,0.02642918921067482,0,0,0,0,0,0,0,0,0,0,0,0,0,0,0,0.06260784276924342,0.4659137186192112,0.05388654756487135,0.0485877475684994,0,0,0,0.3675264034378772,0,0.7959783377735399,0,0.2004211139842667,LU2_2021,0.7741229166666668,"c(459084.586513232, 6091671.092143)"
LU2,LU2_25_24,2024,2024-10-02,2025-09-17,54.97014,-111.63927,459076.7624428341,6091655.583668354,250,0.03497797979475003,0.07689827016874168,0.07689827016874168,0,0,0,0,0,0,0,0,0,0,0,1.915261431313683e-5,0,0,0.0144529099825352,0,0.0205059171979017,0.0205059171979017,0,0.04192029037399165,0,0,0,0,0,0,0,0,0,0,0,0,0,0,0,0.08127054977278539,0.444936324764951,0.07344561052036543,0.04813005931510783,0,0,0,0.3501115626010033,0,0.7602887318064386,0,0.236145285736834,LU2_2024,0.7741229166666668,"c(459076.762442834, 6091655.58366835)"
LU2,LU2_26,2021,2021-07-13,2022-09-09,54.96789,-111.41759000000002,473266.132958704,6091298.034746433,250,0.02241139527278949,0.04602900083589716,0.04602900083589716,0,0,0,0,0,0,0,0,0,0,0,0,0,0,0.02241139527278949,0,0,0,0,0.02361760556310767,0,0,0,0,0,0,0,0,0,0,0,0,0,0,0,0.23802964965122525,0.5832094837067177,6.106103882154839e-4,0.1761915629809552,0,0,0,0.00204093455028583,0.2899722000948973,0.2513992794722016,0,0.45494472083039894,LU2_2021,0.7570953125,"c(473266.132958704, 6091298.03474643)"
LU2,LU2_26_24,2024,2024-10-04,2025-09-16,54.967879999999994,-111.41757,473267.40669854614,6091296.914331258,250,0.02248996153599438,0.04622715182906643,0.04622715182906643,0,0,0,0,0,0,0,0,0,0,0,0,0,0,0.02248996153599438,0,0,0,0,0.02373719029307205,0,0,0,0,0,0,0,0,0,0,0,0,0,0,0,0.23831122495798537,0.5828023858964644,6.249829850369308e-4,0.17630148184309566,0,0,0,0.00204199215389464,0.28967984298743943,0.2513242866663421,0,0.4553206175111469,LU2_2024,0.7570953125,"c(473267.406698546, 6091296.91433126)"
LU2,LU2_27,2021,2021-07-14,2022-02-05,55.00145,-111.65134,458336.5454957909,6095146.770380339,250,0.08048937136427199,0.1491854562346824,0.1491854562346824,0,0,0,0,0,0,0,0,0,0,0,0,0.04706922714025514,0,0.01994373127850638,0,0.00699328718338239,0.00699328718338239,0.00587065384735081,0.06869608487041041,0,6.12471914777277e-4,6.12471914777277e-4,0,0,0,0,0,0,0,0,0,0,0,0,0.068239553325743,0.2984722634310593,0.34781598805197056,0.02174845656338905,0,0,0,0.2637932954713486,0.00121942522404887,0.5497181740311037,0.03000863672662701,0.416190823220567,LU2_2021,0.7397677083333334,"c(458336.545495791, 6095146.77038034)"
LU2,LU2_27_24,2024,2024-10-02,2025-09-17,55.00157,-111.65131,458338.58878894575,6095160.105699078,250,0.07897678725909746,0.15169202897231188,0.15169202897231188,0,0,0,0,0,0,0,0,0,0,0,0,0.04472922248856884,0,0.02095378456034975,0,0.00716768863191161,0.00716768863191161,0.00207491095914733,0.07271524171321443,0,0.00405118061911993,0.00405118061911993,0,0,0,0,0,0,0,0,0,0,0,0,0.0860476465184448,0.2978379634173272,0.33769372765885547,0.02461439082260864,0,0,1.4878483264555737e-5,0.25385764999012633,0.00148257428864396,0.5322858068371447,0.03101986367388455,0.43178740325157594,LU2_2024,0.7397677083333334,"c(458338.588788946, 6095160.10569908)"
LU2,LU2_29,2021,2021-07-15,2022-02-06,54.85585999999999,-111.5666,463625.81360743905,6078898.925866748,250,0,0,0,0,0,0,0,0,0,0,0,0,0,0,0,0,0,0,0,0,0,0,0,0,0,0,0,0,0,0,0,0,0,0,0,0,0,0,0.5121821820384539,0.23890976841935913,0.09188806205068184,0.03146832328724469,0,2.1399043052407825e-4,0.05777900219077772,0.06757567776508801,0.01560679382019672,0.2084906904114321,0,0.7629911412094899,LU2_2021,0.7327864583333333,"c(463625.813607439, 6078898.92586675)"
LU2,LU2_29_24,2024,2024-10-02,2025-09-18,54.85591,-111.56652,463630.9943198132,6078904.448064876,250,0,0,0,0,0,0,0,0,0,0,0,0,0,0,0,0,0,0,0,0,0,0,0,0,0,0,0,0,0,0,0,0,0,0,0,0,0,0,0.512996238120259,0.2391881029874499,0.09045486982536448,0.03151927923065979,0,2.1355067222813995e-4,0.05790042065680872,0.06774362833291689,0.0156594728600631,0.20946363451229885,0,0.7620082087970581,LU2_2024,0.7327864583333333,"c(463630.994319813, 6078904.44806488)"
LU2,LU2_3,2021,2021-07-15,2022-02-06,54.87192,-111.48897,468621.87804954505,6080648.465078816,250,0.06201400534352871,0.06297216574219489,0.06297216574219489,0,0,0,0,0,0,0,0,0,0,0,0,0,0,0,0,0.04090760195149445,0.04090760195149445,8.151393513089726e-4,9.58160398666174e-4,0,0.02029126404072529,0.02029126404072529,0,0,0,0,0,0,0,0,0,0,0,0,0.3688687649005396,0.47095705608264454,0.00804967013212633,0.07834571171764233,0,0,4.5672252827092815e-4,0.07330576311990941,0.07624020631232802,0.2203558728414474,0,0.7011032611104773,LU2_2021,NA,"c(468621.878049545, 6080648.46507882)"
LU2,LU2_3_24,2024,2024-10-03,2025-09-17,54.87183999999999,-111.48871,468638.5004979982,6080639.446630126,250,0.06329249507946648,0.06450921256764781,0.06450921256764781,0,0,0,0,0,0,0,0,0,0,0,0,0,0,0,0,0.03972543978167323,0.03972543978167323,0.00107341031901433,0.00121671748818133,0,0.02249364497877893,0.02249364497877893,0,0,0,0,0,0,0,0,0,0,0,0,0.3761159780039363,0.4671578889981928,0.0081351281692338,0.07945666620003947,0,0,4.0470459264029326e-4,0.06871518030050588,0.07793264700373903,0.2075706073768035,0,0.7123670019579251,LU2_2024,0.762225,"c(468638.500497998, 6080639.44663013)"
LU2,LU2_30,2021,2021-07-15,2022-02-06,54.85813,-111.60098,461420.9037220108,6079169.90778577,250,0.03129976581178191,0.0795808407216062,0.0795808407216062,0,0,0,0,0,0,0,0,0,0,0,0,0,0,0.02627815901016713,0,0.00502160680161478,0.00502160680161478,0,0.0482810749098243,0,0,0,0,0,0,0,0,0,0,0,0,0,0,0,0.6050029801219293,0.18449397391576663,0.02619094310497795,0.11394682474921838,0,0,0.02085715145170792,0.04949779181121233,0.04185865136803515,0.04535704170089532,0,0.9090024083526292,LU2_2021,0.74021875,"c(461420.903722011, 6079169.90778577)"
LU2,LU2_30_24,2024,2024-10-02,2025-09-18,54.8581,-111.601,461419.5912302216,6079166.580568524,250,0.03148049990689645,0.08052221047488864,0.08052221047488864,0,0,0,0,0,0,0,0,0,0,0,0,0,0,0.02667922879181393,0,0.00480127111508252,0.00480127111508252,0,0.04904171056799219,0,0,0,0,0,0,0,0,0,0,0,0,0,0,0,0.6068048924043841,0.18309285001813463,0.02641919293282095,0.11297566355618864,0,0,0.0211936159991543,0.0495037918034027,0.04124101675368082,0.04499350839582864,0,0.9099170725639512,LU2_2024,0.74021875,"c(461419.591230222, 6079166.58056852)"
LU2,LU2_31,2021,2021-07-15,2022-02-06,54.86417,-111.47372,469594.660125124,6079779.357431664,250,0.02132396313258456,0.06120712500923439,0.06120712500923439,0,0,0,0,0,0,0,0,0,0,0,0,0,0,0.02132396313258456,0,0,0,0,0.03988316187664983,0,0,0,0,0,0,0,0,0,0,0,0,0,0,0,0.14638853938457527,0.6317298866267983,0.1257676631673657,0.03168117647578097,0,0,0,0.06449995833250262,0.06518918637620738,0.5137934165327909,0.00800833599064932,0.41300856508165373,LU2_2021,0.7759645833333333,"c(469594.660125124, 6079779.35743166)"
LU2,LU2_31_24,2024,2024-10-03,2025-09-17,54.864279999999994,-111.47424,469561.3674520007,6079791.823501855,250,0.02235203142775763,0.06433513435619766,0.06433513435619766,0,0,0,0,0,0,0,0,0,0,0,0,0,0,0.02235203142775763,0,0,0,0,0.04198310292844003,0,0,0,0,0,0,0,0,0,0,0,0,0,0,0,0.1416618172985319,0.638347337137997,0.12404336123262848,0.03250721536171441,0,0,0,0.06350649928830697,0.06497319716197678,0.5174223424446435,0.00789418384012563,0.40965810046964474,LU2_2024,0.7759645833333333,"c(469561.367452001, 6079791.82350186)"
LU2,LU2_32,2021,2021-07-12,2022-02-06,54.862350000000006,-111.44610000000002,471366.1258143794,6079565.199059446,250,0.00807620092765806,0.00807620092765806,0.00807620092765806,0,0,0,0,0,0,0,0,0,0,0,0,0,0,0,0,0,0,0.00807620092765806,0,0,0,0,0,0,0,0,0,0,0,0,0,0,0,0,0.0633677731205555,0.8784404670195052,0.00536431856831999,0.04565860832263822,0,0.0019990430039697,0.00133668911838645,0.00383293998948074,0.23777409919984385,0.565058706095634,0,0.1958582866708215,LU2_2021,0.7377916666666666,"c(471366.125814379, 6079565.19905945)"
LU2,LU2_32_24,2024,2024-10-03,2025-07-21,54.86232,-111.44619000000002,471360.32775316475,6079561.897585535,250,0,0,0,0,0,0,0,0,0,0,0,0,0,0,0,0,0,0,0,0,0,0,0,0,0,0,0,0,0,0,0,0,0,0,0,0,0,0,0.06667894504733574,0.8743927014733877,0.00559629487728142,0.04593611410274813,0,0.00198331226851893,0.00139907371932035,0.00401374430321787,0.23664733744354585,0.561348293767971,0,0.20070588788666285,LU2_2024,0.7377916666666666,"c(471360.327753165, 6079561.89758554)"
LU2,LU2_33,2021,2021-07-15,2022-02-06,54.86687,-111.50648,467494.17554875696,6080094.509078377,250,0.02785330897137696,0.0797541582526331,0.0797541582526331,0,0,0.4137539172003447,0.4137539172003447,0,0,0.4137539172003447,0,0,0.4137539172003447,0,0,0,0,0.02785330897137696,0,0,0,0,0.05190084928125614,0,0,0,0,0,0,0,0,0,0,0,0,0,0,0,0.6157414589970096,0.21841586189406711,0.05695377530565407,0.02195809466254599,0,0,0.00275109983770827,0.08419494884025369,0,0.2167837067288877,0,0.7775155588341776,LU2_2021,0.78370729166666675,"c(467494.175548757, 6080094.50907838)"
LU2,LU2_33_24,2024,2024-10-02,2025-09-17,54.86689,-111.50657,467488.41550255707,6080096.776342232,250,0.02748352667425696,0.07867201255788676,0.07867201255788676,0,0,0.42058117141176665,0.42058117141176665,0,0,0.42058117141176665,0,0,0.42058117141176665,0,0,0,0,0.02748352667425696,0,0,0,0,0.0511884858836298,0,0,0,0,0,0,0,0,0,0,0,0,0,0,0,0.6164245555486377,0.2181503084591861,0.05586577813501572,0.02167633145654778,0,0,0.0026697556876096,0.08522651185720041,0,0.21787963926753537,0,0.7763707887549717,LU2_2024,0.78370729166666675,"c(467488.415502557, 6080096.77634223)"
LU2,LU2_34,2021,2021-07-12,2022-02-06,54.88479999999999,-111.40033,474318.2294316063,6082045.59360432,250,0.0272296107416411,0.04660716990044062,0.04660716990044062,0,0,0.00604178367138849,0.00604178367138849,0,0,0.00604178367138849,0,0,0.00604178367138849,0,0,0,0,0.01774130063017281,0,0,0,0.00948831011146829,0.01937755915879952,0,0,0,0,0,0,0,0,0,0,0,0,0,0,0,0.3444761143612193,0.4950852501173136,0.01561283645562609,0.12358521976505302,0,0,0,0.02126745557389167,0.04168664390948098,0.4030817097469903,0,0.5552031581330064,LU2_2021,0.7777333333333334,"c(474318.229431606, 6082045.59360432)"
LU2,LU2_34_24,2024,2024-10-03,2025-09-17,54.884809999999995,-111.4006,474300.9149857187,6082046.805394434,250,0.01914443902558825,0.04039876194809412,0.04039876194809412,0,0,0.02119753265717584,0.02119753265717584,0,0,0.02119753265717584,0,0,0.02119753265717584,0,0,0,0,0.01914443902558825,0,0,0,0,0.02125432292250587,0,0,0,0,0,0,0,0,0,0,0,0,0,0,0,0.38020633889266814,0.4601341263937585,0.0171023991613939,0.12190752978640404,0,0,0,0.02067730092755152,0.04095744368905466,0.3699032588075357,0,0.5890736737463381,LU2_2024,0.7777333333333334,"c(474300.914985719, 6082046.80539443)"
LU2,LU2_36,2021,2021-07-12,2022-02-06,54.92015000000001,-111.3576,477079.497549966,6085964.385809537,250,0.01055259876961253,0.15957402526149567,0.01055259876961253,0.14902142649188313,0.14902142649188313,0,0,0,0,0,0,0,0.14902142649188313,0,0,0,0,0,0,0.00305551813781798,0.00305551813781798,0.00749708063179455,0,0,0,0,0,0,0,0,0,0,0,0,0,0,0,0,0.943274504970514,0.02502886846469416,0.0093398859654784,0.02169512556684737,1.300876529121216e-4,0,0,6.296939128920437e-4,0.02470510042185416,0,0,0.9714420998153396,LU2_2021,0.7820166666666667,"c(477079.497549966, 6085964.38580954)"
LU2,LU2_36_24,2024,2024-10-03,2025-09-17,54.92016,-111.35772,477071.8118255624,6085965.537869067,250,0,0.15904367809508138,0,0,0.15904367809508138,0.15904367809508138,0.15904367809508138,0,0,0,0,0,0.15904367809508138,0,0,0,0,0,0,0,0,0,0,0,0,0,0,0,0,0,0,0,0,0,0,0,0,0,0.9397317226215414,0.0269756280982335,0.00958110790635899,0.02306344812812589,1.2950215167090712e-4,0,0,6.168699545551572e-4,0.0269468181251356,0,0,0.9690647603144088,LU2_2024,0.7820166666666667,"c(477071.811825562, 6085965.53786907)"
LU2,LU2_38,2021,2021-07-14,2022-09-09,54.92608,-111.52653,466256.917023036,6086692.618792167,250,0.01883954767422412,0.0637721618686872,0.0637721618686872,0,0,0.04509578687978936,0.04509578687978936,0,0,0.04509578687978936,0,0,0.04509578687978936,0,0,0,0,0.01462206034653318,0,0.00421748732769094,0.00421748732769094,0,0.04493261419446309,0,0,0,0,0,0,0,0,0,0,0,0,0,0,0,0.5946620862896979,0.03414020571219074,0.29924888377507963,0.01313989951349089,0.00105855098831303,0,0.01037673118687062,0.04731664048781106,0,0.09698168397821856,0,0.8998320242339336,LU2_2021,0.7447489583333333,"c(466256.917023036, 6086692.61879217)"
LU2,LU2_38_24,2024,2024-10-02,2025-09-16,54.926190000000005,-111.52653,466257.00908475154,6086704.859157451,250,0.02081187435607502,0.06927884223513495,0.06927884223513495,0,0,0,0.05528483818815417,0.05528483818815417,0,0.05528483818815417,0,0,0.05528483818815417,0,0,0,0,0.01616314798296263,0,0.00464872637311239,0.00464872637311239,0,0.04846696787905992,0,0,0,0,0,0,0,0,0,0,0,0,0,0,0,0.59115435242745,0.03417240907845438,0.3019229303496433,0.01309202272659579,0.00109961858622306,0,0.01047345862728315,0.04802952407464955,0,0.09760191389637322,0,0.8992797481577413,LU2_2024,0.7447489583333333,"c(466257.009084752, 6086704.85915745)"
LU2,LU2_39,2021,2021-07-14,2022-09-09,54.92213000000001,-111.49615,468200.7108370284,6086238.857308163,250,0.05690776242690379,0.10110292565693468,0.10110292565693468,0,0,0.4954988581553531,0.4954988581553531,0,0,0.6204518476478149,0.1249529894924618,0.1249529894924618,0.6204518476478149,0,0.02755598875998371,0,0,0.02167170085873262,0,0.00183114191837025,0.00183114191837025,0.00584893088981721,0.04419516323003088,0,0,0,0,0,0,0,0,0,0,0,0,0,0,0,0.5273388600445325,0.29612580163574753,0.10154620681685458,0.05242669322054975,0,0,0,0.02256518445588231,0.04427559453361048,0.21854417495121384,0,0.7293464539941904,LU2_2021,0.7824062500000001,"c(468200.710837028, 6086238.85730816)"
LU2,LU2_39_24,2024,2024-10-04,2025-09-16,54.92215000000001,-111.49609,468204.57209971064,6086241.055580542,250,0.0535941407970051,0.09819548305737782,0.09819548305737782,0,0,0.280592297241674,0.4934161690736542,0.2128238718319802,0,0.6202643617312928,0.12684819265763864,0.12684819265763864,0.6202643617312928,0,0.02968686643080571,0,0,0.02189125078301301,0,0.00201602358318639,0.00201602358318639,0,0.04460134226037271,0,0,0,0,0,0,0,0,0,0,0,0,0,0,0,0.5266565966353008,0.29652515837711063,0.10160007253394916,0.05260839345097316,0,0,0,0.02261338714462059,0.04441725794167219,0.21868643558570428,0,0.7291276657610808,LU2_2024,0.7824062500000001,"c(468204.572099711, 6086241.05558054)"
LU2,LU2_40,2021,2021-07-14,2022-09-09,54.93723,-111.58392,462589.4250190661,6087962.512980707,250,0.04925275997474876,0.10369569631710548,0.10369569631710548,0,0,0,0,0,0,0,0,0,0,0,0.0246611969223738,0,0,0.02459156305237496,0,0,0,0,0.05444293634235672,0,0,0,0,0,0,0,0,0,0,0,0,0,0,0,0.5509862538124659,0.1923892872370048,0.1160803314604927,0.11563692434823862,0,3.773336511898836e-5,0.00470028846712827,0.01259031615818347,0.03857164843356991,0.03777015452691062,0.08084862657688094,0.8356924749566079,LU2_2021,0.74210625,"c(462589.425019066, 6087962.51298071)"
LU2,LU2_40_24,2024,2024-10-02,2025-09-16,54.93741,-111.58347,462618.4222332672,6087982.302227784,250,0.04851997991786434,0.09921347708559292,0.09921347708559292,0,0,0,0,0,0,0,0,0,0,0,0.02513557683758854,0,0,0.0233844030802758,0,0,0,0,0.05069349716772858,0,0,0,0,0,0,0,0,0,0,0,0,0,0,0,0.5364678987803888,0.2021294217022594,0.10695453327841584,0.12884589210780567,0,4.106335509114088e-5,0.00437324698256869,0.01414658301028416,0.04300044090428379,0.03625496869275389,0.07522325803934918,0.8381860295321462,LU2_2024,0.74210625,"c(462618.422233267, 6087982.30222778)"
LU2,LU2_42,2021,2021-07-13,2022-09-10,54.92949,-111.45815,470641.5516073907,6087041.252984204,250,0.00822412196672528,0.02886105721512899,0.02886105721512899,0,0,0.7036818855305995,0.7036818855305995,0,0,0.7036818855305995,0,0,0.7036818855305995,0,0,0,0,0.00822412196672528,0,0,0,0,0.02063693524840371,0,0,0,0,0,0,0,0,0,0,0,0,0,0,0,0.804903044337066,0.10760331895887376,0.0690174542178661,0.01672903821442814,0,0,2.793895288340808e-4,0.00146679502637892,0.06776344072227912,2.907941155624119e-4,0,0.9264735951020426,LU2_2021,0.7896302083333333,"c(470641.551607391, 6087041.2529842)"
LU2,LU2_44,2021,2021-07-13,2022-09-09,54.954519999999995,-111.4257,472737.8879676007,6089813.386663649,250,0.00734195401578367,0.5971141553237651,0.01116538059626081,0.5859487747275043,0.5859487747275043,0,0,0,0,0,0,0,0.5859487747275043,0,0,0,0,0.00734195401578367,0,0,0,0,0.00382342658047714,0,0,0,0,0,0,0,0,0,0,0,0,0,0,0,0.492762777968135,0.13083408404189378,0.3502173346650432,0.02167038644929594,1.6119336180551663e-4,0,1.6119336180551663e-4,0.00417827021560625,0.03777632154383831,0.05678094285566849,0,0.9004387431447907,LU2_2021,0.7544333333333333,"c(472737.887967601, 6089813.38666365)"
LU2,LU2_44_24,2024,2024-10-04,NA,54.95451,-111.42573,472735.9599902269,6089812.285579418,250,0.0070444885881022,0.5935529446623935,0.01030787310818295,0.5832450715542106,0.5832450715542106,0,0,0,0,0,0,0,0.5832450715542106,0,0,0,0,0.0070444885881022,0,0,0,0,0.00326338452008075,0,0,0,0,0,0,0,0,0,0,0,0,0,0,0,0.4939149315222276,0.1316335526846158,0.3481304480607831,0.02176096419007581,1.6322931838448214e-4,0,1.6322931838448214e-4,0.00421882701389874,0.03809315667993054,0.05737498956961788,0,0.8995506380625456,LU2_2024,0.7544333333333333,"c(472735.959990227, 6089812.28557942)"
LU2,LU2_46,2021,2021-07-13,2022-09-10,54.96857000000001,-111.51454,467060.0586465061,6091415.044264333,250,0.01455595713962786,0.01455595713962786,0.01455595713962786,0,0,0,0,0,0,0,0,0,0,0,0,0,0,0,0,0.00484162077872769,0.00484162077872769,0.00971433636090017,0,0,0,0,0,0,0,0,0,0,0,0,0,0,0,0,0.2370321374278164,0.4434628839098669,0.00236155568510982,0.227324361258802,0,0,0.00180589552390751,0.08797218175394875,0.07192367752862379,0.3115442661674899,0,0.6108794800712171,LU2_2021,0.7596145833333333,"c(467060.058646506, 6091415.04426433)"
LU2,LU2_47,2021,2021-07-14,2022-09-09,54.97673,-111.64797,458526.62638959475,6092394.016158897,250,0.06810269092919288,0.1251947203882246,0.1251947203882246,0,0,0,0,0,0,0,0,0,0,0,0.02061032501757103,0,0,0.01948356498513306,0,0.0280088009264888,0.0280088009264888,0,0.05709202945903171,0,0,0,0,0,0,0,0,0,0,0,0,0,0,0,0.892136232635587,0.00293973122889321,0.10088677137934876,0.00104314635361591,0,0,0,0,0,0.00693637429925267,0,0.9930636257007472,LU2_2021,0.77799375,"c(458526.626389595, 6092394.0161589)"
LU2,LU2_47_24,2024,2024-10-02,2025-09-17,54.97665,-111.64789,458531.66428341315,6092385.066646826,250,0.06957562054921328,0.12797716792849462,0.12797716792849462,0,0,0,0,0,0,0,0,0,0,0,0.02162080455214229,0,0,0.01989915568038668,0,0.02805566031668431,0.02805566031668431,0,0.05840154737928135,0,0,0,0,0,0,0,0,0,0,0,0,0,0,0,0.8883703712032193,0.00315824862735103,0.10426147291446398,0.00112473103773216,0,0,0,0,0,0.00714732490325782,0,0.9928526750967422,LU2_2024,0.77799375,"c(458531.664283413, 6092385.06664683)"
LU2,LU2_5,2021,2021-07-12,2022-02-06,54.87287,-111.40779,473831.9336592749,6080720.833836847,250,0.04393998814404223,0.06679898439253473,0.06679898439253473,0,0,0,0,0,0,0,0,0,0,0,0,0,0,0.02273336726651059,0,0.00832921715134694,0.00832921715134694,0.0128774037261847,0.0228589962484925,0,0,0,0,0,0,0,0,0,0,0,0,0,0,0,0.4523272288140956,0.2951284501823215,0.0653164739186838,0.04585659240747158,0,1.707832944333206e-4,0.07006327468409886,0.07119445417338777,0.02546039945638759,0.22184080010702856,0.01100056434442809,0.7346143010461782,LU2_2021,0.7789229166666667,"c(473831.933659275, 6080720.83383685)"
LU2,LU2_5_24,2024,2024-10-03,2025-09-17,54.87304,-111.40779,473832.0437775048,6080739.750707543,250,0.03163899182695125,0.05481473857315427,0.05481473857315427,0,0,0,0,0,0,0,0,0,0,0,0,0,0,0.02305017702615828,0,0.00858881480079297,0.00858881480079297,0,0.02317574674620302,0,0,0,0,0,0,0,0,0,0,0,0,0,0,0,0.4655056725600285,0.2772117581448826,0.06973053776708801,0.0442742533833167,0,1.592935857239041e-4,0.07290069064974478,0.07027661345180682,0.0241643288828427,0.20887402958796353,0.01016172326838322,0.7496341389208803,LU2_2024,0.7789229166666667,"c(473832.043777505, 6080739.75070754)"
LU2,LU2_50,2021,2021-07-13,2022-09-10,54.97719,-111.49719000000002,468177.5815568264,6092366.2225644095,250,0.02839766247681268,0.04838733946746815,0.04838733946746815,0,0,0,0.6616322310976616,0.6616322310976616,0,0.6616322310976616,0,0,0.6616322310976616,0,0,0,0,0.02839766247681268,0,0,0,0,0.01998967699065547,0,0,0,0,0,0,0,0,0,0,0,0,0,0,0,0.7207994123563609,0.07245060031486726,0.00751108532870318,0.1826237170714507,0,0,4.374181022106737e-4,0.016145201335816,0.00866242049730059,0.01344954761422987,0,0.9716684504008506,LU2_2021,0.7852166666666668,"c(468177.581556826, 6092366.22256441)"
LU2,LU2_50_24,2024,2024-10-04,2025-09-16,54.97717,-111.49672,468207.64763416816,6092363.783346288,250,0.02862155786175595,0.04866097265116977,0.04866097265116977,0,0,0,0.7100126631582298,0.7100126631582298,0,0.7100126631582298,0,0,0.7100126631582298,0,0,0,0,0.02862155786175595,0,0,0,0,0.02003941478941382,0,0,0,0,0,0,0,0,0,0,0,0,0,0,0,0.7362224797948181,0.06551579308537726,0.00791509128525264,0.17544124730142233,0,0,3.456968635980106e-4,0.01453215970979694,0.00732350128943865,0.01137069937044422,0,0.9747022696338626,LU2_2024,0.7852166666666668,"c(468207.647634168, 6092363.78334629)"
LU2,LU2_51,2021,2021-07-13,2022-09-10,54.99653000000001,-111.47964,469315.607925073,6094510.486454813,250,0.0264483375482378,0.04856416337527049,0.04856416337527049,0,0,0,0,0,0,0,0,0,0,0,0,0,0,0.0264483375482378,0,0,0,0,0.02211582582703269,0,0,0,0,0,0,0,0,0,0,0,0,0,0,0,0.65289505268877,0.08862784667113142,0.01816638698121724,0.22788956109198769,0,0,7.046298315358389e-4,0.01171529546815163,0.01178207569871849,0.00924137474959978,0,0.9663847736216477,LU2_2021,0.7649541666666667,"c(469315.607925073, 6094510.48645481)"
LU2,LU2_52,2021,2021-07-14,2022-09-09,54.99463,-111.40199,474281.92770205694,6094267.7521530315,250,0.02737970016409121,0.06879983569315624,0.05541665873446145,0.01338317695869479,0.01338317695869479,0,0,0,0,0.5638840227932387,0.5638840227932387,0.5638840227932387,0.5772671997519334,0,0,0,0,0.02228949279843058,0,0,0,0.00509020736566063,0.02803695857037024,0,0,0,0,0,0,0,0,0,0,0,0,0,0,0,0.1988981978411784,0.5639933240636519,0.12364908534306776,0.11134636991431468,0,0,0,0.00211302283778741,0.18077994188291224,0.2819734225691184,0,0.5246964625426191,LU2_2021,0.76624375,"c(474281.927702057, 6094267.75215303)"
LU2,LU2_52_24,2024,2024-10-04,2025-09-16,54.99469,-111.40191000000002,474287.08418784,6094274.3994205855,250,0.02195936924075129,0.06318999496160696,0.04960240225058043,0.01358759271102653,0.01358759271102653,0,0,0,0,0.5660536137989952,0.5660536137989952,0.5660536137989952,0.5796412065100218,0,0,0,0,0.02195936924075129,0,0,0,0,0.02764303300982914,0,0,0,0,0,0,0,0,0,0,0,0,0,0,0,0.18942756078081463,0.5753322769174724,0.12114338381865392,0.11196932879443548,0,0,0,0.00212744968862354,0.1848641848234553,0.28980346697758647,0,0.512835192541669,LU2_2024,0.76624375,"c(474287.08418784, 6094274.39942059)"
LU2,LU2_54,2021,2021-07-14,2022-09-09,55.003310000000006,-111.41174,473663.8424467024,6095237.273446027,250,0.01600341546049544,0.35361441946484107,0.03106373343167906,0.322550686033162,0.322550686033162,0,0,0,0,0.12230145024633596,0.12230145024633596,0.12230145024633596,0.44485213627949793,0,0,0,0,0,0,9.380149335098384e-4,9.380149335098384e-4,0.0150654005269856,0.01506031797118362,0,0,0,0,0,0,0,0,0,0,0,0,0,0,0,0.4308668064416002,0.08293199738731555,0.21239809235112983,0.27373811885217236,0,0,0,6.49849677821215e-5,0.03625855837960225,0.0219611003287255,0,0.9358868857103956,LU2_2021,0.7729270833333334,"c(473663.842446702, 6095237.27344603)"
LU2,LU2_56,2021,2021-07-14,2022-09-10,55.01672,-111.39808,474546.06718953233,6096724.45673433,250,0.03512096900469415,0.2322476362605033,0.05591467926693321,0.17633295699357004,0.17633295699357004,0,0,0,0,0.4745977161434548,0.4745977161434548,0.4745977161434548,0.6509306731370248,0,0.0079546785279865,0,0,0.02254196341436469,0,0.00462432706234296,0.00462432706234296,0,0.02079371026223906,0,0,0,0,0,0,0,0,0,0,0,0,0,0,0,0.5098743107408057,0.1214999058945162,0.16532384557148402,0.20293101311187992,0,0,0,3.709246813141086e-4,0.07703782992274706,0.01994766133120334,0,0.8885462595920312,LU2_2021,0.7857895833333334,"c(474546.067189532, 6096724.45673433)"
LU2,LU2_56_24,2024,2024-10-04,2025-09-16,55.016639999999995,-111.39801,474550.4924197715,6096715.528986035,250,0.03771299974561216,0.2418303615490821,0.05826769869090104,0.1835626628581811,0.1835626628581811,0,0,0,0,0.4741037693250522,0.4741037693250522,0.4741037693250522,0.6576664321832333,0,0.01051411923782415,0,0,0.02276846730318532,0,0.00443041320460269,0.00443041320460269,0,0.02055469894528888,0,0,0,0,0,0,0,0,0,0,0,0,0,0,0,0.5143524360278663,0.11658199021671006,0.17093837896905562,0.19775235754894627,0,0,0,3.7483723742175575e-4,0.07300947866619589,0.01873533908614856,0,0.8937440779084085,LU2_2024,0.7857895833333334,"c(474550.492419772, 6096715.52898603)"
LU2,LU2_57,2021,2021-07-14,2022-09-10,55.04159,-111.39145,474985.4928656691,6099489.563561463,250,0.07612926129015381,0.09268127169689969,0.09268127169689969,0,0,0,0,0,0.2627666429724604,0.2627666429724604,0.2627666429724604,0,0.2627666429724604,0,0,0.00906871544925576,0,0.0160272385879915,0,0.01426257886958311,0.01426257886958311,9.91645326967848e-6,0.01655201040674588,0.03676081193005376,0,0.03676081193005376,0,0,0,0,0,0,0,0,0,0,0,0,0.45714399035297937,0.2329461783781547,0.00492168889517499,0.2873060996367575,1.1374051534754005e-6,0.00213614069771783,0.00220563359827917,0.01331138215301218,0.06653071631358777,0.06480130370280392,0,0.8669277782003655,LU2_2021,0.7552791666666667,"c(474985.492865669, 6099489.56356146)"
LU2,LU2_E27_24,2024,2024-10-03,2025-09-17,54.83282,-111.70158,454934.9270701873,6076413.607732167,250,0.2245714964064654,0.25664908173837503,0.25664908173837503,0,0,0,0,0,0,0.03994892726175006,0.03994892726175006,0.03994892726175006,0.03994892726175006,0,0,0.19889180419988997,0,0.01760958680255241,0,0.00807010540402303,0.00807010540402303,0,0.03207758533190961,0,0,0,0,0,0,0,0,0,0,0,0,0,0,0,0.7683635733843875,0.00622552017824457,0.21569604708722945,0.00456133082972955,0,0,5.495022317943188e-5,0.00516970394798632,0,0,0,0.9978878747650382,LU2_2024,0.7720645833333334,"c(454934.927070187, 6076413.60773217)"
LU2,LU2_G25_24,2024,2024-10-02,2025-09-18,54.85085999999999,-111.67184,456864.4518187632,6078402.264649514,250,0.05107729598574041,0.10306242827398576,0.10306242827398576,0,0,0,0,0,0,0.10562493625342846,0.10562493625342846,0.10562493625342846,0.10562493625342846,0,0,0,0,0.024523073001693,0,0.02655422298404742,0.02655422298404742,0,0.05198513228824535,0,0,0,0,0,0,0,0,0,0,0,0,0,0,0,0.909518659802774,0.01491549696127572,0.05275644588898359,0.00175269281270707,0,0,8.546237352852512e-4,0.020195250043539,0.00296964973321823,0.02671319403697234,0,0.9702215256537154,LU2_2024,0.7445541666666667,"c(456864.451818763, 6078402.26464951)"
LU2,LU2_G26_24,2024,2024-10-02,2025-09-17,54.841739999999994,-111.68177,456217.031867936,6077393.608209671,250,0.03130124111743234,0.09106183154905292,0.09106183154905292,0,0,0,0,0,0,0,0,0,0,0,0,0,0,0.03130124111743234,0,0,0,0,0.05976059043162059,0,0,0,0,0,0,0,0,0,0,0,0,0,0,0,0.8975356956602701,0.00883449823013423,0.04601144016974965,0.02402071369958009,0,4.871880781587968e-5,0.00106733967497454,0.02248069155733076,0,0.00124593839988388,0,0.9934764723876688,LU2_2024,0.7621520833333333,"c(456217.031867936, 6077393.60820967)"
LU2,LU2_H16_24,2024,2024-10-02,2025-09-17,54.98771,-111.64069,459003.76644595776,6093611.538705647,250,0.03447439853311034,0.10291779418360512,0.10291779418360512,0,0,0,0,0.2321625135086419,0,0.2321625135086419,0.2321625135086419,0,0.2321625135086419,0,0,2.647100585209127e-4,0,0.02251010059423271,0,0.01169958788035672,0.01169958788035672,0,0.06844339565049476,0,0,0,0,0,0,0,0,0,0,0,0,0,0,0,0.47808722302796186,0.26639448504432406,0.10976391897759671,0.02823138557745277,0,0,0,0.11567529011215548,0,0.29229806878088854,0,0.6645064417203427,LU2_2024,0.7643645833333333,"c(459003.766445958, 6093611.53870565)"
LU2,LU2_H26_24,2024,2024-10-02,2025-09-18,54.85124999999999,-111.64288,458724.2025626897,6078428.218025239,250,0.03445407269194733,0.0812623752023153,0.0812623752023153,0,0,0,0,0,0,0,0,0,0,0,0,0,0,0.02575667340242971,0,0.00869739928951762,0.00869739928951762,0,0.04680830251036798,0,0,0,0,0,0,0,0,0,0,0,0,0,0,0,0.9501421753582882,0.01312560830617628,0.01483610651500903,0.00890833171199833,0,0,1.2791449943441812e-5,0.01297498665858465,0,0.00189780279844486,0,0.9955191082048548,LU2_2024,0.7782260416666668,"c(458724.20256269, 6078428.21802524)"
LU2,LU2_I15_24,2024,2024-10-04,2025-09-17,54.995160000000006,-111.62073999999998,460287.6590341225,6094429.039889055,250,0.04357225554536913,0.11409369311489304,0.11409369311489304,0,0,0,0,0.19462238297027312,0,0.19462238297027312,0.19462238297027312,0,0.19462238297027312,0,0,0,0,0.03013134393056034,0,0.01344091161480879,0.01344091161480879,0,0.0705214375695239,0,0,0,0,0,0,0,0,0,0,0,0,0,0,0,0.4932548931613544,0.13427490817267493,0.2120310426223116,0.12719065672672542,0,0,0,0.03015552306933081,0.02231849842195008,0.06941780034431604,0,0.90531790465536,LU2_2024,0.76318125,"c(460287.659034122, 6094429.03988906)"
LU2,LU2_J27_24,2024,2024-10-03,2025-09-18,54.83982,-111.59897,461532.515630358,6077131.372793152,250,0.00542188307204102,0.00542188307204102,0.00542188307204102,0,0,0,0,0,0.4631175639890208,0.4631175639890208,0.4631175639890208,0,0.4631175639890208,0,0,0,0,0,0,0.00542188307204102,0.00542188307204102,0,0,0,0,0,0,0,0,0,0,0,0,0,0,0,0,0,0.9227658502307408,0.02922141187403719,0.00610774249328703,0.02539640351386498,0,0,0,0.0165185128751525,0.00317471586644788,0.00641887864247432,0,0.9867875716344902,LU2_2024,0.7787458333333334,"c(461532.515630358, 6077131.37279315)"
LU2,LU2_K26_24,2024,2024-10-02,2025-09-18,54.84896,-111.59702,461666.41321419,6078147.349475866,250,0.00936361424394871,0.00936361424394871,0.00936361424394871,0,0,0,0,0,0.42370442393177377,0.42370442393177377,0.42370442393177377,0,0.42370442393177377,0,0,0,0,0,0,0.00936361424394871,0.00936361424394871,0,0,0,0,0,0,0,0,0,0,0,0,0,0,0,0,0,0.8204958978500603,0.09071877189620411,0.00986313053736006,0.05037031926342749,0,0,0.00334062221021695,0.02521125824273106,0.01586795549853052,0.01800804160195076,0,0.9657064251232416,LU2_2024,0.7594166666666667,"c(461666.41321419, 6078147.34947587)"
LU2,LU2_L20_24,2024,2024-10-04,2025-09-16,54.93042,-111.56727,463650.00384052825,6087195.952047442,250,0.04459126361581673,0.11716292072733044,0.11716292072733044,0,0,0,0.08991054738543706,0.08991054738543706,0,0.08991054738543706,0,0,0.08991054738543706,0,0,0,0,0.02375062926731959,0,0.02084063434849714,0.02084063434849714,0,0.07257165711151373,0,0,0,0,0,0,0,0,0,0,0,0,0,0,0,0.2870303193586933,0.216404919499937,0.02785821531162216,0.04257815941533954,0,0,0.01535998873833974,0.41080111754586257,0.00708993924176605,0.5448536700601075,0,0.4357802094923951,LU2_2024,0.737965625,"c(463650.003840528, 6087195.95204744)"
LU2,LU2_L46_24,2024,2024-10-04,2025-09-16,54.96862,-111.51447,467064.58079108014,6091420.575157723,250,0.00389913576493004,0.00389913576493004,0.00389913576493004,0,0,0,0,0,0,0,0,0,0,0,0,0,0,0,0,0.00389913576493004,0.00389913576493004,0,0,0,0,0,0,0,0,0,0,0,0,0,0,0,0,0,0.23363407345106263,0.4495214688145656,0.00235477454845185,0.2257329582154178,0,0,0.00180070994881612,0.08691571248173899,0.07206001348871213,0.3178047722356173,0,0.6045508739067819,LU2_2024,0.7596145833333333,"c(467064.58079108, 6091420.57515772)"
LU2,LU2_M25_24,2024,2024-10-02,2025-09-18,54.86258,-111.54182000000002,465222.38885593,6079634.109292145,250,0.02910077838860194,0.07715796355176768,0.07715796355176768,0,0,0,0,0,0,0,0,0,0,0,0,0,0,0.02661549744379383,0,0.00248528094480811,0.00248528094480811,0,0.04805718516316575,0,0,0,0,0,0,0,0,0,0,0,0,0,0,0,0.7530047786053626,0.08319010035922322,0.07379754712012399,0.03390844443634642,0,2.869540649354469e-4,0.00466300355520101,0.05025201911512227,0.0125542403409258,0.04964305323383231,0,0.9333735561916212,LU2_2024,0.7547270833333334,"c(465222.38885593, 6079634.10929214)"
LU2,LU2_O16_24,2024,2024-10-04,2025-09-16,54.97984,-111.52131,466636.0034560033,6092672.343633317,250,0.07567324958175144,0.07567324958175144,0.07567324958175144,0,0,0,0.5366552445302777,0.5366552445302777,0,0.5366552445302777,0,0,0.5366552445302777,0,0,0.06368949371997122,0,0,0,0.01198375586178021,0.01198375586178021,0,0,0,0,0,0,0,0,0,0,0,0,0,0,0,0,0,0.694647262715817,0.0857879550193715,0.01790357245256486,0.15951648104873062,0,0,0.00269834047133261,0.03944638829218344,0,0.0097321948561473,0,0.9695356887982088,LU2_2024,0.7754833333333333,"c(466636.003456003, 6092672.34363332)"
LU2,LU2_O25_24,2024,2024-10-03,2025-09-18,54.860679999999995,-111.51841,466723.41985154746,6079411.317609565,250,0.03005427774897045,0.03005427774897045,0.03005427774897045,0,0,0,0,0,0,0,0,0,0,0,0,0,0,0,0,0.03005427774897045,0.03005427774897045,0,0,0,0,0,0,0,0,0,0,0,0,0,0,0,0,0,0.92487018859208725,0.03099918002626509,0.00910205504178554,0.01104263318162988,0,0,0,0.02397326599211549,5.866166197000427e-4,0.00353419784758447,0,0.9830660584450586,LU2_2024,0.7784604166666668,"c(466723.419851547, 6079411.31760957)"
LU2,LU2_Q24_24,2024,2024-10-03,2025-09-17,54.868210000000005,-111.46043,470450.6163813178,6080223.222978457,250,0.0247613669808106,0.07031375478903257,0.07031375478903257,0,0,0,0,0,0,0,0,0,0,0,0,0,0,0.0247613669808106,0,0,0,0,0.04555238780822197,0,0,0,0,0,0,0,0,0,0,0,0,0,0,0,0.30463956111768,0.5815671867741395,0.0075365171863303,0.0359039473715724,0,0,0.00113704680178157,0.069262475599752,0.09440213342066804,0.4412838627867467,0,0.4587218034846902,LU2_2024,0.7687,"c(470450.616381318, 6080223.22297846)"
LU2,LU2_U13_24,2024,2024-10-04,2025-09-16,55.026390000000006,-111.39526,474732.4644724981,6097799.496933406,250,0.02391907084377035,0.04509720795872155,0.04509720795872155,0,0,0,0,0,0,0,0,0,0,0,0,0,0,0.01946413576276933,0,0.00445493508100102,0.00445493508100102,0,0.02117813711495119,0,0,0,0,0,0,0,0,0,0,0,0,0,0,0,0.375014244772302,0.19725736004402844,0.02240651376926624,0.4031512526309487,0,0,0,0.00225522444742315,0.10611904806285398,0.05444670290972614,0,0.8390159221010155,LU2_2024,0.7801572916666666,"c(474732.464472498, 6097799.49693341)"
LU2,LU2_W21_24,2024,2024-10-03,2025-09-17,54.91412,-111.34402,477946.6120422653,6085289.02539836,250,0.17060369169974396,0.20064011479775737,0.20064011479775737,0,0,0,0,0,0,0.04212808945266289,0.04212808945266289,0.04212808945266289,0.04212808945266289,0,0.12894927470084738,0,0,0.02498618887751791,0,0.01666822812137867,0.01666822812137867,0,0.03003642309801337,0,0,0,0,0,0,0,0,0,0,0,0,0,0,0,0.8722310912744962,0.00427799977267419,0.12051870540507988,0.00271537710121835,0,0,0,0,0,0,0,0.997387089959205,LU2_2024,0.7555229166666667,"c(477946.612042265, 6085289.02539836)"
LU21,LU21_10,2022,2022-09-20,2023-09-25,56.59103,-111.9936,438981.5692574392,6272304.462227466,250,0,0,0,0,0,0,0,0,0,0,0,0,0,0,0,0,0,0,0,0,0,0,0,0,0,0,0,0,0,0,0,0,0,0,0,0,0,0,0.00597241681260805,0.1829845442457528,0,0.4433140080492909,0,0.34442773020682377,5.874212325808877e-4,0.0151369722090827,0,0.4858487927839437,0,0.5030749565209551,LU21_2022,0.6204875000000001,"c(438981.569257439, 6272304.46222747)"
LU21,LU21_100,2022,2022-09-17,2023-09-25,56.53842,-111.90392,444411.6623220557,6266372.728073668,250,0,0,0,0,0,0,0,0,0,0,0,0,0,0,0,0,0,0,0,0,0,0,0,0,0,0,0,0,0,0,0,0,0,0,0,0,0,0,0.00505335445521032,0.4235453491779768,0.0014664945979221,0.20936419881023496,0,0,0.05142982368806165,0.3061993667738307,0,0.41883798856431376,0.00260153827110584,0.5729899661900859,LU21_2022,0.7248145833333334,"c(444411.662322056, 6266372.72807367)"
LU21,LU21_105,2022,2022-09-17,2023-10-02,56.55542,-111.68693,457774.52757166827,6268110.340271657,250,0,0,0,0,0,0,0,0,0,0,0,0,0,0,0,0,0,0,0,0,0,0,0,0,0,0,0,0,0,0,0,0,0,0,0,0,0,0.01224345306353965,0.02957985553043734,0.21750838714713455,0.00290358570676829,0.15524163534661545,0,0,0.06679672105452016,0.5279428883255302,0,0.5797838288469794,0,0.40754570835254805,LU21_2022,0.7154083333333333,"c(457774.527571668, 6268110.34027166)"
LU21,LU21_106,2022,2022-09-20,2023-09-25,56.56523000000001,-112.03402,436456.1635078832,6269469.572345366,250,0,0,0,0,0,0,0,0,0,0,0,0,0,0,0,0,0,0,0,0,0,0,0,0,0,0,0,0,0,0,0,0,0,0,0,0,0,0,0.00291276243528507,0.8186805487828045,0,0.06653378213867119,0,0,0.00102149649101878,0.11083587497910448,0.18365291165799183,0.6012577044068652,0,0.19727121254006924,LU21_2022,0.7319906250000001,"c(436456.163507883, 6269469.57234537)"
LU21,LU21_107,2022,2022-09-20,2023-09-25,56.56608,-111.93458,442568.13358018413,6269476.565340248,250,0.0030111586966,0.0030111586966,0.0030111586966,0,0,0,0,0,0,0,0,0,0,0,0,0,0,0,0.0030111586966,0,0.0030111586966,0,0,0,0,0,0,0,0,0,0,0,0,0,0,0,0,0.02392938777773824,0,0.30024340370531216,0,0.01400349037304959,0,0,0.00682667157750859,0.678923793337648,0,0.8203778979766592,0.01439627738889068,0.13010071927229344,LU21_2022,0.6719812500000001,"c(442568.133580184, 6269476.56534025)"
LU21,LU21_109,2022,2022-09-17,2023-09-25,56.56289,-111.90173,444582.1036626353,6269094.513999412,250,0.00727811605695903,0.00727811605695903,0.00727811605695903,0,0,0,0,0,0,0,0,0,0,0,0,0,0,0,0,0,0,0,0,0,0.00727811605695903,0.00727811605695903,0,0,0,0,0,0,0,0,0,0,0,0,3.4029658614795964e-6,0.5740841160705756,0,0.00936422244202263,0,0,0.01188725463195823,0.4046529543579924,0,0.7883274660254385,0.00961320755275242,0.1888944343045023,LU21_2022,0.7274791666666667,"c(444582.103662635, 6269094.51399941)"
LU21,LU21_114,2022,2022-09-17,2023-10-02,56.55014,-111.73336,454914.2656503903,6267552.174327797,250,0.00915066599755075,0.00915066599755075,0.00915066599755075,0,0,0,0,0,0,0,0,0,0,0,0,0,0,0,0,0.00915066599755075,0.00915066599755075,0,0,0,0,0,0,0,0,0,0,0,0,0,0,0,0,0.00308713507118342,0.03391727764518654,0.489110263179941,1.7130940242138956e-4,0.22284700089524376,0,0,0.00626705317682431,0.24768709570038308,0,0.6603712258423567,0,0.3307627573784084,LU21_2022,0.7329187500000001,"c(454914.26565039, 6267552.1743278)"
LU21,LU21_116,2022,2022-09-17,2023-10-02,56.55143999999999,-111.63882999999998,460727.0552528939,6267638.803909827,250,0,0,0,0,0,0,0,0,0,0,0,0,0,0,0,0,0,0,0,0,0,0,0,0,0,0,0,0.23272846085238433,0.23272846085238433,0,0,0,0,0,0,0,0.23272846085238433,0,0.04070819235098798,0.5807187542586885,0,0.29581621716858486,0.04678242553771931,0,0.00919654542788839,0.02684576604658567,0.04149750046866234,0.40478296496352234,0.1969744104567087,0.34816662456701514,LU21_2022,0.6803302083333334,"c(460727.055252894, 6267638.80390983)"
LU21,LU21_119,2022,2022-09-20,2023-10-02,56.57495,-112.000478,438533.11024036794,6270520.875414853,250,0,0,0,0,0,0,0,0,0,0,0,0,0,0,0,0,0,0,0,0,0,0,0,0,0,0,0,0,0,0,0,0,0,0,0,0,0,0.01366504074645572,0,0.5498285247548348,0,0.02043254177473488,0,9.41431105661846e-4,0.00922562535483433,0.4196067448286624,0,0.9309164460306342,0,0.05307632389119979,LU21_2022,0.7176854166666667,"c(438533.110240368, 6270520.87541485)"
LU21,LU21_122,2022,2022-09-20,2023-09-25,56.57432,-112.17445,427844.0460511797,6270620.0810455885,250,0,0,0,0,0,0,0,0,0,0,0,0,0,0,0,0,0,0,0,0,0,0,0,0,0,0,0,0,0,0,0,0,0,0,0,0,0,0.01726941074006584,0,0.2179721358157954,2.4366363649427767e-4,3.164380259066887e-5,0,0,0.12866946950993358,0.6525337208072091,0,0.7488052691952152,0,0.22562505012519815,LU21_2022,0.6784291666666667,"c(427844.04605118, 6270620.08104559)"
LU21,LU21_126,2022,2022-09-20,2023-09-25,56.62290000000001,-112.17958,427621.8287353436,6276032.383011452,250,0,0,0,0,0,0,0,0,0,0,0,0,0,0,0,0,0,0,0,0,0,0,0,0,0,0,0,0,0,0,0,0,0,0,0,0,0,0.05978861909317661,0,0.03819989605943427,0.00160998711470002,0,0,0,0.15365462496249133,0.8065354942284728,0,0.8327683148324659,0,0.0975306403471613,LU21_2022,0.6792354166666668,"c(427621.828735344, 6276032.38301145)"
LU21,LU21_14,2022,2022-09-20,2023-09-25,56.61864,-112.09007,433106.291729833,6275467.394560907,250,0,0,0,0,0,0,0,0,0,0,0,0,0,0,0,0,0,0,0,0,0,0,0,0,0,0,0,9.441460289971612e-4,9.441460289971612e-4,0,0,0,0,0,0,0,9.441460289971612e-4,0.01504687771551342,0.00163617642674787,0.30420939423883003,9.507511668940332e-4,0,0,0,0.13459103504128955,0.5586017663973524,0,0.7835361277355312,0.01749077484661755,0.17426677555082573,LU21_2022,0.6836177083333335,"c(433106.291729833, 6275467.39456091)"
LU21,LU21_153,2022,2022-09-17,2023-10-02,56.550459999999994,-111.78557,451704.9666780816,6267623.291786216,250,0.0096483437844417,0.0096483437844417,0.0096483437844417,0,0,0,0,0,0,0,0,0,0,0,0,0,0,0,0,0.0096483437844417,0.0096483437844417,0,0,0,0,0,0,0,0,0,0,0,0,0,0,0,0,0.14427496638790155,0.00156845272336873,0.24333536528171307,0,0.08204604850680951,0,0,0.01893044580367057,0.6540757111771275,0,0.6947063828441262,0,0.16029745667339473,LU21_2022,0.7044260416666668,"c(451704.966678082, 6267623.29178622)"
LU21,LU21_16,2022,2022-09-20,2023-09-25,56.625220000000006,-111.97281,440312.21555504366,6276091.586833734,250,0,0,0,0,0,0,0,0,0,0,0,0,0,0,0,0,0,0,0,0,0,0,0,0,0,0,0,0.45576112119587714,0.45576112119587714,0,0,0,0,0,0,0,0.45576112119587714,0.00324910100924481,7.188276569125693e-5,0.4183420894268234,1.725186376590166e-4,0,0.2818677538940369,0,0.00926456760710054,0.289321447216709,0,0.603784035167111,0.3218385854096164,0.06988470656756895,LU21_2022,0.6611708333333334,"c(440312.215555044, 6276091.58683373)"
LU21,LU21_164,2022,2022-09-20,2023-09-25,56.61886,-111.93586,442569.58453788667,6275352.165597901,250,0,0,0,0,0,0,0,0,0,0,0,0,0,0,0,0,0,0,0,0,0,0,0,0,0,0,0,0.9564644518462456,0.9564644518462456,0,0,0,0,0,0,0,0.9564644518462456,0,0.00118145994185651,0.3731391556185576,0,0.00299174477640992,0.5101093725400858,0,0.03612014033708095,0.07215474217422871,0,0.2192230227360331,0.6496470092593729,0.12985248866696045,LU21_2022,0.6001864583333334,"c(442569.584537887, 6275352.1655979)"
LU21,LU21_21,2022,2022-09-20,2023-09-25,56.566300000000005,-112.1497,429349.60745790834,6269701.72267447,250,0,0,0,0,0,0,0,0,0,0,0,0,0,0,0,0,0,0,0,0,0,0,0,0,0,0,0,0.00245197872118334,0.00245197872118334,0,0,0,0,0,0,0,0.00245197872118334,0.00844359288649501,0.00231373721065175,0.28156864285294536,0.00175141337227381,0,0,0.00140113069781905,0.0096549181004518,0.7033702539589284,0,0.7522936568933842,0,0.23139095050584227,LU21_2022,0.68934375,"c(429349.607457908, 6269701.72267447)"
LU21,LU21_23,2022,2022-09-20,2023-09-25,56.59241000000001,-112.20293,426129.677708716,6272663.765477277,250,0,0,0,0,0,0,0,0,0,0,0,0,0,0,0,0,0,0,0,0,0,0,0,0,0,0,0,0,0,0,0,0,0,0,0,0,0,0,4.4275535241044373e-4,0.25732599014656,0,0,0,0,0.04861837195171047,0.6936128825493191,0,0.7362396631159787,0,0.26029092456045594,LU21_2022,0.6737302083333334,"c(426129.677708716, 6272663.76547728)"
LU21,LU21_27,2022,2022-09-20,2023-09-25,56.62148,-112.14841,429531.6492898697,6275841.888197901,250,0,0,0,0,0,0,0,0,0,0,0,0,0,0,0,0,0,0,0,0,0,0,0,0,0,0,0,4.8451113947667226e-4,4.8451113947667226e-4,0,0,0,0,0,0,0,4.8451113947667226e-4,0,0,0.16664546638489436,0,0,0,4.757036674237577e-4,0.00825870805123571,0.8245521642296713,0,0.9099272324608898,0,0.08801545345951177,LU21_2022,0.66805625,"c(429531.64928987, 6275841.8881979)"
LU21,LU21_32,2022,2022-09-20,2023-09-25,56.638760000000005,-112.16299,428669.6511435296,6277780.216576908,250,0,0,0,0,0,0,0,0,0,0,0,0,0,0,0,0,0,0,0,0,0,0,0,0,0,0,0,0.2503011237480292,0.2503011237480292,0,0,0,0,0,0,0,0.2503011237480292,0.02979714517979507,0,0.13276321775871375,8.673855970451961e-4,0,0.07696500980785904,0,0.17917964448821988,0.6096343289312128,0,0.6858249728257615,0.1742347316997031,0.10072971649243503,LU21_2022,0.6758006944444445,"c(428669.65114353, 6277780.21657691)"
LU21,LU21_36,2022,2022-09-20,2023-09-25,56.64851000000001,-111.94768000000002,441889.8504883785,6278662.24832146,250,0,0,0,0,0,0,0,0,0,0,0,0,0,0,0,0,0,0,0,0,0,0,0,0,0,0,0,0.9936031502876952,0.9936031502876952,0,0,0,0,0,0,0,0.9936031502876952,0,0.00957663610527053,0.3671759822600689,0,0.03235357788763451,0.5438938973948906,1.002057572405484e-4,0.02439764540181756,0.00894868036612678,0,0.04923811071721706,0.6719916544804584,0.26837732563688893,LU21_2022,0.6285208333333333,"c(441889.850488378, 6278662.24832146)"
LU21,LU21_41,2022,2022-09-20,2023-09-25,56.66848,-111.90783,444362.72741277807,6280851.930425276,250,0,0,0,0,0,0,0,0,0,0,0,0,0,0,0,0,0,0,0,0,0,0,0,0,0,0,0,0.5701969200304366,0.5701969200304366,0,0,0,0,0,0,0,0.5701969200304366,0,0.0040687081373071,0.4924024831685285,0,3.5082945575466777e-4,0.19461396405749903,2.275650523814061e-4,0.07548750704026838,0.23292997933389575,0,0.7922481480760132,0.15035060199977018,0.05210399390853853,LU21_2022,0.6952145833333334,"c(444362.727412778, 6280851.93042528)"
LU21,LU21_52,2022,2022-09-20,2023-09-25,56.53988,-111.93567,442461.41451836174,6266561.3788411515,250,0,0,0,0,0,0,0,0,0,0,0,0,0,0,0,0,0,0,0,0,0,0,0,0,0,0,0,0,0,0,0,0,0,0,0,0,0,0,4.810702346304156e-4,0.6783240140229599,2.1866828846837073e-4,0.04725202860642245,0,6.997385230987864e-4,0.00866365012739208,0.264360830197028,0,0.9171594602702902,0.00667683799808424,0.06962398304832924,LU21_2022,0.7104826388888889,"c(442461.414518362, 6266561.37884115)"
LU21,LU21_56,2022,2022-09-20,2023-09-25,56.55825,-112.187,427042.1145643776,6268844.78193593,250,0,0,0,0,0,0,0,0,0,0,0,0,0,0,0,0,0,0,0,0,0,0,0,0,0,0,0,0,0,0,0,0,0,0,0,0,0,0,0.00213362018749521,0.5097077508669288,0.00132081515998864,0.01217138287208574,0,0,0.01074953410609805,0.46387013019839046,0,0.8132345008634178,0,0.18093954768755768,LU21_2022,0.6925,"c(427042.114564378, 6268844.78193593)"
LU21,LU21_57,2022,2022-09-20,2023-09-25,56.56273000000001,-112.14105,429874.5279454236,6269295.517381342,250,0,0,0,0,0,0,0,0,0,0,0,0,0,0,0,0,0,0,0,0,0,0,0,0,0,0,0,0.0278965691399046,0.0278965691399046,0,0,0,0,0,0,0,0.0278965691399046,0,0.0015309458525464,0.9554127952680326,0,1.070236877654089e-4,2.140473755308178e-4,0,2.6755921941352224e-4,0.04230006937729767,0,0.9263289900236518,0.01608735011884251,0.04903150418706776,LU21_2022,0.6946281249999999,"c(429874.527945424, 6269295.51738134)"
LU21,LU21_59,2022,2022-09-17,2023-10-02,56.56464,-111.58272999999998,464188.2997858943,6269077.355030616,250,0.04064881150094669,0.04064881150094669,0.04064881150094669,0,0,0,0,0,0,0,0,0,0,0,0,0,0,0,0,0.0133952556245719,0.0133952556245719,0,0,0,0.02725355587637479,0.02725355587637479,0,0.8402596350582391,0.8402596350582391,0,0,0,0,0,0,0,0.8402596350582391,0,0.04051209018931609,0.553024470781129,0.00958894378041129,0.10222871148805251,0.12782325206025846,0,0.0874066056925952,0.07417901351102298,0,0.17040559623407384,0.14308728125929393,0.6811240756030861,LU21_2022,0.6522416666666667,"c(464188.299785894, 6269077.35503062)"
LU21,LU21_6,2022,2022-09-17,2023-10-02,56.519659999999995,-111.67987999999998,458168.4785494851,6264125.797611713,250,0.00690628421519344,0.00690628421519344,0.00690628421519344,0,0,0,0,0,0,0,0,0,0,0,0,0,0,0,0,0.00690628421519344,0.00690628421519344,0,0,0,0,0,0,0,0,0,0,0,0,0,0,0,0,0,0.06194689269783327,0.1534387928404678,0,0.3329446346557242,0,0,0.00252580949863979,0.44914387030733494,0,0.49989947955289726,0,0.4996844268693662,LU21_2022,0.7215843750000001,"c(458168.478549485, 6264125.79761171)"
LU21,LU21_63,2022,2022-09-20,2023-06-07,56.60868,-111.96630999999999,440685.0871134181,6274245.012039926,250,0,0,0,0,0,0,0,0,0,0,0,0,0,0,0,0,0,0,0,0,0,0,0,0,0,0,0,0.368239297929035,0.368239297929035,0,0,0,0,0,0,0,0.368239297929035,0,3.6583033196089593e-4,0.319765161802773,0,5.3553109431538e-4,0.2038019536616503,0,0.00368057034398296,0.471475385504369,0,0.7743466656052214,0.17009471514151955,0.03064254958158108,LU21_2022,0.637275,"c(440685.087113418, 6274245.01203993)"
LU21,LU21_68,2022,2022-09-17,2023-10-02,56.63286,-111.71055,456411.8770615854,6276744.549557965,250,0,0,0,0,0,0,0,0,0,0,0,0,0,0,0,0,0,0,0,0,0,0,0,0,0,0,0,0.02517232111970365,0.02517232111970365,0,0,0,0,0,0,0,0.02517232111970365,0,0.2003099203141832,0.0925084887414772,0,0.6739396350884208,9.46231191551297e-5,0,0.00429538479972807,0.01162494266100479,0,0.00546484313848327,0.00589659312711243,0.9723350389114892,LU21_2022,0.7166927083333334,"c(456411.877061585, 6276744.54955797)"
LU21,LU21_74,2022,2022-09-17,2023-09-25,56.51803,-111.86436,446815.8474417375,6264071.961809687,250,0,0.4498172731988506,0,0.4498172731988506,0.4498172731988506,0,0,0,0,0.3869185002968925,0.3869185002968925,0.3869185002968925,0.8367357734957431,0,0,0,0,0,0,0,0,0,0,0,0,0,0,0,0,0,0,0,0,0,0,0,0,0,0.03615830152795331,0.3677661308944783,0,0.33553285111334363,0.01344924846345361,9.223124715181188e-4,0.10081628777383476,0.08046964306640132,0,0.3158684742345959,0.20303978531785183,0.4693980861356599,LU21_2022,0.6852041666666667,"c(446815.847441737, 6264071.96180969)"
LU21,LU21_78,2022,2022-09-17,2023-10-02,56.52056,-111.82865,449016.42305042094,6264326.479208799,250,0.00104895328128812,0.44845359172966687,0.00104895328128812,0.44740463844837874,0.44740463844837874,0,0,0,0,0,0,0,0.44740463844837874,0,0,0,0,0,0,0.00104895328128812,0.00104895328128812,0,0,0,0,0,0,0,0,0,0,0,0,0,0,0,0,0,0.01335216893006732,0.31866098224120654,0,0.2428313211476307,0.01562603551230908,0,0.0215994723839869,0.07485010482902187,0,0.26448100289136267,0.29994773066282376,0.41675018979376455,LU21_2022,0.6752687500000001,"c(449016.423050421, 6264326.4792088)"
LU21,LU21_82,2022,2022-09-20,2023-09-25,56.529900000000005,-112.16532999999998,428320.41948923055,6265666.662961301,250,0,0,0,0,0,0,0,0,0,0,0,0,0,0,0,0,0,0,0,0,0,0,0,0,0,0,0,0,0,0,0,0,0,0,0,0,0,0.01349766905986623,0.01486298242918487,0.20034733985200212,0,0.00877663481142621,0,0,0.3754726781436162,0.40054034245406805,0,0.6647328294493698,0.0254663776945608,0.2963024098857224,LU21_2022,0.6771166666666667,"c(428320.419489231, 6265666.6629613)"
LU21,LU21_871,2022,2022-09-20,2023-09-25,56.55634,-112.09488,432700.5156188311,6268538.108624721,250,0,0,0,0,0,0,0,0,0,0,0,0,0,0,0,0,0,0,0,0,0,0,0,0,0,0,0,0,0,0,0,0,0,0,0,0,0,0,0.19533123064699448,0.3022586521795584,0.00372566825579821,0.3010707066496135,0,3.2197723677951097e-6,0.0109157622133448,0.186635104695038,0,0.1439646169222012,0,0.8444780983554161,LU21_2022,0.7637604166666667,"c(432700.515618831, 6268538.10862472)"
LU21,LU21_9,2022,2022-09-20,2023-09-25,56.58638,-112.06113,434826.6315991096,6271848.993304222,250,0,0,0,0,0,0,0,0,0,0,0,0,0,0,0,0,0,0,0,0,0,0,0,0,0,0,0,0.5047532713332041,0.5047532713332041,0,0,0,0,0,0,0,0.5047532713332041,0,0.0079025502392897,0.5671879274394386,0,0.01311813888509153,0.05957948951737299,0,0.15253768891870703,0.18714522335397865,0.01470308857847085,0.38531483779445846,0.28424823983916686,0.3018031826510251,LU21_2022,0.6760937499999999,"c(434826.63159911, 6271848.99330422)"
LU21,LU21_93,2022,2022-09-17,2023-10-02,56.56624,-111.84483,448083.5099951249,6269422.898809442,250,0.01529163760317431,0.01529163760317431,0.01529163760317431,0,0,0,0,0,0,0,0,0,0,0,0,0,0,0,0,0.01529163760317431,0.01529163760317431,0,0,0,0,0,0,0,0,0,0,0,0,0,0,0,0,0,0.00110478489314215,0.6350274194988588,0,0.04029790632253283,0,0,0.00974937492600466,0.31386575987200843,0,0.8391054445185698,0.06097692300173693,0.09663288419635144,LU21_2022,0.713734375,"c(448083.509995125, 6269422.89880944)"
LU21,LU21_97,2022,2022-09-17,2023-10-02,56.57623,-111.59377,463521.00306775887,6270373.196170448,250,0.02455886719569438,0.02455886719569438,0.02455886719569438,0,0,0,0,0,0,0,0,0,0,0,0,0,0,0,0,2.3303745423511305e-4,2.3303745423511305e-4,0,0,0,0.02432582974145927,0.02432582974145927,0,0.15158451490226388,0.15158451490226388,0,0,0,0,0,0,0,0.15158451490226388,0,0.21589102867061108,0.05800719976103764,0.0041007704088457,0.24227834405562287,0.01134752416918438,0,0.342857504746842,0.08450484248380292,0,0.0692547169090683,0,0.9147865594950536,LU21_2022,0.6788083333333333,"c(463521.003067759, 6270373.19617045)"
LU21,LU21_98,2022,2022-09-20,2023-09-25,56.51305,-111.87949,445877.82872147375,6263529.4971444085,250,0,0.2538509775898183,0,0.2538509775898183,0.2538509775898183,0,0,0,0,2.6677507996409125e-4,2.6677507996409125e-4,2.6677507996409125e-4,0.25411775266978237,0,0,0,0,0,0,0,0,0,0,0,0,0,0,0,0,0,0,0,0,0,0,0,0,0,0,0.587828203733622,0,0.00177124589630788,0.14368222991736973,0.00161465740970883,0.00361455088097665,0.21954371304951295,0,0.5975331995484485,0.3634744162136418,0.02920650802201642,LU21_2022,0.7029586805555557,"c(445877.828721474, 6263529.49714441)"
LU22,LU22_101,2023,2023-09-21,2024-09-07,57.051199999999994,-114.53072,285866.244138318,6328624.6327269785,250,0.04356251050052885,0.07055966629593118,0.07055966629593118,0,0,0,0,0,0,0,0,0,0,0,0,0.01956945792053631,0,0.02107283773137271,0,0.00292021484861983,0.00292021484861983,0,0.02699715579540232,0,0,0,0,0,0,0,0,0,0,0,0,0,0,0,0.08078347748592928,0.7468047804170427,0.02819686924252232,0.04693808575514595,8.823087903560029e-4,0.00159664852640821,0.01596792852386981,0.06293055471063942,0.02842181596827961,0.5271772406833732,0,0.4362780206452101,LU22_2023,0.7629666666666667,"c(285866.244138318, 6328624.63272698)"
LU22,LU22_103,2023,2023-09-20,2024-09-07,57.06662,-114.8876,264332.6829815184,6331516.278376067,250,0.0319718832529811,0.06856011023295397,0.06856011023295397,0,0,0,0,0,0,0,0,0,0,0,0,0,0,0.02034985115639578,0,0.01162203209658532,0.01162203209658532,0,0.03658822697997287,0,0,0,0,0,0,0,0,0,0,0,0,0,0,0,0.21675164412336503,0.30597602971455934,0.07435772183651528,0.230338086559134,0,0,0.03116218630160939,0.13703535618911605,0.04096230838325594,0.2638957780864185,0,0.6857631894194098,LU22_2023,0.7241270833333333,"c(264332.682981518, 6331516.27837607)"
LU22,LU22_107,2023,2023-09-20,2024-09-07,57.07735,-114.94152000000004,261135.14681068016,6332897.153754484,250,0.12204078550850998,0.1529616180969471,0.1529616180969471,0,0,0,0,0,0,0,0,0,0,0,0.06022345368280867,0,0,0.017237184428393,0.01640829716645969,0.02817185023084862,0.04458014739730831,0,0.03092083258843713,0,0,0,0,0,0,0,0,0,0,0,0,0,0,0,0.7058252125868887,0.07645973242578459,0.10851004930290684,0.0265960312947959,0.0036983386305109,0,0.00985262885865661,0.06720433957445174,0.00677574472663517,0.08430195371759047,0,0.8290102260787231,LU22_2023,0.77361875,"c(261135.14681068, 6332897.15375448)"
LU22,LU22_11,2023,2023-09-19,2024-09-06,56.8379,-114.75189,271156.30739386927,6305617.843248155,250,0.08459307089012548,0.09902016512606132,0.09902016512606132,0,0,0,0,0,0,0,0,0,0,0,0.03422146159174288,0,0,0.02464611096842324,0,0.01738407779701338,0.01738407779701338,0,0.01442709423593584,0,0.00834142053294597,0.00834142053294597,0,0,0,0,0,0,0,0,0,0,0,0,0.23576011080146228,0.2679354600019824,0.00421493884795877,0.0284735493359716,0.002282184021622,0.00560935592692808,0.14088965475337395,0.3143026027280737,0,0.473202545956082,0,0.5226703068354134,LU22_2023,0.7124854166666668,"c(271156.307393869, 6305617.84324815)"
LU22,LU22_110,2023,2023-09-20,2024-09-07,57.08053,-115.04659,254792.95719879997,6333623.722998941,250,0.06935076180584945,0.12259109596890666,0.12259109596890666,0,0,0,0,0,0,0,0,0,0,0,0,0.0089578602019387,0,0.03031481877001148,0,0.03007808283389927,0.03007808283389927,0,0.05324033416305721,0,0,0,0,0,0,0,0,0,0,0,0,0,0,0,0.18620044751992873,0.44118020591626783,0.06306424517710535,0.00869098183473595,0,0,0.04565501251464738,0.2404828744274757,0.05126736293651488,0.4505005653295803,0.01086027020040933,0.4840681164796264,LU22_2023,0.7480145833333334,"c(254792.9571988, 6333623.72299894)"
LU22,LU22_15,2023,2023-09-19,2024-09-06,56.85428999999999,-114.83213,266367.2534645194,6307712.0058657015,250,0.1162904002097115,0.16645906123964194,0.16645906123964194,0,0,0,0,0,0,0,0,0,0,0,0.04793516768512768,0,0,0.04749639706013951,0,0.0208588354644443,0.0208588354644443,0,0.05016866102993044,0,0,0,0,0,0,0,0,0,0,0,0,0,0,0,0.554239301739803,0.31054079815027813,0.03124884710500047,0.00134895381684496,0.00469385248572568,6.653639346629717e-4,0.05901567596946185,0.03823237031238278,0.14669049236497023,0.101069639462898,0,0.7468072364514703,LU22_2023,0.779817013888889,"c(266367.253464519, 6307712.0058657)"
LU22,LU22_17,2023,2023-09-19,2024-09-06,56.864889999999995,-114.73563,272311.6009624169,6308565.307880576,250,0.07496428690877384,0.10340391293842288,0.10340391293842288,0,0,0,0,0,0,0,0,0,0,0,0,0.01139254794248153,0,0.02356096033017441,0,0.0400107786361179,0.0400107786361179,0,0.02843962602964905,0,0,0,0,0,0,0,0,0,0,0,0,0,0,0,0.6620250577052772,0.27772375365889784,0.00454385506339252,0.02374093025986741,0.00134625699408151,0,3.95194905564269e-4,0.03018621129482982,0,0.20533192027430333,0,0.7791997904653319,LU22_2023,0.7817833333333334,"c(272311.600962417, 6308565.30788058)"
LU22,LU22_18,2023,2023-09-19,2024-09-06,56.86026,-114.64916,277551.5804849148,6307765.697105906,250,0.10584473418312534,0.13403464447206326,0.13403464447206326,0,0,0,0,0,0,0,0,0,0,0,0,0,0,0.02005049648881039,0,0.0174027544937569,0.0174027544937569,0,0.02818991028893791,0,0.06839148320055805,0.06839148320055805,0,0,0,0,0,0,0,0,0,0,0,0,0.6978543282686193,0.21650380731017557,0.01520923806493179,0.0383647600952017,0.00229171456489098,0,0.00104106862802293,0.02872703368817406,0,0.11087818325038344,0,0.8740459077511568,LU22_2023,0.7753229166666668,"c(277551.580484915, 6307765.69710591)"
LU22,LU22_21,2023,2023-09-19,2024-09-06,56.87619,-114.8343,266371.7253169073,6310154.976880197,250,0.06551446628226416,0.08823997556497981,0.08823997556497981,0,0,0,0,0,0,0,0,0,0,0,1.0326660523707383e-4,0,0,0.02057062344952553,0,0.02884964481309934,0.02884964481309934,0.01599093141440222,0.02272550928271565,0,0,0,0,0,0,0,0,0,0,0,0,0,0,0,0.29657369789498605,0.6352283543823075,0.00567753060763262,6.120884351267096e-4,0.00692721116268299,0.0208176122279863,0.01196714965039196,0.0222929493865111,0.3069131877262381,0.18538534098884685,0,0.5051410614586032,LU22_2023,0.7952375,"c(266371.725316907, 6310154.9768802)"
LU22,LU22_22,2023,2023-09-19,2024-09-06,56.87814,-114.7846,269410.2287190327,6310203.0743030775,250,0.1621070612655392,0.1861746758254883,0.1861746758254883,0,0,0.0133522670131546,0.0133522670131546,0,0,0.0133522670131546,0,0,0.0133522670131546,0,0,0.04504968025429209,0,0.01996230230440057,0,0.02716181159809588,0.02716181159809588,0,0.0240676145599491,0,0.06993326710875065,0.06993326710875065,0,0,0,0,0,0,0,0,0,0,0,0,0.16435583511801044,0.6481349261492917,0.06249030240282331,0.02953962416258261,0.00317377150668949,0.00245333088983984,0.00455748879482736,0.08319056307094772,0.21021759538731932,0.32590715042088175,0,0.45421838336442066,LU22_2023,0.75785,"c(269410.228719033, 6310203.07430308)"
LU22,LU22_25,2023,2023-09-19,2024-09-06,56.8749,-114.66645,276585.5554839649,6309450.362244281,250,0.03402616380382534,0.05092381344562512,0.05092381344562512,0,0,0,0,0,0,0,0,0,0,0,0,0,0,0.01525146919376143,0,0.01839284239336268,0.01839284239336268,0,0.01689764964179977,0,3.8185221670123526e-4,3.8185221670123526e-4,0,0,0,0,0,0,0,0,0,0,0,0,0.6883613961954241,0.2168833781105367,0.00647755243595835,0.03442789157977202,4.593128236165458e-4,0,0.00424871549695392,0.04906933311146554,0,0.07830761778790447,0,0.9214600614021916,LU22_2023,0.7860208333333334,"c(276585.555483965, 6309450.36224428)"
LU22,LU22_29,2023,2023-09-19,2024-09-06,56.88538,-114.74471,271883.40026734845,6310874.4271014165,250,0.09032723696059158,0.11714716376499858,0.11714716376499858,0,0,0.3564678800533899,0.3564678800533899,0,0.2869146809968932,0.6433825610502831,0.2869146809968932,0,0.6433825610502831,0,0.02076739942877791,0.01111718614221329,0,0.02246342363982233,0,0.0048880006494178,0.0048880006494178,0,0.02681992680440699,0,0.03109122710036025,0.03109122710036025,0,0,0,0,0,0.0465728087658844,0,0.0465728087658844,0.0465728087658844,0,0.0465728087658844,0,0.7865652057799297,0.1047486190699531,0.01503764579387778,0.02444269001987869,5.265995316156123e-5,0,0.02291721517422481,0.04577383820117187,0.00643552366272278,0.05767342367123521,0,0.9349277141908608,LU22_2023,0.7871104166666667,"c(271883.400267348, 6310874.42710142)"
LU22,LU22_30,2023,2023-09-19,2024-09-06,56.880889999999994,-114.72423,273103.0447187025,6310306.890263161,250,0.05431814443063283,0.07317961869440007,0.07317961869440007,0,0,0.5081078306239912,0.5081078306239912,0,0.4148618989426304,0.9229697295666216,0.4148618989426304,0,0.9229697295666216,0,0,0,0,0.00993959798169143,0,2.997257270962416e-4,2.997257270962416e-4,0,0.01886147426376724,0.04407882072184516,0,0.04407882072184516,0,0,0,0,0,0,0,0,0,0,0,0,0.9118458792254271,0.02283048233242804,0.04516518088867741,0.01187687127919899,0.00257031574856874,0,6.575226333547947e-4,0.00451577482869087,0,0,0,0.96763388686644,LU22_2023,0.7998625,"c(273103.044718702, 6310306.89026316)"
LU22,LU22_32,2023,2023-09-19,2024-09-06,56.88297,-114.62615,279087.53802371764,6310216.947386268,250,0.02182542625473626,0.06888072833846096,0.05402663766287895,0.014854090675582,0.014854090675582,0,0,0,0,0,0,0,0.014854090675582,0,0,0,0,0.02182542625473626,0,0,0,0,0.03220121140814269,0,0,0,0,0,0,0,0,0,0,0,0,0,0,0,0.5567029570939994,0.17518654114563045,0.00928345314890178,0.14511350026739672,5.872673696562986e-4,0,0.01609635486517863,0.08539904342964895,0,0.11897955924071484,0.00361617838458311,0.8768864256300297,LU22_2023,0.7494020833333334,"c(279087.538023718, 6310216.94738627)"
LU22,LU22_33,2023,2023-09-19,2024-09-06,56.8931,-114.76378,270769.69631495234,6311796.827492304,250,0.09319959555752665,0.11823293770880648,0.11823293770880648,0,0,0.3016641711318233,0.3016641711318233,0,0.04913486976855728,0.3507990409003806,0.04913486976855728,0,0.3507990409003806,0,0.04859441670253901,0.0084470456878324,0,0.03195636846572735,0,5.347796665000989e-5,5.347796665000989e-5,0.00414828673477786,0.02503334215127983,0,0,0,0,0,0,0,0,0,0,0,0,0,0,0,0.23624170480845957,0.5462263157011764,0.02819792623172676,0.00318907701536531,0.00406028717046702,0,0.0352506711401272,0.14083533775778037,0.05956465785032577,0.46523520944832863,0,0.4583648703095214,LU22_2023,0.7412708333333333,"c(270769.696314952, 6311796.8274923)"
LU22,LU22_34,2023,2023-09-19,2024-09-06,56.902,-114.75753,271204.5839913945,6312765.710889661,250,0.11587170015367854,0.12205711362706329,0.12205711362706329,0,0,0,0,0,0,0,0,0,0,0,0,0.05697917143928203,0,0.00859838336012053,0,0.00850900673003484,0.00850900673003484,0,0.00618541347338475,0,0.04178513862424114,0.04178513862424114,0,0,0,0,0,0,0,0,0,0,0,0,0.03825008969280387,0.7767592606330724,0.01603779602553038,0.00785714927541798,6.863536102224131e-4,0,0.02441217605079623,0.1319248099581704,0.10481160884925236,0.701436397922292,0,0.188290619448226,LU22_2023,0.7035083333333333,"c(271204.583991394, 6312765.71088966)"
LU22,LU22_35,2023,2023-09-19,2024-09-06,56.89601,-114.73399,272600.68593854655,6312020.946460297,250,0.15939649588026034,0.21101794307888283,0.21101794307888283,0,0,0.0977664082710452,0.0977664082710452,0,0.40604330868073407,0.5038097169517792,0.40604330868073407,0,0.5038097169517792,0,0.0606462766173218,0.00749715533617128,0,0.02005238676826046,0,0.00960378639957012,0.00960378639957012,0.01081626341664675,0.05162144719862248,0,0.05078062734228995,0.05078062734228995,0,0,0,0,0,0,0,0,0,0,0,0,0.8336900933251369,0.04244927874111028,0.06053920651370264,0.02713733553668733,0.00447416183774965,0,0.00447324717003548,0.02713702111966058,0,0,0,0.9912516738371204,LU22_2023,0.7676625,"c(272600.685938547, 6312020.9464603)"
LU22,LU22_36,2023,2023-09-19,2024-09-06,56.90241,-114.70744,274255.29882514535,6312644.720941468,250,0.0338378580012225,0.05387448817770483,0.05387448817770483,0,0,0,0,0,0,0,0,0,0,0,0,0.00560013895541606,0,0.01990105957453293,0,0.00833665947127351,0.00833665947127351,0,0.02003663017648234,0,0,0,0,0,0,0,0,0,0,0,0,0,0,0,0.09208377578014926,0.5811957281866205,0.00960713138560987,0.03410678073085215,0,0.00105681599410549,0.0264740410212706,0.253833446958289,0,0.639088802890174,0,0.358937383448484,LU22_2023,0.741025,"c(274255.298825145, 6312644.72094147)"
LU22,LU22_38,2023,2023-09-19,2024-01-28,56.92197,-114.78486,269664.54082872334,6315078.523527502,250,0.109341085974199,0.17248999341128965,0.17248999341128965,0,0,0,0,0,0,0,0,0,0,0,0,0.01460702852783784,0,0.02165223749445071,0,0.01092708761580931,0.01092708761580931,0.01390296769669221,0.06314890743709065,0,0.04825176463940894,0.04825176463940894,0,0,0,0,0,0,0,0,0,0,0,0,0.503768453336808,0.22320938513382285,4.480816841458844e-4,0.20363952623117784,0,4.535627534566043e-4,0.01751690016667445,0.05096409069391443,0.04500800770610827,0.03353395384710513,0,0.9201828409532532,LU22_2023,0.7591833333333333,"c(269664.540828723, 6315078.5235275)"
LU22,LU22_4,2023,2023-09-19,2024-09-06,56.82068,-114.7117,273502.2828021118,6303568.890191709,250,0.2946939048023708,0.35055442110027235,0.35055442110027235,0,0,0,0,0,0,0,0,0,0,0,0.01148057445265724,0.12381715552116788,0,0.0408541862631759,0,0.01201872057041898,0.01201872057041898,0,0.05586051629790158,0,0.10652326799495077,0.10652326799495077,0,0,0,0,0,0,0,0,0,0,0,0,0.07843860070480416,0.27494016263988497,0.01303123627536885,0.02064585696955967,0.00150753992474111,1.299801095621132e-5,0.29010138985216033,0.30240936406110547,0.00922784677189144,0.6448709996683263,0,0.3427733533726726,LU22_2023,0.7515833333333334,"c(273502.282802112, 6303568.89019171)"
LU22,LU22_40,2023,2023-09-21,2024-09-07,56.925920000000005,-114.38989,293711.0458081497,6314255.816636079,250,0,0.5733287157828463,0,0.5733287157828463,0.5733287157828463,0,0,0,0,0,0,0,0.5733287157828463,0,0,0,0,0,0,0,0,0,0,0,0,0,0,0,0,0,0,0,0,0,0,0,0,0,0.03463114383584694,0.43057232642817966,0.16618956871779964,0.09754849998425456,0.0209239852209647,0,0.00709699920003201,0.00385724864678694,0.1972370281390458,0.08159791772092331,0.01065816526547799,0.7077523753640247,LU22_2023,0.679475,"c(293711.04580815, 6314255.81663608)"
LU22,LU22_44,2023,2023-09-20,2024-09-07,56.9196,-114.85827,265184.8384491951,6315064.856075843,250,0.11636182240226248,0.17750577413476704,0.17750577413476704,0,0,0,0,0,0.00395491739737151,0.00395491739737151,0.00395491739737151,0,0.00395491739737151,0,0.02468156939047383,0.05097676385532514,0,0,0,0.0213738456391874,0.0213738456391874,0.0193296435172761,0.06114395173250456,0,0,0,0,0,0,0,0,0,0,0,0,0,0,0,0.6096077738190154,0.20248045249928776,0.00154758949105981,0.0064255433056827,0.00193213817590686,0.00322023029317811,0.04645516467047098,0.1283896192187993,0.04440940833706167,0.21806985988284844,0,0.736189007301798,LU22_2023,0.7563447916666668,"c(265184.838449195, 6315064.85607584)"
LU22,LU22_46,2023,2023-09-21,2024-09-07,56.9445,-114.39758,293346.12822672783,6316345.805062288,250,0.05552142020405007,0.1006860961363999,0.1006860961363999,0,0,0,0,0,0,0,0,0,0,0,0,0,0,0.02159174846807984,0,0.0124511448494504,0.0124511448494504,0.02147852688651983,0.04516467593234982,0,0,0,0,0,0,0,0,0,0,0,0,0,0,0,0.237776714790102,0.3464335421346134,0.00930113254856533,0.30455126637847646,0,3.2145472808173855e-4,0.01954599596653545,0.05646805156612057,0,0.23094259565064168,0,0.7667786589876936,LU22_2023,0.7643270833333333,"c(293346.128226728, 6316345.80506229)"
LU22,LU22_47,2023,2023-09-21,2024-09-07,56.93777,-114.38641,293988.0827720766,6315563.455030292,250,0.01615459231247432,0.03231112201126718,0.03231112201126718,0,0,0,0,0,0,0,0,0,0,0,0,0,0,0,0,0,0,0.01615459231247432,0.01615652969879286,0,0,0,0,0,0,0,0,0,0,0,0,0,0,0,0.32222161767223867,0.21622666873876167,0,0.4498663112149057,0,0.00171418513342862,0,0.00997121724066537,0.03204780901627433,0.1101667664801507,0,0.8550932120812476,LU22_2023,0.7794041666666667,"c(293988.082772077, 6315563.45503029)"
LU22,LU22_48,2023,2023-09-20,2024-09-07,56.93743,-114.96295,258933.16025275207,6317412.344329895,250,0.08711377073895836,0.11175026526244576,0.11175026526244576,0,0,0,0,0.28074369195563964,0,0.28074369195563964,0.28074369195563964,0,0.28074369195563964,0,0,0.01061932385336647,0,0.02450886880856924,0,0.02535682414526793,0.02535682414526793,0,0.02463649452348742,0.02662875393175472,0,0.02662875393175472,0,0,0,0,0,0,0,0,0,0,0,0,0.7048853234242685,0.20910124955223636,0.01527754480485752,0.03183240659781422,0.00546900960894256,0,3.272539956600051e-4,0.03153420847553735,0.06160858313665154,0.06596840229677725,0,0.8527994829777523,LU22_2023,0.7612916666666667,"c(258933.160252752, 6317412.3443299)"
LU22,LU22_49,2023,2023-09-20,2024-09-07,56.93194,-114.93654,260503.4466552032,6316708.9112661295,250,0.10834118001660945,0.1262114620215617,0.1262114620215617,0,0,0,0,0,0,0,0,0,0,0,0.02321327762816541,0.03237653046618539,0,0.01762586834659954,0,0.0351255035756591,0.0351255035756591,0,0.01787028200495225,0,0,0,0,0,0,0,0,0,0,0,0,0,0,0,0.6277810951594605,0.24297345301388196,0.00300624097491269,0.00612479094977874,0.00564784933988298,0,0.02916018097724979,0.08529960270513615,0.09079623911458308,0.18243438637809495,0,0.7238894351500079,LU22_2023,0.7668729166666667,"c(260503.446655203, 6316708.91126613)"
LU22,LU22_5,2023,2023-09-19,2024-09-06,56.822190000000006,-114.68971,274852.4875796503,6303664.229806572,250,0.10371149798445146,0.12515237728395004,0.12515237728395004,0,0,0,0,0,0,0,0,0,0,0,0,0,0,0.01498073017625499,0,0.02983566637533927,0.02983566637533927,0,0.02144087929949857,0,0.05889510143285721,0.05889510143285721,0,0,0,0,0,0,0,0,0,0,0,0,0.05885054818468627,0.6202612114747399,0.00134581767789729,0.04324638937796506,0.00170160855826094,6.745986324214314e-4,0.01011332136731059,0.26379975120040505,0.0083457649787326,0.7045088422402993,0,0.28344996047685367,LU22_2023,0.7514520833333334,"c(274852.48757965, 6303664.22980657)"
LU22,LU22_50,2023,2023-09-19,2024-09-07,56.93489,-114.81908,267663.63452772633,6316631.302107565,250,0.09228797549694978,0.09722903874895004,0.09722903874895004,0,0,0,0,0,0,0,0,0,0,0,0,0,0,0.00382662037859246,0,0.04238507937690162,0.04238507937690162,0,0.00494106325200025,0.04607627574145569,0,0.04607627574145569,0,0,0,0,0,0,0,0,0,0,0,0,0.6554736269772169,0.11420693047529017,0.0036234932666136,0.1208933489591586,0,0.01880532741895922,0.00560890467426086,0.08145805079132004,0.03141263388340425,0.07514191842925164,0,0.8909774722165476,LU22_2023,0.7650041666666667,"c(267663.634527726, 6316631.30210757)"
LU22,LU22_53,2023,2023-09-21,2024-09-07,56.95737999999999,-114.40262,293111.12388462963,6317793.768159278,250,0.1628091213306096,0.2049402845910306,0.2049402845910306,0,0,0,0,0,0.12755597827283724,0.12755597827283724,0.12755597827283724,0,0.12755597827283724,0,0,0,0,0.02255704319346172,0,0.0189375931141684,0.0189375931141684,0.12131448502297948,0.04213116326042102,0,0,0,0,0,0,0,0,0,0,0,0,0,0,0,0.681639090312657,0.04336468805954372,0.00626007611108042,0.17689994676726006,0,6.882374740623342e-5,0.03269726325637782,0.02882660051249032,0,0.00618037251707976,0,0.9894388765377662,LU22_2023,0.7820666666666667,"c(293111.12388463, 6317793.76815928)"
LU22,LU22_6,2023,2023-09-21,2023-10-22,56.81301,-114.62326,278850.98982393485,6302426.444154083,250,0.03929175951398067,0.07179690003185696,0.07179690003185696,0,0,0,0,0,0,0,0,0,0,0,0,0,0,0.02173278631714784,0,0.01755897319683283,0.01755897319683283,0,0.03250514051787628,0,0,0,0,0,0,0,0,0,0,0,0,0,0,0,0.15629695760455384,0.3793032424072468,0.00819282918777724,0.05056793604029524,2.7440097758105604e-4,0,0.11091566113270854,0.29441684014903324,0.02060080837797448,0.47665152494508767,0,0.5013203576158143,LU22_2023,0.7461270833333333,"c(278850.989823935, 6302426.44415408)"
LU22,LU22_60,2023,2023-09-21,2024-09-07,56.97107,-114.44941,290344.49425623624,6319459.248128993,250,0.16113714658987688,0.20856752997741956,0.20856752997741956,0,0,0,0,0,0,0,0,0,0,0,0.07698543242403236,0,0,0.02539035013008674,0,2.604195632103436e-4,2.604195632103436e-4,0.0293513233742466,0.04743038338754268,0,0.02914962109830087,0.02914962109830087,0,0,0,0,0,0,0,0,0,0,0,0,0.04431120187607407,0.6097549191009746,0.01085868182798429,0.04163295298879919,4.39180070270595e-4,0,0.00830440738595257,0.27964536755524316,0,0.8024032754792961,0,0.19260708456559508,LU22_2023,0.7170461805555556,"c(290344.494256236, 6319459.24812899)"
LU22,LU22_61,2023,2023-09-21,2024-09-07,56.96989,-114.41562000000002,292390.6926155946,6319224.763035239,250,0.0398758902218448,0.08392569107985537,0.08392569107985537,0,0,0,0,0,0.4637713116286742,0.4637713116286742,0.4637713116286742,0,0.4637713116286742,0,0,0,0,0.02188096976602802,0,0.01210498038127779,0.01210498038127779,0.00588994007453899,0.04404980085801057,0,0,0,0,0,0,0,0,0,0,0,0,0,0,0,0.7477134815158126,0.0970140520270071,0.03112652424637041,0.09501510640462574,0,1.9564415715457408e-4,0.01405809918174615,0.01491622129871434,0,0.04373874886031231,0,0.9558699628253784,LU22_2023,0.762625,"c(292390.692615595, 6319224.76303524)"
LU22,LU22_63,2023,2023-09-20,2024-09-06,56.97141,-114.72468,273624.84345899266,6320375.909842051,250,0.13245819642045886,0.14544373050638254,0.14544373050638254,0,0,0,0,0.2559782021200936,0,0.2559782021200936,0.2559782021200936,0,0.2559782021200936,0,0.00805440431596474,0.08428583838807771,0,0.02531542207717268,0,0.01480253163924373,0.01480253163924373,0,0.01298553408592368,0,0,0,0,0,0.8255265176579372,0.8255265176579372,0.8255265176579372,0,0,0,0,0,0.8255265176579372,0,0.14107170870650032,0.39115984449193386,0.09245497023182428,5.984868919239248e-4,0.01392356385266811,0,0.1612771586959079,0.1988429065483492,0,0.11108273091452645,0.0067223358248629,0.8780288991804174,LU22_2023,0.6828770833333333,"c(273624.843458993, 6320375.90984205)"
LU22,LU22_65,2023,2023-09-21,2024-09-07,56.9833,-114.48563,288213.6116218814,6320931.387649228,250,0.03255652684650581,0.08027123709468313,0.08027123709468313,0,0,0,0,0,0,0,0,0,0,0,0,0,0,0.02270112399739491,0,0.0098554028491109,0.0098554028491109,0,0.04771471024817732,0,0,0,0,0,0,0,0,0,0,0,0,0,0,0,0.4891381457038654,0.381140417240204,0.00586004993226698,0.07284192072501772,2.3572163754848817e-4,0.00226578320028717,0.00985955406011898,0.03846251206199919,0.02534083319546336,0.25448267380646883,0,0.7199808896350237,LU22_2023,0.7609739583333335,"c(288213.611621881, 6320931.38764923)"
LU22,LU22_69,2023,2023-09-20,2024-09-08,56.992160000000005,-114.6179,280233.41997249733,6322334.89756941,250,0.03462624065333881,0.03462624065333881,0.03462624065333881,0,0,0,0,0,0,0,0,0,0,0,0,0,0,0,0,0.02273889717021016,0.02273889717021016,0,0,0.01188734348312866,0,0.01188734348312866,0,0,0.02482353543119213,0.02482353543119213,0.02482353543119213,0,0,0,0,0,0.02482353543119213,0,0.20697587502875023,0.48334886230993046,0.00165842698022397,0.26182990082559093,1.6132448513027394e-4,0,0.01116137144699991,0.03486423892337422,0,0.31586859594686045,0,0.6841259022089645,LU22_2023,0.7609916666666667,"c(280233.419972497, 6322334.89756941)"
LU22,LU22_7,2023,2023-09-21,2024-09-06,56.82454,-114.61899,279179.35745426046,6303695.049177172,250,0.06667908568951568,0.09330588980402342,0.09330588980402342,0,0,0,0,0,0,0,0,0,0,0,0,0,0,0.01753016697311146,0,0.01619859417336126,0.01619859417336126,0,0.02662680411450774,0,0.03295032454304296,0.03295032454304296,0,0,0,0,0,0,0,0,0,0,0,0,0.5068236588977462,0.15242076021973977,0.01467739012467054,0.14959355447763903,8.566714482230197e-4,1.1713844240993647e-4,0.05403305815049331,0.12143861560893936,0,0.12486047697001228,0,0.8702379553835886,LU22_2023,0.774375,"c(279179.35745426, 6303695.04917717)"
LU22,LU22_70,2023,2023-09-21,2024-09-07,56.99237000000001,-114.56931,283184.63930413144,6322202.89030534,250,0.06509901547307678,0.09867339393560652,0.09867339393560652,0,0,0,0,0,0,0,0,0,0,0,0,0.01933987299348167,0,0,0,0.0215758694282803,0.0215758694282803,0.01463309204097123,0.03357437846252975,0,0.00955018101034359,0.00955018101034359,0,0,0,0,0,0,0,0,0,0,0,0,0.18332675487076333,0.2729251466553105,0.00289664945088573,0.07805776601620501,0,2.9478213892898886e-4,0.02896545871501226,0.433477441433987,0,0.5794992167749956,0,0.41503395868621906,LU22_2023,0.7255458333333333,"c(283184.639304131, 6322202.89030534)"
LU22,LU22_71,2023,2023-09-21,2024-09-07,56.99336,-114.52732,285739.6665283183,6322180.439921975,250,0.02694970512483031,0.04255951517939717,0.04255951517939717,0,0,0,0,0,0,0,0,0,0,0,0.00535236809849005,0,0,0.01314172474590949,0,0.00845561228043077,0.00845561228043077,0,0.01560981005456685,0,0,0,0,0,0,0,0,0,0,0,0,0,0,0,0.06906145523630636,0.6991753473484502,0.00344709190372348,0.05583050540207777,4.039560824675953e-4,0.00614397060482669,0.02003584060450506,0.14366660916132215,0.02604697397257512,0.6695637149633442,0,0.3039776333596218,LU22_2023,0.7634541666666668,"c(285739.666528318, 6322180.43992198)"
LU22,LU22_72,2023,2023-09-21,2024-09-07,56.992560000000005,-114.49997,287395.5815441827,6322005.953942663,250,0.03449637138702418,0.07681536410070183,0.07681536410070183,0,0,0,0,0,0,0,0,0,0,0,0,0,0,0.02140155163163204,0,0.01309481975539214,0.01309481975539214,0,0.04231899271367765,0,0,0,0,0,0,0,0,0,0,0,0,0,0,0,0.08040461461304194,0.6005175355068955,0.00322648831142358,0.05152441734457586,5.559348095278415e-5,0.07780927781259649,0.05406839600802241,0.12381581513082995,0.00601701866576768,0.6104164776494106,0,0.37142750633282134,LU22_2023,0.757684375,"c(287395.581544183, 6322005.95394266)"
LU22,LU22_76,2023,2023-09-20,2024-09-06,56.99687,-114.69523,275567.0643623868,6323110.345404952,250,0.0343735592165739,0.06066052334605387,0.06066052334605387,0,0,0,0,0,0,0,0,0,0,0,0,0,0,0.02644354567161259,0,0.00793001354496131,0.00793001354496131,0,0.02628696412947997,0,0,0,0,0,0.8375292904491243,0.8375292904491243,0.8375292904491243,0,0,0,0,0,0.8375292904491243,0,0.12615392358786373,0.3437967311092793,0.00677985307585601,0.02988568133523838,0.01703094641620322,0,0.3043473227709587,0.17195748732929303,0.02758562881061937,0.02452055894277277,0,0.93157654162205,LU22_2023,0.6968125000000001,"c(275567.064362387, 6323110.34540495)"
LU22,LU22_77,2023,2023-09-21,2024-09-07,56.99992,-114.50988,286836.01852826326,6322855.512768574,250,0.0151141696592653,0.0151141696592653,0.0151141696592653,0,0,0,0,0,0,0,0,0,0,0,0,0,0,0,0,0.0151141696592653,0.0151141696592653,0,0,0,0,0,0,0,0,0,0,0,0,0,0,0,0,0,0.3538951392238352,0.35554303309397767,0,0.14126223141604258,0,1.9400936722363085e-4,0.00165425480151673,0.14735133209740414,0,0.326327790017783,0,0.6680649275506492,LU22_2023,0.76679375,"c(286836.018528263, 6322855.51276857)"
LU22,LU22_8,2023,2023-09-19,2024-09-06,56.837219999999995,-114.62565,278848.00271359447,6305126.875024515,250,0.05692172098148791,0.08241356222941347,0.08241356222941347,0,0,0,0,0,0,0,0,0,0,0,0,0,0,0.01709865271403895,0,0.03982306826744897,0.03982306826744897,0,0.02549184124792556,0,0,0,0,0,0,0,0,0,0,0,0,0,0,0,0.344683673743088,0.36116160737054054,0.00985945417954038,0.16236576329834876,0.00105128932405309,0,0.03771732935234736,0.07988151364396272,0,0.17978724512444175,0,0.8106171961684685,LU22_2023,0.7580760416666668,"c(278848.002713594, 6305126.87502452)"
LU22,LU22_80,2023,2023-09-20,2024-09-06,57.00723,-114.73636,273133.5412556007,6324398.552516008,250,0.10485902188601062,0.11214195373148494,0.11214195373148494,0,0,0,0,0,0,0,0,0,0,0,0.0340904327235863,0.00139406134308167,0,0.00432418591567988,0,0.01776023087732998,0.01776023087732998,0,0.00728293184547432,0.04729011102633281,0,0.04729011102633281,0,0,0,0,0.7335646574378634,0.7335646574378634,0,0.7335646574378634,0,0,0.7335646574378634,0,0.48430266367467,0.07710915726804594,0.02373931052945973,0.0036827572146478,0.01547282826509807,0,0.2204738027407552,0.12265222899979444,0,0.0173472898390637,0,0.9345081702707264,LU22_2023,0.7284583333333333,"c(273133.541255601, 6324398.55251601)"
LU22,LU22_81,2023,2023-09-20,2024-09-06,57.01878,-114.62211,280135.0234476422,6325309.263129374,250,0.0483949879687813,0.0703383893239569,0.0703383893239569,0,0,0,0,0,0,0,0,0,0,0,0,0.00576723474458227,0,0.02195953321453031,0,0.02066822000966873,0.02066822000966873,0,0.0219434013551756,0,0,0,0,0,4.083170943347373e-4,4.083170943347373e-4,6.623066530344805e-4,2.539895586997432e-4,0,2.539895586997432e-4,0,0,6.623066530344805e-4,0,0.1712965375102402,0.4014835099114125,0.02981146699668896,0.1469051784919242,0.00597009101194867,0,0.02618122208295553,0.20941042312956903,0,0.431026355659938,0,0.5646554101491896,LU22_2023,0.7234604166666667,"c(280135.023447642, 6325309.26312937)"
LU22,LU22_82,2023,2023-09-21,2024-09-07,57.00713,-114.55493,284143.2234376769,6323799.041054042,250,0.0709979961435612,0.10668526655006688,0.10668526655006688,0,0,0,0,0,0,0,0,0,0,0,0,0.02010767058890275,0,0.02376376622646586,0,0.023534839906186,0.023534839906186,0.00359171942200658,0.03568727040650569,0,0,0,0,0,0,0,0,0,0,0,0,0,0,0,0.06953261241034336,0.641114444596101,0.02548000647210791,0.14365199154845423,3.138517383511027e-4,0,0.03675373548353208,0.06339455875695164,0,0.5652547726669063,0,0.43400864746384943,LU22_2023,0.75415,"c(284143.223437677, 6323799.04105404)"
LU22,LU22_85,2023,2023-09-20,2024-09-06,57.02431000000001,-114.76451000000002,271530.1562545214,6326392.069336773,250,0.0802894352225731,0.08255235305236444,0.08255235305236444,0,0,0,0,0,0.43981192944881287,0.43981192944881287,0.43981192944881287,0,0.43981192944881287,0,0,0.06790879731152963,0,0.00359459840711281,0,0.00878603950393067,0.00878603950393067,0,0.00226291782979134,0,0,0,0,0,0,0,0.517791682362881,0.517791682362881,0,0.517791682362881,0,0,0.517791682362881,0,0.4858653966648388,0.1365255042331705,0.05447437321188619,0.02338669948551599,0.01501125559883439,0,0.13039200120201708,0.1354332765738066,0,0.07332147433809104,0,0.9201654718017794,LU22_2023,0.7062447916666668,"c(271530.156254521, 6326392.06933677)"
LU22,LU22_86,2023,2023-09-20,2024-09-06,57.01931,-114.73642,273203.4961111668,6325742.2786459,250,0.09823069259706275,0.1394203477191196,0.1394203477191196,0,0,0,0,0,0,0,0,0,0,0,0.03470244846721843,0.04061976120142264,0,0.02290848292842169,0,0,0,0,0.04118965512205685,0,0,0,0,0,0,0,0.9195588921975588,0.9195588921975588,0,0.9195588921975588,0,0,0.9195588921975588,0,0.7712439448889216,0.01126779254167262,0.07368439935981343,0.00969508321967736,0.00305554491432849,2.680522429750126e-4,0.08647314923112046,0.03421308187200329,4.043631455621772e-5,0.00193350357796003,0,0.9928465464173586,LU22_2023,0.74690625,"c(273203.496111167, 6325742.2786459)"
LU22,LU22_87,2023,2023-09-20,2024-09-06,57.01785999999999,-114.6878,276144.28220286965,6325420.482061884,250,0.07592058530740863,0.115652731263737,0.115652731263737,0,0,0,0,0,0,0,0,0,0,0,0,0.04657066943208148,0,0.02210205310205193,0,0.00724786277327522,0.00724786277327522,0,0.03973214595632838,0,0,0,0,0,0,0,0.5226016305158382,0.5226016305158382,0,0.5226016305158382,0,0,0.5226016305158382,0,0.1873053822844612,0.19518531176972692,0.02298057191273746,0.11010006106469578,0.0037265174163401,0,0.22480517326452223,0.25472915870620544,0.01643163036262768,0.0458810713813608,0,0.9224077646690804,LU22_2023,0.7273833333333333,"c(276144.28220287, 6325420.48206188)"
LU22,LU22_89,2023,2023-09-20,2024-09-06,57.02902,-114.65743,278053.32658725674,6326562.528815917,250,0.13711699291942253,0.14747544783458982,0.14747544783458982,0,0,0,0,0,0,0,0,0,0,0,0,0.03600364574206638,0,0.00586087158026199,0,0.02802951566426842,0.02802951566426842,0,0.01035845491516728,0.06722295993282575,0,0.06722295993282575,0,0,0,0,0.8678056476448749,0.8678056476448749,0,0.8678056476448749,0,0,0.8678056476448749,2.254102324626313e-5,0.07056559347508208,0.22272827266176168,0.02145179942639954,0.00149408055939672,0.00395637704356817,0,0.21132155862242008,0.4493014074052237,0,0.3781041234615109,0,0.6148345938453905,LU22_2023,0.6818833333333333,"c(278053.326587257, 6326562.52881592)"
LU22,LU22_94,2023,2023-09-21,2024-09-07,57.035720000000005,-114.55388,284372.62468652613,6326975.741215391,250,0.10437999352691804,0.14048788312204025,0.14048788312204025,0,0,0,0,0,0,0,0,0,0,0,0.04457737041950514,0.01097808004395944,0,0.0298016232151615,0,0.01849734871709861,0.01849734871709861,5.255711311933338e-4,0.03610788959512222,0,0,0,0,0,0,0,0,0,0,0,0,0,0,0,0.1233222780331244,0.4316997312305064,0.0274723278341499,0.19890492385124484,3.2771314434068414e-4,0,0.06465436183674403,0.13297708661783045,2.6470501287583745e-4,0.4005739181512025,0,0.5885198901796255,LU22_2023,0.7184677083333334,"c(284372.624686526, 6326975.74121539)"
LU3,LU3_10,2021,2021-07-09,2022-02-02,55.43207,-110.78266,513753.1111679702,6142894.933676382,250,0.19676769530442711,0.2607383698121554,0.2607383698121554,0,0,0,0,0,0,0,0,0,0,0,0,0.10186373320088242,0,0.03298433289869241,0.02905830556485332,0,0.02905830556485332,0,0.06397067450772831,0,0.03286132363999899,0.03286132363999899,0,0,0,0,0,0,0,0,0,0,0,0,0.08350565841459981,0.5825593787441414,0.05751302322394045,0.09687083888346922,0.00485266771893826,0,0.01796144341759466,0.06344177228492963,0,0.597895622855934,0.02123044822094141,0.3762961219440436,LU3_2021,0.7043145833333333,"c(513753.11116797, 6142894.93367638)"
LU3,LU3_10_24,2024,2024-09-14,2025-09-14,55.432,-110.78262,513755.66667115415,6142887.151518168,250,0.19703460928225308,0.2594481726851935,0.2594481726851935,0,0,0,0,0,0,0,0,0,0,0,0,0.10046176266720108,0,0.03342792513388842,0.03028359714719036,0,0.03028359714719036,0,0.06241356340294043,0,0.03286132433397322,0.03286132433397322,0,0,0,0,0,0,0,0,0,0,0,0,0.07784604012072331,0.5935660905916679,0.05547762595467361,0.09250840834101692,0.00503220333433397,0,0.01887211074655422,0.06742225447865405,0,0.6116910359562908,0.0221347504431176,0.3614949280871813,LU3_2024,0.7043145833333333,"c(513755.666671154, 6142887.15151817)"
LU3,LU3_102,2021,2021-07-11,2022-06-12,55.33055,-110.85629,509117.18482819793,6131585.102715841,250,0.1130903227322622,0.1404063862565953,0.1404063862565953,0,0,0,0,0,0,0,0,0,0,0,0,0.0733588614699622,0,0.0133543109489794,0.01252672194737792,0.01385042836594267,0.02637715031332059,0,0.02731606352433309,0,0,0,0,0,0,0,0,0,0,0,0,0,0,0,0.01229669074219026,0.7364773440322204,0.06757558373887816,0.03259346898460037,0.01835184061495255,0,0.01034259046927513,0.08993960998697252,0,0.8504104097316942,0.04309448791564962,0.09815362260002364,LU3_2021,0.7148770833333333,"c(509117.184828198, 6131585.10271584)"
LU3,LU3_102_24,2024,2024-09-18,2025-09-13,55.33079,-110.85664,509094.92534079193,6131611.765355075,250,0.11526869068398651,0.1400244995388446,0.1400244995388446,0,0,0,0,0,0,0,0,0,0,0,0,0.0744026084702013,0,0.01196167265047035,0.01441324577962233,0.01449116378369254,0.02890440956331487,0,0.02475580885485808,0,0,0,0,0,0,0,0,0,0,0,0,0,0,0,0.010814328677044,0.73456143162561,0.06851698397222954,0.0346744885050222,0.01916208228332758,0,0.00989018214923379,0.09258919766547628,0,0.8488899268626109,0.04427006548573287,0.09879396398808048,LU3_2024,0.7148770833333333,"c(509094.925340792, 6131611.76535507)"
LU3,LU3_103,2021,2021-07-11,2022-06-12,55.33152,-110.8249,511108.34170375566,6131697.6057975795,250,0.1029395041537749,0.1029395041537749,0.1029395041537749,0,0,0,0,0,0,0,0,0,0,0,0,0.0332596402803097,0,0,0.05225151585677629,0.0158009970731505,0.06805251292992678,0.00162735094353841,0,0,0,0,0,0,0,0,0,0,0,0,0,0,0,0,0.00473601120586698,0.7677092959505916,0.05481804298824214,0.01685489330415975,0,0,0.00230358944754572,0.15340737243056551,0,0.9439106585588822,0.01517022385968202,0.03545689856295241,LU3_2021,0.7273572916666667,"c(511108.341703756, 6131697.60579758)"
LU3,LU3_103_24,2024,2024-09-18,NA,55.33155,-110.82492,511107.06451494194,6131700.941155893,250,0.09956898677577436,0.09956898677577436,0.09956898677577436,0,0,0,0,0,0,0,0,0,0,0,0,0.0328935591732228,0,0,0.05462714849183824,0.01204827911071332,0.06667542760255156,0,0,0,0,0,0,0,0,0,0,0,0,0,0,0,0,0,0.00475721862892805,0.7673291284792374,0.05437659788474083,0.01695467348682957,0,0,0.00223415708186786,0.1541749034652916,0,0.9439770215879764,0.01502505518839752,0.03565336086404894,LU3_2024,0.7273572916666667,"c(511107.064514942, 6131700.94115589)"
LU3,LU3_106,2021,2021-07-11,NA,55.36141,-111.09341,494078.5294417808,6135013.936368762,250,0.24675406537125735,0.249059773916942,0.249059773916942,0,0,0,0,0,0,0,0,0,0,0,0.1154960388019395,0.03259915201967565,0,0.00192157170763443,1.0190256067195994e-4,0.00883892001268287,0.00894082257335483,0.01379038962161446,0.0023057085456846,0,0.07400609064703852,0.07400609064703852,0,0,0,0,0,0,0,0,0,0,0,0,0.34403854122141275,0.24429741623955073,0.16887014412353765,0.18367378664504427,0.00116312090714484,2.527912920872913e-4,0.00394789711868538,0.01466221094967371,0,0.18317263184239263,0,0.8043014543487289,LU3_2021,0.6275385416666667,"c(494078.529441781, 6135013.93636876)"
LU3,LU3_111,2021,2021-07-11,2022-02-04,55.39863,-111.1192,492450.73542144016,6139158.49304738,250,0.15741992040447886,0.15741992040447886,0.15741992040447886,0,0,0,0,0,0,0,0,0,0,0,0,0.08303319299537085,0,0,0.00723414273071067,0.00719096254504389,0.01442510527575455,0.0027499160608919,0,0.05721170607246156,0,0.05721170607246156,0,0,0,0.10185677045008082,0.10185677045008082,0,0,0.10185677045008082,0,0,0.10185677045008082,0,0.0874893808270431,0.6230092574522783,0.02980501454192335,0.06640942303313985,0.00214354152371454,0,0.02587590863060813,0.15166025328819807,0,0.6402467036726713,0.02228142256237039,0.3212159118095993,LU3_2021,0.7094333333333334,"c(492450.73542144, 6139158.49304738)"
LU3,LU3_111_24,2024,2024-09-18,2025-09-13,55.39867,-111.11929,492445.04310492886,6139162.954261384,250,0.14910565445801355,0.14910565445801355,0.14910565445801355,0,0,0,0,0,0,0,0,0,0,0,0,0.08417364596205984,0,0,0.00772030249510321,0,0.00772030249510321,0,0,0.05721170600085051,0,0.05721170600085051,0,0,0,0,0.09719649864692928,0.09719649864692928,0,0.09719649864692928,0,0,0.09719649864692928,0,0.086103469263877,0.6279196335298322,0.02902407348698771,0.06528343780070445,0.0023472875953989,0,0.02531551466302301,0.14906194480852453,0,0.6440287287916742,0.02446014539802781,0.31538387805290363,LU3_2024,0.7094333333333334,"c(492445.043104929, 6139162.95426138)"
LU3,LU3_126,2021,2021-07-09,2022-06-11,55.55315,-110.772418,514357.1105510331,6156371.72381252,250,0.3274359683543944,0.3274359683543944,0.3274359683543944,0,0,0,0,0,0,0,0,0,0,0,0.12197615787251348,0,0,0.01317531951446818,0.04083831298369225,9.597469721699326e-4,0.04179805995586218,0,0,0.15048643101155065,0,0.15048643101155065,0,0,0,0,0,0,0,0,0,0,0,0.00456671835087616,1.7655706276076128e-4,0.38552010569777495,0.01549851301607681,0.01183784965632358,0.0108213554281401,0,0.0021429134169403,0.3320813018222944,0,0.8095345745572895,0.13832981184442333,0.04197312652638887,LU3_2021,0.7289291666666666,"c(514357.110551033, 6156371.72381252)"
LU3,LU3_126_24,2024,2024-09-17,NA,55.55331,-110.77219,514371.435619946,6156389.5771635845,250,0.32329187804006426,0.32329187804006426,0.32329187804006426,0,0,0,0,0,0,0,0,0,0,0,0.10980244210450202,0,0,0.01300721542718879,0.04202029874879844,7.176613863026017e-5,0.0420920648874287,0,0,0.15839015562094477,0,0.15839015562094477,0,0,0,0,0,0,0,0,0,0,0,0.00260523802478743,2.2742221784304885e-4,0.3890854393282954,0.01515230177986559,0.01279301342167596,0.01017063039467327,0,0.00202639549631659,0.3400735515995749,0,0.820493435997417,0.12921260403619128,0.04137597075757376,LU3_2024,0.7289291666666666,"c(514371.435619946, 6156389.57716358)"
LU3,LU3_129,2021,2021-07-09,2022-02-02,55.57962,-110.82375,511111.3389484834,6159308.137924508,250,0.20775497276186988,0.20775497276186988,0.20775497276186988,0,0,0,0,0,0,0,0,0,0,0,0,0.09782791814608288,0,0,0.00666872782811795,0,0.00666872782811795,0,0,0.10325832678766904,0,0.10325832678766904,0,0,0,0,0,0,0,0,0,0,0,0.00311706219051352,0.00470342650783613,0.5267358506877317,0.10886047315252216,0.00628112634678813,1.776563942779729e-4,0,0.0967592046326565,0.1975839597017409,0,0.5990662990041136,0.05289191213974938,0.33358035417234666,LU3_2021,0.5939875,"c(511111.338948483, 6159308.13792451)"
LU3,LU3_129_24,2024,2024-09-17,2025-02-15,55.5796,-110.82379,511108.8228758167,6159305.905737386,250,0.2041397016986594,0.2041397016986594,0.2041397016986594,0,0,0,0,0,0,0,0,0,0,0,0,0.09733074190822263,0,0,0.00658604425438322,0,0.00658604425438322,0,0,0.10022291553605356,0,0.10022291553605356,0,0,0,0,0,0,0,0,0,0,0,0.00292319161548809,0.00465956746128859,0.5261703406990514,0.1100297524626282,0.00631058759940237,1.666067760122749e-4,0,0.09867033368043555,0.1976540008423153,0,0.5977600994312601,0.05253796807389671,0.33538764643449964,LU3_2024,0.5939875,"c(511108.822875817, 6159305.90573739)"
LU3,LU3_13,2021,2021-07-11,2022-06-12,55.50208,-111.11472,492753.45177435863,6150670.675934829,250,0.4047091208535112,0.4047091208535112,0.4047091208535112,0,0,0,0,0,0,0,0,0,0,0,0.3864815317675589,0,0,0,0.01428797830410884,0.00393961078184351,0.01822758908595235,0,0,0,0,0,0,0,0,0.5460921601548497,0.5460921601548497,0,0,0.5460921601548497,0,0,0.5460921601548497,0,0.03359916711987269,0.2207884398383575,0.19478021461050535,0.00470603505175306,0.02444701649097111,0,0.17323157921352986,0.30778601224175683,0,0.6264476647412921,0.0256151121468294,0.2612941946231302,LU3_2021,0.6826166666666668,"c(492753.451774359, 6150670.67593483)"
LU3,LU3_13_24,2024,2024-09-16,2025-09-13,55.50204,-111.11476,492750.9177368985,6150666.228579591,250,0.40493871900390865,0.40493871900390865,0.40493871900390865,0,0,0,0,0,0,0,0,0,0,0,0.3865189559863924,0,0,0,0.01424305673088879,0.00417670628662747,0.01841976301751625,0,0,0,0,0,0,0,0,0,0.5378057246395301,0.5378057246395301,0,0.5378057246395301,0,0,0.5378057246395301,0,0.03504973311584811,0.2172518890015583,0.19272569209173257,0.00474050275136966,0.02423542460571842,0,0.1732801903616424,0.3123142354673314,0,0.6251567085290664,0.02507925756271719,0.26333480855209485,LU3_2024,0.6826166666666668,"c(492750.917736899, 6150666.22857959)"
LU3,LU3_131,2021,2021-07-11,2022-06-12,55.33239,-110.79513,512996.6627579125,6131799.574156738,250,0.1246343905602864,0.1246343905602864,0.1246343905602864,0,0,0,0,0,0,0,0,0,0,0,0,0.03156207709514057,0,0,0.0587989721068636,0,0.0587989721068636,0,0,0.03427334135828224,0,0.03427334135828224,0,0,0,0,0,0,0,0,0,0,0,0,0.00386992972710116,0.5511073619058738,0.03257331666101464,0.00516570489404457,0,0,8.580515200525852e-4,0.377508280707713,0,0.8946134583158384,0,0.10174989657949772,LU3_2021,0.7321479166666668,"c(512996.662757912, 6131799.57415674)"
LU3,LU3_131_24,2024,2024-09-18,NA,55.33242,-110.79507,513000.4592461557,6131802.923897924,250,0.12365551931687876,0.12365551931687876,0.12365551931687876,0,0,0,0,0,0,0,0,0,0,0,0,0.03000345997492156,0,0,0.05927789923845416,0,0.05927789923845416,0,0,0.03437416010350303,0,0.03437416010350303,0,0,0,0,0,0,0,0,0,0,0,0,0.00388265612211663,0.5542006571658153,0.03145225369140793,0.00518624824464419,1.8262630640694751e-9,1.2252144607048375e-9,8.596158277961126e-4,0.3766308968501921,0,0.8957237766780008,0,0.1005977137553855,LU3_2024,0.7321479166666668,"c(513000.459246156, 6131802.92389792)"
LU3,LU3_137,2021,2021-07-11,2022-02-03,55.42564,-111.19794,487472.46878421615,6142175.697127149,250,0.09181833159505196,0.136698494708878,0.136698494708878,0,0,0,0,0,0,0,0,0,0,0,0.03249535616270193,0.03656388867642692,0,0.02275908675592313,0,0,0,0,0.04488016311382602,0,0,0,0,0,0,0.4774819245831219,0.4774819245831219,0,0,0.4774819245831219,0,0,0.4774819245831219,0.01377760942152559,0.00218803345540564,0.413834623187629,0.10855711721504084,0.00368140735704274,0.00771281707965919,0,0.03728239220699887,0.3145126917530068,0,0.5901394432063741,0.14255913018783445,0.2527921401215565,LU3_2021,0.638409375,"c(487472.468784216, 6142175.69712715)"
LU3,LU3_137_24,2024,2024-09-13,NA,55.42558,-111.19794,487472.4497903948,6142169.019932412,250,0.09234924115140228,0.13781097680221047,0.13781097680221047,0,0,0,0,0,0,0,0,0,0,0,0.03298506192668967,0.03633968270365412,0,0.02302449652105849,0,0,0,0,0.04546173565080817,0,0,0,0,0,0,0,0.4663869717452128,0.4663869717452128,0,0.4663869717452128,0,0,0.4663869717452128,0.01376858740031076,0.002239094115759,0.4114645808588864,0.1081050954514314,0.00389142916145507,0.0075903009987182,0,0.03718282148612605,0.3167793097577995,0,0.5918843999262666,0.14195703239901653,0.25173971252415456,LU3_2024,0.638409375,"c(487472.449790395, 6142169.01993241)"
LU3,LU3_14,2021,2021-07-08,2022-02-03,55.50061,-111.09364,494084.796825925,6150505.086960996,250,0.09602965147442974,0.1235144664837394,0.1235144664837394,0,0,0,0,0,0,0,0,0,0,0,0,0,0,0.02038626742611941,0.02792438871765537,0.01344973885145927,0.04137412756911464,0,0.02748481500930967,0,0.03426925647919569,0.03426925647919569,0,0,0,0.8629158747902077,0.8629158747902077,0,0,0.8629158747902077,0,0,0.8629158747902077,0,0.03348233986868496,0.17286809397828876,0.3219604857488991,0.00591657610789858,0.01019981475389222,0,0.28193838663711124,0.11564309357617109,0,0.52601041307816,2.2737039635077337e-4,0.4652960082017204,LU3_2021,0.6756020833333334,"c(494084.796825925, 6150505.086961)"
LU3,LU3_14_24,2024,2024-09-12,NA,55.50077,-111.09359,494087.9792761916,6150522.88880969,250,0.09481021868640958,0.11747098381610138,0.11747098381610138,0,0,0,0,0,0,0,0,0,0,0,0,0,0,0.01856908686641538,0.02829827585813034,0.01367359958155032,0.04197187543968066,0,0.0226607651296918,0,0.03426925638031354,0.03426925638031354,0,0,0,0,0.8743074216739786,0.8743074216739786,0,0.8743074216739786,0,0,0.8743074216739786,0,0.03344377561562581,0.1744133747239447,0.32534923788247394,0.00566299124015156,0.01013209536346627,0,0.2823464184452929,0.11547545391311874,0,0.5246163721717141,4.417865340855653e-4,0.46659161068178934,LU3_2024,0.6756020833333334,"c(494087.979276192, 6150522.88880969)"
LU3,LU3_147,2021,2021-07-09,2022-02-02,55.53844,-110.84415,509835.5425435173,6154722.177849479,250,0.4336145484699183,0.4770614138688743,0.4770614138688743,0,0,0,0,0,0,0,0,0,0,0,0.2717593498752449,0.08265021413599857,0,0.01830975246406894,0,0,0,0,0.04344686539895602,0.02749465053464131,0.03340058145996452,0.06089523199460583,0,0,0,0,0,0,0,0,0,0,0,2.1838354790997523e-4,0.06063803469420561,0.3244218358752016,0.305379884044104,0.01764404349047123,0.01522763810698363,0,5.452085272356739e-4,0.03234555034202421,0,0.5186001203157362,0.11989736151518372,0.35596887565340113,LU3_2021,0.6719437500000001,"c(509835.542543517, 6154722.17784948)"
LU3,LU3_147_24,2024,2024-09-17,2025-09-14,55.538610000000006,-110.84389,509851.90837568906,6154741.13376434,250,0.4632061110487608,0.5023920102530738,0.5023920102530738,0,0,0,0,0,0,0,0,0,0,0,0.3207445043973708,0.06333984554380657,0,0.01680781289276483,0,0,0,0,0.03918589920431303,0.0274946505888644,0.03481929762595423,0.06231394821481863,0,0,0,0,0,0,0,0,0,0,0,5.115184123365937e-4,0.05836500480499841,0.30897509921909766,0.3017667054230862,0.0167742869873869,0.01479769219462551,0,5.426601228851806e-4,0.03395252965147364,0,0.5220809011363473,0.11601470790923402,0.35613703179186595,LU3_2024,0.6610666666666667,"c(509851.908375689, 6154741.13376434)"
LU3,LU3_15,2021,2021-07-10,2022-06-11,55.4944,-110.79516,512941.6932385247,6149829.068270007,250,0.05601858266148512,0.06244713957193286,0.06244713957193286,0,0,0,0,0,0,0,0,0,0,0,0,0.0072895830029717,0,0.01111832561803648,0.00208902261857794,0.00953984800030365,0.01162887061888159,0,0.00642855691044774,0.02598180342159535,0,0.02598180342159535,0,0,0,0,0,0,0,0,0,0,0,0,0.00448196002309676,0.6524124489234342,0.02959036094274167,0,0,0.00164150687279777,0.01450611042914121,0.2266089230334621,0,0.9116781888612724,0.02708492536336913,0.05435037624983986,LU3_2021,0.7247625000000001,"c(512941.693238525, 6149829.06827001)"
LU3,LU3_15_24,2024,2024-09-17,NA,55.49429,-110.79481,512963.8421650483,6149816.891813893,250,0.06522178980630837,0.0735415120899356,0.0735415120899356,0,0,0,0,0,0,0,0,0,0,0,0,0.00598142352704067,0,0.01459111287318682,0.00291001246269677,0.00968321327470961,0.01259322573740638,0,0.00831972228362723,0.0320560276686745,0,0.0320560276686745,0,0,0,0,0,0,0,0,0,0,0,0,0.00492768499067774,0.6704611384094445,0.03079203497339002,0,0,0.00176789830373358,0.01304121862572687,0.20480093970911165,0,0.9104932813308227,0.02636673449250688,0.05601835087200604,LU3_2024,0.7247625000000001,"c(512963.842165048, 6149816.89181389)"
LU3,LU3_17,2021,2021-07-10,2022-06-11,55.51204,-110.85303,509281.3475851985,6151782.940232315,250,0.3880083684577514,0.4080160989540414,0.4080160989540414,0,0,0,0,0,0,0,0,0,0,0,0,0.3497945966838101,0,0.01973224813167403,0.01848152364226724,0,0.01848152364226724,0,0.02000773049629007,0,0,0,0,0,0,0,0,0,0,0,0,0,0,0,0.00184428663653933,0.4464033054177816,0.20490478302803544,0.00670649686014304,0.00588426592760871,0,0.05458668729978962,0.09858349440187184,0,0.6175013939808449,0.2567577885637217,0.12299714701586176,LU3_2021,0.6954958333333333,"c(509281.347585199, 6151782.94023232)"
LU3,LU3_17_24,2024,2024-09-17,2025-09-14,55.512170000000005,-110.85307,509278.7909548461,6151797.402366916,250,0.3782229279277487,0.3973939298178676,0.3973939298178676,0,0,0,0,0,0,0,0,0,0,0,0,0.34030537640943087,0,0.01885686185087287,0.01905931052812004,0,0.01905931052812004,0,0.0191710018901189,1.3791393249094826e-6,0,1.3791393249094826e-6,0,0,0,0,0,0,0,0,0,0,0,0,0.00192797238772645,0.45840061130727816,0.20095819458644565,0.00701080868264163,0.00572692303325041,0,0.0512520232846821,0.09688571560167956,0,0.6255135160211897,0.25043551045825324,0.12133360848280685,LU3_2024,0.6954958333333333,"c(509278.790954846, 6151797.40236692)"
LU3,LU3_18,2021,2021-07-11,2022-06-12,55.537310000000005,-111.11633,492658.3144197544,6154591.537174502,250,0.05628782554947716,0.07055473206107296,0.07055473206107296,0,0,0,0,0,0,0,0,0,0,0,0,0,0,0,0.01452514644816228,0,0.01452514644816228,0.01427544370536068,0.01426690651159581,0.0274872353959542,0,0.0274872353959542,0,0,0,0.8979818587758103,0.8979818587758103,0,0,0.8979818587758103,0,0,0.8979818587758103,0,0.00909765557416888,0.657380028900375,0.08871967102341227,0.00477863506819484,0.02969685217277164,0,0.06431675157823731,0.1364914739498634,0,0.5773763781485671,0.25140306317720656,0.16808343606244394,LU3_2021,0.6850083333333334,"c(492658.314419754, 6154591.5371745)"
LU3,LU3_18_24,2024,2024-09-18,2025-09-13,55.53701,-111.11601,492678.4541472719,6154558.1167814415,250,0.05722296249220846,0.0723900003260438,0.0723900003260438,0,0,0,0,0,0,0,0,0,0,0,0,0,0,0,0.01456158400704928,0,0.01456158400704928,0.0151741451410233,0.01516703783383534,0.02748723334413588,0,0.02748723334413588,0,0,0,0,0.9172781038364606,0.9172781038364606,0,0.9172781038364606,0,0,0.9172781038364606,0,0.00992574333772401,0.6479806773148467,0.09019132500732256,0.00509312948088383,0.03179758711986381,0,0.06999360388153655,0.1357167720230418,0,0.6011183195492124,0.21940105346442296,0.1760579568699082,LU3_2024,0.6850083333333334,"c(492678.454147272, 6154558.11678144)"
LU3,LU3_19,2021,2021-07-08,2022-06-11,55.52431000000001,-111.07001,495580.1510309342,6153140.864593251,250,0.1817103092919616,0.1817103092919616,0.1817103092919616,0,0,0,0,0,0,0,0,0,0,0,0,0,0,0,0.00693913746703192,0.00576538567449833,0.01270452314153025,0,0,0.13758923627391692,0.0314165498765144,0.16900578615043133,0,0,0,0,0,0,0,0,0,0,0,0,0.00192059052239836,0.02694683741676992,0.15810935157553613,0,0.00210475270164166,0,0.2381393380917534,0.4673160238077554,0,0.373057126112151,0.07816859587703413,0.5393085832852875,LU3_2021,0.6033000000000001,"c(495580.151030934, 6153140.86459325)"
LU3,LU3_19_24,2024,2024-09-18,2025-09-15,55.52441,-111.07006,495577.0056655511,6153151.996633201,250,0.17783965694247034,0.17783965694247034,0.17783965694247034,0,0,0,0,0,0,0,0,0,0,0,0,0,0,0,0.00606764683374416,0.00583706018623684,0.011904707019981,0,0,0.13187114191476648,0.03406380800772286,0.16593494992248933,0,0,0,0,0,0,0,0,0,0,0,0,0.00195924163368536,0.02761154196753921,0.1601280699493791,0,0.001975570973911,0,0.2406777411872468,0.4686091085873144,0,0.3704260906074518,0.07345605400036886,0.5466879548858828,LU3_2024,0.6033000000000001,"c(495577.005665551, 6153151.9966332)"
LU3,LU3_20,2021,2021-07-08,2022-02-03,55.526700000000005,-111.04119,497399.76355040894,6153405.388919049,250,0.282996882742946,0.282996882742946,0.282996882742946,0,0,0,0,0,0,0,0,0,0,0,0.18340974524990247,0.00733271127266049,0,0,0.00321964950866888,0,0.00321964950866888,0.00598495550511695,0,0.0562181780117171,0.02683164319488007,0.08304982120659717,0,0,0,0,0,0,0,0,0,0,0,0,0.01197570912488202,0.4264326109922947,0.03793510461640253,0.02910062170218321,0.01847116095237367,0.00947105506494087,0.07361541675413039,0.23606934034083996,0,0.674930108363117,0.1761634945550103,0.1357252626110787,LU3_2021,0.6414885416666667,"c(497399.763550409, 6153405.38891905)"
LU3,LU3_20_24,2024,2024-09-18,2025-09-15,55.52674,-111.04176,497363.7833486548,6153409.86193821,250,0.3844065853793048,0.3844065853793048,0.3844065853793048,0,0,0,0,0,0,0,0,0,0,0,0.3045555162347836,0.00265667668566543,0,0,0.0044750073404964804,3.4419747511583803e-4,0.00481920481561231,0,0,0.04500796949032387,0.0273672181529196,0.07237518764324347,0,0,0,0,0,0,0,0,0,0,0,0,0.01031186257325621,0.44223462452897205,0.03686216246801994,0.02525523136988585,0.01803601705565448,0.00952449352048216,0.06972824936965745,0.2315448545005512,0,0.6873246309383917,0.1756108278609012,0.12271945365311504,LU3_2024,0.6414885416666667,"c(497363.783348655, 6153409.86193821)"
LU3,LU3_21,2021,2021-07-08,2022-02-03,55.52354,-110.91676,505255.1835402552,6153056.093214652,250,0.2146053136421388,0.2146053136421388,0.2146053136421388,0,0,0,0,0,0,0,0,0,0,0,0,0.13713138657017154,0,0.0048453538644866,0.01297683313559634,0.01892368743586096,0.0319005205714573,0,0,0,0.04072805263602337,0.04072805263602337,0,0,0,0,0,0,0,0,0,0,0,0,0.06333571895146396,0.6493663509578711,0.13214209400060742,0.07982764177679916,8.99279661504841e-4,0,0.00375148502613786,0.04794330038586735,0,0.6888913304001866,0.01727236677431762,0.2589262999215459,LU3_2021,0.7401208333333333,"c(505255.183540255, 6153056.09321465)"
LU3,LU3_21_24,2024,2024-09-14,2025-09-14,55.52354,-110.91692000000002,505245.0822769797,6153056.081128608,250,0.22091661185400108,0.22091661185400108,0.22091661185400108,0,0,0,0,0,0,0,0,0,0,0,0,0.13772167207926075,0,0.01063425741628626,0.01315937623291725,0.01867325343292537,0.03183262966584262,0,0,0,0.04072805269261145,0.04072805269261145,0,0,0,0,0,0,0,0,0,0,0,0,0.06576082186449571,0.6369184030803736,0.13174228820174969,0.07995728848605119,8.781017880554213e-4,0,0.00452536842036865,0.04836119183693838,0,0.6841870709881593,0.02076944761567484,0.26454482945665697,LU3_2024,0.7401208333333333,"c(505245.08227698, 6153056.08112861)"
LU3,LU3_25,2021,2021-07-08,2022-02-03,55.54139,-110.90796000000002,505808.122084191,6155043.297382094,250,0.17900207579352284,0.17900207579352284,0.17900207579352284,0,0,0,0,0,0,0,0,0,0,0,0,0.0515621841260741,0,0,0.00465414691072543,0.00449680665942089,0.00915095357014631,0.00493945864761178,0,0.11334947944969063,0,0.11334947944969063,0,0,0,0,0,0,0,0,0,0,0,0,8.774164735852044e-6,0.2861505955809246,0.02494145920942583,0.00798314516192838,8.803197473637968e-4,0.15433090876877606,0.04892365393872035,0.4156441551275899,0,0.8610442147254594,0.02020190797792908,0.1036657329405669,LU3_2021,0.62613125,"c(505808.122084191, 6155043.29738209)"
LU3,LU3_25_24,2024,2024-09-14,2025-09-14,55.54145,-110.90795,505808.7442819204,6155049.975550907,250,0.17484522962013804,0.17484522962013804,0.17484522962013804,0,0,0,0,0,0,0,0,0,0,0,0,0.04979935738469814,0,0,0,0.00463255873387741,0.00463255873387741,0,0,0.12041331350156248,0,0.12041331350156248,0,0,0,0,0,0,0,0,0,0,0,0,4.489389707227239e-6,0.28491078068754133,0.02493871965261925,0.00794637317144787,8.752132850479934e-4,0.15059660347460715,0.04883321792957235,0.4137094815729713,0,0.861785239383642,0.02006803537864742,0.10312807994367412,LU3_2024,0.62613125,"c(505808.74428192, 6155049.97555091)"
LU3,LU3_27,2021,2021-07-10,2022-02-03,55.5513,-110.96253,502363.9246339349,6156142.962497661,250,0.23558382519990892,0.296462553871686,0.296462553871686,0,0,0,0,0,0,0,0,0,0,0,0.17826575664383212,0,0,0.02815604913235844,0,0.01597335277999407,0.01597335277999407,0,0.06087872867177711,0,0.01318866664372427,0.01318866664372427,0,0,0,0,0,0,0,0,0,0,0,3.662703661168994e-4,0.0036491804226123,0.5891724285264242,0.0637400410934645,0.07945192454199924,0.00176511964528436,0,4.2534041497530777e-4,0.11049697140114632,0,0.7161478977974144,0.11199163666246575,0.16417375478640722,LU3_2021,0.672425,"c(502363.924633935, 6156142.96249766)"
LU3,LU3_27_24,2024,2024-09-18,2025-09-15,55.55134,-110.96258,502360.7678135672,6156147.412361896,250,0.2352462773304422,0.2951103538190386,0.2951103538190386,0,0,0,0,0,0,0,0,0,0,0,0.17538947765780913,0,0,0.02775906832174932,0,0.01622871784958904,0.01622871784958904,0,0.05986407648859643,0,0.01586901350129471,0.01586901350129471,0,0,0,0,0,0,0,0,0,0,0,2.750197678396079e-4,0.00382807087166151,0.5911416385257379,0.064207144113401,0.08117143809596869,0.0018151531109564,0,4.5833945965954664e-4,0.10865352432960591,0,0.7151279949130686,0.1096552937581968,0.1674119079151818,LU3_2024,0.672425,"c(502360.767813567, 6156147.4123619)"
LU3,LU3_28,2021,2021-07-09,2022-02-02,55.55154399999999,-110.88773,507082.8961920753,6156175.20210105,250,0.14462158271318776,0.15228063280835358,0.15228063280835358,0,0,0,0,0,0,0,0,0,0,0,0,0.02860964728732108,0,0.00943264930082198,0,0.01239073646056833,0.01239073646056833,0,0.00765905009516581,0.07483470228265846,0.01935384738181792,0.09418854966447636,0,0,0,0,0,0,0,0,0,0,0,0.00201746390239778,0.06281999359289178,0.4675714306846595,0.05620454025420791,0.25315408463378586,5.950288778131202e-4,0,0.00821175322090212,0.1291280053474105,0,0.4562750851568429,0.00918515744876694,0.5133293192990217,LU3_2021,0.6967239583333333,"c(507082.896192075, 6156175.20210105)"
LU3,LU3_28_24,2024,2024-09-14,2025-09-14,55.55165999999999,-110.88823,507051.3314107409,6156188.060772927,250,0.1498765358248108,0.15863545847827756,0.15863545847827756,0,0,0,0,0,0,0,0,0,0,0,0,0.03123518141474417,0,0.01153142069598441,0,0.01055810902730383,0.01055810902730383,0,0.00875892265346675,0.06848304294605695,0.02806878174072144,0.0965518246867784,0,0,0,0,0,0,0,0,0,0,0,0.00302178170124353,0.05613845552903606,0.4766292708596559,0.05708926852343513,0.23758995641953864,5.32583674035387e-4,0,0.01040990650177334,0.13325800360185994,0,0.47455025852491145,0.01192095896151444,0.4924611495291735,LU3_2024,0.6967239583333333,"c(507051.331410741, 6156188.06077293)"
LU3,LU3_32,2021,2021-07-08,2022-02-03,55.40952,-111.20451,487051.38526526967,6140382.962538892,250,0.1252397042680591,0.1252397042680591,0.1252397042680591,0,0,0.08297944348488283,0.08297944348488283,0,0,0.08297944348488283,0,0,0.08297944348488283,0,0.08385592307285131,0,0,0.04138378119520781,0,0,0,0,0,0,0,0,0,0,0,0,0,0,0,0,0,0,0,0,0.14448021097226812,0.481716275697429,0.05178687341182862,0.14260866698230767,0.00191379872137669,7.281237197222094e-4,0.01642399657032072,0.10279702790700876,0,0.4948024145535986,0.01890446963534762,0.48016927995417424,LU3_2021,0.6976479166666667,"c(487051.38526527, 6140382.96253889)"
LU3,LU3_32_24,2024,2024-09-13,2025-09-15,55.40956,-111.20446,487054.56410325086,6140387.404688433,250,0.12639449800150532,0.12639449800150532,0.12639449800150532,0,0,0,0.08206123558869155,0.08206123558869155,0,0.08206123558869155,0,0,0.08206123558869155,0,0.08448867394654354,0,0,0.04190582405496178,0,0,0,0,0,0,0,0,0,0,0,0,0,0,0,0,0,0,0,0,0.14087967108239605,0.4871926560954067,0.05182653588811587,0.14008541409075206,0.00189894651664406,7.216614629309441e-4,0.01650829650287683,0.10301849376035876,0,0.5014767821300156,0.01879909438580545,0.4736546205208758,LU3_2024,0.6976479166666667,"c(487054.564103251, 6140387.40468843)"
LU3,LU3_36,2021,2021-07-10,2022-02-04,55.44785999999999,-111.22414,485822.25189025747,6144653.516965243,250,0.15263494732957963,0.1624750899222504,0.1624750899222504,0,0,0,0,0,0,0,0,0,0,0,0,0.11669843910205788,0,0.00879179573317495,0.02714471249434681,0,0.02714471249434681,0,0.00984014259267076,0,0,0,0,0,0,0.6692321365541053,0.6692321365541053,0,0,0.6692321365541053,0,0,0.6692321365541053,0,0.15029020206996882,0.4546466340591126,0.14706089319205792,0.05141200631433372,0.01191911859462306,0,0.07215661141544673,0.06930760653182924,0,0.4911744967950735,0.01822381088316662,0.4882061999123312,LU3_2021,0.6985125,"c(485822.251890257, 6144653.51696524)"
LU3,LU3_36_24,2024,2024-09-18,2025-09-15,55.44802,-111.22444,485803.333176252,6144671.384053836,250,0.13063837477304557,0.13369264453191784,0.13369264453191784,0,0,0,0,0,0,0,0,0,0,0,0,0.09949173962296053,0,4.8826780535104656e-4,0.03065836734473399,0,0.03065836734473399,0,0.00305426975887228,0,0,0,0,0,0,0,0.6968828104579551,0.6968828104579551,0,0.6968828104579551,0,0,0.6968828104579551,0,0.1523601850211737,0.4691712506835651,0.13519515811629662,0.05156470997463817,0.01203002799959708,0,0.07511909206613669,0.07138915712736545,0,0.48990536137908247,0.0189579492311123,0.48864222238571153,LU3_2024,0.6985125,"c(485803.333176252, 6144671.38405384)"
LU3,LU3_38,2021,2021-07-09,2022-02-02,55.44705999999999,-110.76387,514936.46408868744,6144566.99640336,250,0.2443565842353808,0.2764166133779031,0.2764166133779031,0,0,0,0,0,0,0,0,0,0,0,0.1038525606801891,0,0,0.04908094338420716,0.0206964412236747,0,0.0206964412236747,0,0.03206002914252228,0.04688352549701687,0.02384311345029299,0.07072663894730985,0,0,0,0,0,0,0,0,0,0,0,0,0.09433665843418128,0.4401414861997151,0.08295503574217278,0.1647149910919953,7.481321072050547e-5,0,0.00829185276074676,0.07028149217975668,0,0.5795790428502475,0.02816569896543758,0.3912929070640635,LU3_2021,0.7047604166666668,"c(514936.464088687, 6144566.99640336)"
LU3,LU3_38_24,2024,2024-09-14,NA,55.44714,-110.76325,514975.6519708126,6144576.03264552,250,0.24372862598690737,0.27856111374893683,0.27856111374893683,0,0,0,0,0,0,0,0,0,0,0,0.10670917240685288,0,0,0.06336489125643854,0.0204573888435242,0,0.0204573888435242,0,0.0348324877620295,0.0293540599628782,0.02384311351721354,0.05319717348009174,0,0,0,0,0,0,0,0,0,0,0,0,0.11010579310538508,0.4092355534230976,0.08841225492866327,0.1680984138443636,1.6376614473888032e-5,0,0.00935786044513729,0.06369403158581505,0,0.5563426826909804,0.02989008625705581,0.41343208023865896,LU3_2024,0.6904302083333334,"c(514975.651970813, 6144576.03264552)"
LU3,LU3_39,2021,2021-07-10,2022-02-04,55.46641,-111.23818,484941.23648513545,6146720.842725276,250,0.550246642934324,0.550246642934324,0.550246642934324,0,0,0,0,0,0,0,0,0,0,0,0.4660102052518198,0.00853971378158456,0,0,0.00209838698389353,0.0045807129537481,0.00667909993764163,0,0,0,0.06901762396327804,0.06901762396327804,0,0,0,0.5428993553547611,0.5428993553547611,0,0,0.5428993553547611,0,0,0.5428993553547611,4.43562830772741e-4,0.16727695098303505,0.14669091727368547,0.1987671779285268,0.0048809824894651,0.0048809824894651,0,0.04910368381268675,0.04487936326127148,0,0.14823059550098147,0.06420697974046119,0.5279919415184402,LU3_2021,0.5478901041666666,"c(484941.236485135, 6146720.84272528)"
LU3,LU3_39_24,2024,2024-09-18,2025-09-13,55.46697,-111.2413,484744.1933031013,6146783.843515233,250,0.2133163989730883,0.2333955803556612,0.2333955803556612,0,0,0,0,0,0,0,0,0,0,0,0.02552851532048911,0.03957049881094026,0,0.02412548033204652,0.0069018243487417,0.01004219712443532,0.01694402147317702,0,0.02007918138257292,0.00529455697970946,0.10185332605672592,0.10714788303643538,0,0,0,0,0.735776810686105,0.735776810686105,0,0.735776810686105,0,0,0.735776810686105,0.00618636042606384,0.23907656764946184,0.23574191965740787,0.2810679419768026,0.00943962293483875,0.00995754197549818,0,0.0946943159771801,0.11634284574854976,0,0.29395130822032756,2.2216821520620837e-5,0.6991820620316351,LU3_2024,0.5772541666666667,"c(484744.193303101, 6146783.84351523)"
LU3,LU3_40,2021,2021-07-10,2022-02-04,55.47251000000001,-111.16615,489496.89896806446,6147386.458834506,250,0.20594114521967785,0.20594114521967785,0.20594114521967785,0,0,0,0,0,0,0,0,0,0,0,0.01469442317743685,0.04998172327158496,0,0.01702592475128311,0.00429573810437111,0,0.00429573810437111,0,0,0.09995204836777329,0.01999128754722851,0.11994333591500178,0,0,0,0.7522045858075821,0.7522045858075821,0,0,0.7522045858075821,0,0,0.7522045858075821,0,0.07628214827875562,0.12232245929311952,0.21673502265028377,0.01704249457461553,0.02295309337790668,0.01588944262735931,0.3519703646981315,0.05379052733567134,0,0.5331864572858395,0,0.3109862442297638,LU3_2021,0.6239635416666667,"c(489496.898968064, 6147386.45883451)"
LU3,LU3_40_24,2024,2024-09-18,2025-09-13,55.47228,-111.16622,489492.4127758119,6147360.873282464,250,0.1929253767394223,0.1929253767394223,0.1929253767394223,0,0,0,0,0,0,0,0,0,0,0,0.01605381119138568,0.05032058344605145,0,0.02191114522176517,0.00324087458236944,0,0.00324087458236944,0,0,0.08140767468607044,0.01999128761178018,0.1013989622978506,0,0,0,0,0.7404612402358375,0.7404612402358375,0,0.7404612402358375,0,0,0.7404612402358375,0,0.0920205298811857,0.124447316616814,0.21213048552750283,0.02051427902947112,0.0221274876684226,0.01681297035333744,0.34579006153915226,0.05304906102492299,0,0.5147704061054035,0,0.34280890827354454,LU3_2024,0.6239635416666667,"c(489492.412775812, 6147360.87328246)"
LU3,LU3_41,2021,2021-07-10,2022-02-04,55.461859999999994,-111.16666,489461.81950414,6146201.325079897,250,0.10725335115992458,0.4959563441037392,0.11077498704296464,0.3851813570607746,0.3851813570607746,0,0,0,0,0,0,0,0.3851813570607746,0,0,0,0,0.0142883454440309,0.01140290747838318,0,0.01140290747838318,0.00631639330376549,0.00352163588304007,0,0.07524570493374501,0.07524570493374501,0,0,0,0.14755271656195326,0.14755271656195326,0,0,0.14755271656195326,0,0,0.14755271656195326,0,0.328735637385715,0.1460952062086315,0.2737658659847211,0.05963256054457926,0.03321997162862601,0,0.00553342992717651,0.00447908504581185,0,0.17493020555903374,0,0.8063070603945067,LU3_2021,0.6930255208333334,"c(489461.81950414, 6146201.3250799)"
LU3,LU3_41_24,2024,2024-09-18,2025-09-13,55.46191,-111.16662,489464.3620956653,6146206.88338582,250,0.10883705715644758,0.49134981388284493,0.11297580683553551,0.37837400704730945,0.37837400704730945,0,0,0,0,0,0,0,0.37837400704730945,0,0,0,0,0.01459018480383713,0.0113699096959077,0,0.0113699096959077,0.00709550227540845,0.00413874967908793,0,0.0757814603812943,0.0757814603812943,0,0,0,0,0.1480194431469563,0.1480194431469563,0,0.1480194431469563,0,0,0.1480194431469563,0,0.3356992810759714,0.14156880405457695,0.2724567394606987,0.06088020311354593,0.03310444342404146,0,0.00621528916354738,0.00443757136897179,0,0.17031666877402696,0,0.8126146149537832,LU3_2024,0.6930255208333334,"c(489464.362095665, 6146206.88338582)"
LU3,LU3_44,2021,2021-07-10,2022-06-11,55.50131,-110.84864,509561.181555201,6150589.413188099,250,0.1301808123968266,0.15728426081767055,0.15728426081767055,0,0,0,0,0,0,0,0,0,0,0,0,0.10469434745852294,0,0.02548646493830367,0,0,0,0,0.02710344842084396,0,0,0,0,0,0,0,0,0,0,0,0,0,0,0,0.02089353615701449,0.57921421398280315,0.09619253593425102,0.03315828211347876,2.0314713127175227e-5,0,0.02560423876529459,0.15909144355776134,0,0.7690849379381894,0.04254753276456176,0.18617273020500671,LU3_2021,0.6723270833333334,"c(509561.181555201, 6150589.4131881)"
LU3,LU3_44_24,2024,2024-09-17,2025-09-14,55.50127,-110.84861,509563.0863016951,6150584.965791902,250,0.1310132420892596,0.1578571267395228,0.1578571267395228,0,0,0,0,0,0,0,0,0,0,0,0,0.1057043917222054,0,0.02530885036705419,0,0,0,0,0.02684388465026318,0,0,0,0,0,0,0,0,0,0,0,0,0,0,0,0.02126739569489718,0.576930872001721,0.0968939536092706,0.03340755835186106,2.3921864912673817e-5,0,0.02621102733741183,0.15912707658364592,0,0.7668631459634433,0.04266794260675129,0.188235382484613,LU3_2024,0.6723270833333334,"c(509563.086301695, 6150584.9657919)"
LU3,LU3_45,2021,2021-07-08,2022-02-03,55.51747,-110.96503,502208.0980088377,6152377.980253921,250,0.1561652989799344,0.20944093993719048,0.20944093993719048,0,0,0,0,0,0,0,0,0,0,0,0,0.02943824822397101,0,0.01679285848657524,0.01813204567510956,0,0.01813204567510956,0,0.0532756409572561,0.00548353626248492,0.08631861033179365,0.09180214659427856,0,0,0,0,0,0,0,0,0,0,0,0,0.2376363972391264,0.2826474221724036,0.04958214095205936,0.2778262699743247,0,0,8.693392150074411e-4,0.02751971216361932,0,0.3752210433844758,0.02252248751692573,0.594711294274697,LU3_2021,0.7156895833333333,"c(502208.098008838, 6152377.98025392)"
LU3,LU3_45_24,2024,2024-09-13,2025-09-15,55.51741,-110.96526,502193.5785402974,6152371.295662192,250,0.15588714424855146,0.2126460620798294,0.2126460620798294,0,0,0,0,0,0,0,0,0,0,0,0,0.03329665981024088,0,0.01808856152654533,0.01785188439407844,0,0.01785188439407844,0,0.05675891783127794,0.0016998616930559,0.08495017682463092,0.08665003851768682,0,0,0,0,0,0,0,0,0,0,0,0,0.22982539294033488,0.2896615014218903,0.04933190532856544,0.26805241726368234,0,0,0.00103349302752436,0.02965293020283846,0,0.3877196096155657,0.02441243934581204,0.5804506614208406,LU3_2024,0.7156895833333333,"c(502193.578540297, 6152371.29566219)"
LU3,LU3_46,2021,2021-07-09,2022-02-02,55.5084,-110.89555,506596.7639679032,6151372.994819645,250,0.03780370582586441,0.03780370582586441,0.03780370582586441,0,0,0,0,0,0,0,0,0,0,0,0,0,0,0,0.02226520319551777,0.01553850263034664,0.03780370582586441,0,0,0,0,0,0,0,0,0,0,0,0,0,0,0,0,0,0.06931886727132373,0.783666399977629,0.00842279137471818,0.10625874721069536,3.566705784638181e-4,0,7.133411569276362e-4,0.03103514910152294,0,0.8112731792684849,0,0.1868042863600672,LU3_2021,0.7344625,"c(506596.763967903, 6151372.99481964)"
LU3,LU3_46_24,2024,2024-09-14,2025-09-14,55.50836,-110.89548,506601.19165946235,6151368.549934033,250,0.03759928902819566,0.03759928902819566,0.03759928902819566,0,0,0,0,0,0,0,0,0,0,0,0,0,0,0,0.02189270114604362,0.01570658788215204,0.03759928902819566,0,0,0,0,0,0,0,0,0,0,0,0,0,0,0,0,0,0.07224246768628109,0.7774102240800425,0.00874553785965552,0.10989686939811356,3.720359449026637e-4,0,7.440718898053274e-4,0.03035988194302481,0,0.804102177694426,0,0.1939146686839378,LU3_2024,0.7344625,"c(506601.191659462, 6151368.54993403)"
LU3,LU3_48,2021,2021-07-08,2022-06-12,55.54892,-111.09771,493835.25491279067,6155881.791647588,250,0.11563281344740069,0.1425211755958822,0.1425211755958822,0,0,0,0,0,0,0,0,0,0,0,0.0866948096766116,0,0,0.02394185699168446,0,0.00499614677910461,0.00499614677910461,0,0.02688836214848154,0,0,0,0,0,0,0.7084911435600233,0.7084911435600233,0,0,0.7084911435600233,0,0,0.7084911435600233,0,0.09938800536558702,0.645709721484861,0.0655489425456071,0.04657222250731111,0.00603883394273568,0,0.0111539540086984,0.09242265868817837,0,0.37239012880246813,0.2384344262682936,0.38782831365022,LU3_2021,0.6761479166666667,"c(493835.254912791, 6155881.79164759)"
LU3,LU3_48_24,2024,2024-09-12,2025-09-13,55.54882,-111.09758,493843.44127494295,6155870.65121995,250,0.12086377855723011,0.15775998722889503,0.15775998722889503,0,0,0,0,0,0,0,0,0,0,0,0.08669480967970608,0,0,0.02870873347443746,0,0.00546023540308659,0.00546023540308659,0,0.0368962086716649,0,0,0,0,0,0,0,0.6974233911261878,0.6974233911261878,0,0.6974233911261878,0,0,0.6974233911261878,0,0.09611207168659636,0.6445154153593261,0.06582427144577666,0.0457775489404006,0.00576059275989723,0,0.0112859074002938,0.08841153223473432,0,0.3763969675861646,0.2436452735365178,0.3787803540927681,LU3_2024,0.6761479166666667,"c(493843.441274943, 6155870.65121995)"
LU3,LU3_49,2021,2021-07-08,2022-02-03,55.55693,-111.07931,494997.1698275393,6156771.738574815,250,0.02370440709484942,0.02370440709484942,0.02370440709484942,0,0,0,0,0,0,0,0,0,0,0,0.00170537861780108,0,0,0,0,0.01356823724492372,0.01356823724492372,0.00617108000161562,0,0,0.002259711230509,0.002259711230509,0,0,0,0.8472001289016786,0.8472001289016786,0,0,0.8472001289016786,0,0,0.8472001289016786,0,0.5342255954369994,0.14474577626700944,0.02060387802121821,0.21009564070761633,0.00236223589974556,0,0.00254830000403325,0.08430279698939343,0,0.10278356474498296,0.02471170900340459,0.8654428185884847,LU3_2021,0.6950229166666667,"c(494997.169827539, 6156771.73857481)"
LU3,LU3_49_24,2024,2024-09-13,2025-09-15,55.55693,-111.07929,494998.4314159951,6156771.737134828,250,0.01755470323091892,0.01755470323091892,0.01755470323091892,0,0,0,0,0,0,0,0,0,0,0,0.00147016619406945,0,0,0,0,0.01356813443538054,0.01356813443538054,0,0,0,0.00251640260146893,0.00251640260146893,0,0,0,0,0.8460816943874747,0.8460816943874747,0,0.8460816943874747,0,0,0.8460816943874747,0,0.5352990551655735,0.14331684931578184,0.02048245634708824,0.21118896397359643,0.0023347370591931,0,0.00252263505048887,0.08375011220245529,0,0.10123813847660372,0.02430691357324547,0.8673837581483618,LU3_2024,0.6950229166666667,"c(494998.431415995, 6156771.73713483)"
LU3,LU3_5,2021,2021-07-11,2022-06-12,55.34055,-110.86127,508799.029886293,6132697.312765524,250,0.3003383085866527,0.3261340757418765,0.3261340757418765,0,0,0,0,0,0,0,0,0,0,0,0.26377141469967696,0,0,0.01858591191946938,0.00601076936694527,0.01197021260056111,0.01798098196750638,0,0.02579576715522372,0,0,0,0,0,0,0,0,0,0,0,0,0,0,0,3.747752308080675e-4,0.6783526200573937,0.01609167662721344,0.00982108976912877,0,0,0.00170158701475983,0.04204600606273143,0,0.7466466756872603,0.2192145963772308,0.01808952209423925,LU3_2021,0.6791979166666667,"c(508799.029886293, 6132697.31276552)"
LU3,LU3_5_24,2024,2024-09-18,NA,55.3405,-110.86115,508806.65204146574,6132691.763673473,250,0.31437976606016105,0.3397831433040029,0.3397831433040029,0,0,0,0,0,0,0,0,0,0,0,0.2794988644351132,0,0,0.01732375705155071,0.00546249478737745,0.01209464978611969,0.01755714457349714,0,0.02540337724384182,0,0,0,0,0,0,0,0,0,0,0,0,0,0,0,3.709517974204524e-4,0.6651437320751725,0.01515993149522096,0.0099130204257978,0,0,0.00157992268816117,0.04356461189711403,0,0.7381346833363688,0.22845936209954276,0.01773794131910107,LU3_2024,0.6791979166666667,"c(508806.652041466, 6132691.76367347)"
LU3,LU3_50,2021,2021-07-08,2022-02-03,55.551649999999995,-111.03035,498085.28220603854,6156181.694458925,250,0.01896625801027408,0.0537581955248266,0.0537581955248266,0,0,0,0,0,0,0,0,0,0,0,0,0,0,0.01323717763202592,0.00572908037824816,0,0.00572908037824816,0,0.03479193751455252,0,0,0,0,0,0,0,0,0,1.6085693549241372e-4,1.6085693549241372e-4,1.6085693549241372e-4,0,1.6085693549241372e-4,0,0.03296567874970081,0.66726338678262,0.01085312063566853,0.23021833712977405,0,0,1.6085693549241372e-4,0.0032266924529271,0,0.6167168562706373,0.04404765998603408,0.3351539367464673,LU3_2021,0.5376166666666667,"c(498085.282206039, 6156181.69445893)"
LU3,LU3_50_24,2024,2024-09-13,2025-09-15,55.55157,-111.03038,498083.3856762018,6156172.792156921,250,0.01984843215696904,0.05968146094264126,0.05968146094264126,0,0,0,0,0,0,0,0,0,0,0,0,0,0,0.01462518893939643,0.00522324321757261,0,0.00522324321757261,0,0.03983302878567222,0,0,0,0,0,0,0,0,0,1.6779960779749053e-4,1.6779960779749053e-4,1.6779960779749053e-4,0,1.6779960779749053e-4,0,0.0343347512547001,0.6547184846902897,0.01187752934576741,0.2319913183842684,0,0,1.6779960779749053e-4,0.00353047397740848,0,0.6068713320118834,0.05061581079254027,0.3385152548766547,LU3_2024,0.5376166666666667,"c(498083.385676202, 6156172.79215692)"
LU3,LU3_51,2021,2021-07-09,2022-02-02,55.55753,-110.82767,510870.3091573543,6156849.138287979,250,0.1961003666274039,0.1961003666274039,0.1961003666274039,0,0,0,0,0,0,0,0,0,0,0,0,0.07377023745636682,0,0.02727046610735881,0.02520096195273858,6.86644378636093e-4,0.02588760633137467,0,0,0.02748786581007484,0.04168419092222874,0.06917205673230359,0,0.10441933305760262,0.10441933305760262,0,0,0,0,0,0,0,0.10441933305760262,0.00242143563470232,0.00936454851568871,0.7076550032417719,0.05137439078533819,0.00288561547799545,0.00954843153526456,0,0.00135807167001913,0.11870720088838337,0,0.8373832251999859,0.05460510223496747,0.0966738021693526,LU3_2021,0.6496000000000001,"c(510870.309157354, 6156849.13828798)"
LU3,LU3_51_24,2024,2024-09-17,2025-09-14,55.55735,-110.82727,510895.59031357325,6156829.168917988,250,0.20551400942850295,0.20551400942850295,0.20551400942850295,0,0,0,0,0,0,0,0,0,0,0,0,0.09284480728759475,0,0.02669093227101626,0.02542544490522343,0,0.02542544490522343,0,0,0.0313142812667592,0.0292385436979093,0.06055282496466849,0,0.06980737314458037,0.06980737314458037,0,0,0,0,0,0,0,0.06980737314458037,0.0010833907276438,0.00461949439084799,0.7165447571608795,0.06168592371163793,0.00471996381792367,0.00960011739435189,0,8.091684864652082e-4,0.11060679200745158,0,0.8270116373971003,0.05697167313771027,0.10587764786857232,LU3_2024,0.6496000000000001,"c(510895.590313573, 6156829.16891799)"
LU3,LU3_52,2021,2021-07-09,2022-02-02,55.56306,-110.89193,506815.9329059855,6157456.387839948,250,0.2475051397153855,0.2475051397153855,0.2475051397153855,0,0,0,0,0,0,0,0,0,0,0,0,0.20129341141736268,0,0.03218256398403995,0,0,0,0,0,0.0140291643139829,0,0.0140291643139829,0,0,0,0,0,0,0,0,0,0,0,2.898119753586987e-4,0.3599160999930345,0.1650105276173096,0.12007497674630176,0.28716641509229157,6.246592814121724e-5,0,0.00716072101954897,0.05774752116981419,0,0.16807828930036114,0.00162521108191573,0.81586901743842,LU3_2021,0.6287041666666667,"c(506815.932905986, 6157456.38783995)"
LU3,LU3_52_24,2024,2024-09-17,2025-09-14,55.56309,-110.89193,506815.92771225446,6157459.726517699,250,0.2517576512998254,0.2517576512998254,0.2517576512998254,0,0,0,0,0,0,0,0,0,0,0,0,0.20373615224465652,0,0.03285288015851681,0,0,0,0,0,0.01516861889665207,0,0.01516861889665207,0,0,0,0,0,0,0,0,0,0,0,3.2392787069722195e-4,0.36229652619502806,0.1628779184499777,0.12130300548268276,0.28515859630904417,7.901406474368345e-5,0,0.00730368810495373,0.05773463734467046,0,0.16633444271545084,0.00209264713854878,0.8171808849728657,LU3_2024,0.6287041666666667,"c(506815.927712254, 6157459.7265177)"
LU3,LU3_7,2021,2021-07-09,2022-06-11,55.40634,-110.75082,515778.1710184562,6140038.291056751,250,0.40229262136492167,0.40229262136492167,0.40229262136492167,0,0,0,0,0,0,0,0,0,0,0,0,0.35346466387053954,0,0.02052218081609776,0.01719882465806436,0.01110695202022,0.02830577667828436,0,0,0,0,0,0,0,0,0,0,0,0,0,0,0,0,0,0.04307968935956347,0.5915485533247984,0.21840158502933943,0.03707390918644879,0.00114341600826519,0,0.02602060771343045,0.04078388601754886,0,0.639519542527779,0.04599687243594511,0.24358246750399917,LU3_2021,0.67805,"c(515778.171018456, 6140038.29105675)"
LU3,LU3_7_24,2024,2024-09-14,2025-09-14,55.40626,-110.75069,515786.43453883985,6140029.417647693,250,0.4101107841841732,0.4101107841841732,0.4101107841841732,0,0,0,0,0,0,0,0,0,0,0,0,0.3630964458620427,0,0.02136433148965589,0.01670688856066176,0.00894311827181277,0.02565000683247453,0,0,0,0,0,0,0,0,0,0,0,0,0,0,0,0,0,0.04634519249462458,0.5795964490094319,0.2225037240079845,0.03740605204763944,0.00111495677759529,0,0.02722098768296762,0.04280615423187314,0,0.6298418461068909,0.04842668205961972,0.2534005771003411,LU3_2024,0.67805,"c(515786.43453884, 6140029.41764769)"
LU3,LU3_AB21_24,2024,2024-09-18,2025-09-13,55.353739999999995,-110.92094,505012.7609062595,6134159.2498757215,250,0.2419822338825092,0.2795985905596842,0.2795985905596842,0,0,0,0,0,0,0,0,0,0,0,0,0.15797205221046523,0,0.01887080502817922,0.04141773316686307,0.02193440754005177,0.06335214070691483,0,0.03761635667717498,0,0.00178723593694993,0.00178723593694993,0,0,0,0,0,0,0,0,0,0,0,0,0,0.699939342576556,0.1185792942702526,2.6090422335027285e-4,0.00681897967476514,0,0.01020227838672775,0.10095976243846372,0,0.8463185478911451,0.06892106448062627,0.07492516252766707,LU3_2024,0.6817895833333333,"c(505012.760906259, 6134159.24987572)"
LU3,LU3_AC10_24,2024,2024-09-14,2025-09-14,55.49767,-110.89947,506350.91480480705,6150178.507739998,250,0.05255884083078482,0.08605118335863493,0.08605118335863493,0,0,0,0,0,0,0,0,0,0,0,0,0.00909747745548878,0,0.02791180297397207,0.00905144815852696,0.00649811224279701,0.01554956040132397,0,0.03349234252785011,0,0,0,0,0,0,0,0,0,0,0,0,0,0,0,0.20197710435180735,0.26453430720354176,0.1095836073711748,0.1490348251953904,9.412331492879984e-4,0,0.06748530914900691,0.1514110185750684,0,0.3915529829660926,0,0.5860283309084117,LU3_2024,0.7592958333333334,"c(506350.914804807, 6150178.50774)"
LU3,LU3_AE12_24,2024,2024-09-14,2025-09-14,55.46934,-110.86,508850.751430867,6147030.038883708,250,0.1237524906895118,0.156721099403638,0.156721099403638,0,0,0,0,0,0,0,0,0,0,0,0.0404289162047745,0.00921226580283789,0,0.02817489004548692,0.02726888010029151,0.01866753853612098,0.04593641863641248,0,0.03296860871412617,0,0,0,0,0,0,0,0,0,0,0,0,0,0,0,0.09604501268352852,0.4060495303858993,0.13978731451254717,0.09604511318367769,0.001313088354128,0.00151419640310237,0.02021164214768369,0.1501908826304894,0,0.5789767415390547,0,0.41419638702956546,LU3_2024,0.7002072916666666,"c(508850.751430867, 6147030.03888371)"
LU3,LU3_AH14_24,2024,2024-09-14,NA,55.44932,-110.8048,512346.7245904381,6144810.478736508,250,0.1419170786828955,0.1936889265757717,0.1936889265757717,0,0,0,0,0,0,0,0,0,0,0,0,0.01802488688261217,0,0.03086923662150291,0.05160674811020727,0,0.05160674811020727,0.01725672478687161,0.0517718478928762,0,0.02415948228170153,0.02415948228170153,0,0,0,0,0,0,0,0,0,0,0,0,0.00648375100967766,0.736960957178601,0.06507563083598152,0.02208955310202043,0.00376611206772296,0,0.00445062991071901,0.074682731718670875,0,0.8670590204858456,0.02591105541342771,0.09854068703131688,LU3_2024,0.7113833333333334,"c(512346.724590438, 6144810.47873651)"
LU3,LU3_AH7_24,2024,2024-09-17,NA,55.55022,-110.78812,513367.53903649177,6156042.514746911,250,0.11012320282474761,0.11012320282474761,0.11012320282474761,0,0,0,0,0,0,0,0,0,0,0,0,0,0,0,0.054308516929355,0.00567204546488892,0.05998056239424391,0,0,0.03098538590625753,0.01915725452424616,0.05014264043050369,0,0,0,0,0,0,0,0,0,0,0,0.03282073639323338,0.00692388059609683,0.4114700695382336,0.0418920104823426,0.05941506632720202,5.272688225161184e-4,0,0.02875403354218238,0.4484401475994735,0,0.8080992580028697,8.102894555192879e-6,0.15358297572862686,LU3_2024,0.7358916666666667,"c(513367.539036492, 6156042.51474691)"
LU3,LU3_J23_24,2024,2024-09-13,2025-09-15,55.33335,-111.29207,481471.9549651659,6131926.13800034,250,0.04321573288620726,0.11155047693377054,0.11155047693377054,0,0,0,0,0,0,0,0,0,0,0,0,0,0,0.037672969683962,0,0.00554276320224526,0.00554276320224526,0,0.06833474404756329,0,0,0,0,0,0,0,0,0,0,0,0,0,0,0.01435314974754818,0.03946991774031105,0.4506652185337081,0.02470160284995159,0.1151878184764997,0,0,0.03865020721108574,0.25026667764617044,0,0.6404789137776372,0.01478940438248426,0.32816582542745043,LU3_2024,0.7199270833333333,"c(481471.954965166, 6131926.13800034)"
LU3,LU3_L15_24,2024,2024-09-13,2025-09-15,55.43909,-111.26420000000002,483284.5967510785,6143686.426317057,250,0.06233307256154397,0.08451046529115513,0.08451046529115513,0,0,0.27686446466546766,0.27686446466546766,0,0,0.27686446466546766,0,0,0.27686446466546766,0,0.00740175241859332,0.01892017577500228,0,0.0131961795607924,0,0,0,0,0.02217739272961116,0,0.02281496480715597,0.02281496480715597,0,0,0,0,0.00866328848085817,0.00866328848085817,0,0.00866328848085817,0,0,0.00866328848085817,0,0.32911535086807414,0.2845681130500377,0.12721653363476051,0.19961043068906245,7.906452802549704e-4,0,0.00232360666793058,0.04028578242483466,0,0.27386800670296313,0.0024380068267952,0.7081744930992329,LU3_2024,0.6787479166666668,"c(483284.596751078, 6143686.42631706)"
LU3,LU3_L16_24,2024,2024-09-13,2025-09-15,55.43167,-111.25236999999998,484030.0601543298,6142857.901089158,250,0.03818848571722109,0.03818848571722109,0.03818848571722109,0,0,0,0,0,0,0,0,0,0,0,0,0,0,0,0.01979612681337601,0.01839235890384508,0.03818848571722109,0,0,0,0,0,0,0,0,0,0,0,0,0,0,0,0,0,0.01870749579015008,0.5111890132388056,0.00133233197850157,0.04073483684490523,0,3.4347575331946e-5,0.0237471174091471,0.40385961457528946,0,0.9040363464243094,0,0.07867209232794146,LU3_2024,0.6909406250000001,"c(484030.06015433, 6142857.90108916)"
LU3,LU3_L22_24,2024,2024-09-13,2025-09-15,55.34597,-111.25957,483538.8856617146,6133322.389569685,250,0.2067511211892395,0.24976806894767248,0.24976806894767248,0,0,0,0,0,0,0,0,0,0,0,0,0.17874402618925295,0,0.02579005035293348,0,0.00221704464705305,0.00221704464705305,0,0.04301694775843299,0,0,0,0,0,0,0,0,0,0,0,0,0,0,0.03096734691065908,1.0866196233067372e-5,0.19292715011958844,0.05863789556323205,0.00108058630150744,6.782828041382222e-5,5.64861407500476e-4,0.07058239662850904,0.6230835897531257,0,0.8695858828136921,0.0157424758637799,0.07019819932615329,LU3_2024,0.6657104166666667,"c(483538.885661715, 6133322.38956968)"
LU3,LU3_M20_24,2024,2024-09-13,2025-09-15,55.36191,-111.22409,485794.61915254686,6135088.4636045005,250,0.15258367810608495,0.22470296030141296,0.22470296030141296,0,0,0,0,0,0,0,0,0,0,0,0.01991802211694587,0.0870222479050937,0,0.04125004964580034,0,0.00439335843824506,0.00439335843824506,0,0.07211928219532798,0,0,0,0,0,0,0,0,0.00317194016171043,0,0.00317194016171043,0.00317194016171043,0,0.00317194016171043,0.00231627662620406,0.00113449705229005,0.6283065856171715,0.07265948311090312,0.00979090899509313,0.02522045373924018,0,0.01614218543468795,0.10393108672556148,0,0.7524771090497344,0.15277977779470148,0.08428100248112681,LU3_2024,0.7053364583333334,"c(485794.619152547, 6135088.4636045)"
LU3,LU3_N18_24,2024,2024-09-13,2025-09-15,55.39662,-111.20204,487203.6067453993,6138946.91435419,250,0.14034679155950003,0.2067921917332096,0.2067921917332096,0,0,0,0,0,0,0,0,0,0,0,0.02938439333597248,0.04954778323357719,0,0.03862715763320418,0,0.02278745735674618,0.02278745735674618,0,0.06644540017370956,0,0,0,0,0,0,0,0,0,0,0,0,0,0,0.00454998381376914,0.02000797576266849,0.5218579312725786,0.01915547445684316,0.08349415742195178,0,5.322817815507558e-4,0.02518305467409617,0.26378773851707005,0,0.6773013230478924,0,0.31314178197875353,LU3_2024,0.7122343750000001,"c(487203.606745399, 6138946.91435419)"
LU3,LU3_U6_24,2024,2024-09-13,2025-09-15,55.54963,-111.07124,495505.3877810266,6155958.776458508,250,0.00771629489505257,0.00771629489505257,0.00771629489505257,0,0,0,0,0,0,0,0,0,0,0,0,0,0,0,0.00732783011188976,3.884647831628136e-4,0.00771629489505257,0,0,0,0,0,0,0,0,0,0.2781791869646249,0.2781791869646249,0,0.2781791869646249,0,0,0.2781791869646249,0,0.00259382856435009,0.8690889734479378,0.01213242393002465,0.02043070231716272,0.00680531365270348,0,0.00792093884167126,0.07715102171448686,0,0.8553518613565259,0.05421938418383432,0.08456070775943492,LU3_2024,0.7134604166666667,"c(495505.387781027, 6155958.77645851)"
LU3,LU3_W7_24,2024,2024-09-13,2025-09-15,55.535720000000005,-111.02058,498701.1259231465,6154408.635222381,250,0.2856213838777244,0.2856213838777244,0.2856213838777244,0,0,0,0,0,0,0,0,0,0,0,0.249447050776972,0,0,0,0.0021598284908198,0.00878200281802418,0.01094183130884398,0,0,0,0.02523250179190842,0.02523250179190842,0,0,0,0,0,0,0,0,0,0,0,0,0.2907611922326619,0.10621390978436758,0.1751474424167193,0.30091846874817774,0.00358058540112955,9.474255803719376e-5,0.0180160972570761,0.07487738411463472,0,0.11555208138690792,0.00449350418119261,0.8760983811780342,LU3_2024,0.7199395833333333,"c(498701.125923146, 6154408.63522238)"
LU3,LU3_Y8_24,2024,2024-09-13,2025-09-15,55.529,-110.99135,500546.02412586694,6153660.616354126,250,0.07893795081963823,0.09772113139783262,0.09772113139783262,0,0,0,0,0,0,0,0,0,0,0,0.02359866825313718,0,0,0.0241457416949671,0.0024800065010007,0.0051777107133218,0.0076577172143225,0,0.01878318057819439,0,0.02353582365721145,0.02353582365721145,0,0,0,0,0,0,0,0,0,0,0,0,0.4651364063672378,0.15668483723217547,0.0684389941602027,0.27592209664443795,8.225247689460078e-7,0,5.725207516862701e-4,0.00647432693192792,0,0.12992709061325422,0.00156675344073496,0.8312862582265657,LU3_2024,0.6924744791666668,"c(500546.024125867, 6153660.61635413)"
LU4,LU4_E15_24,2024,2024-09-19,NA,55.905029999999996,-112.06311,433535.06707010965,6196020.418775275,250,0.02606231769468302,0.02606231769468302,0.02606231769468302,0,0,0,0,0,0,0,0,0,0,0,0,0.01812642561734041,0,0,0.00235191215300521,0.0055839799243374,0.00793589207734261,0,0,0,0,0,0,0,0,0,0.2846846851132463,0.2846846851132463,0,0.2846846851132463,0,0,0.2846846851132463,0,0.01892985123208513,0.5335412791408932,0.05802571496786365,0.00241156175611955,0.00153883883897039,0,0.135450495275072,0.2501014225293898,0,0.9279444692578338,0,0.06991517960533088,LU4_2024,0.6844833333333333,"c(433535.06707011, 6196020.41877528)"
LU4,LU4_F14_24,2024,2024-09-19,NA,55.92842,-112.04711000000002,434574.73952891055,6198608.210024544,250,0.37859648875601376,0.37859648875601376,0.37859648875601376,0,0,0,0,0,0,0,0,0,0,0,0.01010104780201732,0.3684954409539965,0,0,0,0,0,0,0,0,0,0,0,0,0,0,0,0,3.008434671542513e-4,3.008434671542513e-4,3.008434671542513e-4,0,3.008434671542513e-4,0,0.07750579876347362,0.44042883567126184,0.3461463326089775,0.00631058741560935,0.0013344451337343,0,0.05201701441795263,0.07252354139094841,0,0.5828451421355948,0.00248196378603398,0.4098805843242128,LU4_2024,0.6851947916666667,"c(434574.739528911, 6198608.21002454)"
LU4,LU4_G12_24,2024,2024-09-19,NA,55.94603,-112.01728,436467.325188296,6200540.205061694,250,0.3745203283828411,0.3891991777409022,0.3891991777409022,0,0,0,0,0,0,0,0,0,0,0,0,0.3645951330512881,0,0.00992519533155314,0,0,0,0,0.014678849358061,0,0,0,0,0,0,0,0,0,2.725345377312456e-4,2.725345377312456e-4,2.725345377312456e-4,0,2.725345377312456e-4,0,0.02892344003446288,0.24680256602780024,0.214052350876048,4.260462468984093e-4,0.00491964108113508,0,0.1992711403627087,0.27783251810036214,0,0.7824920841617333,0.01221863177495084,0.20070838575281352,LU4_2024,0.6824979166666667,"c(436467.325188296, 6200540.20506169)"
LU4,LU4_G13_24,2024,2024-09-19,NA,55.94081,-112.03049,435633.69043701194,6199971.489145523,250,0.6671664839532113,0.7619233555787862,0.7619233555787862,0,0,0,0,0,0,0,0,0,0,0,0,0.6454911576077527,0,0.0200039116996618,0,0.0016714146457969,0.0016714146457969,0,0.09475687162557488,0,0,0,0,0,0,0,0,0,0.00316986748103147,0.00316986748103147,0.00316986748103147,0,0.00316986748103147,0,0.05130951135457668,0.06998437458398721,0.4847892973791006,4.138048914756075e-4,4.138048914756075e-4,0,0.1675575648573631,0.08405847501975154,0,0.5309524921819984,0.03710450526897948,0.4005631349483882,LU4_2024,0.6714697916666666,"c(435633.690437012, 6199971.48914552)"
LU4,LU4_G17_24,2024,2024-09-19,NA,55.88353,-112.02958,435595.6507598717,6193596.00716159,250,0.05700107140730517,0.06127487149976118,0.06127487149976118,0,0,0,0.0705720353595417,0.0705720353595417,0,0.0705720353595417,0,0,0.0705720353595417,0,0,0.02929488409089191,0,0.02157231551599498,0,0.00613387180041828,0.00613387180041828,0,0.004273800092456,0,0,0,0,0,0,0,0.16597975854973837,0.16597975854973837,0,0.16597975854973837,0,0,0.16597975854973837,0,0.10181138385756806,0.6361495327200083,0.05130312937677659,0.09863132642455788,0.00200328317838419,0,0.04201597287230772,0.06813351842648656,0.05249493065573389,0.6837008077255826,0,0.26218536041711854,LU4_2024,0.7393375,"c(435595.650759872, 6193596.00716159)"
LU4,LU4_H26_24,2024,2024-09-21,NA,55.77022,-112.00691,436830.3310184401,6180965.119132385,250,0.0636814192797544,0.0636814192797544,0.0636814192797544,0,0,0,0,0,0,0,0,0,0,0,0.02660619968945651,0,0,0,0.01145022808112555,0.02562499150917234,0.03707521959029788,0,0,0,0,0,0,0,0,0,0,0,0,0,0,0,0,0,0.00172580840142974,0.2882289417027003,0.1969489608938489,0.00418029146124092,0,1.917564890477489e-4,0.438921119004233,0.06980713238560358,0,0.8906562817923427,0.0016723109894164,0.02190263978055078,LU4_2024,0.6666125,"c(436830.33101844, 6180965.11913238)"
LU4,LU4_I12_24,2024,2024-09-21,NA,55.94541,-111.98608,438414.8170074222,6200442.979521334,250,0.08334533027636636,0.08334533027636636,0.08334533027636636,0,0,0,0,0,0,0,0,0,0,0,0,0.02221456079255471,0,0,0,0.0198721639930961,0.0198721639930961,0,0,0,0.04125860549071555,0.04125860549071555,0,0,0,0,0,0,0,0,0,0,0,0,0,0.4671919819100789,0.00243526624611114,0,0,0,0.3636549308244259,0.1668157776668954,0,0.9671953829564308,0,0.03251736583730492,LU4_2024,0.6764354166666667,"c(438414.817007422, 6200442.97952133)"
LU4,LU4_I13_24,2024,2024-09-22,NA,55.93436,-111.97481,439101.319312145,6199203.2432150645,250,0.00403640936895015,0.00403640936895015,0.00403640936895015,0,0,0,0,0,0,0,0,0,0,0,0,0,0,0,0,0.00403640936895015,0.00403640936895015,0,0,0,0,0,0,0,0,0,0,0,0,0,0,0,0,0,0.00133228353713184,0.16307240165633563,6.870013108848237e-4,0,0,0.1816145441123133,0.3696730659005802,0.28359090187533265,0,0.834912883470474,0,0.03276833962259833,LU4_2024,0.64994375,"c(439101.319312145, 6199203.24321506)"
LU4,LU4_I21_24,2024,2024-09-21,NA,55.83113,-111.98164,438511.6798914868,6187720.903327952,250,0.1030914464789599,0.1030914464789599,0.1030914464789599,0,0,0,0.23613055982298783,0.23613055982298783,0,0.23613055982298783,0,0,0.23613055982298783,0,0,0.04292569523704701,0,0,6.464410659132778e-4,0.01824701381247759,0.01889345487839087,0,0,0.04127229636352203,0,0.04127229636352203,0,0,0,0,0.7395761726327716,0.7395761726327716,0,0.7395761726327716,0,0,0.7395761726327716,0,0.2843796871471016,0.21119281655340852,0.12155476845960252,0.00434892291185095,0,0,0.2715844483280625,0.1069490367083574,0,0.3746293473728639,0,0.6225740272794532,LU4_2024,0.7174854166666668,"c(438511.679891487, 6187720.90332795)"
LU4,LU4_I22_24,2024,2024-09-21,NA,55.81486999999999,-111.98206,438459.7105619749,6185911.732647317,250,0.01739583259044376,0.01739583259044376,0.01739583259044376,0,0,0,0,0,0,0,0,0,0,0,0,0,0,0,0.01445941900890947,0.00293641358153429,0.01739583259044376,0,0,0,0,0,0,0,0,0,0.02218372597812538,0.02218372597812538,0,0.02218372597812538,0,0,0.02218372597812538,0,0.04619575656983931,0.44952182521149897,0.01170725875136204,0,0,0,0.20068678595662093,0.2918329111806414,0,0.8692734875158186,0,0.1246211209382461,LU4_2024,0.6946270833333333,"c(438459.710561975, 6185911.73264732)"
LU4,LU4_J14_24,2024,2024-09-22,NA,55.933510000000005,-111.95599,440275.70051397185,6199092.234626255,250,0.00572832911489001,0.00572832911489001,0.00572832911489001,0,0,0,0,0,0,0,0,0,0,0,0,0,0,0,0,0.00572832911489001,0.00572832911489001,0,0,0,0,0,0,0,0,0,0,0,0,0,0,0,0,0,1.8286713158335516e-4,0.01093392270758851,0.03088593904112187,0,0,2.9342692669356147e-4,0.6962194758098079,0.2614784694434763,0,0.997475253796204,0,0.002524746203796,LU4_2024,0.6829413194444444,"c(440275.700513972, 6199092.23462625)"
LU4,LU4_J15_24,2024,2024-09-22,NA,55.92326,-111.95122000000002,440558.0014876725,6197947.400306579,250,0.04924031673260198,0.04924031673260198,0.04924031673260198,0,0,0,0,0,0,0,0,0,0,0,0,0,0,0,0,0.01231604620744923,0.01231604620744923,0,0,0,0.03692427052515276,0.03692427052515276,0,0,0,0,0,0,0,0,0,0,0,0,0,0.19936194849728175,0.08467677959290479,0,0,2.7089957620591795e-4,0.2968503624856464,0.4188898490354791,0,0.9867568438946904,0,0.01310770631720656,LU4_2024,0.68083125,"c(440558.001487673, 6197947.40030658)"
LU4,LU4_J21_24,2024,2024-09-21,NA,55.83117,-111.95554,440146.5459040875,6187702.4866285315,250,0.05754725809155651,0.05754725809155651,0.05754725809155651,0,0,0,0,0,0,0,0,0,0,0,0,0.05366555337911662,0,0,0,0.00388170471243989,0.00388170471243989,0,0,0,0,0,0,0,0,0,0,0,0,0,0,0,0,0,0.0591214558875649,0.27593977993990415,0.00767049040140737,0.04691943658765218,0,0,0.2118114946928452,0.3985373424906262,0,0.8280771900829523,0,0.17025289645847258,LU4_2024,0.7220020833333334,"c(440146.545904087, 6187702.48662853)"
LU4,LU4_J26_24,2024,2024-09-21,NA,55.76973000000001,-111.94558,440677.0635024017,6180856.3820716,250,0.03385860042774413,0.03385860042774413,0.03385860042774413,0,0,0,0,0,0,0,0,0,0,0,0,0,0,0,0.00584881061794196,0.02800978980980217,0.03385860042774413,0,0,0,0,0,0,0,0,0,0,0,0,0,0,0,0,0.06315479023707816,0.00681388890746819,0.1323423289139525,0.00124117788962886,0,0,0,0.4280230074541113,0.4315149190601522,0,0.5426693391304189,0,0.3814407328632218,LU4_2024,0.672025,"c(440677.063502402, 6180856.3820716)"
LU4,LU4_K17_24,2024,2024-09-21,NA,55.88441999999999,-111.94687,440770.665528935,6193621.170647765,250,0.09341739562855604,0.09341739562855604,0.09341739562855604,0,0,0,0,0,0,0,0,0,0,0,0,0.03274177928838315,0,0,0,0.01187030159898782,0.01187030159898782,0,0,0,0.04880531474118505,0.04880531474118505,0,0,0,0,0,0,0,0,0,0,0,0,0.00279542061800388,0.17822548869537763,0.00753395260394137,0,0,0,0.08841553814571565,0.7230133013838387,0,0.9866956600921442,0,0.01280195127842786,LU4_2024,0.6815166666666668,"c(440770.665528935, 6193621.17064776)"
LU4,LU4_K19_24,2024,2024-09-21,NA,55.859559999999995,-111.92847,441884.4830418289,6190838.916740796,250,0.10690869125097915,0.10690869125097915,0.10690869125097915,0,0,0,0,0,0,0,0,0,0,0,0,0.04564119032117877,0,0,0,0.02050618580503112,0.02050618580503112,0,0,0,0.04076131512476926,0.04076131512476926,0,0,0,0,0,0,0,0,0,0,0,0,0.0262667740333566,0.39169827510738575,0.00495461034712018,0.02421228196946315,0,0,0.03675986345447824,0.516108195088196,0,0.910972536001594,0,0.0873531780184896,LU4_2024,0.7290177083333333,"c(441884.483041829, 6190838.9167408)"
LU4,LU4_K23_24,2024,2024-09-21,NA,55.795260000000006,-111.93501,441378.51605547394,6183688.563819422,250,0.02097107205532647,0.02097107205532647,0.02097107205532647,0,0,0,0,0,0,0,0,0,0,0,0,0,0,0,0,0.02097107205532647,0.02097107205532647,0,0,0,0,0,0,0,0,0,0,0,0,0,0,0,0,0,0.0084463102634421,0.2876761763198393,0.09930199151499612,0,0,0,0.2654846803113555,0.3390888656697068,0,0.9114862464226916,0,0.07943792689665535,LU4_2024,0.6866447916666667,"c(441378.516055474, 6183688.56381942)"
LU4,LU4_K25_24,2024,2024-09-21,NA,55.780910000000006,-111.93428000000002,441402.7459947823,6182090.963468305,250,0.02176661067343389,0.02176661067343389,0.02176661067343389,0,0,0,0,0,0,0,0,0,0,0,0,0,0,0,0,0.02176661067343389,0.02176661067343389,0,0,0,0,0,0,0,0,0,0,0,0,0,0,0,0,0.03613243961597564,0.01722766942449029,0.0400502286420413,0.00375631558042365,0,0,0,0.40997852971464627,0.528997200150685,0,0.7132501075032314,0,0.24975877172932257,LU4_2024,0.6782953125,"c(441402.745994782, 6182090.9634683)"
LU4,LU4_L17_24,2024,2024-09-21,NA,55.893150000000006,-111.92601,442088.47547186527,6194575.074030929,250,0.02004115978442831,0.02004115978442831,0.02004115978442831,0,0,0,0,0,0,0,0,0,0,0,0,0.02004115978442831,0,0,0,0,0,0,0,0,0,0,0,0,0,0,0,0,0,0,0,0,0,0,0,0.00667327739423285,0.21690268582530609,0,0,0,0.551566689450616,0.22485734732984497,0,0.6159468089646226,0,0.00390976305188367,LU4_2024,0.6674562500000001,"c(442088.475471865, 6194575.07403093)"
LU4,LU4_L18_24,2024,2024-09-21,NA,55.87907,-111.92156,442345.89575142623,6193004.396961214,250,0,0,0,0,0,0,0,0,0,0,0,0,0,0,0,0,0,0,0,0,0,0,0,0,0,0,0,0,0,0,0,0,0,0,0,0,0,0,0.009967959307535,0.47427767181026304,0.01284311541784033,0.00541254186900964,0,8.366002020953998e-4,0.2986872704499111,0.1979987361895789,0,0.9080492303993972,0.00318974416658537,0.05848727006279963,LU4_2024,0.6749791666666667,"c(442345.895751426, 6193004.39696121)"
LU4,LU4_L23_24,2024,2024-09-21,NA,55.805879999999995,-111.91465000000002,442670.5745571517,6184853.405779424,250,0.01257810439517797,0.01257810439517797,0.01257810439517797,0,0,0,0,0,0,0,0,0,0,0,0,0,0,0,0,0.01257810439517797,0.01257810439517797,0,0,0,0,0,0,0,0,0,0,0,0,0,0,0,0,0,0,0.67596239735099,0.01356972753710255,0,0,0,0.13120390498747037,0.17926397012443704,0,0.924403520567969,0.0720373009351947,4.350680173018768e-4,LU4_2024,0.69093125,"c(442670.574557152, 6184853.40577942)"
LU4,LU4_M12_24,2024,2024-09-22,NA,55.95113,-111.90623,443409.9941451427,6201011.331288654,250,0.12335688999768564,0.12335688999768564,0.12335688999768564,0,0,0,0,0,0,0,0,0,0,0,0,0.0710388197164969,0,0,0,0.02378627990833276,0.02378627990833276,0,0,0,0.02853179037285597,0.02853179037285597,0,0,0,0,0,0,0,0,0,0,0,0,0.00292953870289897,0.08421847197955137,0.08334526214412497,2.0481633533352392e-5,0,0,0.16739832710180458,0.6620971847056318,0,0.9424716472589773,0.00844842169875094,0.0310033823807374,LU4_2024,0.6990625,"c(443409.994145143, 6201011.33128865)"
LU4,LU4_M14_24,2024,2024-09-22,NA,55.91824,-111.90018,443740.1341503732,6197346.035651333,250,0.02734785679144562,0.02734785679144562,0.02734785679144562,0,0,0,0,0,0,0,0,0,0,0,0,0.01257178432376857,0,0,0,0.01477607246767705,0.01477607246767705,0,0,0,0,0,0,0,0,0,0,0,0,0,0,0,0,0,0.00591533592950726,0.4683915425038321,0.01106910335606096,0.0019696845784591,0,0,0.2365871807108189,0.27606715292132167,0,0.9838795000862964,0,0.00159518744808163,LU4_2024,0.7037375,"c(443740.134150373, 6197346.03565133)"
LU4,LU4_N15_24,2024,2024-09-22,NA,55.914489999999994,-111.87921,445045.3837896178,6196911.838385494,250,0.1657611161644604,0.1657611161644604,0.1657611161644604,0,0,0,0,0,0,0,0,0,0,0,0,0.14680380944579996,0,0,0,0.01895730671866045,0.01895730671866045,0,0,0,0,0,0,0,0,0,0,0,0,0,0,0,0,0,0.03488481567090287,0.9101672778113692,0.00406532714563259,0.00265043643198652,0,0,0.00840258533373519,0.03974659814220859,0,0.957671066341075,0,0.03487780669223538,LU4_2024,0.6933708333333334,"c(445045.383789618, 6196911.83838549)"
LU4,LU4_N30_24,2024,2024-09-21,NA,55.71499,-111.86361,445743.5749300306,6174697.346569824,250,0.02494572694467751,0.02494572694467751,0.02494572694467751,0,0,0,0,0,0,0,0,0,0,0,0,0,0,0,0,0.02494572694467751,0.02494572694467751,0,0,0,0,0,0,0,0,0,0.04536962232918921,0.04536962232918921,0,0.04536962232918921,0,0,0.04536962232918921,0,0.06048307860837765,0.3200512812719453,0.3018051684745043,0.01514845161876707,0,0,0.2782629870796083,0.02424474731187719,0,0.3320238544115651,0,0.666217751695375,LU4_2024,0.6850479166666668,"c(445743.574930031, 6174697.34656982)"
LU4,LU4_O10_24,2024,2024-09-22,NA,55.97773,-111.85978,446347.3212593323,6203934.657544599,250,0.00456322337855229,0.00456322337855229,0.00456322337855229,0,0,0,0,0,0,0,0,0,0,0,0,0,0,0,0,0.00456322337855229,0.00456322337855229,0,0,0,0,0,0,0,0,0,0,0.2434049771656931,0,0.2434049771656931,0.2434049771656931,0,0.2434049771656931,0,0.0248828841445303,0.2751110132682265,0.08828878743765758,0.00989533610901,0,0,0.32671289101891626,0.2751102252593937,0,0.8767339261926439,0,0.11574077406610432,LU4_2024,0.71498125,"c(446347.321259332, 6203934.6575446)"
LU4,LU4_O13_24,2024,2024-09-22,NA,55.94499,-111.86098,446227.0644478283,6200291.892595046,250,0.01524745045812097,0.01524745045812097,0.01524745045812097,0,0,0,0,0,0,0,0,0,0,0,0,0,0,0,0,0.01524745045812097,0.01524745045812097,0,0,0,0,0,0,0,0,0,0,0.01954697671964514,0,0.01954697671964514,0.01954697671964514,0,0.01954697671964514,0,0.03249156600280691,0.6078528105951256,0.04295507459731141,0.03628133557180536,0,0.00212907909802683,0.07933978320349316,0.1989562174594643,0,0.8862339380843465,0,0.11376606191565355,LU4_2024,0.7246208333333335,"c(446227.064447828, 6200291.89259505)"
LU4,LU4_O16_24,2024,2024-09-21,NA,55.89234,-111.8605,446184.15061247424,6194432.040309359,250,0.00122956377980628,0.00122956377980628,0.00122956377980628,0,0,0,0,0,0,0,0,0,0,0,0,0,0,0,0,0.00122956377980628,0.00122956377980628,0,0,0,0,0,0,0,0,0,0,0,0,0,0,0,0,0,0.00409265752642834,0.17373498432579793,0.01755072153971419,5.774915528089077e-4,0,0.08091956992166732,0.2433719007464762,0.4797458930051481,0,0.9535940575178916,0.0047837999307159,0.03931964224777171,LU4_2024,0.6848083333333334,"c(446184.150612474, 6194432.04030936)"
LU4,LU4_O17_24,2024,2024-09-20,NA,55.87772,-111.85127,446741.36534570495,6192797.830986013,250,0.02966749564868402,0.02966749564868402,0.02966749564868402,0,0,0,0,0,0,0,0,0,0,0,0,0,0,0,0,0.02966749564868402,0.02966749564868402,0,0,0,0,0,0,0,0,0,0,0,0,0,0,0,0,0,0,0.0737229144283692,0.03602623153203412,0,0,0,0.6311561871103625,0.2591154050062042,0,0.9087674652398402,0,0.08886269566703384,LU4_2024,0.6641125,"c(446741.365345705, 6192797.83098601)"
LU4,LU4_O21_24,2024,2024-09-20,NA,55.83902,-111.85242,446616.38199904806,6188491.787140376,250,0.03817192677527157,0.03817192677527157,0.03817192677527157,0,0,0,0,0,0,0,0,0,0,0,0,0.03817192677527157,0,0,0,0,0,0,0,0,0,0,0,0,0,0,0,0,0,0,0,0,0,0,0.1745855964235705,0.387118180854253,0.00477406148655971,0.1405229081198019,0,0,0.0291599977173733,0.2638932200598446,0.02266850862227409,0.5391976730879252,0,0.4369899425209101,LU4_2024,0.7724416666666667,"c(446616.381999048, 6188491.78714038)"
LU4,LU4_O22_24,2024,2024-09-21,NA,55.819039999999994,-111.85468,446447.4063693945,6186269.965314373,250,0.03698528327510416,0.03698528327510416,0.03698528327510416,0,0,0,0,0,0,0,0,0,0,0,0,0.03698528327510416,0,0,0,0,0,0,0,0,0,0,0,0,0,0,0,0,0,0,0,0,0,0,0.04808954815940518,0.22553276895725377,0.07101683321137466,0.01170917168656809,0,0,0.32084729334120143,0.3227944606738636,0,0.8815755682950479,0,0.11249039874787783,LU4_2024,0.7020979166666668,"c(446447.406369395, 6186269.96531437)"
LU4,LU4_O23_24,2024,2024-09-21,NA,55.797320000000006,-111.85567,446355.5145783655,6183853.529044293,250,0.03551034073389324,0.03551034073389324,0.03551034073389324,0,0,0,0,0,0,0,0,0,0,0,0,0.02149959648481505,0,0,0,0.0140107442490782,0.0140107442490782,0,0,0,0,0,0,0,0,0,0.154998380813626,0.154998380813626,0,0.154998380813626,0,0,0.154998380813626,0.00550832836501636,0.00415306072956959,0.01093607118642233,0.08512271617445127,6.934945783293991e-5,0,0,0.6631095304369876,0.23659913257730453,0,0.9291175522222088,0,0.06537411941277474,LU4_2024,0.6772958333333333,"c(446355.514578365, 6183853.52904429)"
LU4,LU4_P15_24,2024,2024-09-22,NA,55.917579999999994,-111.81956,448777.7560341754,6197209.950818497,250,0.01134238520397421,0.01134238520397421,0.01134238520397421,0,0,0,0,0,0,0,0,0,0,0,0,0,0,0,0,0.01134238520397421,0.01134238520397421,0,0,0,0,0,0,0,0,0,0,0,0,0,0,0,0,0,3.2939202519883246e-5,0.18132032613962604,4.709085989879604e-4,2.1959468346588827e-5,0,0,0.2197070768809256,0.5984467897095939,0,0.9559653898907362,0,0.04105290966621926,LU4_2024,0.6766958333333334,"c(448777.756034175, 6197209.9508185)"
LU4,LU4_P17_24,2024,2024-09-20,NA,55.88746999999999,-111.82773,448227.0560804756,6193865.05219226,250,0.20683494638681235,0.20683494638681235,0.20683494638681235,0,0,0,0,0,0,0,0,0,0,0,0,0.1386684074518862,0,0,0,0.01841694226376788,0.01841694226376788,0,0,0,0.04974959667115828,0.04974959667115828,0,0,0,0,0,0,0,0,0,0,0,0,0,0.04454354490792958,0.01873940744669421,0,0,0,0.2962211661295116,0.6405119510734877,0,0.9825711815970688,0.01742630587649508,0,LU4_2024,0.6832364583333335,"c(448227.056080476, 6193865.05219226)"
LU4,LU4_P22_24,2024,2024-09-20,NA,55.82927,-111.82845,448104.5045432968,6187388.488761806,250,0,0,0,0,0,0,0,0,0,0,0,0,0,0,0,0,0,0,0,0,0,0,0,0,0,0,0,0,0,0,0,0,0,0,0,0,0,0,0.05506954255849051,0.14460626656170358,0.01113023787692586,0.02870144461230662,0,0,0.47316382385474265,0.28724613373280694,0,0.675212045894048,0,0.30760406700334064,LU4_2024,0.7132375000000001,"c(448104.504543297, 6187388.48876181)"
LU4,LU4_Q10_24,2024,2024-09-22,NA,55.97324,-111.80965,449469.640626851,6203397.178945236,250,0.02841731031796631,0.02841731031796631,0.02841731031796631,0,0,0,0,0,0,0,0,0,0,0,0,0.01545300171198952,0,0,0,0.01296430860597679,0.01296430860597679,0,0,0,0,0,0,0,0,0,0,0.03479862966960749,0,0.03479862966960749,0.03479862966960749,0,0.03479862966960749,0,0.02737705066414742,0.1722040292358654,0.11028201479335988,4.423248630085237e-4,0,0,0.3943671070179536,0.29540810973232956,0,0.8223957658749701,0,0.17372126115191688,LU4_2024,0.7122979166666668,"c(449469.640626851, 6203397.17894524)"
LU4,LU4_Q16_24,2024,2024-09-20,NA,55.90385,-111.81104,449292.32585898606,6195675.642102487,250,0.09212274568232684,0.09212274568232684,0.09212274568232684,0,0,0,0,0,0,0,0,0,0,0,0,0.00679937285189479,0,0,0,0.04456562605956252,0.04456562605956252,0,0,0,0.04075774677086953,0.04075774677086953,0,0,0,0,0,0,0,0,0,0,0,0,6.640395601477929e-4,0.00493286530395503,0.00800035102203372,0,0,0,0.34653580160503755,0.6399353215773903,0,0.9992094767141098,0,0,LU4_2024,0.6614,"c(449292.325858986, 6195675.64210249)"
LU4,LU4_Q20_24,2024,2024-09-20,NA,55.84694,-111.80308,449716.49368591985,6189336.267016291,250,0.02419339526072699,0.02419339526072699,0.02419339526072699,0,0,0,0,0,0,0,0,0,0,0,0,0,0,0,0,0.02419339526072699,0.02419339526072699,0,0,0,0,0,0,0,0,0,0,0,0,0,0,0,0,0,0,0.02926094156828548,0.07610942106972035,0,0,0,0.6610370860667134,0.23359171327829031,0,0.7554535464248979,0,0,LU4_2024,0.6917479166666667,"c(449716.49368592, 6189336.26701629)"
LU4,LU4_R14_24,2024,2024-09-20,NA,55.92705,-111.78384,451022.13522393536,6198238.013036998,250,0.01110999010592181,0.01110999010592181,0.01110999010592181,0,0,0,0,0,0,0,0,0,0,0,0,0,0,0,0,0.01110999010592181,0.01110999010592181,0,0,0,0,0,0,0,0,0,0,0,0,0,0,0,0,0,0.00823520649100149,0.09127822929729058,0.05248834368281327,0,0,0,0.4257603465536287,0.422265263762475,0,0.9069137386823416,0,0.0890778840205135,LU4_2024,0.69273125,"c(451022.135223935, 6198238.013037)"
LU4,LU4_R7_24,2024,2024-09-22,NA,56.02719,-111.7931,450571.4112399355,6209389.479389067,250,0.03190964508380299,0.03190964508380299,0.03190964508380299,0,0,0,0,0,0,0,0,0,0,0,0,0,0,0,0.01851699197985315,0,0.01851699197985315,0,0,0,0.01339265310394984,0.01339265310394984,0,0,0,0,0,0,0,0,0,0,0,0,0.04412753370424389,0.4174010898732893,0.19336165525478624,0.00100398103824986,0,0,0.08108246500111818,0.26304901602699504,0,0.7497328745464894,0,0.09431145911811777,LU4_2024,0.73775,"c(450571.411239935, 6209389.47938907)"
LU4,LU4_R9_24,2024,2024-09-22,NA,56.00365,-111.78338,451147.4757731475,6206762.714588829,250,0.05054698938687485,0.05054698938687485,0.05054698938687485,0,0,0,0,0,0,0,0,0,0,0,0,0,0,0,0.01362966023449443,0.01170625037222042,0.02533591060671485,0,0,0,0.02521107878016,0.02521107878016,0,0,0,0,0,0.00527451780802425,0,0.00527451780802425,0.00527451780802425,0,0.00527451780802425,0,0.01579621511392383,0.07005378403122596,0.03300088302117969,3.68379264232892e-4,0,0,0.25433410227321035,0.6264466362962273,0,0.9467102022581534,0,0.05246688165663166,LU4_2024,0.7110666666666667,"c(451147.475773147, 6206762.71458883)"
LU4,LU4_S17_24,2024,2024-09-20,NA,55.89083,-111.7704,451817.01919703634,6194197.585022041,250,0.1723599942145347,0.1723599942145347,0.1723599942145347,0,0,0,0,0,0,0,0,0,0,0,0,0.01149875241955957,0,0,0.06016041580030532,0.03498708880558844,0.09514750460589376,0,0,0.0459788149097399,0.01973492227934148,0.06571373718908138,0,0,0,0,0,0,0,0,0,0,0,0,0.01854662740072453,0.05531179670918753,0.02854976142438644,0,0,0,0.38673946275254,0.5108508271531906,0,0.9066605414327912,0,0.09218107512622987,LU4_2024,0.7064750000000001,"c(451817.019197036, 6194197.58502204)"
LU4,LU4_S18_24,2024,2024-09-20,NA,55.87502,-111.77399,451572.8163769387,6192440.5735071385,250,0.04702626478754165,0.04702626478754165,0.04702626478754165,0,0,0,0,0,0,0,0,0,0,0,0,0,0,0,0.03435191806933044,0.01267434671821122,0.04702626478754165,0,0,0,0,0,0,0,0,0,0,0,0,0,0,0,0,0,0.01072257701480715,0.2647977791752491,0.04800650357705185,0,0,0,0.3464308539952274,0.33001942405138884,0,0.8715462783951881,0,0.12541057591228588,LU4_2024,0.6889875000000001,"c(451572.816376939, 6192440.57350714)"
LU4,LU4_T8_24,2024,2024-09-22,NA,56.0117,-111.7458,453500.6287795085,6207632.701455218,250,0.07490821731333268,0.07490821731333268,0.07490821731333268,0,0,0,0,0,0,0,0,0,0,0,0,0,0,0,0.01585556876647209,0.03206671392138566,0.047922282687857753,0,0,0,0.02698593462547493,0.02698593462547493,0,0,0,0,0,0.6480916854563104,0,0.6480916854563104,0.6480916854563104,0,0.6480916854563104,0,0.05300951192072609,0.28228431772360274,0.12085462307154522,0.02789014441492994,0,0,0.17120187452270558,0.34480852038560666,0,0.8201395669222804,0,0.17986043307771957,LU4_2024,0.758425,"c(453500.628779509, 6207632.70145522)"
LU4,LU4_U15_24,2024,2024-09-20,NA,55.912350000000004,-111.72498,454682.75165997946,6196561.899089807,250,0.1132348515612112,0.1132348515612112,0.1132348515612112,0,0,0,0,0,0,0,0,0,0,0,0,0.01851334963010056,0,0,0.05453109476731269,0.01284401458061931,0.067375109347932,0,0,0,0.02734639258317862,0.02734639258317862,0,0,0,0,0,0,0,0,0,0,0,0,0,0.6052178200607383,0.00737871163806055,0.00210965825996722,0,0,0.18024965615318175,0.20504415388805217,0,0.9840511552756592,0,0,LU4_2024,0.7174416666666668,"c(454682.751659979, 6196561.89908981)"
LU4,LU4_V17_24,2024,2024-09-20,NA,55.89145,-111.69994,456224.3982533385,6194219.767912953,250,0.18770202634585337,0.18770202634585337,0.18770202634585337,0,0,0,0,0,0,0,0,0,0,0,0,0.02207406614985634,0,0.00889378435035628,0.03811985613478464,0.02141045998872689,0.05953031612351153,0,0,0.01881238251280004,0.07839147720932914,0.09720385972212918,0,0,0,0,0,0,0,0,0,0,0,0,0.23494580065803117,0.2285477461849188,0.03977158714742623,0.06311758192201948,0,8.075385478799631e-4,0.11232394807228228,0.32050177847367095,0,0.631781520069806,0,0.3629248165072617,LU4_2024,0.669309375,"c(456224.398253339, 6194219.76791295)"
LU4,LU4_V19_24,2024,2024-09-20,NA,55.86918,-111.7002,456183.0611816249,6191741.458703699,250,0.1040790897584582,0.1040790897584582,0.1040790897584582,0,0,0,0,0,0,0,0,0,0,0,0,0,0,0,0.06743760767953721,0.01065709791120075,0.07809470559073796,0,0,0,0.02598438416772025,0.02598438416772025,0,0,0,0,0,0,0,0,0,0,0,0,5.95700045251054e-4,0.4046226075356733,0.01181554056474721,0.00119147163871161,0,0,0.03706433990682294,0.5447120195342008,0,0.9620131364907292,0,0.02931826634818498,LU4_2024,0.7263260416666667,"c(456183.061181625, 6191741.4587037)"
LU4,LU4_V25_24,2024,2024-09-20,NA,55.78956,-111.70454,455821.32448916027,6182883.218244597,250,0.0573973422607019,0.0573973422607019,0.0573973422607019,0,0,0,0,0,0,0,0,0,0,0,0,0,0,0,0,0.01844976766367707,0.01844976766367707,0,0,0,0.03894757459702483,0.03894757459702483,0,0,0,0,0,0,0,0,0,0,0,0,0.0023382547711062,0.13140780498762167,0.08623714269467597,0,9.061016689617124e-7,0,0.3414469915983581,0.43856905086351383,0,0.8219819311141224,0.03153370397889899,0.13337318320060232,LU4_2024,0.6847625,"c(455821.32448916, 6182883.2182446)"
LU4,LU4_W19_24,2024,2024-09-20,NA,55.85603,-111.68882999999998,456879.99377200264,6190270.831942253,250,0.09659695748663394,0.09659695748663394,0.09659695748663394,0,0,0,0,0,0,0,0,0,0,0,0.02374241159825714,0,0,0,0.04550726376131724,0.001067299026729,0.04657456278804624,0,0,0,0.02627998310033056,0.02627998310033056,0,0,0,0,0,0,0,0,0,0,0,0,0.00252615069011573,0.24177281411938192,0.01973737897641691,3.075923135790947e-4,1.0104602760462958e-4,0,0.3316201388854227,0.4039007020637479,0,0.9732982999657172,0,0.01341156366388719,LU4_2024,0.7083020833333333,"c(456879.993772003, 6190270.83194225)"
LU4,LU4_Y25_24,2024,2024-09-20,NA,55.77042,-111.63433,460204.3211804763,6180710.572467722,250,0.04089859863770604,0.04089859863770604,0.04089859863770604,0,0,0,0,0,0,0,0,0,0,0,0,0,0,0,0.00167380654561111,0.01273975942297349,0.0144135659685846,0,0,0,0.02648503266912144,0.02648503266912144,0,0,0,0.21378258379434292,0.21378258379434292,0,0,0.21378258379434292,0,0,0.21378258379434292,0,8.459831976125782e-4,0.21432007795158636,0.02116469520949432,4.1480767287055344e-4,0.05347481028170485,0,0.19724122724378543,0.5125114417589753,0,0.8589696585388762,0.10299432031332234,0.03493332444063685,LU4_2024,0.698790625,"c(460204.321180476, 6180710.57246772)"
LU8,LU8_AB29_24,2024,2024-09-25,2025-09-10,57.22901000000001,-111.71024,457120.2533173198,6343102.187793406,250,0.08281266471408401,0.1294279992063166,0.1294279992063166,0,0,0,0,0,0,0,0,0,0,0,0,0,0,0.04121359683521843,0,0.02159731410243135,0.02159731410243135,0,0.04661533449223258,0,0.02000175377643423,0.02000175377643423,0,0,0,0,0,0,0,0,0,0,0,2.1543709323884044e-4,5.083816791614376e-4,0.7263131988949673,0,0.00103290622399784,0,0,0.01422766251699284,0.16296446070593304,0,0.8582840063145839,0.09047577926429072,0.04234484208926568,LU8_2024,0.6451677083333334,"c(457120.25331732, 6343102.18779341)"
LU8,LU8_AB31_24,2024,2024-09-25,2025-09-10,57.19288,-111.69509,457993.8751764163,6339070.918643813,250,0,0,0,0,0,0,0,0,0,0,0,0,0,0,0,0,0,0,0,0,0,0,0,0,0,0,0,0,0,0,0,0,0,0,0,0,0,0.01380074873109965,0.00206800210343695,0.7218835118309378,0,0.14948700919129965,0,0.00164596085783757,0.0071778758984279,0.11756882361982032,0,0.8235976303259707,0,0.15484693301041175,LU8_2024,0.7073770833333333,"c(457993.875176416, 6339070.91864381)"
LU8,LU8_AC24_24,2024,2024-09-25,2025-09-10,57.283730000000006,-111.68489,458711.938631893,6349177.765108297,250,0.26501085398838964,0.26647680290249076,0.26647680290249076,0,0,0,0,0,0,0,0,0,0,0,0.17042538705270951,0.01844485390195121,0,0.06800232769279362,0,0.00458103789698616,0.00458103789698616,0,0.0014659489141011,0,0.0035572474439491,0.0035572474439491,0,0,0.17057931909095203,0.17057931909095203,0.17057931909095203,0,0,0,0,0,0.17057931909095203,0.01677006602975218,0.1109426634528592,0.29704104187272024,0,0.2544604889019986,0.00267679974414576,0.00856497204527602,0.09524310148725258,0.08062248562356665,0,0.14160612842977666,0.09678834025412096,0.7289994272043872,LU8_2024,0.6615104166666668,"c(458711.938631893, 6349177.7651083)"
LU8,LU8_AC25_24,2024,2024-09-25,2025-09-10,57.266540000000006,-111.69253,458231.9177839327,6347268.886095423,250,0.32446905320699426,0.32446905320699426,0.32446905320699426,0,0,0,0,0,0,0,0,0,0,0,0.2056859394901538,0,0,0.10640590786305232,0,0,0,0,0,0,0.01237720585378814,0.01237720585378814,0,0,0.47417026041546295,0.47417026041546295,0.47417026041546295,0,0,0,0,0,0.47417026041546295,0.06702308305032849,0.03455092807300119,0.23847728629286755,1.5203200096219224e-4,0.1118563498177081,0.01809103669799724,0,0.30226195360070274,0.07643419763923665,0,0.2555374156581963,0.16008699779808228,0.5154866262663093,LU8_2024,0.6224500000000001,"c(458231.917783933, 6347268.88609542)"
LU8,LU8_AC28_24,2024,2024-09-25,2025-09-10,57.22453000000001,-111.68562,458601.6036401342,6342588.266933158,250,0.02932044933220198,0.02932044933220198,0.02932044933220198,0,0,0,0,0,0,0,0,0,0,0,0,0,0,0,0,0.02932044933220198,0.02932044933220198,0,0,0,0,0,0,0,0,0,0,0,0,0,0,0,0,0.02438050045548638,0,0.548494932610649,0,0,0,0,0.02557504241873093,0.4259300249706202,0,0.967563459393144,0,0.00144352163549708,LU8_2024,0.6615020833333334,"c(458601.603640134, 6342588.26693316)"
LU8,LU8_AC29_24,2024,2024-09-25,2025-09-10,57.21347,-111.69046,458296.8913592,6341360.063809865,250,0.07744910674507537,0.2100368458686473,0.2100368458686473,0,0,0,0,0,0,0,0,0,0,0,0,0,0,0.07596083975438281,0,0,0,0,0.1325877391235719,0,0.00148826699069256,0.00148826699069256,0,0,0,0,0,0,0,0,0,0,0,0.03651286094522568,0.08462940997895355,0.36594221289735407,0,0.2442961037922822,0,0,0.02034572458020208,0.17596817740168358,0,0.4098979791714278,0.02313848628450802,0.5186800164093366,LU8_2024,0.6701125,"c(458296.8913592, 6341360.06380987)"
LU8,LU8_AC30_24,2024,2024-09-25,2025-09-10,57.202020000000005,-111.69106,458247.7289944209,6340085.866323227,250,0.1334277060295485,0.2289094297244334,0.2289094297244334,0,0,0,0,0,0,0,0,0,0,0,0.09632488261853513,0,0,0.03710282341101339,0,0,0,0,0.09548172369488488,0,0,0,0,0,0,0,0,0,0,0,0,0,0,0.0320296525832085,0.02244707310299096,0.3692874961165497,0,0.2219388235171431,0,0.00230328135323723,0.02284271137825432,0.15188345622126476,0,0.5057932608653717,0.0377044749351748,0.4135977803759917,LU8_2024,0.6840312500000001,"c(458247.728994421, 6340085.86632323)"
LU8,LU8_AC31_24,2024,2024-09-25,2025-09-10,57.18302,-111.67786,459024.1953173362,6337962.862029885,250,0.04825625159519496,0.13185276798647283,0.13185276798647283,0,0,0,0,0,0,0,0,0,0,0,0,0,0,0.0295066129220548,0,0.00953890517462337,0.00953890517462337,0,0.08359651639127785,0,0.0092107334985168,0.0092107334985168,0,0,0,0,0,0,0,0,0,0,0,0.03234678334890364,0.01295556063648853,0.693169921142052,0,0.06639838845940103,7.937108487134424e-7,0.0010422850071593,0.02028356517770536,0.1228404565018194,0,0.7218078206935679,0.05053572710929179,0.18425751709801605,LU8_2024,0.6639645833333333,"c(459024.195317336, 6337962.86202988)"
LU8,LU8_AD27_24,2024,2024-09-25,2025-09-10,57.25323,-111.66636,459795.76607785386,6345771.513475584,250,0.2020908113016217,0.24373191866814564,0.24373191866814564,0,0,0,0,0,0,0,0,0,0,0,0.0121769361283599,0.16675493013951376,0,0.02315894503374804,0,0,0,0,0.04164110736652392,0,0,0,0,0,0.168798158306171,0.168798158306171,0.168798158306171,0,0,0,0,0,0.168798158306171,0.03493014048638219,0.20978538694447044,0.10732317122691253,0.00150714922699857,0.42937199904520207,8.465907551713155e-4,0.00205961057856269,0.03798207692609582,0.04077936117061263,0,0.08332222225923433,0.00826141057762183,0.865749688638527,LU8_2024,0.70086875,"c(459795.766077854, 6345771.51347558)"
LU8,LU8_AD28_24,2024,2024-09-25,2025-09-10,57.243570000000005,-111.66135,460087.59500036493,6344693.248412146,250,0.2585759048893939,0.2970866630232646,0.2970866630232646,0,0,0,0,0,0,0,0,0,0,0,0.08241617499872152,0.13728204605773014,0,0.02142503475020367,0,0.00944511797892607,0.00944511797892607,0,0.03851075813387066,0,0.00800753110381248,0.00800753110381248,0,0,0.02356089188459508,0.02356089188459508,0.02356089188459508,0,0,0,0,0,0.02356089188459508,0.02814121465960401,0.17253942484742463,0.11824849830071513,0.00127562869048792,0.492210769278228,5.73107003719557e-4,0.00282689635395378,0.02988707558364315,0.03720097523062864,0,0.08040281410290384,0.00699233504415602,0.8785954641700212,LU8_2024,0.6867489583333334,"c(460087.595000365, 6344693.24841215)"
LU8,LU8_AD29_24,2024,2024-09-25,2025-09-10,57.22887000000001,-111.6539,460521.4887696223,6343052.555114451,250,0.10363020087680018,0.1376691487857199,0.1376691487857199,0,0,0,0,0,0,0,0,0,0,0,0,0.0832671746166145,0,0.01895547678748145,0,0,0,0,0.03403894790891972,0,0.00140754947270423,0.00140754947270423,0,0,0.7026681210940873,0.7026681210940873,0.7026681210940873,0,0,0,0,0,0.7026681210940873,0.06010424899680717,0.15547101443316244,0.2119506143260086,0.00144172612740072,0.30961502117562567,0.02114989155548371,0,0.03566139598705938,0.09301837826181922,0,0.31193871631466097,0.03704349887460984,0.5875599724081583,LU8_2024,0.6744145833333334,"c(460521.488769622, 6343052.55511445)"
LU8,LU8_AE29_24,2024,2024-09-25,2025-09-10,57.21758,-111.64945,460778.1700861935,6341793.223879603,250,0.05827531985761784,0.0986832943514169,0.0986832943514169,0,0,0,0,0,0,0,0,0,0,0,0,0.03580023182546994,0,0.0224750880321479,0,0,0,0,0.04040797449379907,0,0,0,0,0,0.2554602506309826,0.2554602506309826,0.2554602506309826,0,0,0,0,0,0.2554602506309826,0.09390070375436642,0.29820236642527626,0.08160716282230153,0.00140916561368344,0.2628111366328604,0.00268671672979852,0,0.08475747969291805,0.08162065630886774,0,0.1191277141678348,0.00727028024559356,0.7762741756576077,LU8_2024,0.7148541666666667,"c(460778.170086193, 6341793.2238796)"
LU8,LU8_M19_24,2024,2024-10-01,2025-09-11,57.34687,-112.02953,438042.66120922426,6356467.634421413,250,0.04175146714007622,0.09056811959119264,0.08373221018476223,0,0.0068359094064304,0.0068359094064304,0.0068359094064304,0,0,0,0,0,0.0068359094064304,0,0.00482637171907025,0,0,0.01073638236952247,0,0,0,0,0.04198074304468602,0,0.0261887130514835,0.0261887130514835,0,0,0,0,0,0,0,0,0,0,0,0,0.25461133311386464,0.0761286111754723,0.01677312414299657,0.3652647026242183,1.345308727617382e-4,0,0.00293146519229779,0.25403489266789475,0,0.1744113080731166,0,0.8224611663468382,LU8_2024,0.7595270833333333,"c(438042.661209224, 6356467.63442141)"
LU8,LU8_N18_24,2024,2024-10-01,2025-09-11,57.36655,-112.00683,439441.111121024,6358637.863542633,250,0.01386769911699549,0.01386769911699549,0.01386769911699549,0,0,0,0,0,0,0,0,0,0,0,0,0,0,0,0,0.00658513579700598,0.00658513579700598,0,0,0,0.00728256331998951,0.00728256331998951,0,0,0,3.1853903890467035e-4,3.1853903890467035e-4,0,0,3.1853903890467035e-4,0,0,3.1853903890467035e-4,0,0.5002925162841589,0.01855713496063176,0.00227192631063084,0.382669142928113,0,0,9.598643038994066e-4,0.09493087617366132,0.0231842421030465,0.02552214886974027,0,0.949811659533066,LU8_2024,0.7640225694444446,"c(439441.111121024, 6358637.86354263)"
LU8,LU8_N19_24,2024,2024-10-01,2025-09-11,57.35516,-112.02213,438501.8375585801,6357383.715627776,250,0.05043671100051,0.05643249379596735,0.05643249379596735,0,0,0,0,0,0,0,0,0,0,0,0.00798979021409425,0,0,0.02296886795139178,0,0,0,0,0.00599578279545735,0,0.01947805283502397,0.01947805283502397,0,0,0,0,0,0,0,0,0,0,0,0,0.6365238569569336,0.00756203097581558,0.01343409517521519,0.2862117141995593,1.592390425911383e-4,0,2.8229235055372166e-5,0.04742645432986137,0,0.02275811227007357,0,0.9749788873938202,LU8_2024,0.7733,"c(438501.83755858, 6357383.71562778)"
LU8,LU8_N20_24,2024,2024-10-01,2025-09-11,57.341339999999995,-112.00639,439426.0668459976,6355831.233854353,250,0.15780990245905183,0.15780990245905183,0.15780990245905183,0,0,0,0,0,0,0,0,0,0,0,0.07657143602987737,0,0,0.06990919816011253,0,0,0,0,0,0,0.01132926826906195,0.01132926826906195,0,0,0,0,0,0,0,0,0,0,0,0,0.22908492372745143,0.0294946680986677,0.12055480828994336,0.41868020931276434,0.00114325281305054,0,0.01385452462404646,0.16560914209134636,0,0.07520293207130174,0.00121956572705602,0.913832059369834,LU8_2024,0.7289541666666668,"c(439426.066845998, 6355831.23385435)"
LU8,LU8_O20_24,2024,2024-10-01,2025-09-11,57.33569,-111.98232,440865.6852942201,6355181.137598242,250,0.21495037750528012,0.21689423683621484,0.21495037750528012,0,0.00194385933093473,0.00194385933093473,0.00194385933093473,0,0,0,0,0,0.00194385933093473,0,0.10622263472093324,0,0,0.08977666752077958,0,0,0,0,0,0,0.0189510752635673,0.0189510752635673,0,0,0,0,0,0,0,0,0,0,0,0,0.42807984503200375,0.04529162575528538,0.08412755906363731,0.21825102989461523,0.00374149650894474,0,0.05620544509916008,0.10894396669338412,0,0.09176584876340146,0.00155673087608176,0.9066204863444632,LU8_2024,0.71496875,"c(440865.68529422, 6355181.13759824)"
LU8,LU8_S24_24,2024,2024-09-25,2025-09-10,57.27964,-111.89812,445851.9143511928,6348871.897620337,250,0.32404048085000164,0.32404048085000164,0.32404048085000164,0,0,0,0,0,0,0,0,0,0,0,0.28273700993511447,0,0,0,0,0.02296916550323082,0.02296916550323082,0,0,0,0.01833430541165638,0.01833430541165638,0,0,0,0,0,0,0,0,0,0,0,0.00310465129764926,0.20697362778903425,0.0487020514722218,0.00807559550704323,0.31264480588280213,3.6672405044509647e-4,0,0.10867846740002177,0.12678062039681387,0,0.11114257463810412,0,0.7873769876419561,LU8_2024,0.6474041666666667,"c(445851.914351193, 6348871.89762034)"
LU8,LU8_S25_24,2024,2024-09-25,2025-09-10,57.27087,-111.90127,445649.0859404142,6347898.178225402,250,0.12085101714265448,0.12085101714265448,0.12085101714265448,0,0,0,0,0,0,0,0,0,0,0,0,0.07221673404540785,0,0,0,0.00814848803463529,0.00814848803463529,0,0,0,0.04048579506261133,0.04048579506261133,0,0,0,0,0,0,0,0,0,0,0,0,0.05251240323168205,0.3829482365731552,1.3426367223935126e-4,0.22234161358685164,0,0.00190461992107342,0.04195144316854402,0.2962337438645358,0,0.6478678347133608,0,0.345404879156195,LU8_2024,0.7238833333333333,"c(445649.085940414, 6347898.1782254)"
LU8,LU8_T25_24,2024,2024-09-25,2025-09-10,57.27803000000001,-111.8767,447140.98680703744,6348675.8519070875,250,0.4329983394529039,0.43562279717891234,0.43562279717891234,0,0,0.0709052140214309,0.0709052140214309,0,0,0.0709052140214309,0,0,0.0709052140214309,0,0.0786327979689248,0.04010385449421595,0,0,0,0.01108462424309656,0.01108462424309656,0,0.00262445772600844,0,0.30317706274666656,0.30317706274666656,0,0,0,0,0,0,0,0,0,0,0,0,0.239961782298571,0.0200540450430324,0.00292511184337397,0.28056386741599193,2.235100539233183e-5,0,0.03723261002937222,0.06095152984857844,0,0.03253954731072742,0,0.9662499330323742,LU8_2024,0.7077052083333334,"c(447140.986807037, 6348675.85190709)"
LU9,LU9_100,2023,2023-09-13,2024-09-09,56.09786,-113.39996,350714.6576276187,6219566.873118631,250,0.22470789257910131,0.24548442474515983,0.24548442474515983,0,0,0,0,0,0,0,0,0,0,0,0.06887963038408322,0.04802204583539277,0,0.01782500203892881,0,0,0,0,0.02077653216605854,0.08998121432069653,0,0.08998121432069653,0,0,0,0,0,0,0,0,0,0,0,0.02167584584520215,2.3231058537558385e-5,0.15524142100694915,0.02520291525507365,0,0,0,0.3334739537122676,0.4094893532387005,0,0.8807473223370615,0.04031278495933941,0.05728188256673603,LU9_2023,0.6259395833333333,"c(350714.657627619, 6219566.87311863)"
LU9,LU9_102,2023,2023-09-14,2024-09-10,56.10159,-113.78246,326945.22902590287,6220875.295462604,250,0.04366133312822952,0.04366133312822952,0.04366133312822952,0,0,0,0,0,0,0,0,0,0,0,0,0,0,0,0,0.04366133312822952,0.04366133312822952,0,0,0,0,0,0,0,0,0,0,0,0,0,0,0,0,0,0.48761876990250624,0.21884182798011184,6.846278654918879e-4,0.23164635942793305,0,0,4.546682599544183e-4,0.06075374656400264,0,0.11012314808550502,0,0.8865831396103293,LU9_2023,0.7967666666666667,"c(326945.229025903, 6220875.2954626)"
LU9,LU9_106,2023,2023-09-13,2024-09-09,56.111239999999995,-113.39658,350976.5755666171,6221048.257183494,250,0.07172344182267004,0.08968823502802088,0.08968823502802088,0,0,0,0,0,0,0,0,0,0,0,0,0.00721839851605573,0,0.0100069656044343,0,0.0104802902431941,0.0104802902431941,0,0.01796479320535084,0.04401778745898591,0,0.04401778745898591,0,0,0,0,0,0,0,0,0,0,0,0,0.01336577597113095,0.01491383378432082,0.02331721965015394,0,0,0,0.6028759906657224,0.2723709386511354,0,0.6937305143996579,0.0056573161436624,0.2121267521738961,LU9_2023,0.6704729166666668,"c(350976.575566617, 6221048.25718349)"
LU9,LU9_112,2023,2023-09-13,2024-09-09,56.13584,-113.29684,357268.44215331704,6223574.450870412,250,0.07989085669900184,0.10270300864345912,0.10270300864345912,0,0,0,0,0,0,0,0,0,0,0,0,0.01896397180985497,0,0.02295863759870522,0,0.03796824729044164,0.03796824729044164,0,0.02281215194445728,0,0,0,0,0,0,0,0,0,0,0,0,0,0,0.02520392897084258,0.00145458988513033,0.01542556142530208,0.0374179215426089,0,1.741845427577567e-4,0,0.5989963953910076,0.30745702842088607,0,0.8740806480229849,0,0.05624634961892643,LU9_2023,0.6779354166666667,"c(357268.442153317, 6223574.45087041)"
LU9,LU9_113,2023,2023-09-13,2024-09-09,56.12781,-113.26157,359430.4780364692,6222608.556760681,250,0.12680185219783058,0.163774185562137,0.163774185562137,0,0,0,0,0,0,0,0,0,0,0,0,0.02895909195194071,0,0.03041159423372517,0,0,0,0,0.03697233336430642,0.06743116601216469,0,0.06743116601216469,0,0,0,0,0,0,0,0,0,0,0,0,0,0.29955429742400586,0.06768894438303355,0,0,0,0.10441017655753222,0.46773625822632015,0,0.9843302662176112,0.01566973378238891,0,LU9_2023,0.6412916666666667,"c(359430.478036469, 6222608.55676068)"
LU9,LU9_12,2023,2023-09-15,2024-09-10,55.92810000000001,-113.67606,332812.8741536753,6201312.409244694,250,0.18221068607463295,0.24994080276205363,0.24994080276205363,0,0,0,0,0,0,0,0,0,0,0,0.1466815977579687,0,0,0.02909218714218677,0,0.00643690117447749,0.00643690117447749,0,0.06773011668742066,0,0,0,0,0,0,0,0,0,0,0,0,0,0,0,0.48977481220939545,0.03930389369228505,0.06371739852239784,0.20333891764377013,0,0.02220876165505556,0.0099239076025853,0.1465967252339037,0.00616848354969168,0.23918007979778216,0.00535931534271577,0.7379546373145808,LU9_2023,0.76055625,"c(332812.874153675, 6201312.40924469)"
LU9,LU9_13,2023,2023-09-15,2024-09-09,55.93485999999999,-113.48714,344639.8674818643,6201623.802879752,250,0.02415594602796816,0.02415594602796816,0.02415594602796816,0,0,0,0,0,0,0,0,0,0,0,0,0.01330336137981493,0,0,0,0.00314915552235847,0.00314915552235847,0,0,0.00770342912579477,0,0.00770342912579477,0,0,0,0,0,0,0,0,0,0,0,0,0.01745956195618434,0.29790986335463143,0.02636313266534174,0.06404072481002464,0,0,0.13951820607143584,0.4382065139993446,0.01339480162148938,0.8745144104375776,0,0.09318843496290274,LU9_2023,0.6858395833333334,"c(344639.867481864, 6201623.80287975)"
LU9,LU9_18,2023,2023-09-15,2024-09-10,55.938930000000006,-113.68761,332138.33522591693,6202545.242170981,250,0.07362663409693428,0.1327853927766578,0.1327853927766578,0,0,0,0,0,0,0,0,0,0,0,0,0.03490311737318705,0,0.02547430974885337,0,0.01324920697489386,0.01324920697489386,0,0.05915875867972352,0,0,0,0,0,0,0,0,0,0,0,0,0,0,0,0.14409908687253875,0.10629957698806064,0.04215930550602219,0.4375258672737274,0,0,0.01593071779983424,0.219265494567632,0,0.37262278729309295,0,0.6168204177434805,LU9_2023,0.7520104166666667,"c(332138.335225917, 6202545.24217098)"
LU9,LU9_21,2023,2023-09-16,2024-09-10,55.95747999999999,-113.71101000000002,330758.1950499629,6204665.996144182,250,0.06321033040816347,0.1545294556679883,0.1545294556679883,0,0,0,0,0,0,0,0,0,0,0,0.0235922694580747,0,0,0.02005607450648129,0,0.01956198644360748,0.01956198644360748,0,0.09131912525982484,0,0,0,0,0,0,0,0,0,0,0,0,0,0,0,0.21740759269648213,0.25901335398899633,0.1071840885667969,0.2167472563149048,0,0,0.02030839778050159,0.10262825126068575,0.01470185514992952,0.49408919312716704,0.01088328411258372,0.4769510920203688,LU9_2023,0.6983270833333334,"c(330758.195049963, 6204665.99614418)"
LU9,LU9_24,2023,2023-09-15,2024-09-10,55.97636,-113.71067,330861.8257737261,6206765.567000931,250,0.15265746503351393,0.24666325373881676,0.24666325373881676,0,0,0,0,0,0,0,0,0,0,0,0.02550566863049333,0.0965956130254694,0,0.03055618337755119,0,0,0,0,0.09400578870530284,0,0,0,0,0,0,0,0,0,0,0,0,0,0,0,0.13263732395125297,0.3654390523262874,0.09321795606925262,0.20472871254444883,0.00113132439718686,0,0.01331492638438961,0.073160595496335,0,0.5579719051911995,8.097762796569579e-4,0.4246483419563828,LU9_2023,0.7480041666666667,"c(330861.825773726, 6206765.56700093)"
LU9,LU9_27,2023,2023-09-15,2024-09-09,55.969370000000005,-113.36397,352463.39553669083,6205193.500822302,250,0.26520053636412727,0.30628417989409373,0.30628417989409373,0,0,0,0,0,0,0,0,0,0,0,0.01862738226603467,0.22530376430316693,0,0.02126938979492567,0,0,0,0,0.04108364352996649,0,0,0,0,0,0,0,0,0.09625900486769969,0,0.09625900486769969,0.09625900486769969,0,0.09625900486769969,0.01725394370018851,0.00588406798953451,0.189586831745825,0.08920912233827488,0.00385372323117255,0,0.00501479190155551,0.20164112513207297,0.43539946544790126,0,0.8053946128835523,0.03899946242684717,0.04925260447451181,LU9_2023,0.70455,"c(352463.395536691, 6205193.5008223)"
LU9,LU9_28,2023,2023-09-15,2024-09-10,55.98741999999999,-113.76594,327463.39584631304,6208132.645181491,250,0.15764278083510982,0.18041406678152536,0.18041406678152536,0,0,0,0,0,0,0,0,0,0,0,0,0.12430544208144076,0,0.02306688360459597,0,0.0102704551490731,0.0102704551490731,0,0.02277128594641556,0,0,0,0,0,0,0,0,0,0,0,0,0,0,0,0.27401694045089825,0.1905451397781441,0.11653203585035188,0.32091257150972186,0,3.8442178800419155e-5,0.01847898529628296,0.07947682596202822,0.00932657225050515,0.2639610672704593,0,0.7224138032526988,LU9_2023,0.7404145833333333,"c(327463.395846313, 6208132.64518149)"
LU9,LU9_29,2023,2023-09-15,2024-09-10,55.97969,-113.73471,329376.8878967967,6207195.134082885,250,0.1822538309538606,0.2251601798183398,0.2251601798183398,0,0,0,0,0,0,0,0,0,0,0,0.04285713677190483,0.06462303252271756,0,0.02227613278577193,0,0.00713301219251095,0.00713301219251095,0.00645763951445646,0.04290634886447919,0.0389068771664989,0,0.0389068771664989,0,0,0,0,0,0,0,0,0,0,0,0,0.3557489066181871,0.2901978758965745,0.05463061118402873,0.17565479676690532,0,0,0.02851411921466978,0.03792902011796912,0.01355302679768399,0.31291813604698854,0,0.5961503847912661,LU9_2023,0.745325,"c(329376.887896797, 6207195.13408289)"
LU9,LU9_30,2023,2023-09-15,2024-09-10,55.99221000000001,-113.70862,331058.85159898724,6208523.871254768,250,0.30639081377470884,0.3698837336647945,0.35722081257457405,0.01266292109022045,0.01266292109022045,0,0,0,0,0,0,0,0.01266292109022045,0,0.16596720726353512,0.03959066953180461,0,0.03222780552374238,0,0.00805684864075512,0.00805684864075512,0,0.05082999879986524,0.06054828281487159,0,0.06054828281487159,0,0,0,0,0,0,0,0,0,0,0,0,0.6334016606238352,0.08995756028031202,0.20955799481754545,0.01063020070073869,0,0.00248007784105905,3.1647428297572463e-4,0.00300813742209982,0,0.16714367316231094,0.03173432936408892,0.7813271909467999,LU9_2023,0.6653979166666667,"c(331058.851598987, 6208523.87125477)"
LU9,LU9_31,2023,2023-09-16,2024-09-10,55.9869,-113.68733,332363.393755305,6207881.268975285,250,0.1501498291242959,0.19617464185361583,0.19617464185361583,0,0,0,0,0,0,0,0,0,0,0,0.0143977329890961,0.03362512886934419,0,0.02875675125643265,0,0.02241728265605279,0.02241728265605279,0,0.04602481272931993,0,0.05095293335337015,0.05095293335337015,0,0,0,0,0,0,0,0,0,0,0,0,0.5877900804575632,0.2195926788431896,0.06010888414932876,0.08516014411439222,0.00116451216258593,0,3.289876582592935e-4,0.03063944185878842,0,0.19774388959952524,0.01094028531692578,0.7843011083226585,LU9_2023,0.7398520833333333,"c(332363.393755305, 6207881.26897528)"
LU9,LU9_32,2023,2023-09-16,2024-09-10,55.98812,-113.66647,333669.53478559427,6207966.57928773,250,0.1590199078844977,0.19191959832313096,0.19191959832313096,0,0,0,0,0,0,0,0,0,0,0,0.04376118268909876,0.01742126093850828,0,0.04691848187299799,0,0,0,0,0.03289969043863326,0,0.05091898238389267,0.05091898238389267,0,0,0,0,0,0,0,0,0,0,0,0,0.6191446271115035,0.03443909920827386,0.1896679723614232,0.1371689632078407,0,0,0.00598001012983527,0.0084747129617762,0,0.04537388855269114,0,0.9517280159914914,LU9_2023,0.7812250000000001,"c(333669.534785594, 6207966.57928773)"
LU9,LU9_33,2023,2023-09-16,2024-09-10,55.98747999999999,-113.64686,334889.7223174517,6207848.340957581,250,0.25127572398476183,0.29811353909404903,0.29811353909404903,0,0,0,0,0,0,0,0,0,0,0,0.1785980247187657,0.02956628387534431,0,0.03074415535471566,0,0.01236726003593615,0.01236726003593615,0,0.04683781510928719,0,0,0,0,0,0,0,0,0,0,0,0,0,0,0,0.6244536346840912,0.10627029178348396,0.10432361493313656,0.11926182940267796,0,5.468943155076132e-4,0.00191413372110248,0.01479920742767508,0,0.10504489544184462,0.00223379368305926,0.8858875323375126,LU9_2023,0.7626329861111111,"c(334889.722317452, 6207848.34095758)"
LU9,LU9_39,2023,2023-09-14,2024-09-09,55.98985,-113.44392000000002,347555.391323958,6207645.648735001,250,0.15266417271171798,0.16963347614721752,0.16963347614721752,0,0,0,0,0,0,0,0,0,0,0,1.1846022210093298e-4,0.09243165543651792,0,0.01161429911759884,0,0,0,0,0.01696930343549954,0,0.04849975793550028,0.04849975793550028,0,0,0,0,0,0,0,0,0,0,0,0,0.08640741235702909,0.5739603552489174,0.10632028753474836,0.03471316444755549,0,0,0.02643261254039919,0.11939149484639132,0,0.7252180018686908,0.04301628553499176,0.2291848689563805,LU9_2023,0.6968229166666667,"c(347555.391323958, 6207645.648735)"
LU9,LU9_41,2023,2023-09-15,2024-09-10,56.00175,-113.76165000000002,327794.6728658419,6209716.135101121,250,0.20319274812305096,0.4589531572846818,0.2229605996526151,0.2359925576320666,0.2359925576320666,0,0,0,0,0,0,0,0.2359925576320666,0,0.01395457617140007,0.13303858750226322,0,0.01985346796380065,0,0.00653024857967564,0.00653024857967564,0.00226587341434975,0.0197678515295642,0.02754999449156162,0,0.02754999449156162,0,0,0,0,0,0,0,0,0,0,0,0,0.6049548708305739,0.18759900618896863,0.11668146249535986,0.06603230816491518,0,0,0.00390236198513413,0.02077935647694934,0.00397353507755513,0.19009586996675865,0,0.805225782329479,LU9_2023,0.76848125,"c(327794.672865842, 6209716.13510112)"
LU9,LU9_44,2023,2023-09-15,2024-09-09,56.00827,-113.47067,345960.4976724539,6209754.374393638,250,0.0540381245550888,0.0612281867539681,0.0612281867539681,0,0,0,0,0,0,0,0,0,0,0,0,0,0,0.00411128110447906,0,0,0,0,0.0071900621988793,0,0.04992684345060974,0.04992684345060974,0,0,0,0,0,0,0,0,0,0,0,0,0,0.403105610430665,0,0.00316409427339611,0,0,0.07074108599452633,0.5091498933653325,0,0.9927677845179518,0,0,LU9_2023,0.6952208333333333,"c(345960.497672454, 6209754.37439364)"
LU9,LU9_5,2023,2023-09-15,2024-09-09,55.90594,-113.6983,331327.57922979794,6198901.1150807375,250,0.03072325702643415,0.09946473056556214,0.09946473056556214,0,0,0,0,0,0,0,0,0,0,0,0,0,0,0.03072325702643415,0,0,0,0,0.06874147353912799,0,0,0,0,0,0,0,0,0,0,0,0,0,0,0,0.09009972050850916,0.2831734708385525,0.06700544900976046,0.09227088048574748,0,0.00315541360318896,0.01409416801669024,0.4466547600861472,0,0.7347847022750488,0,0.26475011781174795,LU9_2023,0.6016229166666667,"c(331327.579229798, 6198901.11508074)"
LU9,LU9_51,2023,2023-09-14,2024-09-09,56.02089,-113.36845,352380.3999475783,6210935.272271564,250,0.15639959480520205,0.16843400721068508,0.16843400721068508,0,0,0,0,0,0,0,0,0,0,0,0.06515975717917588,0.0335188169951082,0,0.02051087922622625,0,0,0,0,0.01203441240548302,0.03721014140469171,0,0.03721014140469171,0,0,0,0,0,0,0,0,0,0,0,0,4.6994071692155e-4,0.34739653806180665,0.02235814313400768,0,9.443302687878896e-5,0,0.08495696595738551,0.4940982584622352,0,0.9223024113650766,6.925088637777857e-4,0.01173077279856536,LU9_2023,0.6897885416666667,"c(352380.399947578, 6210935.27227156)"
LU9,LU9_55,2023,2023-09-16,2024-09-09,56.02372,-113.49660000000002,344406.3613614314,6211531.436157736,250,0.22013269114564377,0.2465940948456397,0.2465940948456397,0,0,0,0,0,0,0,0,0,0,0,0.09806800143972816,0.04372329974447558,0,0.02633502989555223,0,0,0,0,0.02646140369999595,0,0.0520063600658878,0.0520063600658878,0,0,0,0,0,0,0,0,0,0,0,0,0.05159446915157998,0.3703769685310447,0.05114490539130788,0.1342745007106357,0,0.00434127424574688,0.07319687546401596,0.2287063018649814,0.03244115845458125,0.6293816427392211,0,0.28042170073697875,LU9_2023,0.7077958333333333,"c(344406.361361431, 6211531.43615774)"
LU9,LU9_57,2023,2023-09-16,2024-09-09,56.02872000000001,-113.4364,348176.9287784307,6211953.749174683,250,0.11910420781983264,0.131613172232767,0.131613172232767,0,0,0,0,0,0,0,0,0,0,0,0.01987996835033097,0.0371453216234497,0,0.0122546346463399,0,0.01061286644702215,0.01061286644702215,0,0.01250896441293434,0.03921141675268994,0,0.03921141675268994,0,0,0,0,0,0,0,0,0,0,0,0.02693242068978921,0.16113318764682785,0.24113940321322852,0.05485463055373883,0.05254083297548896,0,9.928771389595375e-4,0.16880683265677535,0.2669709796736839,4.3847375661559026e-4,0.520494178345314,0.01579012963323437,0.4232160690399735,LU9_2023,0.6890375000000001,"c(348176.928778431, 6211953.74917468)"
LU9,LU9_6,2023,2023-09-15,2024-09-09,55.9047,-113.66641,333315.18485922605,6198685.843458697,250,0.02905814061955027,0.09502440233378363,0.09502440233378363,0,0,0,0,0,0,0,0,0,0,0,0,0,0,0.02905814061955027,0,0,0,0,0.06596626171423338,0,0,0,0,0,0,0,0,0,0,0,0,0,0,0,0.0481305139822837,0.31496194437147124,0.06432169708267373,0.2112405624101877,0,0.01080209494941249,0.04751086549388964,0.27977577725103375,0,0.7019050520291432,0.04234674440264139,0.2537834040805986,LU9_2023,0.75281875,"c(333315.184859226, 6198685.8434587)"
LU9,LU9_62,2023,2023-09-15,2024-09-10,56.035720000000005,-113.76742000000002,327586.4627194472,6213509.6608081795,250,0.19418887691188813,0.23029617345715456,0.23029617345715456,0,0,0,0,0,0,0,0,0,0,0,0,0.10366883505434536,0,0.03518583924319204,0,0.01314181162574019,0.01314181162574019,0,0.03610729654526647,0.04219239098861054,0,0.04219239098861054,0,0,0,0,0,0,0,0,0,0,0,0,0.07991084894629247,0.6807193461304133,0.08786443705350051,0.00839678114377491,4.1770006429236827e-4,5.916365301098597e-4,0.02073757966251522,0.10580242374183974,0,0.749549002193235,0,0.23075490838276508,LU9_2023,0.7345208333333333,"c(327586.462719447, 6213509.66080818)"
LU9,LU9_63,2023,2023-09-16,2024-09-10,56.0298,-113.73437,329618.8383983696,6212769.026657029,250,0.08606301415071416,0.1651571364480091,0.1651571364480091,0,0,0,0,0,0,0,0,0,0,0,0.05372697064930597,0,0,0.03233604350140819,0,0,0,0,0.07909412229729497,0,0,0,0,0,0,0,0,0,5.507406921674644e-4,5.507406921674644e-4,5.507406921674644e-4,0,5.507406921674644e-4,0,0.02054444860479357,0.7252204265555244,0.08575707595796882,0.0415793004657017,0,0,0.007319867050714,0.06003920523333104,0,0.8954380243919967,0,0.0935328582604272,LU9_2023,0.7098927083333333,"c(329618.83839837, 6212769.02665703)"
LU9,LU9_64,2023,2023-09-15,2024-09-10,56.0397,-113.72797,330061.0397036609,6213854.63437843,250,0.1985285681996113,0.23597677464419964,0.23597677464419964,0,0,0,0,0,0,0,0,0,0,0,0.1277392701390387,0.03806744738306615,0,0.02252900567351214,0,0.01019284500399428,0.01019284500399428,0,0.03744820644458835,0,0,0,0,0,0,0,0,0,0,0,0,0,0,0,0.04367709803280258,0.8312697676193661,0.04265279256795815,0.01461904621971287,0,0.00545218864096311,0.0010634267122501,0.01262311823389874,0,0.8727543870793006,0.00887452877418187,0.1052661513581684,LU9_2023,0.7214958333333333,"c(330061.039703661, 6213854.63437843)"
LU9,LU9_65,2023,2023-09-16,2024-09-09,56.04187,-113.54919,341204.2003029699,6213670.469296013,250,0.1178665286016382,0.12353242914092342,0.12353242914092342,0,0,0,0,0,0,0,0,0,0,0,0,0.05505495398785274,0,0.00338749531017096,0,0.01498385045797638,0.01498385045797638,0,0.00566590053928523,0.04444022884563811,0,0.04444022884563811,0,0,5.252659972826869e-4,5.252659972826869e-4,5.252659972826869e-4,0,0,0,0,0,5.252659972826869e-4,0,0.01086591209145692,0.3777969508272519,0.00523390047292391,0.01270989954516651,0,0,0.03559169744754353,0.5232179389858485,0,0.9211461328683742,0,0.04584364957895519,LU9_2023,0.7277291666666668,"c(341204.20030297, 6213670.46929601)"
LU9,LU9_67,2023,2023-09-16,2024-09-09,56.03918,-113.40793,349991.21661229973,6213055.31762657,250,0.1648848175707297,0.17380225216305778,0.17380225216305778,0,0,0,0,0,0,0,0,0,0,0,0,0.09407024465575366,0,0.00818897924290713,0,0,0,0,0.00891743459232807,0.06262559367206891,0,0.06262559367206891,0,0,0,0,0,0,0,0,0,0,0,0,0.01591471700410133,0.2024329147961712,0.04560939889248697,0.01603938890806139,0,0,0.21633514845027407,0.4334225759784508,0,0.8826334877912333,0,0.06160148924008278,LU9_2023,0.6797125,"c(349991.2166123, 6213055.31762657)"
LU9,LU9_68,2023,2023-09-14,2024-09-09,56.04655,-113.36591,352636.508521109,6213784.836598418,250,0.1468770518957314,0.17658217090617584,0.17658217090617584,0,0,0,0,0,0,0,0,0,0,0,0.08146353425281182,0.03184972206624623,0,0.02356998595236368,0,0,0,0,0.02970511901044445,0.00999380962430965,0,0.00999380962430965,0,0,0,0,0,0,0,0,0,0,0,0,0.04734841493947615,0.4901015779187272,0.03608202011951522,0.10932872489034869,1.7476440782478758e-4,0.00991986860571501,0.11941448124375512,0.1513812436477569,0.0465149139800202,0.6212007128886309,0.01270589864919521,0.303876293703212,LU9_2023,0.7076770833333333,"c(352636.508521109, 6213784.83659842)"
LU9,LU9_7,2023,2023-09-16,2024-09-10,55.920350000000006,-113.66419,333521.0227930289,6200421.5729281325,250,0.04808001550861709,0.13954221832323477,0.13954221832323477,0,0,0,0,0,0,0,0,0,0,0,0,0,0,0.03932347540553631,0,0.0087395703387405,0.0087395703387405,0,0.09146220281461769,0,1.696976434028037e-5,1.696976434028037e-5,0,0,0,0,0,0,0,0,0,0,0,0,0.08549309063792693,0.03712165086799638,0.08793793664808552,0.04887022331114898,0,0,0.0223409509704239,0.6840328007970525,0,0.761118981676676,0.00731144206176675,0.23016779912512655,LU9_2023,0.7234947916666667,"c(333521.022793029, 6200421.57292813)"
LU9,LU9_72,2023,2023-09-15,2024-09-10,56.05514,-113.72662,330212.97154011164,6215569.024305202,250,0.02632435977134638,0.1098440533527144,0.1098440533527144,0,0,0,0,0,0,0,0,0,0,0,0,0,0,0.02632435977134638,0,0,0,0,0.08351969358136802,0,0,0,0,0,0,0,0,0,0,0,0,0,0,0,0.02710615778124729,0.5682644010880972,0.05342747298150804,0.06123767016052068,0,0,0.0020255907431713,0.2412557887037801,0,0.7864935904352963,0,0.19492807479663993,LU9_2023,0.7430901041666667,"c(330212.971540112, 6215569.0243052)"
LU9,LU9_73,2023,2023-09-16,2024-09-09,56.05505,-113.5569,340778.3615119045,6215154.588018821,250,0.10090441185881,0.12984019740666458,0.12984019740666458,0,0,0,0,0,0,0,0,0,0,0,0.02729166235988163,0.05627690100910986,0,0.01733584848981851,0,0,0,0,0.0289357855478546,0,0,0,0,0,0,0,0,0,0,0,0,0,0,0.00164742671125034,0.04759851573291114,0.3239790212743091,0.04714163710322704,0.02328006971210152,0,0.00133949863041385,0.02312322070438437,0.5186595302559789,0,0.8445776971763013,0,0.14637441508507798,LU9_2023,0.69174375,"c(340778.361511905, 6215154.58801882)"
LU9,LU9_75,2023,2023-09-14,2024-09-09,56.05522,-113.48314,345371.0790777862,6215005.844584988,250,0.11363234210880058,0.11363234210880058,0.11363234210880058,0,0,0,0,0,0,0,0,0,0,0,0,0.04415806095730712,0,0,0,0,0,0,0,0.06947428115149346,0,0.06947428115149346,0,0,0,0,0,0,0,0,0,0,0,0,0.03020312782081185,0.3258298118928029,0.02577957238664383,0.03981297009455593,0,0,0.17353829108479518,0.3539296357708106,0,0.7728268362614704,0,0.17791341414077036,LU9_2023,0.6682375,"c(345371.079077786, 6215005.84458499)"
LU9,LU9_76,2023,2023-09-16,2024-09-09,56.06062,-113.45915,346886.03193488123,6215553.176051333,250,0.19052467870973655,0.20025698887144028,0.20025698887144028,0,0,0,0,0,0,0,0,0,0,0,0.05678865507249932,0.05764895301201198,0,0.00550842133461883,0,0.00406085170740702,0.00406085170740702,0,0.00973231016170373,0.03850594050694787,0.02801185707625154,0.06651779758319941,0,0,0,0,0,0.06334346548453869,0,0.06334346548453869,0.06334346548453869,0,0.06334346548453869,0,0.03225348903886401,0.4142572095854888,0.00979415543633503,0.05061603306089743,0,0,0.114648098325285,0.3417278303981553,0,0.8098392104508214,0,0.17395682143283908,LU9_2023,0.7190000000000001,"c(346886.031934881, 6215553.17605133)"
LU9,LU9_77,2023,2023-09-14,2024-09-09,56.057039999999994,-113.42562,348959.2384986668,6215081.003191185,250,0.2684547715664845,0.2890678023230141,0.2890678023230141,0,0,0,0,0,0,0,0,0,0,0,0,0.17393513302193353,0,0.01738991124297024,0,0,0,0,0.02061303075652961,0.07712972730158071,0,0.07712972730158071,0,0,0,0,0,0.14470966230456225,0,0.14470966230456225,0.14470966230456225,0,0.14470966230456225,0,0.12613939718614053,0.3129987715475787,0.0887081239770897,0.09280534705865628,0,0.01082612287169446,0.13663958915762903,0.1676988334177181,0.02173295530032386,0.6211112513885353,0.0069318295124877,0.348541257996056,LU9_2023,0.6951708333333333,"c(348959.238498667, 6215081.00319119)"
LU9,LU9_79,2023,2023-09-14,2024-09-10,56.06759,-113.76394,327945.1989504297,6217046.498732634,250,0.08691907872645069,0.15452433732807616,0.15452433732807616,0,0,0,0,0,0,0,0,0,0,0,0.04661377137033074,0,0,0.02660020034465253,0,0.01370510701146742,0.01370510701146742,0,0.06760525860162547,0,0,0,0,0,0,0,0,0,0,0,0,0,0,0,0.00638694419466909,0.7743350945354095,0.0184587313929927,0.07768089952271359,0,0,0.00573297969769939,0.02629102988983277,0,0.8536701898185994,0.01710668409362096,0.12136965462380202,LU9_2023,0.7257833333333333,"c(327945.19895043, 6217046.49873263)"
LU9,LU9_8,2023,2023-09-15,2024-09-09,55.915510000000005,-113.64588,334644.2587813516,6199839.181603092,250,0.03166508429294334,0.0997045425015198,0.0997045425015198,0,0,0,0,0,0,0,0,0,0,0,0,0,0,0.03042725367839324,0,0.00123783061455011,0.00123783061455011,0,0.06803945820857646,0,0,0,0,0,0,0,0,0,0,0,0,0,0,0,0.6135058405226492,0.00919466043022779,0.08887304552757691,0.10366614461794511,0,0.00172726052636685,0.00933878207754805,0.13517851811934453,0,0.17542837656872157,0.00825104748486476,0.8121557965258404,LU9_2023,0.7651630208333333,"c(334644.258781352, 6199839.18160309)"
LU9,LU9_80,2023,2023-09-15,2024-09-10,56.06609,-113.73965,329450.185739927,6216819.340822431,250,0.10079439054272996,0.16068440134356074,0.16068440134356074,0,0,0,0,0,0,0,0,0,0,0,0.05778427684279377,0,0,0.02851747493691629,0,0.01449263876301991,0.01449263876301991,0,0.05989001080083078,0,0,0,0,0,0,0,0,0,0,0,0,0,0,0,0.07221715576536576,0.6571327662310789,0.06182215939830266,0.06110714674108289,0.00145702001595125,0,0.00343331875827126,0.09369135020156608,0,0.7440269784263175,0.00769902622065153,0.2400696309352324,LU9_2023,0.72126875,"c(329450.185739927, 6216819.34082243)"
LU9,LU9_81,2023,2023-09-16,2024-02-09,56.06139,-113.52341,342889.10768446105,6215783.230241707,250,0.30996252435368576,0.3191924357551016,0.3191924357551016,0,0,0,0,0,0,0,0,0,0,0,0.2100575769388745,0.01300173330125193,0,0.01385653691659803,0,0.00902311440052624,0.00902311440052624,0,0.00922991140141582,0,0.06402356279643509,0.06402356279643509,0,0,0,0,0,0.12864446521644105,0,0.12864446521644105,0.12864446521644105,0,0.12864446521644105,0.02894240235687234,0.08289656591873691,0.33703551160403084,0.06923808978714864,0.04795364978028314,0,0.01401455321986844,0.14006151625442298,0.2847225445039727,0.00598846193206613,0.625089420616182,1.8859144198190704e-4,0.3298487370102381,LU9_2023,0.6908416666666667,"c(342889.107684461, 6215783.23024171)"
LU9,LU9_82,2023,2023-09-14,2024-09-09,56.06802,-113.4772,345791.9996807646,6216416.675019162,250,0.1660056493848752,0.1660056493848752,0.1660056493848752,0,0,0,0,0,0,0,0,0,0,0,0.09026312207170366,0.07574252731317153,0,0,0,0,0,0,0,0,0,0,0,0,0,0,0,0,0,0,0,0,0,0,0.12759314789446638,0.3461048008593456,0.13117195478715402,0.05648857482494208,0.0035539330829253,4.497734044400015e-4,0.11679177700955672,0.19590251020664945,0,0.5512891754320483,0.00761474363057529,0.4274874509554734,LU9_2023,0.6927895833333333,"c(345791.999680765, 6216416.67501916)"
LU9,LU9_85,2023,2023-09-14,2024-09-10,56.07789,-113.77494,327306.73636358336,6218219.842301777,250,0.03338921803853604,0.0979942315996178,0.0979942315996178,0,0,0,0,0,0,0,0,0,0,0,0,0,0,0.02023579005042137,0,0.01315342798811467,0.01315342798811467,0,0.06460501356108178,0,0,0,0,0,0,0,0,0,0,0,0,0,0,0,0.00225350272493247,0.8938647308341265,0.02499941479677668,0.001726474971965,0,0,0.00344650415354927,0.00987844852667216,0,0.9306917314198548,0.02734321806099554,0.03589371405303108,LU9_2023,0.7004625,"c(327306.736363583, 6218219.84230178)"
LU9,LU9_86,2023,2023-09-14,2024-09-09,56.08713,-113.52008,343200.9717199162,6218639.439381805,250,0.21565296058178723,0.23578422464406423,0.23578422464406423,0,0,0,0,0,0,0,0,0,0,0,0.0211801308528688,0.09659216696989356,0,0.01493990285424855,0,0.0189343301268076,0.0189343301268076,0,0.02013126406227701,0.06400642977796873,0,0.06400642977796873,0,0,0,0,0,0,0,0,0,0,0,0,0.16181396196879533,0.26655071384812357,0.12016089301477764,0.04360644601743614,0,0,0.06952400530806337,0.2475675614072819,0,0.5509343630592229,0,0.3295581203330679,LU9_2023,0.6978052083333335,"c(343200.971719916, 6218639.43938181)"
LU9,LU9_87,2023,2023-09-14,2024-09-09,56.07875000000001,-113.44093,348091.54901683994,6217530.068752799,250,0.09804572175794414,0.11123406302401811,0.11123406302401811,0,0,0,0,0,0,0,0,0,0,0,6.479834678459443e-4,0.06644276086548498,0,0.03095497742461321,0,0,0,0,0.01318834126607398,0,0,0,0,0,0,0,0,0,0,0,0,0,0,0.0013203995950755,0.03154586429092959,0.5285225193806365,0.10185946360508004,0.05570979153707784,0.00192176989131256,3.923223745339292e-4,0.02735430421637796,0.2230160252194817,0,0.8174078653361377,0,0.17475918365152343,LU9_2023,0.7049145833333333,"c(348091.54901684, 6217530.0687528)"
LU9,LU9_90,2023,2023-09-13,2024-09-09,56.09386,-113.33807,354548.51799951924,6218989.65439079,250,0.15563765665634002,0.18826954841713425,0.18826954841713425,0,0,0,0,0,0,0,0,0,0,0,0,0.09161688299693596,0,0.02830807942452775,0,0.01200241142775142,0.01200241142775142,0,0.03263189176079421,0.02371028280712488,0,0.02371028280712488,0,0,0,0,0,0,0,0,0,0,0,4.154305050997907e-5,0.00118967321810712,0.39550232229575016,0.04074971765123324,0.00559004017211872,0,0,0.13859361622860655,0.35867602208059435,0,0.9050128262020544,0.02683842291997833,0.03945040310636765,LU9_2023,0.6916270833333333,"c(354548.517999519, 6218989.65439079)"
LU9,LU9_93,2023,2023-09-16,2024-09-10,56.08794,-113.78278,326864.0711750712,6219357.543220903,250,0.0699455373162758,0.1604738149746602,0.1604738149746602,0,0,0,0,0,0,0,0,0,0,0,0.02978000430702744,0,0,0.03044860489211368,0,0.00971692811713468,0.00971692811713468,0,0.0905282776583844,0,0,0,0,0,0,0,0,0,0,0,0,0,0,0,0.8160172791124154,0.00965926725073392,0.08039957574598713,0.03992668540104933,0,0,0.00755776030160198,0.00463282558605885,0,0.01029670769852664,0.00692142177420585,0.9804683682364286,LU9_2023,0.7924416666666667,"c(326864.071175071, 6219357.5432209)"
LU9,LU9_94,2023,2023-09-14,2024-09-10,56.09827000000001,-113.76354,328106.8120697979,6220458.650601982,250,0.0152089372429277,0.0152089372429277,0.0152089372429277,0,0,0,0,0,0,0,0,0,0,0,0,0,0,0,0,0.0152089372429277,0.0152089372429277,0,0,0,0,0,0,0,0,0,0,0,0,0,0,0,0,0,0.6117093867290362,0.06790306503280005,0.00102548079754371,0.17874217839954068,0,0,0.00776231609801917,0.13283897896622426,0,0.17290815618207145,0,0.8234172787243239,LU9_2023,0.7957520833333334,"c(328106.812069798, 6220458.65060198)"
LU9,LU9_96,2023,2023-09-14,2024-09-09,56.10025,-113.50814,343996.7647285445,6220072.090293532,250,0.05501924411355684,0.05501924411355684,0.05501924411355684,0,0,0,0,0,0,0,0,0,0,0,0,0,0,0,0,0.01115724394498851,0.01115724394498851,0,0,0.04386200016856834,0,0.04386200016856834,0,0,0,0,0,0,0,0,0,0,0,0,4.336384088147018e-5,0.2237944793141688,0.00770496730459567,0,0,0,0.2732820476177561,0.4587422088966938,0,0.9581661072204865,0.02828152216807445,3.0516628271773204e-4,LU9_2023,0.6711729166666667,"c(343996.764728545, 6220072.09029353)"
LU9,LU9_98,2023,2023-09-14,2024-09-09,56.09850000000001,-113.47141,346273.81137041794,6219794.952977927,250,0.1325498868209779,0.14058124292736515,0.14058124292736515,0,0,0,0,0,0,0,0,0,0,0,0,0.05900785968005311,0,0.00374390980279055,0,0,0,0,0.00803135610638724,0.06979811733813426,0,0.06979811733813426,0,0,0,0,0,0,0,0,0,0,0,0,0.00322043439263201,0.15248772973160377,0.04563156574622337,0.00200327898904847,0,0,0.1249915370030628,0.6495338837464381,0,0.9700419850681524,0,0.02818985609789402,LU9_2023,0.676425,"c(346273.811370418, 6219794.95297793)"
